file,real_target,pred_target,is_same
R6489.jpg,R6489,FC489,0
AXc49.jpg,AXc49,mYr19,0
oNUUc.jpg,oNUUc,a5HQj,0
I4pdR.jpg,I4pdR,14pdB,0
YL47W.jpg,YL47W,Yie7w,0
9Juoe.jpg,9Juoe,9JWQz,0
66bEu.jpg,66bEu,6SbFu,0
QrSl2.jpg,QrSl2,0rSH2,0
RLtem.jpg,RLtem,RYtem,0
p8012.jpg,p8012,p801Z,0
7tU6Q.jpg,7tU6Q,xtU8O,0
Ts8nf.jpg,Ts8nf,Tc2hf,0
qVx4p.jpg,qVx4p,7VS4p,0
a1Yo7.jpg,a1Yo7,a1V07,0
MTg43.jpg,MTg43,K1c42,0
Yp37T.jpg,Yp37T,Vb37T,0
J8n2F.jpg,J8n2F,J8mQF,0
Zq6i5.jpg,Zq6i5,Zq6i3,0
Ai85b.jpg,Ai85b,Aix5u,0
cSh6W.jpg,cSh6W,c3h6W,0
3l6Rk.jpg,3l6Rk,3I6PK,0
6T950.jpg,6T950,kmy50,0
1D8RR.jpg,1D8RR,1DgXh,0
k8r8Q.jpg,k8r8Q,H3f6D,0
4uBt7.jpg,4uBt7,4uBi7,0
51dMF.jpg,51dMF,51dMF,1
SDlhI.jpg,SDlhI,3DjHY,0
4qk40.jpg,4qk40,4aE70,0
3kzJz.jpg,3kzJz,3kzUQ,0
a9XTx.jpg,a9XTx,u0A7r,0
gS7xi.jpg,gS7xi,057Xi,0
ee8XP.jpg,ee8XP,mc3XD,0
VDsDt.jpg,VDsDt,UR40t,0
0o5yt.jpg,0o5yt,02Ayt,0
RlJnn.jpg,RlJnn,BtJzn,0
9Cl6T.jpg,9Cl6T,9dfnT,0
BGBTM.jpg,BGBTM,pzJ1A,0
K3qqH.jpg,K3qqH,K3pqH,0
bY4z9.jpg,bY4z9,bY4z9,1
71WGI.jpg,71WGI,7iwGp,0
0A98E.jpg,0A98E,0AY8E,0
QL9RZ.jpg,QL9RZ,0j9B2,0
6We77.jpg,6We77,6WeTz,0
mbe5P.jpg,mbe5P,mbc3F,0
MdjT1.jpg,MdjT1,MdeT1,0
Nr53m.jpg,Nr53m,Mi62u,0
3fZT5.jpg,3fZT5,3PZT6,0
i47oW.jpg,i47oW,i47oM,0
eVW1a.jpg,eVW1a,eMQ12,0
1GXBa.jpg,1GXBa,jOXBa,0
VhB3k.jpg,VhB3k,VoB3k,0
z919s.jpg,z919s,Zm19s,0
A62rm.jpg,A62rm,A62rw,0
IYAD2.jpg,IYAD2,tXhB2,0
3ZOi5.jpg,3ZOi5,320i5,0
NVPj7.jpg,NVPj7,AUDi3,0
Hre39.jpg,Hre39,HieX9,0
QE52f.jpg,QE52f,0E52f,0
00v9r.jpg,00v9r,AGV3f,0
ZsPE1.jpg,ZsPE1,ZwPK1,0
Qc1cW.jpg,Qc1cW,Qc19W,0
xjUMd.jpg,xjUMd,xj0Wg,0
2p3R9.jpg,2p3R9,tb3K9,0
2a8Yn.jpg,2a8Yn,2a81m,0
7gf6g.jpg,7gf6g,Yhf6g,0
4U7AK.jpg,4U7AK,4U7NK,0
ePSa5.jpg,ePSa5,QP3iW,0
6kiq5.jpg,6kiq5,CK1q5,0
E4UB9.jpg,E4UB9,r4UB9,0
9Wf84.jpg,9Wf84,9MF64,0
UjRE4.jpg,UjRE4,UjRf4,0
jCxuk.jpg,jCxuk,jCzuK,0
XJbCu.jpg,XJbCu,R15Cu,0
7tbL9.jpg,7tbL9,7xbI0,0
KICfN.jpg,KICfN,K3CfN,0
66k4h.jpg,66k4h,5Px4h,0
jp9d8.jpg,jp9d8,jnWd8,0
0z938.jpg,0z938,0r93B,0
w716r.jpg,w716r,w716R,0
6nJcH.jpg,6nJcH,6gJjW,0
2N02G.jpg,2N02G,2H0LG,0
qM81T.jpg,qM81T,qH2jT,0
lr1A5.jpg,lr1A5,tr7A5,0
lc8Rf.jpg,lc8Rf,Lc3nF,0
gh5k0.jpg,gh5k0,gA5k0,0
wQ3Y7.jpg,wQ3Y7,mQ3Y7,0
937m6.jpg,937m6,937m6,1
S42Xt.jpg,S42Xt,542Kf,0
5Oq7X.jpg,5Oq7X,5Cg1K,0
KNMi1.jpg,KNMi1,KNOc1,0
rEz1V.jpg,rEz1V,r5z19,0
nH4ut.jpg,nH4ut,pH4ut,0
2jl3e.jpg,2jl3e,2jU30,0
72pr5.jpg,72pr5,72pr5,1
VnVH3.jpg,VnVH3,Vn7H3,0
1g68Y.jpg,1g68Y,3g0EV,0
NyxU1.jpg,NyxU1,NyeCI,0
2Bx04.jpg,2Bx04,2ByO4,0
EH1A2.jpg,EH1A2,EH1w2,0
5ru7Q.jpg,5ru7Q,5ev70,0
7p7Eo.jpg,7p7Eo,7pxkQ,0
157Pm.jpg,157Pm,ts7Pm,0
pXZO3.jpg,pXZO3,PWZ03,0
0becJ.jpg,0becJ,0beS7,0
d2qsq.jpg,d2qsq,J7n30,0
hfvj9.jpg,hfvj9,bfVj9,0
3jUpS.jpg,3jUpS,xjUp9,0
do4dW.jpg,do4dW,dc2BV,0
C42N5.jpg,C42N5,C42Nb,0
whUQa.jpg,whUQa,W1UCa,0
api0h.jpg,api0h,aPI0h,0
Z5wOa.jpg,Z5wOa,2RW0a,0
LuQOe.jpg,LuQOe,LmC7e,0
xmEF7.jpg,xmEF7,XmcF7,0
eqy0C.jpg,eqy0C,eqXmC,0
nLqys.jpg,nLqys,nt6vj,0
wV8I8.jpg,wV8I8,nM8IP,0
mJQl2.jpg,mJQl2,mjGb2,0
18bxR.jpg,18bxR,19cxR,0
ildR2.jpg,ildR2,cIwB2,0
2KX08.jpg,2KX08,7mXD8,0
7JTl4.jpg,7JTl4,nJFzg,0
m8LaG.jpg,m8LaG,m8IAC,0
QIzME.jpg,QIzME,OT2HE,0
I6jxn.jpg,I6jxn,P5jXh,0
V1Ndn.jpg,V1Ndn,V1Ndn,1
O3WeT.jpg,O3WeT,O3Wej,0
iEao0.jpg,iEao0,iKac0,0
4hhvX.jpg,4hhvX,4hDvK,0
wS011.jpg,wS011,WS0Yt,0
Y1hw1.jpg,Y1hw1,Y1kmP,0
g94i7.jpg,g94i7,g9Ai7,0
g17ig.jpg,g17ig,g17bn,0
b8Cx2.jpg,b8Cx2,bjCK2,0
gU87U.jpg,gU87U,gm37U,0
23N06.jpg,23N06,23H0B,0
9Je28.jpg,9Je28,WJeZ5,0
aq86X.jpg,aq86X,4q8bY,0
8927S.jpg,8927S,892j5,0
q3156.jpg,q3156,n315W,0
18lB2.jpg,18lB2,43lDz,0
409i7.jpg,409i7,4B9i7,0
3RLsk.jpg,3RLsk,3BCek,0
C79Wg.jpg,C79Wg,C7BWq,0
XxwI8.jpg,XxwI8,KswI5,0
PRTK5.jpg,PRTK5,0B1x5,0
UIlDO.jpg,UIlDO,UIsDC,0
9igtk.jpg,9igtk,9jaTk,0
hfj80.jpg,hfj80,HfjX0,0
7ekKO.jpg,7ekKO,7akB0,0
QQQQa.jpg,QQQQa,XCfUa,0
p06A7.jpg,p06A7,p0KA7,0
3y4u2.jpg,3y4u2,3y4u2,1
QjMe8.jpg,QjMe8,0jMe8,0
9uEkn.jpg,9uEkn,9uFkn,0
IsfDT.jpg,IsfDT,H3fDX,0
ovwLB.jpg,ovwLB,jyNLB,0
YA8SP.jpg,YA8SP,Yh85P,0
52CO3.jpg,52CO3,5ZCW3,0
0naLA.jpg,0naLA,0neEA,0
gim1l.jpg,gim1l,9VmxL,0
9Ws8Z.jpg,9Ws8Z,9Hs82,0
Zdd1K.jpg,Zdd1K,2q81K,0
V6ypo.jpg,V6ypo,M6yP0,0
y1Cph.jpg,y1Cph,Y1CRh,0
5PQ9L.jpg,5PQ9L,5Px9L,0
b831y.jpg,b831y,b831v,0
413bR.jpg,413bR,4L3bF,0
09C8B.jpg,09C8B,a9Cjk,0
6Pp65.jpg,6Pp65,qXnk5,0
2L6P0.jpg,2L6P0,2IsF0,0
VRS3d.jpg,VRS3d,VmSxd,0
EHs6v.jpg,EHs6v,EAs6y,0
ua160.jpg,ua160,ua150,0
A8ipS.jpg,A8ipS,AwipS,0
SNB4C.jpg,SNB4C,SMp1C,0
GxX24.jpg,GxX24,GvX24,0
DJ0K1.jpg,DJ0K1,B39H1,0
NTmem.jpg,NTmem,kI0eG,0
2Nb7Q.jpg,2Nb7Q,2Hb7G,0
O79O9.jpg,O79O9,CxpiN,0
cGn7c.jpg,cGn7c,ewA7o,0
h0294.jpg,h0294,m0294,0
z9OPa.jpg,z9OPa,Z50Fa,0
5D5a7.jpg,5D5a7,SD2a7,0
V7v04.jpg,V7v04,M7x04,0
4OXF6.jpg,4OXF6,4OXr5,0
sPd3v.jpg,sPd3v,kPd3v,0
jh72p.jpg,jh72p,ib7xg,0
A7jRC.jpg,A7jRC,a7jBC,0
jt750.jpg,jt750,jt750,1
HvUD5.jpg,HvUD5,NvUD3,0
4g53Q.jpg,4g53Q,1u58O,0
XN0yr.jpg,XN0yr,4H0yi,0
14M19.jpg,14M19,14mX0,0
kU10a.jpg,kU10a,kG1Da,0
lRZHC.jpg,lRZHC,I82HC,0
3cec4.jpg,3cec4,5cQG1,0
2b3MM.jpg,2b3MM,2b3Mm,0
W7s4k.jpg,W7s4k,Y7swk,0
5IYdl.jpg,5IYdl,5iVdM,0
d2V7u.jpg,d2V7u,d2VTu,0
8Lx5H.jpg,8Lx5H,2Iw5O,0
32T2R.jpg,32T2R,34IzH,0
g7X2M.jpg,g7X2M,d7x2A,0
ivPB4.jpg,ivPB4,lvKB4,0
uFx0u.jpg,uFx0u,sF7Oq,0
k17d8.jpg,k17d8,kV2m8,0
8L8M6.jpg,8L8M6,PjaM6,0
CV9tv.jpg,CV9tv,CY5fm,0
2Et2y.jpg,2Et2y,2EiJW,0
L25Rs.jpg,L25Rs,I2wRS,0
0rfnj.jpg,0rfnj,Q3Euj,0
o5dU0.jpg,o5dU0,o5ZVx,0
RIg39.jpg,RIg39,Rlya9,0
8GBp1.jpg,8GBp1,8CHp1,0
Oxn7E.jpg,Oxn7E,Cxn7F,0
IH1Lz.jpg,IH1Lz,SHILZ,0
wn6fx.jpg,wn6fx,wp6Ez,0
ER987.jpg,ER987,ER96y,0
29I3k.jpg,29I3k,29fmK,0
AMdun.jpg,AMdun,8Mdun,0
MvjfU.jpg,MvjfU,MvjCU,0
pX68X.jpg,pX68X,pxG3U,0
wn8KP.jpg,wn8KP,V16AF,0
A0CU1.jpg,A0CU1,pqCD1,0
0T5I4.jpg,0T5I4,07Sl4,0
aD8J4.jpg,aD8J4,nD8J4,0
zjsKP.jpg,zjsKP,zj5HP,0
6V4Dm.jpg,6V4Dm,5V4Dm,0
Uxp5P.jpg,Uxp5P,UXn5F,0
lhYb0.jpg,lhYb0,IR7b0,0
sDIcJ.jpg,sDIcJ,sDIC3,0
0H0Pv.jpg,0H0Pv,GH4Px,0
Nc2o4.jpg,Nc2o4,Kr201,0
DYAqy.jpg,DYAqy,DTAGy,0
t00tN.jpg,t00tN,jo5LA,0
IAO0E.jpg,IAO0E,1XO9E,0
0Hu51.jpg,0Hu51,0Hw51,0
QonUM.jpg,QonUM,Qcn1M,0
joexj.jpg,joexj,0pGxT,0
hhJ5D.jpg,hhJ5D,KvJeD,0
X6fY9.jpg,X6fY9,x6fY9,0
2nWvg.jpg,2nWvg,2hWvg,0
72WlT.jpg,72WlT,72WiT,0
Z1i53.jpg,Z1i53,ZTjR0,0
5L4T2.jpg,5L4T2,5h4T2,0
3hz6d.jpg,3hz6d,3Kz6d,0
SQRqf.jpg,SQRqf,3QAqf,0
NC2NQ.jpg,NC2NQ,uC2H0,0
Ud5v2.jpg,Ud5v2,Ld5Y2,0
aEWRg.jpg,aEWRg,atWR9,0
Fgmp4.jpg,Fgmp4,Eomx1,0
uJ9A3.jpg,uJ9A3,vJ9R3,0
YQnQ5.jpg,YQnQ5,1Gme5,0
0PG0t.jpg,0PG0t,OPG3t,0
85C7k.jpg,85C7k,65C7H,0
YkhiP.jpg,YkhiP,YkhiP,1
570V0.jpg,570V0,57GVp,0
J22rX.jpg,J22rX,J57nK,0
1IOu6.jpg,1IOu6,1rKu5,0
240Z6.jpg,240Z6,340Y6,0
8npbP.jpg,8npbP,3mjb2,0
4k8zY.jpg,4k8zY,4k3z7,0
djgkn.jpg,djgkn,0iSkn,0
khGzL.jpg,khGzL,khGzj,0
a82EA.jpg,a82EA,a62EA,0
07aZp.jpg,07aZp,0TakB,0
3cK74.jpg,3cK74,3cH74,0
WRXaR.jpg,WRXaR,VFZaB,0
fZ5l1.jpg,fZ5l1,NZ5f1,0
c7B6z.jpg,c7B6z,cTRbx,0
zCDI8.jpg,zCDI8,zCDT9,0
NP3Sd.jpg,NP3Sd,AP36u,0
Qwg1g.jpg,Qwg1g,Owyf9,0
vgVSC.jpg,vgVSC,vpW3f,0
Lz0a1.jpg,Lz0a1,LsRa1,0
NUeyb.jpg,NUeyb,NU9yb,0
60QWx.jpg,60QWx,50AWj,0
zp0aq.jpg,zp0aq,Zp0aq,0
Vkl7V.jpg,Vkl7V,uKfeX,0
m8N6Q.jpg,m8N6Q,m3A60,0
4ue3i.jpg,4ue3i,4ke3r,0
WRv84.jpg,WRv84,MBvJ4,0
N7u7X.jpg,N7u7X,4fsLX,0
nPAAL.jpg,nPAAL,vBAQL,0
pJ81o.jpg,pJ81o,bM810,0
4ZV6V.jpg,4ZV6V,4ZK0v,0
p4sar.jpg,p4sar,B4cuK,0
GQ00k.jpg,GQ00k,EQP01,0
QHS8x.jpg,QHS8x,0H38X,0
n4v89.jpg,n4v89,yaiF9,0
Eg4V2.jpg,Eg4V2,Fm4M2,0
0z333.jpg,0z333,ukB9J,0
z2XQV.jpg,z2XQV,cZ35V,0
AXp6y.jpg,AXp6y,AXp6y,1
j7yam.jpg,j7yam,jTykm,0
s7qBq.jpg,s7qBq,s7dBm,0
t0Z7g.jpg,t0Z7g,tDZVa,0
C8upG.jpg,C8upG,Y8urG,0
mC0Pu.jpg,mC0Pu,mC9Pu,0
8RH69.jpg,8RH69,8R1C9,0
gw8T7.jpg,gw8T7,cW6A7,0
B2033.jpg,B2033,K20aS,0
VD0nQ.jpg,VD0nQ,VD0nQ,1
Q117m.jpg,Q117m,0sk7m,0
TQXZU.jpg,TQXZU,16xZH,0
7qby4.jpg,7qby4,2oBv4,0
hUoJE.jpg,hUoJE,hU0JE,0
gp3F0.jpg,gp3F0,gp2E0,0
MsmMx.jpg,MsmMx,hSmMx,0
r0D44.jpg,r0D44,F0Du4,0
iY2K0.jpg,iY2K0,iY2S0,0
10NDB.jpg,10NDB,10AD5,0
9q65k.jpg,9q65k,9q85H,0
b9f9F.jpg,b9f9F,b9xwE,0
1ueh2.jpg,1ueh2,LueN2,0
5MAST.jpg,5MAST,5M0eT,0
wkSxE.jpg,wkSxE,VkSzE,0
Mp833.jpg,Mp833,Ap851,0
Ym4Ep.jpg,Ym4Ep,Vs4Ep,0
pHAhS.jpg,pHAhS,PV4b3,0
hoLo9.jpg,hoLo9,bpxe9,0
287Pr.jpg,287Pr,281Pr,0
5Ayxq.jpg,5Ayxq,5Ppx9,0
3z5MX.jpg,3z5MX,37GMX,0
Q5FR0.jpg,Q5FR0,C5FR9,0
5FrhI.jpg,5FrhI,3EvAL,0
glD94.jpg,glD94,yrm5U,0
0N2xi.jpg,0N2xi,0R2xi,0
FKx0p.jpg,FKx0p,E4x0p,0
OD670.jpg,OD670,ORxfu,0
75F77.jpg,75F77,ZwEyi,0
jIPPO.jpg,jIPPO,jLRZ0,0
ji2g6.jpg,ji2g6,jl2a6,0
82bKF.jpg,82bKF,3znHF,0
Aiu01.jpg,Aiu01,Ary01,0
Am2S1.jpg,Am2S1,Ap2S1,0
rxDc1.jpg,rxDc1,oaB21,0
qOFUs.jpg,qOFUs,aCEMs,0
txcOo.jpg,txcOo,jxCDn,0
e0T7W.jpg,e0T7W,e037H,0
arR2E.jpg,arR2E,arR2E,1
7TXj9.jpg,7TXj9,7Txj0,0
e1P3D.jpg,e1P3D,e4P30,0
TyY6X.jpg,TyY6X,myY5K,0
6edx2.jpg,6edx2,Rchx2,0
6fs03.jpg,6fs03,6fsQ3,0
NwbpY.jpg,NwbpY,Aw52T,0
578wk.jpg,578wk,570mK,0
lAAEL.jpg,lAAEL,1mhEL,0
6diwn.jpg,6diwn,6diwA,0
1Hx11.jpg,1Hx11,3HXCT,0
6r0Mb.jpg,6r0Mb,6r0Xh,0
1C767.jpg,1C767,xrA67,0
6Ulpt.jpg,6Ulpt,5UApt,0
I8UAM.jpg,I8UAM,I8y4M,0
6QNvr.jpg,6QNvr,4OMvr,0
q9EON.jpg,q9EON,a9E0A,0
uskYG.jpg,uskYG,u3k7C,0
QD5ae.jpg,QD5ae,CD5ae,0
1Zqhf.jpg,1Zqhf,VZwhF,0
8r147.jpg,8r147,8xW47,0
R0jOz.jpg,R0jOz,Ro3ts,0
M6f4U.jpg,M6f4U,K6F4D,0
o1Gt2.jpg,o1Gt2,oYCt2,0
Fa441.jpg,Fa441,Eom41,0
0V0yy.jpg,0V0yy,AV6sy,0
3G18m.jpg,3G18m,2C1Vm,0
vA6MW.jpg,vA6MW,v8GM1,0
cCDKH.jpg,cCDKH,zC0KJ,0
gR51Q.jpg,gR51Q,aRS1O,0
9f5ZW.jpg,9f5ZW,9t62H,0
ypuuC.jpg,ypuuC,Y3kuC,0
2u6Wk.jpg,2u6Wk,2y6Wk,0
mx0uU.jpg,mx0uU,m30BL,0
2SGH1.jpg,2SGH1,28CH1,0
rKRS9.jpg,rKRS9,rKbS0,0
sF7eo.jpg,sF7eo,xE7ey,0
KP1i3.jpg,KP1i3,Hp7i9,0
p13Nb.jpg,p13Nb,p13NG,0
efBN5.jpg,efBN5,cIBM5,0
hL72f.jpg,hL72f,HL72Q,0
3KpHN.jpg,3KpHN,3Kp1N,0
We6Gb.jpg,We6Gb,We6Qb,0
7adsB.jpg,7adsB,74dsB,0
5fbCr.jpg,5fbCr,3fbcz,0
bcXot.jpg,bcXot,bCKo4,0
OVQ72.jpg,OVQ72,rVS52,0
0VE72.jpg,0VE72,0MET2,0
UYeE1.jpg,UYeE1,UXe51,0
OMQe1.jpg,OMQe1,CkAc1,0
jY3JU.jpg,jY3JU,jX2dU,0
FaxWh.jpg,FaxWh,EdxMh,0
ZE17h.jpg,ZE17h,ze19b,0
QXNQI.jpg,QXNQI,UKN61,0
1LDGB.jpg,1LDGB,TLDG3,0
MpJy7.jpg,MpJy7,Me5q7,0
JMp7e.jpg,JMp7e,JMb7e,0
Jet13.jpg,Jet13,UetT3,0
m2Z52.jpg,m2Z52,m2L5j,0
dcx28.jpg,dcx28,dCK28,0
ZWAmc.jpg,ZWAmc,2VAmc,0
1Y6qK.jpg,1Y6qK,1V5aK,0
9VZWI.jpg,9VZWI,9yZW1,0
K8Mvt.jpg,K8Mvt,H67vi,0
85r6s.jpg,85r6s,8Gr6V,0
hNtt9.jpg,hNtt9,hWcZ9,0
cyI9y.jpg,cyI9y,egi8V,0
YUQ5v.jpg,YUQ5v,TUQ2w,0
x3CEi.jpg,x3CEi,73GEi,0
976M2.jpg,976M2,916mz,0
r8Yf9.jpg,r8Yf9,r8Wf9,0
4Jf5T.jpg,4Jf5T,4Jf3T,0
78M48.jpg,78M48,jEM49,0
3T5cV.jpg,3T5cV,3T5oM,0
69L4T.jpg,69L4T,69LnT,0
6HSjD.jpg,6HSjD,6H3iD,0
kq0rg.jpg,kq0rg,Kq0rJ,0
b82O4.jpg,b82O4,b87O4,0
TSK8L.jpg,TSK8L,T3x0L,0
oJ1hz.jpg,oJ1hz,0JVbZ,0
wpv95.jpg,wpv95,wpV73,0
8tnS8.jpg,8tnS8,6IhXg,0
q929w.jpg,q929w,T92Pi,0
996Mv.jpg,996Mv,Og5Av,0
Zn0dJ.jpg,Zn0dJ,2h0dJ,0
QFS6A.jpg,QFS6A,CE9z4,0
z02Gf.jpg,z02Gf,yu2Cf,0
s46xG.jpg,s46xG,34bxC,0
UpE1S.jpg,UpE1S,0pz13,0
uyb5q.jpg,uyb5q,wjt2q,0
q5Xwn.jpg,q5Xwn,q5Xwj,0
c6P5w.jpg,c6P5w,c6P5w,1
SKNyx.jpg,SKNyx,jKmya,0
yP94s.jpg,yP94s,YP945,0
8Dmht.jpg,8Dmht,3ZmAf,0
R4XCc.jpg,R4XCc,B4MOs,0
jKJM6.jpg,jKJM6,iKQM6,0
66XB0.jpg,66XB0,i2XB0,0
W7k3z.jpg,W7k3z,W7kAc,0
0TSgk.jpg,0TSgk,012gk,0
TICz5.jpg,TICz5,WFCx5,0
7TAI7.jpg,7TAI7,wTArZ,0
s7swe.jpg,s7swe,57xM0,0
75X0v.jpg,75X0v,75K0V,0
9Sw00.jpg,9Sw00,2TMD0,0
SoN3u.jpg,SoN3u,5OH1u,0
NH7RE.jpg,NH7RE,NH7o5,0
0GWeO.jpg,0GWeO,06XsD,0
qf6Q9.jpg,qf6Q9,afxQ9,0
vZQnU.jpg,vZQnU,v3QhT,0
EtbjK.jpg,EtbjK,EtbjH,0
34V8r.jpg,34V8r,34M0m,0
q8q73.jpg,q8q73,Q6q73,0
803is.jpg,803is,PQ3is,0
J648D.jpg,J648D,Jc43D,0
N65qi.jpg,N65qi,NC5qi,0
W81E5.jpg,W81E5,W81r5,0
z234H.jpg,z234H,7P34H,0
Fy695.jpg,Fy695,FJ695,0
DaiF9.jpg,DaiF9,DaYF9,0
e9Tnd.jpg,e9Tnd,ej7nd,0
8VSEW.jpg,8VSEW,a75fH,0
X2iY2.jpg,X2iY2,K6iT2,0
b8Wj8.jpg,b8Wj8,bOMj3,0
9b0cB.jpg,9b0cB,9hQcB,0
8aUtC.jpg,8aUtC,8nMiG,0
ThUUi.jpg,ThUUi,T2dWi,0
lOOqc.jpg,lOOqc,1PogX,0
DSNPd.jpg,DSNPd,D3HFd,0
XdmgW.jpg,XdmgW,X8ngV,0
83Hy6.jpg,83Hy6,8zHu6,0
b08Qk.jpg,b08Qk,b73Qk,0
Ey0SL.jpg,Ey0SL,Ex0SL,0
Ij4H2.jpg,Ij4H2,1j4H2,0
66Z92.jpg,66Z92,8tZ9x,0
1lxA2.jpg,1lxA2,1jxA2,0
RFYHq.jpg,RFYHq,KfY4c,0
2czns.jpg,2czns,2U1mS,0
4sWPp.jpg,4sWPp,4sMEp,0
aNI9g.jpg,aNI9g,aHf9y,0
l5T5P.jpg,l5T5P,u9TbP,0
vFc64.jpg,vFc64,VFC54,0
4899u.jpg,4899u,48SDu,0
09BRk.jpg,09BRk,09BKi,0
y2po8.jpg,y2po8,y2f08,0
59My8.jpg,59My8,59KY8,0
Cbnyy.jpg,Cbnyy,CbAzT,0
y1boj.jpg,y1boj,vTbaj,0
3TKRH.jpg,3TKRH,3tKPn,0
cl5Cv.jpg,cl5Cv,el3Qv,0
CqCsh.jpg,CqCsh,EdY31,0
5g32A.jpg,5g32A,5g3VA,0
xMZ1F.jpg,xMZ1F,sM215,0
N0Cqv.jpg,N0Cqv,M0ETv,0
02Dr2.jpg,02Dr2,02Dr1,0
1sj0F.jpg,1sj0F,tsj0R,0
cL21h.jpg,cL21h,CL21b,0
zD7jf.jpg,zD7jf,z07KE,0
G0K1A.jpg,G0K1A,60K1A,0
UG6bn.jpg,UG6bn,LQ5ja,0
51KEB.jpg,51KEB,31MEB,0
B6G8o.jpg,B6G8o,DWC8a,0
y7drG.jpg,y7drG,v7drA,0
e9O8c.jpg,e9O8c,aVj8r,0
nIJCq.jpg,nIJCq,mkJC9,0
D46HO.jpg,D46HO,P45H0,0
a549K.jpg,a549K,a540H,0
wRiw5.jpg,wRiw5,QPiy5,0
lDE1K.jpg,lDE1K,l0S4K,0
NR44i.jpg,NR44i,MB45j,0
SgVf9.jpg,SgVf9,S0vfV,0
Vkf68.jpg,Vkf68,UkfG3,0
f5Dwm.jpg,f5Dwm,I30Wm,0
k3Pu6.jpg,k3Pu6,k3Pq6,0
658do.jpg,658do,658Xc,0
jB1BP.jpg,jB1BP,7h1EP,0
CZY4X.jpg,CZY4X,C2Y4x,0
097F3.jpg,097F3,0wYE3,0
l2OT6.jpg,l2OT6,i2mT6,0
HI1QJ.jpg,HI1QJ,HP4OJ,0
TdVH7.jpg,TdVH7,GdUk7,0
jnNBg.jpg,jnNBg,iaH3g,0
uw9n1.jpg,uw9n1,uK0n1,0
1Z32D.jpg,1Z32D,h732D,0
cBL7Z.jpg,cBL7Z,oRxTZ,0
FK43B.jpg,FK43B,FK43p,0
ZSdZJ.jpg,ZSdZJ,oSmAU,0
ki57d.jpg,ki57d,3j57d,0
ru6U9.jpg,ru6U9,ra5UY,0
mm9c9.jpg,mm9c9,wr2cX,0
Ut519.jpg,Ut519,Ui510,0
HbIvV.jpg,HbIvV,RbfxV,0
6bsb8.jpg,6bsb8,7Ksb8,0
w0nOd.jpg,w0nOd,w0n7J,0
64EBe.jpg,64EBe,64lPg,0
7mr5r.jpg,7mr5r,1m85e,0
78OmD.jpg,78OmD,13QmD,0
8n334.jpg,8n334,Rm3V4,0
2109j.jpg,2109j,2Td9j,0
1vuKN.jpg,1vuKN,1v0KN,0
5LE7M.jpg,5LE7M,5ZEpM,0
3bl4w.jpg,3bl4w,3Rl4v,0
g8a5Q.jpg,g8a5Q,g815O,0
5JjvM.jpg,5JjvM,51fqA,0
92ivb.jpg,92ivb,02iVb,0
ReWw0.jpg,ReWw0,Be7m0,0
5ti8Y.jpg,5ti8Y,5Cj0V,0
zlqu4.jpg,zlqu4,ZIqu4,0
7Q9tV.jpg,7Q9tV,7Q9tV,1
NyYSP.jpg,NyYSP,hZYsP,0
c50hI.jpg,c50hI,c50hI,1
f7y99.jpg,f7y99,fTv9B,0
TyU7f.jpg,TyU7f,1gU26,0
LsFRt.jpg,LsFRt,LsdBt,0
or1Js.jpg,or1Js,0r1V5,0
a5338.jpg,a5338,uWF36,0
PEFdI.jpg,PEFdI,pck4Y,0
YwU6L.jpg,YwU6L,TnU5L,0
Z00Gs.jpg,Z00Gs,2QVTs,0
14peQ.jpg,14peQ,14seQ,0
nYb2I.jpg,nYb2I,mYb2I,0
9qow9.jpg,9qow9,fqow3,0
tZw0m.jpg,tZw0m,iZwD3,0
98P3P.jpg,98P3P,gLB3f,0
61oZS.jpg,61oZS,61p2W,0
21KX6.jpg,21KX6,21KX6,1
Kks4X.jpg,Kks4X,KI54X,0
y27k2.jpg,y27k2,q24k8,0
0X2wB.jpg,0X2wB,0X2vB,0
W1OzZ.jpg,W1OzZ,M1GzF,0
UfrF8.jpg,UfrF8,UfgO8,0
O1900.jpg,O1900,C1gv0,0
jaT77.jpg,jaT77,kaD5z,0
25nX6.jpg,25nX6,25nK6,0
2ZPpw.jpg,2ZPpw,9ZDnV,0
1Yoj1.jpg,1Yoj1,EXoj3,0
K0784.jpg,K0784,K07S4,0
8658W.jpg,8658W,8C5qH,0
319Qg.jpg,319Qg,3i4Qz,0
cDhiD.jpg,cDhiD,eD5iM,0
WRPtm.jpg,WRPtm,V87Im,0
tc6IH.jpg,tc6IH,tc5YA,0
en30S.jpg,en30S,em20S,0
hz04d.jpg,hz04d,b704V,0
egdIi.jpg,egdIi,egdTx,0
806Mh.jpg,806Mh,3v6Mb,0
TfYmg.jpg,TfYmg,TfUmg,0
eHeQU.jpg,eHeQU,ZHeO7,0
sWned.jpg,sWned,3Hnjd,0
Po6s8.jpg,Po6s8,PmGh3,0
6Cn35.jpg,6Cn35,6Cm35,0
u60hD.jpg,u60hD,z60hD,0
h121v.jpg,h121v,nM2Tv,0
5KyRs.jpg,5KyRs,6kyPQ,0
t60qC.jpg,t60qC,150gC,0
s1Kz7.jpg,s1Kz7,SlKZ7,0
O85pZ.jpg,O85pZ,0W5p7,0
vBjZF.jpg,vBjZF,v61ZF,0
SwETQ.jpg,SwETQ,SME7O,0
wgB96.jpg,wgB96,wyB96,0
5U1v7.jpg,5U1v7,5D1v7,0
Hg46R.jpg,Hg46R,Hg46P,0
WY4Bi.jpg,WY4Bi,V74Er,0
3R3gY.jpg,3R3gY,3RNeV,0
rluoY.jpg,rluoY,rl2SV,0
mao2r.jpg,mao2r,map2r,0
2ixD2.jpg,2ixD2,2jxD7,0
syBPZ.jpg,syBPZ,sqKPZ,0
x06Ub.jpg,x06Ub,K05Hp,0
00I9A.jpg,00I9A,0wF34,0
oI1O2.jpg,oI1O2,cThW2,0
X82Pn.jpg,X82Pn,K32fm,0
U6p2D.jpg,U6p2D,t6y2D,0
BddfC.jpg,BddfC,BdxfG,0
j5hUf.jpg,j5hUf,j3hOf,0
3Gz27.jpg,3Gz27,30e27,0
8Ns1Y.jpg,8Ns1Y,8Nz1Y,0
7rY30.jpg,7rY30,4rY30,0
hNz7q.jpg,hNz7q,bKz70,0
u31Mr.jpg,u31Mr,u3tMr,0
eRJCz.jpg,eRJCz,eKjC2,0
D98TG.jpg,D98TG,D98zC,0
DxZ5e.jpg,DxZ5e,Dx75e,0
8hYNz.jpg,8hYNz,8byWz,0
YA972.jpg,YA972,VAu72,0
EOiE4.jpg,EOiE4,E0jk4,0
Y9ZUc.jpg,Y9ZUc,T82HC,0
12D10.jpg,12D10,H2BT0,0
l86eX.jpg,l86eX,I8hcK,0
Gst1k.jpg,Gst1k,Gst1k,1
aX5fH.jpg,aX5fH,aXDfH,0
DUQ9r.jpg,DUQ9r,DUG3i,0
7236F.jpg,7236F,7o36E,0
3K7yS.jpg,3K7yS,3H7vc,0
eelG9.jpg,eelG9,mehG9,0
rq63W.jpg,rq63W,rq63H,0
8im8z.jpg,8im8z,0jW3z,0
z0014.jpg,z0014,RbG14,0
75Qw1.jpg,75Qw1,75Owt,0
y91jY.jpg,y91jY,y91nK,0
ivJEG.jpg,ivJEG,iv3PG,0
Y80S2.jpg,Y80S2,v60N2,0
8wr04.jpg,8wr04,3WFp4,0
PJ9YX.jpg,PJ9YX,6d9TK,0
5I6uo.jpg,5I6uo,3I6ue,0
4w0JN.jpg,4w0JN,4u0JH,0
ps8Y0.jpg,ps8Y0,mx8T0,0
Su12T.jpg,Su12T,Su12T,1
F1Z8i.jpg,F1Z8i,F1XdW,0
ZRpuc.jpg,ZRpuc,7Apuc,0
Sz5BZ.jpg,Sz5BZ,34TBL,0
H91dm.jpg,H91dm,H91dx,0
FKT3p.jpg,FKT3p,iKT3p,0
5Sp6o.jpg,5Sp6o,5Wj4o,0
YiVxn.jpg,YiVxn,7CVxm,0
mrpRu.jpg,mrpRu,mc9Xy,0
ni4Jh.jpg,ni4Jh,wi4Jh,0
smVVu.jpg,smVVu,sm1TL,0
1m5Oo.jpg,1m5Oo,1m5Ca,0
h7Qk5.jpg,h7Qk5,n7CKS,0
2Z9td.jpg,2Z9td,2CTtd,0
m1so3.jpg,m1so3,m1z03,0
34QQg.jpg,34QQg,34nGp,0
8jDyG.jpg,8jDyG,8iDy4,0
6HdRY.jpg,6HdRY,6HdP7,0
afdNL.jpg,afdNL,2PGAL,0
R38u4.jpg,R38u4,Fz8u4,0
i31cM.jpg,i31cM,f31cK,0
NV1l2.jpg,NV1l2,Nv4IZ,0
4gva8.jpg,4gva8,4gVa8,0
TSw1S.jpg,TSw1S,TSw4q,0
v5hxC.jpg,v5hxC,V5HxC,0
wDPob.jpg,wDPob,wTP0b,0
6riY6.jpg,6riY6,kmHX6,0
Q8sAv.jpg,Q8sAv,QY3Av,0
bHK8A.jpg,bHK8A,9Hkc4,0
kr2Ot.jpg,kr2Ot,kT2Ot,0
Bpg60.jpg,Bpg60,Kp160,0
ayJxQ.jpg,ayJxQ,ayFkO,0
44Dz1.jpg,44Dz1,69Dz1,0
lK4xZ.jpg,lK4xZ,iK482,0
5Jv0w.jpg,5Jv0w,5JV0r,0
Zn7yG.jpg,Zn7yG,Zn1vG,0
5yU44.jpg,5yU44,3Y0q4,0
2S9Vw.jpg,2S9Vw,2SXVm,0
v8tVQ.jpg,v8tVQ,u2fH0,0
jlsY9.jpg,jlsY9,jmsY9,0
a4UWp.jpg,a4UWp,q4IKp,0
L1x39.jpg,L1x39,E1K36,0
7Ckbw.jpg,7Ckbw,7CkbW,0
ZJgov.jpg,ZJgov,7JacV,0
5S7ha.jpg,5S7ha,vS7ha,0
7V7zM.jpg,7V7zM,TvxeN,0
U08Yd.jpg,U08Yd,LA37d,0
0bs3a.jpg,0bs3a,0Hs3a,0
P8Ad7.jpg,P8Ad7,P8Ad1,0
WSf92.jpg,WSf92,H5fg2,0
48w7t.jpg,48w7t,48m7i,0
K8dj3.jpg,K8dj3,KBdI3,0
V3w3k.jpg,V3w3k,Vs48k,0
8d62B.jpg,8d62B,3q67D,0
4N11p.jpg,4N11p,6N2tp,0
O604X.jpg,O604X,CF04K,0
aEva1.jpg,aEva1,2Pva1,0
3fP45.jpg,3fP45,3Tm45,0
Ym8K6.jpg,Ym8K6,Vm3H6,0
Ce5ad.jpg,Ce5ad,Ce5Am,0
ko88Q.jpg,ko88Q,Fp9bC,0
RH0m5.jpg,RH0m5,Rj0y5,0
RH90J.jpg,RH90J,RHC0J,0
B12z8.jpg,B12z8,K12r8,0
TC17c.jpg,TC17c,TC17e,0
NBgqF.jpg,NBgqF,MBvGf,0
XkUpP.jpg,XkUpP,XkUoB,0
pwVi2.jpg,pwVi2,pwUF2,0
5336K.jpg,5336K,53ZCH,0
nS5ZV.jpg,nS5ZV,m352M,0
sJd1l.jpg,sJd1l,zSd7t,0
2O7sQ.jpg,2O7sQ,2DIsC,0
248By.jpg,248By,213CV,0
HlE5y.jpg,HlE5y,HOE5y,0
w84N7.jpg,w84N7,v8fK7,0
740Lv.jpg,740Lv,746Lv,0
f4259.jpg,f4259,fAzR0,0
d1wb3.jpg,d1wb3,dIKb2,0
0ceSn.jpg,0ceSn,Wte3n,0
Vf8y4.jpg,Vf8y4,VFsg4,0
e9HH5.jpg,e9HH5,C9MK5,0
k325M.jpg,k325M,rd25M,0
xYuWc.jpg,xYuWc,xYuhc,0
MkVX8.jpg,MkVX8,MkVX8,1
UBwKH.jpg,UBwKH,7EuKf,0
a3w5y.jpg,a3w5y,afw5y,0
WGIr1.jpg,WGIr1,MGJr1,0
A3pEO.jpg,A3pEO,A3pEO,1
I9sD8.jpg,I9sD8,195DX,0
g6OCJ.jpg,g6OCJ,gkDLJ,0
Uy7At.jpg,Uy7At,Uy7At,1
RMVC0.jpg,RMVC0,BM1C0,0
OUh3b.jpg,OUh3b,CUh36,0
4XauY.jpg,4XauY,4XaHT,0
8b5D0.jpg,8b5D0,8bxT0,0
4bruC.jpg,4bruC,45ru0,0
z7BYp.jpg,z7BYp,amSYp,0
BR12B.jpg,BR12B,bw120,0
FjKy4.jpg,FjKy4,FjKu4,0
dAu4p.jpg,dAu4p,dAv4D,0
Ha5u5.jpg,Ha5u5,Nzfu5,0
9pwOB.jpg,9pwOB,9pxCB,0
5ER84.jpg,5ER84,2GRx4,0
1Yo0b.jpg,1Yo0b,1y2Qb,0
9L06Z.jpg,9L06Z,gL062,0
26Wd6.jpg,26Wd6,z6Wdp,0
20zh9.jpg,20zh9,20zhw,0
7pMUp.jpg,7pMUp,7qMUp,0
OmFSQ.jpg,OmFSQ,UmE3A,0
Gd273.jpg,Gd273,Gd273,1
50fkm.jpg,50fkm,50fKm,0
J51x0.jpg,J51x0,Je2x0,0
H7tZ8.jpg,H7tZ8,H2tO8,0
1EOCl.jpg,1EOCl,150af,0
rI3N3.jpg,rI3N3,cLSHa,0
rDoL1.jpg,rDoL1,rWaLV,0
xH576.jpg,xH576,vH576,0
gIER4.jpg,gIER4,9VE84,0
rcF1g.jpg,rcF1g,nQFLg,0
B3890.jpg,B3890,EX890,0
68SEZ.jpg,68SEZ,h3vC7,0
3Pnp7.jpg,3Pnp7,3Pw67,0
s8Lqz.jpg,s8Lqz,5PIn2,0
Yi4bq.jpg,Yi4bq,Vi4bg,0
B9Z3U.jpg,B9Z3U,R923U,0
1u7Ag.jpg,1u7Ag,2u7Ag,0
JqL65.jpg,JqL65,JyL05,0
1Reqy.jpg,1Reqy,LR6qV,0
9GaL9.jpg,9GaL9,yCaio,0
0EC96.jpg,0EC96,0HC26,0
wXG04.jpg,wXG04,mKG04,0
eSld1.jpg,eSld1,e5idA,0
QvLKv.jpg,QvLKv,03pHy,0
Kxb5i.jpg,Kxb5i,Azb9i,0
1991m.jpg,1991m,kSb1m,0
koz9D.jpg,koz9D,Ao29D,0
kL4rx.jpg,kL4rx,h74c3,0
2TRrn.jpg,2TRrn,2T6in,0
J3PZk.jpg,J3PZk,j3PCK,0
cnAeN.jpg,cnAeN,CnRdM,0
9Ay8t.jpg,9Ay8t,0AV5i,0
894Mp.jpg,894Mp,894Nv,0
2G35l.jpg,2G35l,ZC3v1,0
zk620.jpg,zk620,zNE10,0
THB5O.jpg,THB5O,THB50,0
1U5On.jpg,1U5On,1U5Cm,0
T382V.jpg,T382V,Tx8ZQ,0
cz2iv.jpg,cz2iv,6z2iV,0
Tg1J1.jpg,Tg1J1,TozkV,0
napZ7.jpg,napZ7,nsUk7,0
CfGz8.jpg,CfGz8,wfGz8,0
HBEvz.jpg,HBEvz,ABEua,0
25N4H.jpg,25N4H,25v4F,0
27x3s.jpg,27x3s,2Tx3s,0
0Xe62.jpg,0Xe62,Oxeh2,0
6bF9w.jpg,6bF9w,6LF9v,0
PPdA9.jpg,PPdA9,mEuA9,0
94s5D.jpg,94s5D,94u5D,0
u98a8.jpg,u98a8,m9Da3,0
y0vyA.jpg,y0vyA,E0vJA,0
q6HM1.jpg,q6HM1,a6Hw1,0
yds65.jpg,yds65,yQz65,0
8gV6t.jpg,8gV6t,8qT6i,0
X5096.jpg,X5096,XEj9G,0
9NMMJ.jpg,9NMMJ,9NMkJ,0
GlfXx.jpg,GlfXx,Gl9ax,0
NvOr4.jpg,NvOr4,HVOi2,0
7cNE6.jpg,7cNE6,1aNE6,0
0r96P.jpg,0r96P,0196P,0
wiGkx.jpg,wiGkx,wLGRx,0
Xc190.jpg,Xc190,Hc190,0
IYnzl.jpg,IYnzl,6Ynzi,0
4e5hu.jpg,4e5hu,4eShu,0
Ju2mG.jpg,Ju2mG,IukmC,0
6Zqt7.jpg,6Zqt7,6Zdtj,0
nte34.jpg,nte34,mte34,0
7425K.jpg,7425K,7425K,1
C22k9.jpg,C22k9,C2YHS,0
9SgbT.jpg,9SgbT,9sgbF,0
Y8YM9.jpg,Y8YM9,Y84H9,0
8tBe9.jpg,8tBe9,8IDe9,0
3krPK.jpg,3krPK,3bcPK,0
K7u4O.jpg,K7u4O,K7u4O,1
9sry0.jpg,9sry0,95fY0,0
fOz8k.jpg,fOz8k,TQo8k,0
Beipj.jpg,Beipj,8cTpJ,0
f3W2u.jpg,f3W2u,FsW2y,0
6U06J.jpg,6U06J,6UmhJ,0
6uI5W.jpg,6uI5W,Gal3A,0
H9TOj.jpg,H9TOj,HpTvj,0
A35a1.jpg,A35a1,A35a1,1
9isgs.jpg,9isgs,8t2gs,0
eBy30.jpg,eBy30,CRV30,0
W64uY.jpg,W64uY,H54uT,0
15h0Q.jpg,15h0Q,15a0C,0
ss9ch.jpg,ss9ch,vS9CA,0
0BsPG.jpg,0BsPG,0hsPG,0
94Mgo.jpg,94Mgo,94Myc,0
TP9mf.jpg,TP9mf,7P0mf,0
uv65A.jpg,uv65A,uV65A,0
UxDqK.jpg,UxDqK,U3D9H,0
rabGA.jpg,rabGA,raJGA,0
16M0X.jpg,16M0X,15P0X,0
11360.jpg,11360,Wf360,0
a9Nkv.jpg,a9Nkv,aSNkv,0
cYpm4.jpg,cYpm4,cYpm3,0
fXYZ1.jpg,fXYZ1,pqY21,0
ALD3Z.jpg,ALD3Z,AiD37,0
IXoor.jpg,IXoor,1KR6r,0
zKDXU.jpg,zKDXU,zBjXC,0
6Dr5M.jpg,6Dr5M,GDi5A,0
gtVkS.jpg,gtVkS,gfVkS,0
2YgzU.jpg,2YgzU,2Vgru,0
8045G.jpg,8045G,2u15C,0
29VDz.jpg,29VDz,29VDx,0
7iKkn.jpg,7iKkn,7cKxn,0
fuYf7.jpg,fuYf7,OmW83,0
lt6O8.jpg,lt6O8,Tz6O3,0
OB7XT.jpg,OB7XT,087KT,0
y2k5k.jpg,y2k5k,Y2K5j,0
2MvB8.jpg,2MvB8,2KVD3,0
BZ98L.jpg,BZ98L,B7Wsi,0
b014E.jpg,b014E,pOi4E,0
5SbjB.jpg,5SbjB,ZShjB,0
qeX48.jpg,qeX48,geK13,0
mf1T1.jpg,mf1T1,mCsJ1,0
u204R.jpg,u204R,uzD4K,0
Tfk1K.jpg,Tfk1K,TcK1u,0
MWF4I.jpg,MWF4I,MWE9q,0
ZVr2K.jpg,ZVr2K,7Vm2K,0
h9ZNV.jpg,h9ZNV,h9ZMv,0
S9Hm9.jpg,S9Hm9,svkm9,0
4ij08.jpg,4ij08,4tj03,0
1512H.jpg,1512H,Ysj2H,0
9J8k3.jpg,9J8k3,9jBK3,0
525en.jpg,525en,92kcm,0
qe4Zq.jpg,qe4Zq,9rAZu,0
wOZ91.jpg,wOZ91,Mb291,0
xmjZV.jpg,xmjZV,xmiZV,0
dM82y.jpg,dM82y,dM82Y,0
3zEf0.jpg,3zEf0,3zEf0,1
f2QvN.jpg,f2QvN,f20vM,0
72xjz.jpg,72xjz,7owjz,0
PG2cb.jpg,PG2cb,BC2yb,0
90VOw.jpg,90VOw,201Em,0
0emX7.jpg,0emX7,0emK7,0
Qn7eX.jpg,Qn7eX,0n7sX,0
tmmfP.jpg,tmmfP,1Mqk2,0
qE4X8.jpg,qE4X8,gD4K8,0
52k77.jpg,52k77,5aHf7,0
0Bspp.jpg,0Bspp,0Eswp,0
Oc678.jpg,Oc678,QkfY8,0
229a5.jpg,229a5,XC0m5,0
431z3.jpg,431z3,4xVc3,0
b9o2i.jpg,b9o2i,5902T,0
nq8S0.jpg,nq8S0,nqX5O,0
GbcIp.jpg,GbcIp,Zbe1P,0
akOwZ.jpg,akOwZ,aKOvZ,0
taK1U.jpg,taK1U,faKyU,0
63w0K.jpg,63w0K,62VDK,0
0Y3XS.jpg,0Y3XS,0yzKE,0
4alxM.jpg,4alxM,4oIxM,0
bZRSn.jpg,bZRSn,lCR3a,0
j6454.jpg,j6454,I6a5W,0
2SpGS.jpg,2SpGS,2SnCV,0
J8j1X.jpg,J8j1X,u3j1K,0
3gJwM.jpg,3gJwM,S0JvM,0
wKA1H.jpg,wKA1H,mE8fH,0
mWQ4D.jpg,mWQ4D,mVC4D,0
V4Iw2.jpg,V4Iw2,V4tm2,0
3nvf8.jpg,3nvf8,JnVI8,0
YEi45.jpg,YEi45,VEi43,0
iBYP8.jpg,iBYP8,ibYP3,0
5zley.jpg,5zley,Bzley,0
KMZlJ.jpg,KMZlJ,B42lJ,0
hRpJi.jpg,hRpJi,hRpJx,0
5l6Oz.jpg,5l6Oz,hF6D2,0
Y1oJJ.jpg,Y1oJJ,Tho5J,0
8CU4z.jpg,8CU4z,8CUA2,0
s0uVO.jpg,s0uVO,s6aVO,0
78261.jpg,78261,7826j,0
4p4Jc.jpg,4p4Jc,Xp6JC,0
K93nL.jpg,K93nL,K93ni,0
0JT09.jpg,0JT09,0J1hc,0
96CFa.jpg,96CFa,96CFa,1
z38Lf.jpg,z38Lf,m28Yt,0
29yb4.jpg,29yb4,20Vba,0
F5u5e.jpg,F5u5e,FsMSe,0
9N2ly.jpg,9N2ly,9M2Iy,0
GllLa.jpg,GllLa,6Lrb3,0
ko7s2.jpg,ko7s2,KOTs2,0
AcfN4.jpg,AcfN4,AcfmU,0
h3n7p.jpg,h3n7p,H3AGp,0
B9gEc.jpg,B9gEc,Q9aEt,0
X0EXi.jpg,X0EXi,A053i,0
F65R4.jpg,F65R4,F65R4,1
QH7U5.jpg,QH7U5,Cv7U5,0
9f18G.jpg,9f18G,9f1nG,0
fu4w7.jpg,fu4w7,fb4W7,0
6W069.jpg,6W069,6H0i3,0
6RvOI.jpg,6RvOI,6RVC1,0
NK1lI.jpg,NK1lI,nKapI,0
zF9P5.jpg,zF9P5,xF0M5,0
30U84.jpg,30U84,3QU94,0
w870x.jpg,w870x,W810x,0
28qRN.jpg,28qRN,28qPM,0
iE45h.jpg,iE45h,iP4Sh,0
kQTgg.jpg,kQTgg,kOI3e,0
kjhpd.jpg,kjhpd,t05Pd,0
ciP01.jpg,ciP01,skP01,0
LVH1p.jpg,LVH1p,EvA1P,0
m0xyk.jpg,m0xyk,m0xyE,0
J25v6.jpg,J25v6,J2Fv6,0
qx6W8.jpg,qx6W8,qx6W8,1
1858P.jpg,1858P,1w53P,0
p33LY.jpg,p33LY,pASCY,0
4Aq7N.jpg,4Aq7N,48g7N,0
K0XQZ.jpg,K0XQZ,k0XG2,0
xKhSM.jpg,xKhSM,vKj5M,0
Dwz2l.jpg,Dwz2l,Due21,0
fiXjG.jpg,fiXjG,TpXJ0,0
v127q.jpg,v127q,v127q,1
6uqH4.jpg,6uqH4,6pqH4,0
5NlsU.jpg,5NlsU,5Ai3y,0
s1Fr0.jpg,s1Fr0,51Pz0,0
wBgi8.jpg,wBgi8,WDg12,0
DPaR9.jpg,DPaR9,D2aRj,0
wlGiK.jpg,wlGiK,ml6jK,0
x42k3.jpg,x42k3,v42H3,0
9oSYt.jpg,9oSYt,9u3Yi,0
6PkxT.jpg,6PkxT,5PKv7,0
cIgFM.jpg,cIgFM,CjqPM,0
fJHSt.jpg,fJHSt,fJQ5v,0
m7tOB.jpg,m7tOB,m7tQB,0
rYhDG.jpg,rYhDG,rYkDG,0
0R1Mn.jpg,0R1Mn,0B1Mn,0
bPT41.jpg,bPT41,bPz41,0
8G5S5.jpg,8G5S5,8CbSN,0
3b8HN.jpg,3b8HN,rb8YM,0
zIq84.jpg,zIq84,ZIG84,0
qcsc1.jpg,qcsc1,gEsc1,0
yZc52.jpg,yZc52,VLc53,0
l1UOF.jpg,l1UOF,lsHQF,0
uoA2r.jpg,uoA2r,uoA2r,1
S7744.jpg,S7744,SjT24,0
tYqCl.jpg,tYqCl,pXgCl,0
xvNjd.jpg,xvNjd,zvNjd,0
exK75.jpg,exK75,evH75,0
AsPnj.jpg,AsPnj,A3EnV,0
qzL3M.jpg,qzL3M,gzL3H,0
5tZA8.jpg,5tZA8,5vZA8,0
652j8.jpg,652j8,6S218,0
Nde92.jpg,Nde92,Mdv92,0
wDJib.jpg,wDJib,wO3i5,0
907e1.jpg,907e1,90Ke1,0
bA676.jpg,bA676,wAeTb,0
M4xIU.jpg,M4xIU,N4zIU,0
3Iy8D.jpg,3Iy8D,sIv8D,0
h35tE.jpg,h35tE,h3wtF,0
0r16N.jpg,0r16N,0x16X,0
DUNww.jpg,DUNww,EUAwz,0
cMGVd.jpg,cMGVd,zMGVJ,0
mqoVT.jpg,mqoVT,m4bVE,0
yDu8Y.jpg,yDu8Y,yCu8M,0
k9HY7.jpg,k9HY7,k9pY7,0
X42e8.jpg,X42e8,K42n6,0
f8YDC.jpg,f8YDC,f3VDC,0
OfAMx.jpg,OfAMx,0fAMs,0
Wvop2.jpg,Wvop2,WxSp2,0
GT000.jpg,GT000,ST2A0,0
LQf03.jpg,LQf03,yQf0s,0
5Eam6.jpg,5Eam6,FLzM6,0
ZSeG7.jpg,ZSeG7,z3eG7,0
G2WlC.jpg,G2WlC,G2Nlq,0
dSoO1.jpg,dSoO1,dXnC1,0
DUEe8.jpg,DUEe8,BuWe3,0
6B7lS.jpg,6B7lS,6D7tS,0
g9Hb3.jpg,g9Hb3,y9Tb2,0
91vs0.jpg,91vs0,3lMs0,0
Ug5f3.jpg,Ug5f3,vg5t2,0
3Gge3.jpg,3Gge3,7Knc3,0
Ey192.jpg,Ey192,Eu102,0
5kx49.jpg,5kx49,Skw4P,0
diEBX.jpg,diEBX,JjL8X,0
7RhS0.jpg,7RhS0,7RhS0,1
v4Jiw.jpg,v4Jiw,v4Jrm,0
leE6Q.jpg,leE6Q,IaE5C,0
0nctD.jpg,0nctD,0mc1D,0
918qe.jpg,918qe,9kmJs,0
1w9vS.jpg,1w9vS,1w9z5,0
xHFO7.jpg,xHFO7,xHE07,0
dOOiB.jpg,dOOiB,d9O13,0
rb83p.jpg,rb83p,rb82O,0
QAUO1.jpg,QAUO1,QA5c1,0
63f06.jpg,63f06,63h0C,0
152Yp.jpg,152Yp,1S2Wb,0
OpMbi.jpg,OpMbi,0yHbt,0
YTj16.jpg,YTj16,XP916,0
XU7Yn.jpg,XU7Yn,KU7Vh,0
uGGtm.jpg,uGGtm,y2G4m,0
70h8l.jpg,70h8l,2mx8l,0
H0ue3.jpg,H0ue3,H0ve3,0
0932O.jpg,0932O,0h32D,0
KYNFP.jpg,KYNFP,cYN3w,0
64xOE.jpg,64xOE,64vOE,0
4THg4.jpg,4THg4,4TBgM,0
mFe08.jpg,mFe08,wFc03,0
34RZu.jpg,34RZu,34BZU,0
rS1w7.jpg,rS1w7,r51M7,0
4v2X7.jpg,4v2X7,4v2Kj,0
kS54m.jpg,kS54m,KS64m,0
Ud0E6.jpg,Ud0E6,NdOE6,0
JEehg.jpg,JEehg,3EeAy,0
xY8Su.jpg,xY8Su,xYB5u,0
8400k.jpg,8400k,34TqF,0
fk9m4.jpg,fk9m4,jk9m4,0
bAXvE.jpg,bAXvE,bAXvE,1
pp7l3.jpg,pp7l3,pvZi3,0
py95N.jpg,py95N,pY95N,0
Kvh8w.jpg,Kvh8w,HCj3w,0
lEy12.jpg,lEy12,LRVT2,0
21o7w.jpg,21o7w,210rW,0
9X0w4.jpg,9X0w4,9XDw1,0
IjbL2.jpg,IjbL2,TjbL2,0
xHd51.jpg,xHd51,XHd51,0
aLy3k.jpg,aLy3k,eLv3K,0
13ad7.jpg,13ad7,13qdP,0
4oHUk.jpg,4oHUk,40jVK,0
hl8T4.jpg,hl8T4,hj8TQ,0
cPcA2.jpg,cPcA2,iBqh2,0
4mr26.jpg,4mr26,4mr26,1
O32U9.jpg,O32U9,O3ZL9,0
O3EX7.jpg,O3EX7,0nEM7,0
Jcxwb.jpg,Jcxwb,JcZWb,0
w447i.jpg,w447i,VO42i,0
2RBrS.jpg,2RBrS,2KDiS,0
t4eeI.jpg,t4eeI,24Q5I,0
6ApN5.jpg,6ApN5,6ApM5,0
L8Y5T.jpg,L8Y5T,L0V57,0
FpPX4.jpg,FpPX4,FpJK4,0
1xs36.jpg,1xs36,1Pr96,0
4T8xO.jpg,4T8xO,jT8vO,0
6gCjt.jpg,6gCjt,6mCjt,0
Af5cS.jpg,Af5cS,A7DcS,0
wegPe.jpg,wegPe,MtyFs,0
6lul1.jpg,6lul1,6OuF3,0
3mruF.jpg,3mruF,3mhuE,0
3NEk6.jpg,3NEk6,3mFk6,0
041tO.jpg,041tO,we3iO,0
gW0O5.jpg,gW0O5,aWoO5,0
0V871.jpg,0V871,0V8Z1,0
FV1mQ.jpg,FV1mQ,FV3nC,0
zw2Bw.jpg,zw2Bw,ZOTBV,0
5g0th.jpg,5g0th,3y0tH,0
Xv2N8.jpg,Xv2N8,XuzR0,0
Q5PBp.jpg,Q5PBp,Q5R8n,0
tS6Ms.jpg,tS6Ms,136Mx,0
Ky7PL.jpg,Ky7PL,Kv7Bh,0
uMRd8.jpg,uMRd8,uMEd3,0
Z1GU7.jpg,Z1GU7,2nGU7,0
w5BUj.jpg,w5BUj,w5BUj,1
Vo5gR.jpg,Vo5gR,Ue5Qm,0
UoHuU.jpg,UoHuU,wcArJ,0
FE5OU.jpg,FE5OU,FZ3Du,0
twc0K.jpg,twc0K,fmC0K,0
60O1w.jpg,60O1w,6aP1H,0
VOKaR.jpg,VOKaR,VOHaP,0
cIuBl.jpg,cIuBl,c0mB1,0
3mn2N.jpg,3mn2N,cwh2M,0
U4Krj.jpg,U4Krj,U4Kiy,0
OAs35.jpg,OAs35,OAy3E,0
gwg58.jpg,gwg58,qw153,0
wDO68.jpg,wDO68,wD261,0
9Ipa0.jpg,9Ipa0,9Ip4Q,0
85q15.jpg,85q15,w5Q1F,0
pk5rM.jpg,pk5rM,pk5CM,0
91f45.jpg,91f45,9Jfwb,0
0BRAN.jpg,0BRAN,OIF2N,0
c5fAY.jpg,c5fAY,c5fAY,1
dn06b.jpg,dn06b,dm06b,0
3fo55.jpg,3fo55,3f0Sb,0
V67E2.jpg,V67E2,W67E2,0
hTMZT.jpg,hTMZT,heMZT,0
S5aS6.jpg,S5aS6,S1aP6,0
486K5.jpg,486K5,1P6H5,0
O9RE1.jpg,O9RE1,C9AE1,0
UwHni.jpg,UwHni,ZwHni,0
59i8r.jpg,59i8r,50i2m,0
oyf3m.jpg,oyf3m,0Yf2m,0
Z2YbV.jpg,Z2YbV,LAY6Q,0
w5Nb8.jpg,w5Nb8,V5Ab8,0
87WgG.jpg,87WgG,87H4C,0
6gz2Z.jpg,6gz2Z,5yrk7,0
gl5u3.jpg,gl5u3,gI5w3,0
Eb8wW.jpg,Eb8wW,FL37W,0
yCBx6.jpg,yCBx6,VCBM6,0
3LArc.jpg,3LArc,3LArc,1
LVQq9.jpg,LVQq9,fUOq3,0
0spBM.jpg,0spBM,0zYBM,0
89LsG.jpg,89LsG,8SIxG,0
lmJ57.jpg,lmJ57,tmd57,0
qBNQl.jpg,qBNQl,g2ACI,0
IVr4f.jpg,IVr4f,oUr4f,0
sj0wm.jpg,sj0wm,3I0Vm,0
D818o.jpg,D818o,DA1do,0
aUFbe.jpg,aUFbe,ajFb9,0
xMk32.jpg,xMk32,yMt3Z,0
E8fyM.jpg,E8fyM,E8fyM,1
62Ylh.jpg,62Ylh,G2Yln,0
C6oZ6.jpg,C6oZ6,C8a2f,0
T0Y1S.jpg,T0Y1S,T0W45,0
H39yO.jpg,H39yO,H3pwC,0
2iy9E.jpg,2iy9E,zNv0E,0
QZgn0.jpg,QZgn0,N2Hs0,0
SzjnY.jpg,SzjnY,SzjmT,0
m0mt5.jpg,m0mt5,w0ht3,0
6mZUU.jpg,6mZUU,6mZF1,0
Qdh4M.jpg,Qdh4M,qDh4Z,0
86418.jpg,86418,8C4Vo,0
WbUAl.jpg,WbUAl,W5PAi,0
EBHs1.jpg,EBHs1,EBAs1,0
MzW1Q.jpg,MzW1Q,MaViQ,0
MVcyh.jpg,MVcyh,MVcy5,0
81Tio.jpg,81Tio,S17Co,0
GPruu.jpg,GPruu,61rsw,0
YR2gw.jpg,YR2gw,YR2gW,0
f061g.jpg,f061g,f063g,0
V22IG.jpg,V22IG,U24i6,0
09aOB.jpg,09aOB,03xYH,0
fQxEI.jpg,fQxEI,fQxSJ,0
8567V.jpg,8567V,3567M,0
18lzC.jpg,18lzC,T8izC,0
QnFsZ.jpg,QnFsZ,DhFs2,0
uzZ5H.jpg,uzZ5H,ueZ5H,0
Q98Lv.jpg,Q98Lv,C28jV,0
1Qj3Y.jpg,1Qj3Y,1Gp3Y,0
QHuwZ.jpg,QHuwZ,0HiW2,0
fL21D.jpg,fL21D,TS2J0,0
7TkJ1.jpg,7TkJ1,2YKd1,0
8ILgE.jpg,8ILgE,21MqE,0
5d9n4.jpg,5d9n4,3zVnf,0
2D2NA.jpg,2D2NA,ZD8wA,0
7yP51.jpg,7yP51,7VP5t,0
12bJw.jpg,12bJw,12bNW,0
Qvsst.jpg,Qvsst,0yRzf,0
f9q9b.jpg,f9q9b,f3dRb,0
OS423.jpg,OS423,Qc423,0
224Ha.jpg,224Ha,25tHv,0
12Gtu.jpg,12Gtu,T26tn,0
Re6pg.jpg,Re6pg,Nr61q,0
k12ap.jpg,k12ap,k1ZaD,0
Rs4PV.jpg,Rs4PV,K347U,0
3JLPP.jpg,3JLPP,3NLTe,0
NY6zU.jpg,NY6zU,NY63U,0
vFe7V.jpg,vFe7V,vBe79,0
FhY1X.jpg,FhY1X,FbViM,0
E9im9.jpg,E9im9,Egim2,0
W50je.jpg,W50je,W5gjC,0
1T0Z5.jpg,1T0Z5,p1025,0
mgjiv.jpg,mgjiv,mgjtv,0
2oTa3.jpg,2oTa3,2cTn3,0
Tx0c6.jpg,Tx0c6,7K0e5,0
k10X1.jpg,k10X1,k10WJ,0
88409.jpg,88409,aK4D9,0
dwh94.jpg,dwh94,dMb94,0
256RS.jpg,256RS,2bvDS,0
6DX87.jpg,6DX87,6DK31,0
60syP.jpg,60syP,60syP,1
M8B50.jpg,M8B50,M8G50,0
mBIvZ.jpg,mBIvZ,mbkvZ,0
PXQre.jpg,PXQre,FA0La,0
YvkYD.jpg,YvkYD,yuAjD,0
U9GvG.jpg,U9GvG,L0ChB,0
81jAW.jpg,81jAW,8tjAW,0
90kaz.jpg,90kaz,9CEa7,0
XbAoF.jpg,XbAoF,xb49F,0
Olq9J.jpg,Olq9J,Cky8J,0
i3799.jpg,i3799,i37w9,0
8fH5T.jpg,8fH5T,8CH5Y,0
3oX83.jpg,3oX83,3cK8t,0
d682b.jpg,d682b,d682b,1
F962R.jpg,F962R,Iq62K,0
xjk3O.jpg,xjk3O,wjk3D,0
GmFRQ.jpg,GmFRQ,6nj2O,0
q1BM1.jpg,q1BM1,g5BM2,0
78wGf.jpg,78wGf,78WGr,0
SMB17.jpg,SMB17,cMB17,0
916di.jpg,916di,91wdr,0
dRP2i.jpg,dRP2i,dKPzv,0
Aspxr.jpg,Aspxr,A5oxr,0
xo37z.jpg,xo37z,KnSTz,0
33b3p.jpg,33b3p,Xd64p,0
n076P.jpg,n076P,n075E,0
FdX7M.jpg,FdX7M,SdY1M,0
DI7HC.jpg,DI7HC,Bk2aC,0
FON23.jpg,FON23,EON23,0
6ag5L.jpg,6ag5L,Awp3L,0
L69b5.jpg,L69b5,Y69b5,0
4l1gP.jpg,4l1gP,4lTgP,0
CS15I.jpg,CS15I,CS75l,0
qyKfX.jpg,qyKfX,0uAfY,0
3l4kH.jpg,3l4kH,3C4kH,0
Xtozy.jpg,Xtozy,Xt9zu,0
jolD8.jpg,jolD8,JokD8,0
gb9Mi.jpg,gb9Mi,o59Mi,0
CUl3j.jpg,CUl3j,cMn2I,0
ulQh3.jpg,ulQh3,n1CN3,0
HuEgJ.jpg,HuEgJ,XuEgJ,0
B5J49.jpg,B5J49,p5Ix9,0
znd4E.jpg,znd4E,2md4C,0
XsvWB.jpg,XsvWB,XsvWB,1
1uqM2.jpg,1uqM2,1vqM2,0
Louc3.jpg,Louc3,LAmo3,0
NqrPp.jpg,NqrPp,AdrEp,0
I9r59.jpg,I9r59,Igr5R,0
6WRah.jpg,6WRah,8WF4h,0
S3kVD.jpg,S3kVD,c3kVD,0
5OqLl.jpg,5OqLl,50yMl,0
X7rnb.jpg,X7rnb,K7rm5,0
16pJx.jpg,16pJx,L6pAx,0
8TSQt.jpg,8TSQt,aTSCt,0
7QZhJ.jpg,7QZhJ,70yh8,0
5S64g.jpg,5S64g,53w4y,0
mqjsI.jpg,mqjsI,mdjst,0
aZ7qS.jpg,aZ7qS,3zTuS,0
NY3Db.jpg,NY3Db,Av3D6,0
a4zs4.jpg,a4zs4,D47sK,0
5t89f.jpg,5t89f,5189f,0
839tk.jpg,839tk,63mtH,0
aR8Dn.jpg,aR8Dn,aK8Dh,0
6GsBv.jpg,6GsBv,6LjHV,0
UZJg8.jpg,UZJg8,UrJg8,0
5i2bW.jpg,5i2bW,SjPbW,0
q5y0C.jpg,q5y0C,q3v0C,0
7oNRK.jpg,7oNRK,7ojRY,0
m0a54.jpg,m0a54,T0a54,0
1NO42.jpg,1NO42,1NO42,1
rulk8.jpg,rulk8,ruL28,0
o64Zh.jpg,o64Zh,qe4Yb,0
WlIsh.jpg,WlIsh,WtTeb,0
DcnU8.jpg,DcnU8,DcnU3,0
6B7t6.jpg,6B7t6,kB7t0,0
nfhG4.jpg,nfhG4,mVbG4,0
EA6hB.jpg,EA6hB,LA6HR,0
eUu7m.jpg,eUu7m,SUu7R,0
WEKj2.jpg,WEKj2,WEKi2,0
ffewD.jpg,ffewD,f7ew0,0
3of3s.jpg,3of3s,Wof3x,0
Z7V1k.jpg,Z7V1k,2701K,0
atuDQ.jpg,atuDQ,akuBG,0
iShru.jpg,iShru,i3Hru,0
eFo07.jpg,eFo07,xEo87,0
pWWBa.jpg,pWWBa,DtWfa,0
3cruA.jpg,3cruA,36iuA,0
RLFuj.jpg,RLFuj,RLFw3,0
dRi39.jpg,dRi39,dKj39,0
AT5d4.jpg,AT5d4,AT5Cu,0
5t3PH.jpg,5t3PH,5L3PA,0
I4BTu.jpg,I4BTu,I4BVu,0
xZMM6.jpg,xZMM6,x7Md6,0
Z0hA7.jpg,Z0hA7,Z0bAT,0
hA8hF.jpg,hA8hF,Uv8hF,0
8A1m4.jpg,8A1m4,8A1m4,1
VnCS5.jpg,VnCS5,VaCR5,0
u5Mmd.jpg,u5Mmd,u5Mnd,0
rGun6.jpg,rGun6,rWU26,0
Q1iR8.jpg,Q1iR8,01jK8,0
29ul0.jpg,29ul0,2SmT0,0
bV5o6.jpg,bV5o6,iV5x6,0
xOHVp.jpg,xOHVp,yOH7p,0
6dvmp.jpg,6dvmp,6dsmj,0
83yvP.jpg,83yvP,6fQvD,0
h07Ea.jpg,h07Ea,b07Ea,0
2i9o2.jpg,2i9o2,4i9o7,0
2yA82.jpg,2yA82,ZyA8P,0
A1WOZ.jpg,A1WOZ,4Tw02,0
ZC4ZC.jpg,ZC4ZC,2O4Tm,0
Yj79K.jpg,Yj79K,Wp79K,0
2tmDR.jpg,2tmDR,2tqDh,0
7T2Gs.jpg,7T2Gs,7K20s,0
9rW7i.jpg,9rW7i,0rM7i,0
aei58.jpg,aei58,ycW58,0
onNl4.jpg,onNl4,cxMI4,0
S7Pqs.jpg,S7Pqs,S7Pqt,0
wogOD.jpg,wogOD,v5gCA,0
kh5rI.jpg,kh5rI,xh3rI,0
p48Ea.jpg,p48Ea,p48Ka,0
k0V0Y.jpg,k0V0Y,EGVDT,0
NzdZ6.jpg,NzdZ6,Nzdk6,0
7Oguq.jpg,7Oguq,7Oshq,0
d9Rll.jpg,d9Rll,d9R1Z,0
39rRT.jpg,39rRT,20wAI,0
03jlQ.jpg,03jlQ,P3ylC,0
70sL7.jpg,70sL7,7QsLm,0
1z0vP.jpg,1z0vP,1s0nP,0
6dHf2.jpg,6dHf2,6dKf2,0
3J04R.jpg,3J04R,3T0fB,0
Hafmj.jpg,Hafmj,Aafwj,0
KW2Om.jpg,KW2Om,Hy20n,0
KX3tJ.jpg,KX3tJ,EXsCJ,0
48AD1.jpg,48AD1,w84D1,0
Q3hv5.jpg,Q3hv5,O3hvc,0
2zDOy.jpg,2zDOy,2fbCV,0
ufs7Y.jpg,ufs7Y,ufS7Y,0
biNMS.jpg,biNMS,biNm3,0
Y6Sa6.jpg,Y6Sa6,V8Fm5,0
q4t0F.jpg,q4t0F,g4L0E,0
sdL2N.jpg,sdL2N,sdL2N,1
Yx0mb.jpg,Yx0mb,Tx0mb,0
ZMZzZ.jpg,ZMZzZ,8AbxC,0
td9Bj.jpg,td9Bj,td9Bj,1
842h1.jpg,842h1,642n1,0
DTAw3.jpg,DTAw3,DIAm2,0
N0w7P.jpg,N0w7P,N0w7P,1
5Eovg.jpg,5Eovg,AE6Vg,0
UOd5G.jpg,UOd5G,U0g27,0
a8n4T.jpg,a8n4T,z8mkT,0
al70N.jpg,al70N,alZ0N,0
U3ijr.jpg,U3ijr,Q3iTn,0
2efO2.jpg,2efO2,zwfCR,0
9V2OA.jpg,9V2OA,9V2On,0
bQLM1.jpg,bQLM1,50LAT,0
3w338.jpg,3w338,DMZJ8,0
05g68.jpg,05g68,U1yb3,0
JIzQt.jpg,JIzQt,JjaQt,0
n6JJ6.jpg,n6JJ6,4ZJY6,0
nnyVD.jpg,nnyVD,pa7U0,0
6826W.jpg,6826W,632rw,0
Y4YTx.jpg,Y4YTx,O4mjk,0
MF997.jpg,MF997,ME0s7,0
Bl6hb.jpg,Bl6hb,BT6hv,0
lYLyZ.jpg,lYLyZ,IYbu2,0
YwZjD.jpg,YwZjD,YwZjD,1
hdwxL.jpg,hdwxL,h0VxC,0
5la83.jpg,5la83,51u83,0
2094X.jpg,2094X,2u94K,0
O4IYC.jpg,O4IYC,o43YE,0
24iwB.jpg,24iwB,24IWB,0
IThHR.jpg,IThHR,LThH2,0
ts6Yt.jpg,ts6Yt,1x6Th,0
iT85J.jpg,iT85J,i705K,0
N8Cu8.jpg,N8Cu8,ASCuk,0
752P1.jpg,752P1,75aP1,0
9R7ZW.jpg,9R7ZW,9B72W,0
GVf8T.jpg,GVf8T,CMf87,0
ROtBG.jpg,ROtBG,A0Ys4,0
046df.jpg,046df,045aI,0
5IUrO.jpg,5IUrO,51Uc0,0
9q2yE.jpg,9q2yE,9d2yE,0
9V07X.jpg,9V07X,9VC7K,0
0Tkb0.jpg,0Tkb0,C7KsA,0
f3v8t.jpg,f3v8t,F3W6t,0
tgi7T.jpg,tgi7T,t9w73,0
jWKCz.jpg,jWKCz,jVkCz,0
zyWeT.jpg,zyWeT,zyMeF,0
7iXpx.jpg,7iXpx,7lXps,0
mSySe.jpg,mSySe,mSvFe,0
X288Q.jpg,X288Q,X7k3t,0
n9553.jpg,n9553,m06F3,0
8wVK2.jpg,8wVK2,8mVK7,0
5wO3v.jpg,5wO3v,5mC3y,0
z9t32.jpg,z9t32,m9t32,0
YQ518.jpg,YQ518,YQ518,1
5a8Sf.jpg,5a8Sf,bax9f,0
hr9aA.jpg,hr9aA,kr9uA,0
8u9ou.jpg,8u9ou,Xv9eh,0
Fb01v.jpg,Fb01v,Fb01v,1
Rw3qR.jpg,Rw3qR,PW7gh,0
QgOBC.jpg,QgOBC,AgU5C,0
LaGdz.jpg,LaGdz,LnCd2,0
jaNFV.jpg,jaNFV,LaAEU,0
V82LH.jpg,V82LH,U82tH,0
BX9Ld.jpg,BX9Ld,BK9td,0
0Utp9.jpg,0Utp9,xutj9,0
P65aa.jpg,P65aa,FG5qw,0
8cLcY.jpg,8cLcY,3zEuX,0
NPzxz.jpg,NPzxz,HF7Xs,0
V91MF.jpg,V91MF,VozAE,0
laKPE.jpg,laKPE,faKB6,0
10O68.jpg,10O68,1WC58,0
f1Ky8.jpg,f1Ky8,f1HV2,0
k5EI5.jpg,k5EI5,KsC19,0
43wVq.jpg,43wVq,43PVq,0
wP7h1.jpg,wP7h1,wP7b1,0
3s4K6.jpg,3s4K6,3v4K0,0
oA125.jpg,oA125,cJ12H,0
7h7kf.jpg,7h7kf,p4zkf,0
xg0YJ.jpg,xg0YJ,Kg0YJ,0
lXq00.jpg,lXq00,1Ks9o,0
zY7jh.jpg,zY7jh,aV7jh,0
Lmjw7.jpg,Lmjw7,LRjx7,0
3W6L4.jpg,3W6L4,3KcI4,0
641iJ.jpg,641iJ,641rJ,0
a9ZUJ.jpg,a9ZUJ,o9ZCJ,0
aY2h9.jpg,aY2h9,aTZH8,0
1w9TY.jpg,1w9TY,1w0TM,0
ICwCJ.jpg,ICwCJ,DzwOJ,0
Z17HQ.jpg,Z17HQ,x17AC,0
dECa1.jpg,dECa1,dFC31,0
j574K.jpg,j574K,jcZ4H,0
oxlX7.jpg,oxlX7,0wiX7,0
0EBpp.jpg,0EBpp,0LBxp,0
q3169.jpg,q3169,q2W69,0
6U1H2.jpg,6U1H2,601H2,0
Ha6SC.jpg,Ha6SC,Ha63C,0
TQGtn.jpg,TQGtn,7BGin,0
zSl90.jpg,zSl90,ZsI90,0
IjWbu.jpg,IjWbu,tjc8u,0
f3cwi.jpg,f3cwi,fTSw1,0
c1Tu2.jpg,c1Tu2,c4Iu2,0
dTxlZ.jpg,dTxlZ,dDxi2,0
adQ52.jpg,adQ52,adC52,0
8L6bC.jpg,8L6bC,316bC,0
n1A60.jpg,n1A60,m1A6P,0
k93NY.jpg,k93NY,kc3NV,0
3O3FD.jpg,3O3FD,2cxfB,0
Glr11.jpg,Glr11,6krt3,0
4lt62.jpg,4lt62,4lt62,1
IV9H9.jpg,IV9H9,iw3H9,0
vg1Ya.jpg,vg1Ya,uj1Wa,0
098Z1.jpg,098Z1,098w1,0
28auc.jpg,28auc,28xUC,0
Iwm12.jpg,Iwm12,jwHz9,0
2MgmH.jpg,2MgmH,2Mqnl,0
5J2hN.jpg,5J2hN,GJ2bM,0
q6Y9a.jpg,q6Y9a,q6WPa,0
3021M.jpg,3021M,3GZlM,0
y5cAq.jpg,y5cAq,Y5zAq,0
k2wXj.jpg,k2wXj,k2wXj,1
52Az3.jpg,52Az3,52ArV,0
ZuqHb.jpg,ZuqHb,ZuoAb,0
G5G3K.jpg,G5G3K,y562K,0
uzF2h.jpg,uzF2h,uxS2h,0
NGw43.jpg,NGw43,NCu42,0
1kR48.jpg,1kR48,1um48,0
l3M3g.jpg,l3M3g,t3MOg,0
b2Q68.jpg,b2Q68,hZQo8,0
86ver.jpg,86ver,36veT,0
Q5B0C.jpg,Q5B0C,Q5h0c,0
D77e0.jpg,D77e0,V7Xs0,0
Q7Mlz.jpg,Q7Mlz,97Mls,0
5SvzU.jpg,5SvzU,58vZU,0
dFoFC.jpg,dFoFC,MxaPC,0
KJ4nu.jpg,KJ4nu,KJ4pu,0
Hkh3h.jpg,Hkh3h,HKn34,0
w5BMy.jpg,w5BMy,u5BAy,0
E6aIa.jpg,E6aIa,j6wTq,0
94IQ2.jpg,94IQ2,94FC2,0
2hvo1.jpg,2hvo1,2bvSi,0
jJ8cM.jpg,jJ8cM,jy3CA,0
EFD8v.jpg,EFD8v,GFD8V,0
nMli2.jpg,nMli2,nMlV2,0
9Hq5c.jpg,9Hq5c,9Hq3c,0
6KwNF.jpg,6KwNF,6Xw0I,0
xh83p.jpg,xh83p,vh3Jp,0
GNce0.jpg,GNce0,GAje0,0
gut4s.jpg,gut4s,Dvt43,0
ABWqA.jpg,ABWqA,2BVgj,0
lswJZ.jpg,lswJZ,i6WJ2,0
C0l9G.jpg,C0l9G,C014S,0
UaHL1.jpg,UaHL1,SaRir,0
xre0m.jpg,xre0m,xre0m,1
aD63f.jpg,aD63f,mD03f,0
4IYRP.jpg,4IYRP,4iT8F,0
3smfv.jpg,3smfv,2kmfv,0
6vSL1.jpg,6vSL1,0vSL7,0
T2ax2.jpg,T2ax2,TZax3,0
WvJbP.jpg,WvJbP,MxTbP,0
7w0ym.jpg,7w0ym,2w0yr,0
0ZRCE.jpg,0ZRCE,04RCI,0
LQzY2.jpg,LQzY2,LOaV2,0
HdNXN.jpg,HdNXN,FstXN,0
8yQCl.jpg,8yQCl,8vmCI,0
21M5h.jpg,21M5h,2jw5H,0
2Z8kd.jpg,2Z8kd,2C3hu,0
G082t.jpg,G082t,G082t,1
dc9Lr.jpg,dc9Lr,ds9ur,0
I3joH.jpg,I3joH,T3j0H,0
6tht2.jpg,6tht2,6xht2,0
f610Q.jpg,f610Q,r610v,0
sr3jf.jpg,sr3jf,sm2jE,0
3hE6T.jpg,3hE6T,3hEoT,0
u08lG.jpg,u08lG,w08lG,0
qS3es.jpg,qS3es,q82ch,0
vkcdF.jpg,vkcdF,vkmzF,0
g7WNE.jpg,g7WNE,g7wNE,0
8ro2b.jpg,8ro2b,8roZb,0
jlJ4B.jpg,jlJ4B,3Iu4B,0
Bkpr1.jpg,Bkpr1,Bkpa1,0
o0oE9.jpg,o0oE9,mDgEW,0
t174i.jpg,t174i,tm74R,0
g8458.jpg,g8458,gt458,0
49H0i.jpg,49H0i,4Zm0I,0
gEMFl.jpg,gEMFl,gCwFh,0
qgGLv.jpg,qgGLv,qpG1x,0
e6GEs.jpg,e6GEs,e6GEs,1
knN5b.jpg,knN5b,KnW5b,0
F8hen.jpg,F8hen,F3hem,0
TygkH.jpg,TygkH,Tv0kH,0
8EngR.jpg,8EngR,8EmgR,0
G8T9I.jpg,G8T9I,GMZ9I,0
0bQJi.jpg,0bQJi,0BW3i,0
hL7H7.jpg,hL7H7,hEXQ7,0
wcLi9.jpg,wcLi9,McT12,0
3uQg4.jpg,3uQg4,3vQg4,0
53oDs.jpg,53oDs,53nDz,0
B36y7.jpg,B36y7,R36yz,0
4kroT.jpg,4kroT,4Kr0T,0
2XFbn.jpg,2XFbn,2KFbm,0
w4P55.jpg,w4P55,V4P3E,0
EP7l1.jpg,EP7l1,em7b1,0
dG6th.jpg,dG6th,dCFzh,0
5w01i.jpg,5w01i,5M01L,0
TI1g1.jpg,TI1g1,TE1g3,0
9YRkw.jpg,9YRkw,9YBkm,0
ev3JB.jpg,ev3JB,cxjJB,0
7ycaT.jpg,7ycaT,ZycaT,0
13lbY.jpg,13lbY,13f6W,0
vs8e1.jpg,vs8e1,yc3p1,0
Gfmx1.jpg,Gfmx1,CAmx1,0
n89iS.jpg,n89iS,mB3lA,0
V2V2E.jpg,V2V2E,VaJ5E,0
FDeMx.jpg,FDeMx,FD9AX,0
5CjBG.jpg,5CjBG,5CIpu,0
n311H.jpg,n311H,p31OM,0
XcOfl.jpg,XcOfl,Kc0FI,0
8551V.jpg,8551V,852jU,0
7Pt6A.jpg,7Pt6A,7Dt54,0
81pj3.jpg,81pj3,6rpjW,0
0uI1G.jpg,0uI1G,0wr4G,0
90Xa0.jpg,90Xa0,ShKi0,0
u7twz.jpg,u7twz,U7tW3,0
CiTq9.jpg,CiTq9,CjTu2,0
3tkjZ.jpg,3tkjZ,3ekv7,0
z14V4.jpg,z14V4,Z1AV4,0
HuzQ5.jpg,HuzQ5,AuzC5,0
C41D7.jpg,C41D7,CK1D7,0
R62WX.jpg,R62WX,B6zuX,0
foMAL.jpg,foMAL,foMAL,1
miW26.jpg,miW26,m1WZ6,0
m4p2i.jpg,m4p2i,W4p2i,0
G8qQl.jpg,G8qQl,G8yO1,0
oUjE3.jpg,oUjE3,eUjE3,0
CluwT.jpg,CluwT,CjhwT,0
AJKPG.jpg,AJKPG,AJK26,0
7M5Q0.jpg,7M5Q0,1H5Qp,0
4157k.jpg,4157k,4D57K,0
E9C60.jpg,E9C60,E3Ch0,0
j40YH.jpg,j40YH,P40VH,0
rxD69.jpg,rxD69,txD69,0
Dja3G.jpg,Dja3G,mja2C,0
erfCu.jpg,erfCu,e5fXu,0
Wg0II.jpg,Wg0II,WyOZt,0
ys521.jpg,ys521,ysCB1,0
v5mS4.jpg,v5mS4,v5M34,0
1j754.jpg,1j754,Nj25W,0
7bT2i.jpg,7bT2i,7bT2i,1
q86do.jpg,q86do,y86io,0
F51zb.jpg,F51zb,E51zm,0
7q0h3.jpg,7q0h3,7e0hY,0
83vJQ.jpg,83vJQ,83vf0,0
g26ej.jpg,g26ej,026e1,0
K70S5.jpg,K70S5,H70y5,0
g3E7w.jpg,g3E7w,43E7w,0
Hcjci.jpg,Hcjci,Ho3Gi,0
Ollmv.jpg,Ollmv,QfSmv,0
wsJ6D.jpg,wsJ6D,wsJ6D,1
wHT9c.jpg,wHT9c,vHT2C,0
JJ5RI.jpg,JJ5RI,xJ5RT,0
nr3r0.jpg,nr3r0,hk3r0,0
ZGUWs.jpg,ZGUWs,2GUMs,0
qev4C.jpg,qev4C,arvhG,0
AmIeZ.jpg,AmIeZ,0MIEy,0
58945.jpg,58945,mj945,0
8H5nq.jpg,8H5nq,6H5ng,0
PGK94.jpg,PGK94,PGw94,0
5l90H.jpg,5l90H,5i9OH,0
GuB3Z.jpg,GuB3Z,0uB12,0
1yTDx.jpg,1yTDx,3VIBK,0
DxXcB.jpg,DxXcB,DuMcB,0
4Da2G.jpg,4Da2G,4Da2C,0
y5e59.jpg,y5e59,V5af9,0
vULF7.jpg,vULF7,oUgFz,0
tjfYR.jpg,tjfYR,ojfV8,0
XWe0v.jpg,XWe0v,KWe0v,0
A4L5r.jpg,A4L5r,A7L5m,0
hCAs9.jpg,hCAs9,hCAx9,0
vz6E2.jpg,vz6E2,Vm6E2,0
66vm3.jpg,66vm3,6ZvA3,0
U8BAw.jpg,U8BAw,L8D7W,0
b1u1T.jpg,b1u1T,61w2T,0
Gyow4.jpg,Gyow4,Gjaw4,0
kWqgw.jpg,kWqgw,FCapW,0
1ueE6.jpg,1ueE6,1a9EG,0
W3g9D.jpg,W3g9D,W3gcD,0
Rfl1b.jpg,Rfl1b,RFQ79,0
A4U9D.jpg,A4U9D,A4E9Y,0
47f11.jpg,47f11,47f1w,0
C2RfN.jpg,C2RfN,C28fu,0
Psv4u.jpg,Psv4u,B5v4b,0
rRhFd.jpg,rRhFd,eWhST,0
72612.jpg,72612,72CjA,0
sGTI7.jpg,sGTI7,aGKU7,0
Tse51.jpg,Tse51,Tsw51,0
MKO7k.jpg,MKO7k,pAC7b,0
Gl4Ka.jpg,Gl4Ka,6I4K3,0
5Wp1M.jpg,5Wp1M,5Vp1A,0
AKMBL.jpg,AKMBL,aKM8I,0
u22t9.jpg,u22t9,mzPf0,0
4T2Vz.jpg,4T2Vz,4T2Wj,0
jLjnF.jpg,jLjnF,LMNaE,0
P7G5k.jpg,P7G5k,P7C5k,0
gx7LQ.jpg,gx7LQ,gx7L0,0
Hb7d1.jpg,Hb7d1,Hb7d4,0
O1UfK.jpg,O1UfK,C1UfH,0
guiVW.jpg,guiVW,gurJK,0
487Ug.jpg,487Ug,437Uy,0
rrzyO.jpg,rrzyO,TE2y0,0
blNU8.jpg,blNU8,brHv8,0
dqX7a.jpg,dqX7a,Eyk7A,0
RmZ4j.jpg,RmZ4j,Rm24j,0
lh63m.jpg,lh63m,Ih62m,0
So043.jpg,So043,SuO4j,0
v561D.jpg,v561D,u5G1D,0
0N7hC.jpg,0N7hC,aMJhc,0
z0WtS.jpg,z0WtS,z0Wt5,0
0P1Ne.jpg,0P1Ne,0P1Ae,0
DG45S.jpg,DG45S,0GA5J,0
hSiX2.jpg,hSiX2,bS1K2,0
13bB7.jpg,13bB7,13hBZ,0
u7a7h.jpg,u7a7h,u7ajh,0
4qHkO.jpg,4qHkO,4gHrC,0
NM6w0.jpg,NM6w0,jM8x0,0
vrk7z.jpg,vrk7z,GiKAx,0
o76hG.jpg,o76hG,o7xhG,0
c0xqi.jpg,c0xqi,A0xg1,0
Kkaef.jpg,Kkaef,Ajayf,0
96LN1.jpg,96LN1,96pM1,0
4oNNR.jpg,4oNNR,40ZVB,0
QTMNJ.jpg,QTMNJ,6TvnJ,0
6HQpk.jpg,6HQpk,6JCnk,0
QMUc0.jpg,QMUc0,YMi50,0
nW911.jpg,nW911,pD3lQ,0
19i89.jpg,19i89,19kQp,0
kQl89.jpg,kQl89,vClR9,0
rSPq1.jpg,rSPq1,f3Kq1,0
y9CAq.jpg,y9CAq,V9rAa,0
487aU.jpg,487aU,48raU,0
8QO7T.jpg,8QO7T,8wc7r,0
mooIc.jpg,mooIc,mpoIG,0
19iXE.jpg,19iXE,H9lKB,0
8yk2x.jpg,8yk2x,8vK2r,0
E0mV9.jpg,E0mV9,E9mVj,0
59vow.jpg,59vow,59yiM,0
8co1c.jpg,8co1c,8b01C,0
1ph78.jpg,1ph78,1phZ8,0
GZtj3.jpg,GZtj3,0Ztj3,0
Cq600.jpg,Cq600,C3km9,0
2y91M.jpg,2y91M,Z691M,0
7NNnM.jpg,7NNnM,7ONbM,0
U8W9c.jpg,U8W9c,IaM9C,0
zPxWE.jpg,zPxWE,zDXW5,0
3Be0b.jpg,3Be0b,xBcmL,0
Zz4R7.jpg,Zz4R7,wL4R7,0
6L1tt.jpg,6L1tt,6L7tv,0
86UN6.jpg,86UN6,aGUAe,0
H4j95.jpg,H4j95,H4j95,1
xSkc7.jpg,xSkc7,K5bt7,0
x96Yn.jpg,x96Yn,3g6Ye,0
1k674.jpg,1k674,1K57a,0
vNbZl.jpg,vNbZl,eNb2Y,0
nT5x4.jpg,nT5x4,mI5x4,0
0OJXD.jpg,0OJXD,8UJKC,0
4n4Xs.jpg,4n4Xs,YmAEs,0
rNqxR.jpg,rNqxR,rNOX6,0
y5gM7.jpg,y5gM7,y5aA7,0
bxaRS.jpg,bxaRS,lYaRQ,0
34M80.jpg,34M80,34WR0,0
jML2L.jpg,jML2L,jML2O,0
75c0u.jpg,75c0u,73c0U,0
JkDv0.jpg,JkDv0,Jkfv0,0
602Sb.jpg,602Sb,671Sp,0
7eA2O.jpg,7eA2O,Tek20,0
hvO8D.jpg,hvO8D,HVG2D,0
kjRVF.jpg,kjRVF,kjmVF,0
cc4Y7.jpg,cc4Y7,pG4U7,0
ajKhv.jpg,ajKhv,2IKhv,0
4r1BK.jpg,4r1BK,4rJ8K,0
95LG3.jpg,95LG3,c5whY,0
fRr8Z.jpg,fRr8Z,fKr8Z,0
VgP2H.jpg,VgP2H,vgB2H,0
GYOax.jpg,GYOax,CVPaj,0
PCGP8.jpg,PCGP8,PcK38,0
e7qFM.jpg,e7qFM,67qtM,0
HOw76.jpg,HOw76,HQx7c,0
9t524.jpg,9t524,9NjZ4,0
na04Q.jpg,na04Q,nx64C,0
E8e3d.jpg,E8e3d,F8c3d,0
KacW6.jpg,KacW6,KacV5,0
2LBYv.jpg,2LBYv,2LBYw,0
CD6c2.jpg,CD6c2,QN6c2,0
5n8v1.jpg,5n8v1,5nZv1,0
ExJpo.jpg,ExJpo,EKJPo,0
xiOBe.jpg,xiOBe,XiOBe,0
rarZB.jpg,rarZB,xaWjB,0
pzav7.jpg,pzav7,pzaQT,0
elYqc.jpg,elYqc,z1YuC,0
scMLk.jpg,scMLk,pCMTk,0
CvOeB.jpg,CvOeB,CVJeF,0
1VkCb.jpg,1VkCb,19kCb,0
qReHB.jpg,qReHB,q5xHJ,0
ib93n.jpg,ib93n,1b03m,0
pW63Q.jpg,pW63Q,pH63O,0
2Yw38.jpg,2Yw38,zVm03,0
5E9rq.jpg,5E9rq,5E9rU,0
Qq9HM.jpg,Qq9HM,Ce9bM,0
EUmH1.jpg,EUmH1,EUoH1,0
FDIA7.jpg,FDIA7,P0TA7,0
tY9u8.jpg,tY9u8,fY9u8,0
j6SPd.jpg,j6SPd,jnSPd,0
ftfmH.jpg,ftfmH,PG1mH,0
2HRCW.jpg,2HRCW,21RCM,0
kNGS7.jpg,kNGS7,kNCS7,0
Cs76C.jpg,Cs76C,ms1KC,0
LmISk.jpg,LmISk,LmV3x,0
97FSN.jpg,97FSN,9jFCN,0
7491J.jpg,7491J,749EJ,0
ZAh37.jpg,ZAh37,Z4b3T,0
9tECY.jpg,9tECY,9i2CY,0
74713.jpg,74713,m4713,0
PzsDZ.jpg,PzsDZ,v4sDZ,0
8OLV9.jpg,8OLV9,8OIVn,0
ocT6n.jpg,ocT6n,otTGh,0
z999N.jpg,z999N,2TB9A,0
5C8e8.jpg,5C8e8,5CXzH,0
9y79X.jpg,9y79X,9u75K,0
SV3CZ.jpg,SV3CZ,5MApZ,0
tUT3M.jpg,tUT3M,pOT2M,0
2lBUB.jpg,2lBUB,2fEJW,0
H0tTN.jpg,H0tTN,H0tTN,1
uh59u.jpg,uh59u,dh5Zv,0
W1Cln.jpg,W1Cln,WF5La,0
I946V.jpg,I946V,I946M,0
mJ0EL.jpg,mJ0EL,WJ05z,0
dOEHo.jpg,dOEHo,JCEHo,0
i8779.jpg,i8779,i8zD0,0
TcFAo.jpg,TcFAo,7CEAo,0
QWC02.jpg,QWC02,QWt82,0
CVxhh.jpg,CVxhh,CVXA1,0
eNZ5F.jpg,eNZ5F,aMZ5E,0
3tI1X.jpg,3tI1X,3eF1K,0
29D9F.jpg,29D9F,28wgF,0
B2RDt.jpg,B2RDt,p2K0q,0
p7PYo.jpg,p7PYo,n7EYc,0
OZU49.jpg,OZU49,CjU49,0
uA0rg.jpg,uA0rg,jAGrq,0
1Bo95.jpg,1Bo95,YRe95,0
5lUD8.jpg,5lUD8,5kuD2,0
X1P3A.jpg,X1P3A,Y1P2A,0
r8l2l.jpg,r8l2l,x8T2k,0
rknxM.jpg,rknxM,jknxA,0
woV8L.jpg,woV8L,mcV3E,0
IHWVB.jpg,IHWVB,fHWv8,0
Tgs29.jpg,Tgs29,Tus29,0
irx11.jpg,irx11,bGKI3,0
r57Bp.jpg,r57Bp,r57Qp,0
JLXH9.jpg,JLXH9,JEpW9,0
O7QyL.jpg,O7QyL,07mVh,0
3Rcl3.jpg,3Rcl3,hBcI3,0
6WZ58.jpg,6WZ58,6W7Ra,0
6dibL.jpg,6dibL,6dv91,0
DdzD7.jpg,DdzD7,Hd2PY,0
B7TdI.jpg,B7TdI,BZTdt,0
u15t2.jpg,u15t2,uT5t2,0
8Wu7U.jpg,8Wu7U,8Wu7U,1
kz814.jpg,kz814,Kz8T4,0
4n4vX.jpg,4n4vX,4D8VK,0
09G5u.jpg,09G5u,79C5u,0
2MoYS.jpg,2MoYS,2ArY8,0
N1u1Z.jpg,N1u1Z,MbvT2,0
u33vo.jpg,u33vo,uXHVo,0
TP2I1.jpg,TP2I1,TB2wt,0
Sih7N.jpg,Sih7N,Sib7A,0
5z91H.jpg,5z91H,5z04K,0
g95Ou.jpg,g95Ou,e95Cu,0
93qbn.jpg,93qbn,92ylm,0
77un0.jpg,77un0,37Rs0,0
zf64L.jpg,zf64L,zf69L,0
98IJy.jpg,98IJy,98tJy,0
9yg3c.jpg,9yg3c,3vgFC,0
s9qwV.jpg,s9qwV,59hwV,0
Fd7hN.jpg,Fd7hN,cdZhN,0
xYUX8.jpg,xYUX8,rVCK8,0
7f3EM.jpg,7f3EM,7t3cA,0
869ya.jpg,869ya,8CYjn,0
241e6.jpg,241e6,24Tw6,0
RSN7H.jpg,RSN7H,P3w7H,0
YyEDX.jpg,YyEDX,Y9LDA,0
5EuFk.jpg,5EuFk,5Cu7k,0
lHmEx.jpg,lHmEx,i9m5X,0
3C8NR.jpg,3C8NR,3C8MR,0
c04qv.jpg,c04qv,CK4gV,0
cdoNs.jpg,cdoNs,gJvN5,0
3Z769.jpg,3Z769,3Zj69,0
m2895.jpg,m2895,m2895,1
vtVPe.jpg,vtVPe,n4VP3,0
VF30o.jpg,VF30o,UE2be,0
XRzsN.jpg,XRzsN,XBzs0,0
RElb3.jpg,RElb3,RTib3,0
iYY6k.jpg,iYY6k,j9m6K,0
6F11E.jpg,6F11E,6Pu4E,0
q1d4H.jpg,q1d4H,qiAeH,0
qzHJb.jpg,qzHJb,gZWJb,0
ey9vK.jpg,ey9vK,ey3fK,0
jASgu.jpg,jASgu,jAS8u,0
WD0A8.jpg,WD0A8,WT0A3,0
f4yp3.jpg,f4yp3,f4Vp3,0
r3fsa.jpg,r3fsa,D3fso,0
i25d0.jpg,i25d0,i2Rd0,0
G9kkK.jpg,G9kkK,C7Uk5,0
vZTH2.jpg,vZTH2,vZTH3,0
fpXVC.jpg,fpXVC,IpxVC,0
5u3mk.jpg,5u3mk,Fu3mk,0
wpdkg.jpg,wpdkg,Wpdkg,0
n1rb7.jpg,n1rb7,M1R67,0
0xW1J.jpg,0xW1J,0xW15,0
gTD4f.jpg,gTD4f,97Bxi,0
uW5V8.jpg,uW5V8,iA5V8,0
Sx42l.jpg,Sx42l,6x4pl,0
9dT24.jpg,9dT24,9dTx4,0
zzTR2.jpg,zzTR2,vdTB2,0
X8YNr.jpg,X8YNr,K3THr,0
9kkt7.jpg,9kkt7,9KBt7,0
Tvq0I.jpg,Tvq0I,3ojOI,0
U8960.jpg,U8960,U89f0,0
7YTt8.jpg,7YTt8,7XrI8,0
UvD0C.jpg,UvD0C,4xb2C,0
186i3.jpg,186i3,186jN,0
SqS93.jpg,SqS93,SnJL1,0
3dX5h.jpg,3dX5h,3dX5h,1
yA96C.jpg,yA96C,vA96i,0
Vd5DT.jpg,Vd5DT,Md5D7,0
S736m.jpg,S736m,k736W,0
72aq0.jpg,72aq0,7Exq0,0
RdmXt.jpg,RdmXt,Qdm2t,0
0vg72.jpg,0vg72,Qk8T2,0
77k09.jpg,77k09,mTk0S,0
WV76k.jpg,WV76k,mV76k,0
qib3I.jpg,qib3I,QfD27,0
Hf03p.jpg,Hf03p,Kf03p,0
s7Snr.jpg,s7Snr,s4Pnr,0
1LhiQ.jpg,1LhiQ,1nBi0,0
uV3IB.jpg,uV3IB,uV2j6,0
PX5K2.jpg,PX5K2,PY9K2,0
X73hG.jpg,X73hG,K73hc,0
4xZ86.jpg,4xZ86,4wZ8b,0
uw0k6.jpg,uw0k6,jw9F6,0
FG59c.jpg,FG59c,FG5Az,0
iL04g.jpg,iL04g,rL04g,0
Fv9a9.jpg,Fv9a9,Evya6,0
Bky80.jpg,Bky80,PKY30,0
e2gMj.jpg,e2gMj,eEqWj,0
7p89q.jpg,7p89q,7D89d,0
eq8M3.jpg,eq8M3,cy8KP,0
oYW0I.jpg,oYW0I,cVh0f,0
67Y6c.jpg,67Y6c,3MI6C,0
cayH3.jpg,cayH3,cayH3,1
28ND2.jpg,28ND2,z6HDJ,0
PQK9g.jpg,PQK9g,PQk4g,0
bUa5C.jpg,bUa5C,4Ua5c,0
nAKVV.jpg,nAKVV,cAxJv,0
zT8EA.jpg,zT8EA,zV8EA,0
P2cO0.jpg,P2cO0,F3c0u,0
Zt6hI.jpg,Zt6hI,ZxshJ,0
ZEhUN.jpg,ZEhUN,2EbvH,0
j4i7Y.jpg,j4i7Y,j4i3Y,0
lK3RK.jpg,lK3RK,Ix3PK,0
axe65.jpg,axe65,axcb5,0
87Mz8.jpg,87Mz8,8TMzh,0
k18TN.jpg,k18TN,kQ82w,0
93XFY.jpg,93XFY,93xBT,0
2N3Wa.jpg,2N3Wa,2F3Vq,0
4nFh3.jpg,4nFh3,4nEb3,0
uZ9QO.jpg,uZ9QO,uZ9AC,0
35ltF.jpg,35ltF,35LvE,0
3hw19.jpg,3hw19,3nw19,0
9p75V.jpg,9p75V,9p75U,0
s2KKg.jpg,s2KKg,32NRq,0
fWTnA.jpg,fWTnA,CWTuA,0
s4f1x.jpg,s4f1x,s4C1X,0
h4dbZ.jpg,h4dbZ,h4y62,0
MSVbb.jpg,MSVbb,AeVGp,0
822yn.jpg,822yn,8PLqm,0
9V30H.jpg,9V30H,9V3nF,0
7ZcDC.jpg,7ZcDC,7kcB0,0
1950g.jpg,1950g,1W50g,0
T8wUy.jpg,T8wUy,T8mOy,0
Qy4Gj.jpg,Qy4Gj,QY4Gj,0
mj9Cs.jpg,mj9Cs,mjVC3,0
n4qq8.jpg,n4qq8,hILa3,0
ce7yc.jpg,ce7yc,L8Amc,0
BwyEt.jpg,BwyEt,8MyE1,0
8eRNm.jpg,8eRNm,3jFMm,0
lw81t.jpg,lw81t,ZW31t,0
O4HeL.jpg,O4HeL,O4FsX,0
I5R70.jpg,I5R70,JSRz0,0
Hudc5.jpg,Hudc5,1ydC5,0
5tpLa.jpg,5tpLa,5tuLa,0
paZ00.jpg,paZ00,p4ZU9,0
6ooOE.jpg,6ooOE,84pV5,0
iLPbd.jpg,iLPbd,xlF5d,0
BqQVj.jpg,BqQVj,BG4U1,0
dm4Hd.jpg,dm4Hd,dm4Hp,0
nuzBy.jpg,nuzBy,nu2SY,0
k56Gs.jpg,k56Gs,Kj4C3,0
186EQ.jpg,186EQ,18vE0,0
Jhj0x.jpg,Jhj0x,Jh70X,0
0MgI2.jpg,0MgI2,0Ay12,0
99QrT.jpg,99QrT,2s0rT,0
A4W5d.jpg,A4W5d,P4W5g,0
pfHx1.jpg,pfHx1,p9Nx1,0
TCTPn.jpg,TCTPn,kCP8a,0
3kNTF.jpg,3kNTF,2kNTE,0
Phz2U.jpg,Phz2U,Phm20,0
4goB5.jpg,4goB5,4meB5,0
kzh7l.jpg,kzh7l,K2nT8,0
t6Bn8.jpg,t6Bn8,i6Bm3,0
8uFvV.jpg,8uFvV,KjFxW,0
Sxzh5.jpg,Sxzh5,OXLh5,0
pe6bD.jpg,pe6bD,pxGbU,0
9oWvk.jpg,9oWvk,9cWvk,0
ICs6S.jpg,ICs6S,ICakS,0
N4AtI.jpg,N4AtI,H4ptj,0
11f83.jpg,11f83,Yhr83,0
z7IiB.jpg,z7IiB,27WjB,0
iePaD.jpg,iePaD,icF3D,0
Qg527.jpg,Qg527,CgS2T,0
Kn579.jpg,Kn579,Hv579,0
686T1.jpg,686T1,68pT1,0
P530h.jpg,P530h,F53o1,0
2IVF7.jpg,2IVF7,2iUF7,0
YMOfm.jpg,YMOfm,YM5Im,0
5788l.jpg,5788l,5mN3j,0
hg1QM.jpg,hg1QM,by10A,0
0C7bi.jpg,0C7bi,0C75i,0
Fs3YY.jpg,Fs3YY,Fs2mV,0
2CML5.jpg,2CML5,2GAI5,0
t7DP0.jpg,t7DP0,t3nP0,0
TISkc.jpg,TISkc,9Z0hc,0
1YCfK.jpg,1YCfK,1V0fK,0
aw3As.jpg,aw3As,aVjA6,0
QC2i5.jpg,QC2i5,0w2I5,0
3SwTe.jpg,3SwTe,2bM1c,0
uIayj.jpg,uIayj,uTayj,0
tGF1M.jpg,tGF1M,t6F1M,0
3ei2o.jpg,3ei2o,3eiZo,0
uo78L.jpg,uo78L,uc78L,0
j1VzK.jpg,j1VzK,j1V2B,0
vo8ow.jpg,vo8ow,va89M,0
sf066.jpg,sf066,3FmbO,0
FK3V6.jpg,FK3V6,FK2V6,0
LwHYm.jpg,LwHYm,t4FYm,0
7uEO9.jpg,7uEO9,7uEO8,0
rNHA2.jpg,rNHA2,rMHAg,0
MA3cF.jpg,MA3cF,Ai3OF,0
eflCI.jpg,eflCI,a4jCY,0
9m4R6.jpg,9m4R6,9m4Bc,0
VqpIM.jpg,VqpIM,V6nlK,0
iE273.jpg,iE273,iEe73,0
865WP.jpg,865WP,8bzWP,0
B6U1K.jpg,B6U1K,B6U7K,0
uJF62.jpg,uJF62,uJF62,1
2I348.jpg,2I348,ZI346,0
YXjIX.jpg,YXjIX,ySpIK,0
7iGq8.jpg,7iGq8,7iRg8,0
g64M0.jpg,g64M0,g64mV,0
473s9.jpg,473s9,473s9,1
0ULUw.jpg,0ULUw,0HfJw,0
AS4xs.jpg,AS4xs,AG4Xs,0
I1U99.jpg,I1U99,Flu8g,0
1qPAB.jpg,1qPAB,jgFAB,0
tjT2W.jpg,tjT2W,tjT2w,0
kO3iM.jpg,kO3iM,KO3i4,0
0CEe6.jpg,0CEe6,0CJeK,0
dMfmE.jpg,dMfmE,9H7nE,0
1gpy6.jpg,1gpy6,1gpv6,0
hEglK.jpg,hEglK,hP9IK,0
JrB3y.jpg,JrB3y,Hr63Y,0
CLWbv.jpg,CLWbv,CIWbx,0
1EXvc.jpg,1EXvc,1BKyC,0
x5G77.jpg,x5G77,K5GL3,0
pCKQ0.jpg,pCKQ0,PCHQ9,0
T9OUD.jpg,T9OUD,a9tUm,0
ssi1K.jpg,ssi1K,SPiTK,0
rSbmv.jpg,rSbmv,r3bmV,0
C25O4.jpg,C25O4,C2SD4,0
i3349.jpg,i3349,Iz349,0
1AZQv.jpg,1AZQv,jAZQV,0
p3B48.jpg,p3B48,b3H78,0
TG4tF.jpg,TG4tF,TC4sr,0
bM4uC.jpg,bM4uC,bK4uC,0
5Gq23.jpg,5Gq23,IGy23,0
ag258.jpg,ag258,aV258,0
k8F2h.jpg,k8F2h,k8T2h,0
07u05.jpg,07u05,d7v9S,0
0aHu3.jpg,0aHu3,0eHy3,0
q7285.jpg,q7285,gT2R5,0
uca0y.jpg,uca0y,ufa0Y,0
NS592.jpg,NS592,N5x92,0
s0Fnc.jpg,s0Fnc,sQfnc,0
dXdq6.jpg,dXdq6,HKd76,0
f4EZW.jpg,f4EZW,faSZM,0
I0h20.jpg,I0h20,j0h2R,0
I7891.jpg,I7891,H76wx,0
H415R.jpg,H415R,H475R,0
30M2w.jpg,30M2w,SjM2v,0
0u5tb.jpg,0u5tb,0mStb,0
OTYOq.jpg,OTYOq,93YO4,0
387e5.jpg,387e5,367c5,0
U2915.jpg,U2915,um815,0
e10e3.jpg,e10e3,cI0R2,0
X4t0s.jpg,X4t0s,Y4t0s,0
9WL8K.jpg,9WL8K,4Vi8K,0
2SGI7.jpg,2SGI7,256t7,0
XBE53.jpg,XBE53,YBET3,0
1afCB.jpg,1afCB,1afCB,1
K959j.jpg,K959j,HT59j,0
lHsw8.jpg,lHsw8,iHsw8,0
F7U55.jpg,F7U55,F7U5a,0
3PN3D.jpg,3PN3D,3PAyb,0
4v846.jpg,4v846,qvRjb,0
9ZGbL.jpg,9ZGbL,07GuL,0
6Uwit.jpg,6Uwit,6Myjt,0
7lD83.jpg,7lD83,wtCe3,0
f1f1t.jpg,f1f1t,fYZ4t,0
i5Kyr.jpg,i5Kyr,13kYr,0
0Fqym.jpg,0Fqym,bE47M,0
YyP0x.jpg,YyP0x,1yE0x,0
20ojk.jpg,20ojk,40ejK,0
e5ue7.jpg,e5ue7,C5Ug7,0
lh1Oy.jpg,lh1Oy,2H1OY,0
e9T6j.jpg,e9T6j,w9T5j,0
5N67p.jpg,5N67p,5Ad1p,0
5VM60.jpg,5VM60,5vA6O,0
0OMFr.jpg,0OMFr,0CM5r,0
teIA6.jpg,teIA6,tzTA5,0
62oR6.jpg,62oR6,62oK4,0
cDT9p.jpg,cDT9p,cUX9p,0
jYQss.jpg,jYQss,jY04s,0
ukkBy.jpg,ukkBy,aHM8y,0
qlh38.jpg,qlh38,qih48,0
m9NPq.jpg,m9NPq,y9NPd,0
9gxY9.jpg,9gxY9,BjxW9,0
wdr79.jpg,wdr79,vdr29,0
AxWFz.jpg,AxWFz,AxMSz,0
6z3l4.jpg,6z3l4,6z3l4,1
zL4Qh.jpg,zL4Qh,xj40h,0
L1QXH.jpg,L1QXH,LsOXH,0
e7mMZ.jpg,e7mMZ,SPn42,0
0zJ2E.jpg,0zJ2E,0zN2E,0
ab1qu.jpg,ab1qu,x51gv,0
Dc6k9.jpg,Dc6k9,Dz519,0
WDue0.jpg,WDue0,MEuz0,0
Tf2fz.jpg,Tf2fz,T42jw,0
Ab1RN.jpg,Ab1RN,A67Pw,0
9O987.jpg,9O987,5C48T,0
DJSy0.jpg,DJSy0,DfSV0,0
5EWH4.jpg,5EWH4,oEwHs,0
Jhsq5.jpg,Jhsq5,JMxq5,0
s67q9.jpg,s67q9,st7q9,0
87467.jpg,87467,8j4GD,0
5vdJK.jpg,5vdJK,5vqJK,0
15ANw.jpg,15ANw,15ANy,0
we822.jpg,we822,Wt8j7,0
0HZ14.jpg,0HZ14,0H214,0
01AjI.jpg,01AjI,vsAjT,0
9X8LB.jpg,9X8LB,9XALB,0
u0O5g.jpg,u0O5g,u0p5z,0
5f7zY.jpg,5f7zY,5l7zV,0
QhM04.jpg,QhM04,CbK94,0
Z92i5.jpg,Z92i5,Z9Ri5,0
xm63e.jpg,xm63e,1m63e,0
oI8qI.jpg,oI8qI,vI3GW,0
2T7lk.jpg,2T7lk,oT7iK,0
5dmez.jpg,5dmez,5dmV2,0
80SI4.jpg,80SI4,20cFx,0
FOm7J.jpg,FOm7J,E0m7J,0
f9WW0.jpg,f9WW0,E9vA0,0
9Opj5.jpg,9Opj5,qUpjx,0
w0E0R.jpg,w0E0R,wbZ0K,0
6eXkv.jpg,6eXkv,GfAkV,0
2yB1H.jpg,2yB1H,2vB1H,0
XyGsV.jpg,XyGsV,AvC3P,0
A7gaz.jpg,A7gaz,W7qHx,0
Hwg0X.jpg,Hwg0X,Hwg0X,1
i4D7C.jpg,i4D7C,iaD7C,0
J4bkv.jpg,J4bkv,J1AKm,0
8PN6Y.jpg,8PN6Y,3iA5y,0
50DhW.jpg,50DhW,57DhM,0
KAJDi.jpg,KAJDi,KAJDs,0
Fl3xu.jpg,Fl3xu,Fi3Xm,0
Btbvx.jpg,Btbvx,BfbVx,0
hXSfJ.jpg,hXSfJ,hXqfJ,0
r7HwB.jpg,r7HwB,r1Hw8,0
S2Y9a.jpg,S2Y9a,SjY9a,0
8898j.jpg,8898j,Rpw31,0
rK5V5.jpg,rK5V5,PKaM5,0
m9dkg.jpg,m9dkg,m9dky,0
j3VZN.jpg,j3VZN,j3UZR,0
2X02a.jpg,2X02a,BYh2a,0
jJ3R8.jpg,jJ3R8,rJvK3,0
uPxPn.jpg,uPxPn,ujxPn,0
8L3PC.jpg,8L3PC,gk3FC,0
5A3oB.jpg,5A3oB,gK3rB,0
v34A7.jpg,v34A7,v34A7,1
lWk3f.jpg,lWk3f,pmbSf,0
PCqBG.jpg,PCqBG,PL43G,0
02u35.jpg,02u35,l2u35,0
Y70wu.jpg,Y70wu,Y70wu,1
w4ds1.jpg,w4ds1,W4d51,0
ixi5d.jpg,ixi5d,jxNRd,0
a1nZX.jpg,a1nZX,81nzK,0
73SJm.jpg,73SJm,73SUW,0
5rBxl.jpg,5rBxl,9mRK1,0
ZPg8r.jpg,ZPg8r,ZOy8r,0
K5WzJ.jpg,K5WzJ,K5WzJ,1
rhZbW.jpg,rhZbW,rh26Q,0
7YK6h.jpg,7YK6h,7vA5q,0
83wa6.jpg,83wa6,87WaG,0
41Td3.jpg,41Td3,41Tc3,0
U8jn1.jpg,U8jn1,M6jm1,0
q9cbM.jpg,q9cbM,y9cbA,0
uHV3Q.jpg,uHV3Q,aHr30,0
1UZKN.jpg,1UZKN,1UZKn,0
B3KMG.jpg,B3KMG,72FMC,0
WdAU2.jpg,WdAU2,VdAI2,0
WQquQ.jpg,WQquQ,VCgu2,0
MzLG4.jpg,MzLG4,KxIG4,0
UMGGn.jpg,UMGGn,U2fen,0
vmV8z.jpg,vmV8z,omV8z,0
J48XD.jpg,J48XD,J48KD,0
N6zV2.jpg,N6zV2,N6LV2,0
2RL2u.jpg,2RL2u,5WI2u,0
NOHp0.jpg,NOHp0,xCH20,0
66NFv.jpg,66NFv,bOAFv,0
84nNS.jpg,84nNS,B4nMS,0
71ElR.jpg,71ElR,71Eim,0
0m3M1.jpg,0m3M1,0n3M1,0
v69R7.jpg,v69R7,vbgK7,0
y21Qy.jpg,y21Qy,v210b,0
Golri.jpg,Golri,G9frJ,0
qjD6n.jpg,qjD6n,8jD6v,0
oe6S8.jpg,oe6S8,xd6Y4,0
6312u.jpg,6312u,63IZu,0
49LqB.jpg,49LqB,49tjR,0
vp24t.jpg,vp24t,qD24t,0
iuuON.jpg,iuuON,fhvON,0
m9Z5O.jpg,m9Z5O,H9Z5O,0
vx62c.jpg,vx62c,VH02c,0
HWHb9.jpg,HWHb9,kWTbS,0
VCh3K.jpg,VCh3K,VCb2K,0
97Kvn.jpg,97Kvn,9zKvn,0
vu6xU.jpg,vu6xU,ia6xU,0
Pk7q6.jpg,Pk7q6,Pk3q6,0
TKOmw.jpg,TKOmw,TKOmv,0
5pA1N.jpg,5pA1N,5pa1M,0
0F9Zl.jpg,0F9Zl,OF921,0
4ne5P.jpg,4ne5P,1uc5P,0
M8LyT.jpg,M8LyT,MaZvT,0
3l6Ds.jpg,3l6Ds,3l6De,0
khgZy.jpg,khgZy,Kh97u,0
xkji4.jpg,xkji4,xkMP4,0
6s20J.jpg,6s20J,fs20J,0
44uCM.jpg,44uCM,41uPK,0
8AHut.jpg,8AHut,5AHur,0
v3464.jpg,v3464,V345j,0
06bzO.jpg,06bzO,A6kzS,0
6oE8Z.jpg,6oE8Z,6uEW2,0
zAELR.jpg,zAELR,x4ELB,0
1SpBK.jpg,1SpBK,1QpEM,0
2MP89.jpg,2MP89,zHT89,0
rFxym.jpg,rFxym,jE3ym,0
juhQ8.jpg,juhQ8,juhQ3,0
zqJ5G.jpg,zqJ5G,zqJSC,0
Bdpb0.jpg,Bdpb0,Rdjr0,0
2IGPP.jpg,2IGPP,ZIG9K,0
unU2A.jpg,unU2A,vsUPA,0
2z61n.jpg,2z61n,2x61H,0
ZMJdV.jpg,ZMJdV,2AJaV,0
jx3vf.jpg,jx3vf,jX3Vf,0
1e9QT.jpg,1e9QT,hz9QT,0
W4a7A.jpg,W4a7A,V4oFA,0
i8S4b.jpg,i8S4b,i654b,0
Ee4ux.jpg,Ee4ux,Bc4ux,0
Ocn2p.jpg,Ocn2p,Otm2p,0
zPEZE.jpg,zPEZE,aPFZt,0
C4glB.jpg,C4glB,CmgI5,0
0cz1K.jpg,0cz1K,0cz1K,1
Af9b8.jpg,Af9b8,4f9b8,0
B6vt9.jpg,B6vt9,B6Xt9,0
q9C9Z.jpg,q9C9Z,a9CsZ,0
J0fMA.jpg,J0fMA,J0fMA,1
L0842.jpg,L0842,L0842,1
goKZ2.jpg,goKZ2,OhKZ3,0
hQpyF.jpg,hQpyF,AQpyE,0
rSFZl.jpg,rSFZl,n3PZ1,0
nftLb.jpg,nftLb,nFxMb,0
2N58U.jpg,2N58U,2N5xu,0
0PBU5.jpg,0PBU5,0PBH5,0
qXqS1.jpg,qXqS1,qXpSI,0
UaVjb.jpg,UaVjb,OaW3b,0
J5UT0.jpg,J5UT0,J5wX0,0
t6qO5.jpg,t6qO5,lpa03,0
0t25u.jpg,0t25u,0t25y,0
jVH4r.jpg,jVH4r,JVK4r,0
mMS7M.jpg,mMS7M,mM37d,0
9QnDl.jpg,9QnDl,zemYl,0
1zG9J.jpg,1zG9J,1zG9J,1
9Q9J8.jpg,9Q9J8,zOSJM,0
BHV8d.jpg,BHV8d,Dhv8d,0
O0n7A.jpg,O0n7A,Ovm7A,0
5ql0x.jpg,5ql0x,5gI0K,0
yX2b8.jpg,yX2b8,vX2h6,0
XGK78.jpg,XGK78,XCb78,0
9GuJt.jpg,9GuJt,9ExJt,0
60xp6.jpg,60xp6,GUKpA,0
dQLqr.jpg,dQLqr,3CLar,0
73JIc.jpg,73JIc,73Jkc,0
R187q.jpg,R187q,Et37q,0
OHTvL.jpg,OHTvL,0HTvt,0
FdSJg.jpg,FdSJg,FdS1g,0
1cx26.jpg,1cx26,1CK2f,0
7Y0vF.jpg,7Y0vF,7Y0xE,0
8J5bA.jpg,8J5bA,dJ2bm,0
6UZT2.jpg,6UZT2,6vLT2,0
LCDzM.jpg,LCDzM,lCDzA,0
h5t6a.jpg,h5t6a,H5tZa,0
mmc10.jpg,mmc10,Pmc10,0
gw27y.jpg,gw27y,0w27y,0
PNzCw.jpg,PNzCw,FhzCw,0
k3TU0.jpg,k3TU0,k2TUc,0
c39H5.jpg,c39H5,C39F5,0
ZIDXs.jpg,ZIDXs,ZjDXs,0
7qzSv.jpg,7qzSv,TqZ3U,0
GufPY.jpg,GufPY,6aA21,0
Y9EM4.jpg,Y9EM4,VorM4,0
SZsX4.jpg,SZsX4,92pKm,0
09Jei.jpg,09Jei,09Tej,0
qNaof.jpg,qNaof,GHn9f,0
6g4p1.jpg,6g4p1,6q4p1,0
iGUfA.jpg,iGUfA,j69f4,0
JapmC.jpg,JapmC,kavmC,0
s7GEM.jpg,s7GEM,s7CEM,0
Rzc37.jpg,Rzc37,RoV37,0
zb0io.jpg,zb0io,2B0im,0
kn1bW.jpg,kn1bW,ka1bW,0
FS9T4.jpg,FS9T4,ES07z,0
rSXrT.jpg,rSXrT,mSkz7,0
3jbdy.jpg,3jbdy,3jbdm,0
214Lp.jpg,214Lp,2j4Lp,0
F5WU8.jpg,F5WU8,F5Wdp,0
HN5PV.jpg,HN5PV,HR5ZV,0
472z6.jpg,472z6,uT2x6,0
tO34Y.jpg,tO34Y,tp24T,0
NKqn0.jpg,NKqn0,MSTn0,0
aIz93.jpg,aIz93,aIZ9W,0
A0Q18.jpg,A0Q18,WuO18,0
p8blk.jpg,p8blk,m8bik,0
BQ77Q.jpg,BQ77Q,893r0,0
z5580.jpg,z5580,z5j80,0
W60N5.jpg,W60N5,Wt04z,0
Owz6V.jpg,Owz6V,OwZ6V,0
YKqk9.jpg,YKqk9,7KGj0,0
R6mT4.jpg,R6mT4,R6mT4,1
j9x33.jpg,j9x33,I0wA3,0
yMLb1.jpg,yMLb1,gACbf,0
ee1JI.jpg,ee1JI,cn13k,0
VXF76.jpg,VXF76,kXJz6,0
r6v72.jpg,r6v72,r6vT2,0
j1rmF.jpg,j1rmF,j4CmE,0
K9Vr7.jpg,K9Vr7,H8Vr7,0
PqDrE.jpg,PqDrE,PgVrk,0
rQB7w.jpg,rQB7w,r0B7W,0
qyi0k.jpg,qyi0k,cXj0k,0
38QFZ.jpg,38QFZ,18OAZ,0
Gag9J.jpg,Gag9J,Cah9J,0
kXZ3h.jpg,kXZ3h,kXz3h,0
b6vvP.jpg,b6vvP,b6wy2,0
33KVI.jpg,33KVI,3eKVf,0
GW9qo.jpg,GW9qo,EM2R9,0
NGw9t.jpg,NGw9t,NGw9I,0
pIt8Q.jpg,pIt8Q,nTt2C,0
ns357.jpg,ns357,msX5C,0
2qnXS.jpg,2qnXS,2QhX5,0
he31w.jpg,he31w,be91m,0
xiI80.jpg,xiI80,vNI80,0
gYKux.jpg,gYKux,gYNux,0
1l091.jpg,1l091,4K05t,0
kq3t1.jpg,kq3t1,Ke2t1,0
FkkI2.jpg,FkkI2,FNx12,0
xTmms.jpg,xTmms,X1RuS,0
cZ82I.jpg,cZ82I,cy82I,0
5UIP3.jpg,5UIP3,5UIP3,1
09omQ.jpg,09omQ,91smC,0
H4EJF.jpg,H4EJF,m4bJF,0
7Gtp0.jpg,7Gtp0,7ktu0,0
nw4nt.jpg,nw4nt,hw4pt,0
ywMiD.jpg,ywMiD,2wMiD,0
T2Q3C.jpg,T2Q3C,TZw3C,0
qj6ik.jpg,qj6ik,9jevK,0
B8vb1.jpg,B8vb1,Bdvb1,0
k67RH.jpg,k67RH,K67aH,0
N9963.jpg,N9963,A9o5I,0
T1joJ.jpg,T1joJ,T4y0J,0
35cp7.jpg,35cp7,3HcB7,0
1naBm.jpg,1naBm,1pz8W,0
1696p.jpg,1696p,1K2cp,0
IO3Ck.jpg,IO3Ck,h03Cs,0
DFZ18.jpg,DFZ18,DFZY3,0
96vfz.jpg,96vfz,9Rvfm,0
2Jl31.jpg,2Jl31,2ur31,0
x0eAH.jpg,x0eAH,x0c4H,0
3asqm.jpg,3asqm,1aZGm,0
L2E86.jpg,L2E86,L2S76,0
6GZ00.jpg,6GZ00,5CXv0,0
fXdzB.jpg,fXdzB,fMd2B,0
64AT8.jpg,64AT8,6QAT8,0
F4jiN.jpg,F4jiN,kvaiN,0
tKCB4.jpg,tKCB4,IH084,0
1P5wg.jpg,1P5wg,1Pbwg,0
GI6h4.jpg,GI6h4,CT8ba,0
xGYjg.jpg,xGYjg,x6Tig,0
E02ya.jpg,E02ya,Eh2ya,0
vN147.jpg,vN147,vN147,1
AuhAe.jpg,AuhAe,fyhQe,0
8BAY2.jpg,8BAY2,8ihT2,0
9c7tp.jpg,9c7tp,8a7tD,0
6UZ74.jpg,6UZ74,5UK74,0
5phT7.jpg,5phT7,5pkTz,0
8j97p.jpg,8j97p,8jQ7p,0
9pXhJ.jpg,9pXhJ,9pXhJ,1
DrY7z.jpg,DrY7z,BrV7z,0
aORjq.jpg,aORjq,aCKjg,0
LJs8n.jpg,LJs8n,CJsBh,0
z6l1B.jpg,z6l1B,ZQkJw,0
hp8rD.jpg,hp8rD,Wp8jC,0
q0Txb.jpg,q0Txb,40Tx5,0
tInpo.jpg,tInpo,UjyD6,0
91xH6.jpg,91xH6,OixH5,0
1qC5d.jpg,1qC5d,hqC5d,0
0pKh6.jpg,0pKh6,0pKh3,0
blzr2.jpg,blzr2,blxm2,0
5OA1F.jpg,5OA1F,5OAyT,0
BG97m.jpg,BG97m,BC91m,0
PU18c.jpg,PU18c,FM13C,0
d37b1.jpg,d37b1,d37bW,0
cyd0n.jpg,cyd0n,EY80h,0
6fn1r.jpg,6fn1r,6ka1r,0
qkB1S.jpg,qkB1S,ukD13,0
M6WtV.jpg,M6WtV,A5kf2,0
KihwY.jpg,KihwY,K15MY,0
4xyqg.jpg,4xyqg,4XyP9,0
1sb2E.jpg,1sb2E,1sQ2E,0
IWoj1.jpg,IWoj1,kMOjT,0
rV0Hl.jpg,rV0Hl,rVGH2,0
2HxTc.jpg,2HxTc,2HjTc,0
P4DWP.jpg,P4DWP,c40HJ,0
ojPUv.jpg,ojPUv,ajPWy,0
S3nKk.jpg,S3nKk,O2nWk,0
gr89B.jpg,gr89B,GI84w,0
3iyw4.jpg,3iyw4,2iYm4,0
WtGDy.jpg,WtGDy,WtQbj,0
90Kb4.jpg,90Kb4,9TRb4,0
g8YfZ.jpg,g8YfZ,u3Vf2,0
89i48.jpg,89i48,d9I4p,0
eURgz.jpg,eURgz,cURG2,0
D4BY9.jpg,D4BY9,m4BT3,0
AFlln.jpg,AFlln,4FzOm,0
1tKBB.jpg,1tKBB,1zAbS,0
DNYID.jpg,DNYID,RKViD,0
Q4cHq.jpg,Q4cHq,O4rHg,0
KtUWr.jpg,KtUWr,K1UWe,0
7ww31.jpg,7ww31,7cK31,0
S45rd.jpg,S45rd,34Wrd,0
J0sOF.jpg,J0sOF,I0smv,0
6u4LI.jpg,6u4LI,5y4LF,0
2UW05.jpg,2UW05,ZUW0s,0
A9s16.jpg,A9s16,AOS16,0
4W63c.jpg,4W63c,ZM63c,0
Oz438.jpg,Oz438,0iNJ6,0
2bV21.jpg,2bV21,zbVR1,0
JAr9Y.jpg,JAr9Y,JAr9T,0
SmlJ9.jpg,SmlJ9,SmtT9,0
x9wq6.jpg,x9wq6,X9vcb,0
x6Tr5.jpg,x6Tr5,K0TpA,0
yv2x3.jpg,yv2x3,VGPxS,0
EvRx4.jpg,EvRx4,EuAXj,0
1t9Pj.jpg,1t9Pj,1r9Pw,0
RwdF2.jpg,RwdF2,Bwdr2,0
d6AdB.jpg,d6AdB,wGXdF,0
N5qND.jpg,N5qND,V5zND,0
65G04.jpg,65G04,63C01,0
hk8z5.jpg,hk8z5,jk8z5,0
w9A37.jpg,w9A37,m9Aj7,0
57N0Y.jpg,57N0Y,57R0Y,0
lePBE.jpg,lePBE,14o8E,0
cscRK.jpg,cscRK,osLAK,0
TymDZ.jpg,TymDZ,TvmDZ,0
W4CaD.jpg,W4CaD,K4Z3P,0
M1UBG.jpg,M1UBG,N1UBC,0
hi28O.jpg,hi28O,Hv280,0
05P9m.jpg,05P9m,U3P9m,0
M31v1.jpg,M31v1,A2juT,0
GRal9.jpg,GRal9,GBaI9,0
kC10G.jpg,kC10G,Wr10G,0
9KCul.jpg,9KCul,9KGu1,0
s5zJA.jpg,s5zJA,sJzON,0
883cv.jpg,883cv,8d1cM,0
R2V0s.jpg,R2V0s,B2VOs,0
GJTla.jpg,GJTla,6JTka,0
iBF39.jpg,iBF39,uBTM9,0
lkNjX.jpg,lkNjX,tkNjX,0
B3i4Z.jpg,B3i4Z,p3i4Z,0
60fc3.jpg,60fc3,60fz3,0
BsHYb.jpg,BsHYb,BsHYk,0
Txibv.jpg,Txibv,Txj6U,0
7c6Vs.jpg,7c6Vs,7C6Us,0
Bavta.jpg,Bavta,BAv1e,0
4Mgpn.jpg,4Mgpn,4WgPr,0
ybCOB.jpg,ybCOB,YMC95,0
Vq1Up.jpg,Vq1Up,Vq1Ep,0
J60cb.jpg,J60cb,36Orh,0
I7B3w.jpg,I7B3w,lZ63w,0
7ZrF6.jpg,7ZrF6,7LaF6,0
5StWq.jpg,5StWq,2SlAq,0
l5EaR.jpg,l5EaR,15FaR,0
wjVcE.jpg,wjVcE,mjMC2,0
Sqe3X.jpg,Sqe3X,8qejK,0
AoR2n.jpg,AoR2n,hoR2t,0
Ifjn4.jpg,Ifjn4,WEjn4,0
5Y4f8.jpg,5Y4f8,5Y4fN,0
fO72F.jpg,fO72F,hQ72E,0
9K1G6.jpg,9K1G6,9K1C6,0
VZ585.jpg,VZ585,VZ58T,0
iE1kg.jpg,iE1kg,iE1Ko,0
93pks.jpg,93pks,O3pks,0
7i8gg.jpg,7i8gg,7i5gw,0
c2f9l.jpg,c2f9l,e4f9T,0
75L85.jpg,75L85,7DL8S,0
79S6l.jpg,79S6l,7036i,0
wcF2V.jpg,wcF2V,mCF2U,0
0YBNv.jpg,0YBNv,0SBHy,0
6sIh0.jpg,6sIh0,6xJh2,0
9375J.jpg,9375J,937bJ,0
1898Z.jpg,1898Z,jnv82,0
u8XgR.jpg,u8XgR,uSYgB,0
tcUtb.jpg,tcUtb,lgQ85,0
USSJ4.jpg,USSJ4,069J4,0
p103f.jpg,p103f,n103k,0
Jt7xz.jpg,Jt7xz,Ptbmk,0
f9x0c.jpg,f9x0c,I9X0c,0
SZC2d.jpg,SZC2d,SZC2d,1
7W902.jpg,7W902,7W8C2,0
VIVfV.jpg,VIVfV,HI36v,0
rK1uX.jpg,rK1uX,rK7ug,0
GspPf.jpg,GspPf,QszPf,0
CCrU3.jpg,CCrU3,CepU3,0
Xd565.jpg,Xd565,Kd162,0
UMU99.jpg,UMU99,LMjS2,0
NOfKG.jpg,NOfKG,MofkS,0
k46Z4.jpg,k46Z4,KyS2A,0
s0u6B.jpg,s0u6B,s7uCB,0
EZaaZ.jpg,EZaaZ,EVAqZ,0
0BLeR.jpg,0BLeR,0P1e5,0
EK1Qu.jpg,EK1Qu,E81Qu,0
4r03m.jpg,4r03m,4C0Sm,0
1603F.jpg,1603F,1b0AF,0
6xzq2.jpg,6xzq2,6Xzq2,0
6nJ88.jpg,6nJ88,cm103,0
xDU9H.jpg,xDU9H,XDU9H,0
cWmCZ.jpg,cWmCZ,gKnC2,0
9927P.jpg,9927P,692YB,0
034GS.jpg,034GS,0V4C3,0
s1681.jpg,s1681,xj63W,0
ob8Jn.jpg,ob8Jn,ob8Jm,0
RC5Qg.jpg,RC5Qg,Pi5Q9,0
1Xfs4.jpg,1Xfs4,1Kf84,0
Z9zQL.jpg,Z9zQL,Zoymh,0
LG6o7.jpg,LG6o7,LQ6o7,0
6j6m5.jpg,6j6m5,ejGm5,0
V57V9.jpg,V57V9,K57M9,0
DMBcN.jpg,DMBcN,DK8cN,0
ekDeL.jpg,ekDeL,cKApL,0
k59Od.jpg,k59Od,x59DJ,0
iP1nu.jpg,iP1nu,C81nv,0
JF0Y9.jpg,JF0Y9,JE0W9,0
Rp4NZ.jpg,Rp4NZ,Rp4M2,0
9dpRh.jpg,9dpRh,9dpRh,1
rzXJm.jpg,rzXJm,rzKJm,0
7XSA3.jpg,7XSA3,7XSA2,0
h5jpk.jpg,h5jpk,h5jQX,0
ApP36.jpg,ApP36,4bF3G,0
p1YAD.jpg,p1YAD,m1YAD,0
k4z6U.jpg,k4z6U,i436U,0
6Q8G5.jpg,6Q8G5,nQ8t5,0
1Y7a6.jpg,1Y7a6,1X7a5,0
t88Rr.jpg,t88Rr,y28Kr,0
0KUK6.jpg,0KUK6,0wLF5,0
07sqx.jpg,07sqx,075mK,0
EFHN8.jpg,EFHN8,LP4m3,0
IP4q2.jpg,IP4q2,YP4u2,0
lFb78.jpg,lFb78,iKu78,0
PNOB9.jpg,PNOB9,PAGay,0
qq67X.jpg,qq67X,qm67X,0
UZxxW.jpg,UZxxW,0ZeXW,0
Ng23D.jpg,Ng23D,Hg23D,0
CT1b0.jpg,CT1b0,mT150,0
eUBA4.jpg,eUBA4,cUFA4,0
mhp11.jpg,mhp11,mhpS1,0
i70tp.jpg,i70tp,i70tg,0
dLXn7.jpg,dLXn7,dLKn2,0
VjaXp.jpg,VjaXp,VfaKp,0
59W2R.jpg,59W2R,59MzR,0
W0crR.jpg,W0crR,W0crR,1
vUa9a.jpg,vUa9a,yLj9e,0
MRm2I.jpg,MRm2I,aRWzf,0
sOsiQ.jpg,sOsiQ,S0KLA,0
rx99G.jpg,rx99G,rXJ9C,0
oLZQg.jpg,oLZQg,9t7Oh,0
bLFBk.jpg,bLFBk,67VBk,0
Ha160.jpg,Ha160,Hx460,0
Bt1VF.jpg,Bt1VF,BtjVF,0
iF42F.jpg,iF42F,iN42F,0
tI0uG.jpg,tI0uG,tT0nG,0
FppZm.jpg,FppZm,Fn2Y4,0
T9p7f.jpg,T9p7f,T3eZf,0
5Red6.jpg,5Red6,5Ttd6,0
escuF.jpg,escuF,a3rwT,0
zx14O.jpg,zx14O,Zx14Q,0
gV4JD.jpg,gV4JD,gV4JD,1
fBRgE.jpg,fBRgE,fBXar,0
Nk4H4.jpg,Nk4H4,NkU51,0
fx4rU.jpg,fx4rU,fx4pU,0
K03TI.jpg,K03TI,K03Tl,0
OJE4d.jpg,OJE4d,CTEAg,0
52F3T.jpg,52F3T,b2r3W,0
G59X5.jpg,G59X5,Cf9K5,0
ND5rV.jpg,ND5rV,kD5rV,0
wfI50.jpg,wfI50,MfJ50,0
cB6P7.jpg,cB6P7,xBo97,0
Sf47s.jpg,Sf47s,Gf47s,0
67O3Q.jpg,67O3Q,eXQ3Y,0
sBTr4.jpg,sBTr4,oBTr4,0
sw641.jpg,sw641,zW54I,0
3l4G8.jpg,3l4G8,3L4C8,0
7H0xD.jpg,7H0xD,7S0xD,0
F6YQW.jpg,F6YQW,F6YQW,1
D3NCA.jpg,D3NCA,D3NCA,1
9SC5t.jpg,9SC5t,9RCxI,0
MZ7fQ.jpg,MZ7fQ,Hz7f0,0
1T5jM.jpg,1T5jM,zTSjM,0
2b8Kw.jpg,2b8Kw,2b8Km,0
Y8OsC.jpg,Y8OsC,78DsC,0
zhyEd.jpg,zhyEd,zKyEd,0
Jct4n.jpg,Jct4n,jct4m,0
Uod54.jpg,Uod54,Vnd54,0
T45mj.jpg,T45mj,T43mj,0
MAw84.jpg,MAw84,M0v64,0
353x7.jpg,353x7,qE3K7,0
PlI8H.jpg,PlI8H,BLfxH,0
8AV3I.jpg,8AV3I,8AV2r,0
ZGDMs.jpg,ZGDMs,2CTMs,0
044Ky.jpg,044Ky,01AKy,0
neorM.jpg,neorM,nQ5jM,0
wRM5T.jpg,wRM5T,uPM5Y,0
40U1b.jpg,40U1b,jDUFh,0
CsQBk.jpg,CsQBk,CyPBk,0
zZIfT.jpg,zZIfT,sZUfT,0
IWhB8.jpg,IWhB8,IMzQ8,0
BxRGi.jpg,BxRGi,BvRCI,0
BU08O.jpg,BU08O,8J4xC,0
Fr4L3.jpg,Fr4L3,Fc4L2,0
wOIA3.jpg,wOIA3,wCiA3,0
9Wq6b.jpg,9Wq6b,9Wq6b,1
4i5PC.jpg,4i5PC,aj5PG,0
psLKO.jpg,psLKO,psIHQ,0
AN66y.jpg,AN66y,aAfcY,0
KWPX1.jpg,KWPX1,BVpX1,0
zo079.jpg,zo079,2pUY8,0
ggf6w.jpg,ggf6w,g2t6M,0
Gab17.jpg,Gab17,Ga517,0
nHxou.jpg,nHxou,nHx0u,0
u2C4o.jpg,u2C4o,u2CAj,0
EB6Z9.jpg,EB6Z9,tA6Z9,0
Q0v7v.jpg,Q0v7v,Qb97m,0
n40Uf.jpg,n40Uf,a49UF,0
feb62.jpg,feb62,fsDw2,0
q0TL5.jpg,q0TL5,q0TL5,1
1Oyb5.jpg,1Oyb5,1Owp5,0
2d7hU.jpg,2d7hU,2qfhU,0
ir596.jpg,ir596,1m526,0
QmM1N.jpg,QmM1N,Cm8jN,0
v01Og.jpg,v01Og,vb1Cg,0
FzYYI.jpg,FzYYI,PzWOJ,0
sxW48.jpg,sxW48,oiW4S,0
mE92Y.jpg,mE92Y,mE92T,0
djw6C.jpg,djw6C,d1W6C,0
6nZPD.jpg,6nZPD,6a2VB,0
eHXPF.jpg,eHXPF,a1X2F,0
TO8p5.jpg,TO8p5,1C8p5,0
1kizJ.jpg,1kizJ,1Wj2J,0
3hZNy.jpg,3hZNy,3bZAY,0
7hpbN.jpg,7hpbN,70pbN,0
Fen4v.jpg,Fen4v,5em4V,0
Ciw9I.jpg,Ciw9I,Cjw9r,0
Z739e.jpg,Z739e,h7K9c,0
N307m.jpg,N307m,A30Zm,0
dH8fj.jpg,dH8fj,uH3zj,0
69t3T.jpg,69t3T,69t3T,1
i1oP8.jpg,i1oP8,i10F8,0
70Zso.jpg,70Zso,7Uz5p,0
7OlqW.jpg,7OlqW,7OLqH,0
b3gVs.jpg,b3gVs,b2gVs,0
6q3nP.jpg,6q3nP,6q2hF,0
02BJb.jpg,02BJb,02BJb,1
3yFEU.jpg,3yFEU,3yFCM,0
a4j9e.jpg,a4j9e,B4i32,0
s99BH.jpg,s99BH,sD9b1,0
xa6gn.jpg,xa6gn,K26gm,0
jD64a.jpg,jD64a,JD64a,0
08Y61.jpg,08Y61,03Yjr,0
u071M.jpg,u071M,u671A,0
Wjjjl.jpg,Wjjjl,V8jpb,0
XQ70H.jpg,XQ70H,XC7sH,0
PEr9W.jpg,PEr9W,PEj9M,0
o1toV.jpg,o1toV,9jtGM,0
vV817.jpg,vV817,wU817,0
U9G93.jpg,U9G93,I4C9R,0
jGZe0.jpg,jGZe0,jGZe0,1
MyyMP.jpg,MyyMP,R7yMP,0
zUv43.jpg,zUv43,zQv43,0
p3Z06.jpg,p3Z06,m4Z0s,0
OS8Jt.jpg,OS8Jt,0S8Jt,0
R1Oog.jpg,R1Oog,R1Coy,0
vs947.jpg,vs947,V5947,0
9CN49.jpg,9CN49,9CK4p,0
oR5ei.jpg,oR5ei,oA5z1,0
BY3F7.jpg,BY3F7,MmsF7,0
00MBc.jpg,00MBc,GaM2r,0
5Tm49.jpg,5Tm49,ETm49,0
Zau08.jpg,Zau08,7xy08,0
ApRee.jpg,ApRee,1pT6t,0
0hUmz.jpg,0hUmz,0hUm2,0
9F16K.jpg,9F16K,9z16K,0
Oez2z.jpg,Oez2z,0eWAz,0
28S2v.jpg,28S2v,eTS2V,0
YVL0W.jpg,YVL0W,PVL0A,0
f8WKD.jpg,f8WKD,z3VKD,0
C8spg.jpg,C8spg,C8yDX,0
5GIC6.jpg,5GIC6,3G1t6,0
75g05.jpg,75g05,75qnf,0
Zab39.jpg,Zab39,7eb39,0
IxYIx.jpg,IxYIx,Ce9JW,0
9EjDM.jpg,9EjDM,9EjvA,0
7qjwF.jpg,7qjwF,7gjVE,0
Fh9S8.jpg,Fh9S8,FMy36,0
8c9WE.jpg,8c9WE,JC9VE,0
Y7bKR.jpg,Y7bKR,YzsMP,0
74vX7.jpg,74vX7,Z4uKj,0
Y88kL.jpg,Y88kL,7p0KL,0
zeN9R.jpg,zeN9R,2sm0R,0
TwF8t.jpg,TwF8t,TwJSt,0
472Z2.jpg,472Z2,u7PK2,0
ZJM9J.jpg,ZJM9J,ZBK9J,0
3L80W.jpg,3L80W,2Lp0W,0
AeITr.jpg,AeITr,AolTC,0
6tlL5.jpg,6tlL5,c7WL3,0
q6PJf.jpg,q6PJf,aSPJf,0
JkRjW.jpg,JkRjW,3kBcV,0
9zsP4.jpg,9zsP4,b2tP4,0
2WD3g.jpg,2WD3g,2KD8c,0
TDkD4.jpg,TDkD4,TCKD4,0
L9ff5.jpg,L9ff5,L9Ox5,0
bF136.jpg,bF136,bE12O,0
Ttau3.jpg,Ttau3,TidV3,0
7Zwa2.jpg,7Zwa2,7LVaf,0
KhuhF.jpg,KhuhF,XTobP,0
Dlz5t.jpg,Dlz5t,Dla5G,0
4i5I7.jpg,4i5I7,4C5J7,0
RBdw6.jpg,RBdw6,F3dW6,0
Z940I.jpg,Z940I,Zs40t,0
6D3F3.jpg,6D3F3,6DZF8,0
yIw3D.jpg,yIw3D,yIm3D,0
EU5z7.jpg,EU5z7,EU5a7,0
Obs5i.jpg,Obs5i,Obs5i,1
z935t.jpg,z935t,z93Kf,0
V57Aq.jpg,V57Aq,M57Aq,0
H8x0w.jpg,H8x0w,H3X0m,0
7c1g9.jpg,7c1g9,7C1g9,0
KObeE.jpg,KObeE,XObgE,0
c869u.jpg,c869u,c3K9u,0
TsS3X.jpg,TsS3X,IpG3X,0
9BS1M.jpg,9BS1M,9Bs1m,0
Gk59B.jpg,Gk59B,0K57B,0
TRno3.jpg,TRno3,VLho3,0
DVN0s.jpg,DVN0s,ZYN0s,0
CDYPK.jpg,CDYPK,CDV2H,0
T07pf.jpg,T07pf,T07pf,1
QqvZQ.jpg,QqvZQ,QaVZr,0
FV3nX.jpg,FV3nX,FV3mX,0
kxxRw.jpg,kxxRw,LxeBW,0
5Pa3B.jpg,5Pa3B,5PqjB,0
4tQeo.jpg,4tQeo,4IQeu,0
tsCAK.jpg,tsCAK,fsOAK,0
XTQ0q.jpg,XTQ0q,XTQ4j,0
2MuRF.jpg,2MuRF,9Mu8E,0
zzUoJ.jpg,zzUoJ,7FD63,0
0flOu.jpg,0flOu,8z1Qu,0
NgWBP.jpg,NgWBP,NqWBF,0
sPoZi.jpg,sPoZi,sPok1,0
9F6h7.jpg,9F6h7,0E4h7,0
Wv8rB.jpg,Wv8rB,W78t2,0
50BgZ.jpg,50BgZ,5V8gZ,0
Y3p26.jpg,Y3p26,W3u26,0
WEyc1.jpg,WEyc1,MBvo1,0
jpbDL.jpg,jpbDL,jnbOK,0
cz4Jl.jpg,cz4Jl,OzA3l,0
B2OKO.jpg,B2OKO,B2CKv,0
2Q76G.jpg,2Q76G,2Q76c,0
Mc1X9.jpg,Mc1X9,Mb1X9,0
Fihn5.jpg,Fihn5,FiHm3,0
499Eh.jpg,499Eh,490EK,0
y90w5.jpg,y90w5,y90WF,0
4J0j2.jpg,4J0j2,4J0m2,0
O4Be5.jpg,O4Be5,04Be5,0
65U8S.jpg,65U8S,m5U8S,0
i6zFe.jpg,i6zFe,V62Fe,0
vP25T.jpg,vP25T,vp25T,0
51V2v.jpg,51V2v,S1N2u,0
olHWn.jpg,olHWn,ojH6n,0
6cz6f.jpg,6cz6f,4VzGI,0
zih4D.jpg,zih4D,Zjm4D,0
tM0po.jpg,tM0po,tN3Eo,0
c7iQn.jpg,c7iQn,c2jOn,0
6WwiU.jpg,6WwiU,5Vaid,0
WHGuQ.jpg,WHGuQ,WRGa7,0
9a81O.jpg,9a81O,gx81C,0
9hohU.jpg,9hohU,9FphU,0
DqusK.jpg,DqusK,Dgu3A,0
jaG5Q.jpg,jaG5Q,1aG5w,0
vPGUU.jpg,vPGUU,yPGbL,0
4B1Sb.jpg,4B1Sb,v01ck,0
i5h1b.jpg,i5h1b,w8n1b,0
si7yj.jpg,si7yj,si7wO,0
0cd5t.jpg,0cd5t,0ZA2t,0
b47Qf.jpg,b47Qf,b470f,0
uaVFR.jpg,uaVFR,yaVIR,0
Tl68w.jpg,Tl68w,Tr48M,0
7Mx4l.jpg,7Mx4l,7Mx4i,0
kbGf3.jpg,kbGf3,kbCr3,0
b7Y9a.jpg,b7Y9a,b7W9a,0
N5T26.jpg,N5T26,H5T26,0
jenwi.jpg,jenwi,z9hWi,0
45jRl.jpg,45jRl,45jR1,0
Qm1tJ.jpg,Qm1tJ,OnktJ,0
oVg3P.jpg,oVg3P,mMg3D,0
OpJJT.jpg,OpJJT,0pzjT,0
1MHNy.jpg,1MHNy,1wdNy,0
Nae99.jpg,Nae99,HacP0,0
HJQxj.jpg,HJQxj,H30aj,0
vsV38.jpg,vsV38,veH30,0
GfSSa.jpg,GfSSa,QFs9a,0
urz0g.jpg,urz0g,ur2A4,0
sYr44.jpg,sYr44,sYfQH,0
N5yXd.jpg,N5yXd,A5YrJ,0
U3vq8.jpg,U3vq8,Ujvq3,0
eX6Vh.jpg,eX6Vh,eK89h,0
TgvLB.jpg,TgvLB,TgvLB,1
zyf0q.jpg,zyf0q,2vfAg,0
uMAJK.jpg,uMAJK,qMATx,0
VKd7Y.jpg,VKd7Y,9Rd8Y,0
J1aW3.jpg,J1aW3,Z1pW3,0
FQ5c1.jpg,FQ5c1,F05a1,0
XcXEH.jpg,XcXEH,Q0yEH,0
vhhJN.jpg,vhhJN,c2kJN,0
F8h1s.jpg,F8h1s,F8H1y,0
qG7D6.jpg,qG7D6,gK7D6,0
OoN2C.jpg,OoN2C,DaH2C,0
2zg1R.jpg,2zg1R,2xgTB,0
3D1SK.jpg,3D1SK,3p19E,0
zU9Gr.jpg,zU9Gr,ZU9Gi,0
2E0rB.jpg,2E0rB,2w0rR,0
5cDnN.jpg,5cDnN,56DmN,0
7Za0j.jpg,7Za0j,72a0H,0
C0me0.jpg,C0me0,CBmed,0
471eD.jpg,471eD,q7ieD,0
bFY1e.jpg,bFY1e,bFW3o,0
D01hk.jpg,D01hk,Do1hx,0
yg10X.jpg,yg10X,v2i5K,0
n5RIq.jpg,n5RIq,WkRIa,0
p6373.jpg,p6373,PQX7a,0
s9f6g.jpg,s9f6g,s9P6z,0
i08c8.jpg,i08c8,10gc8,0
6hayj.jpg,6hayj,6Kayj,0
PZ67T.jpg,PZ67T,Pz6J3,0
s91m8.jpg,s91m8,x91m8,0
EONv4.jpg,EONv4,E0NV4,0
4Xdpa.jpg,4Xdpa,4XgBj,0
4Y57H.jpg,4Y57H,4V57H,0
r6pA7.jpg,r6pA7,rSbA7,0
UKPTp.jpg,UKPTp,qK8Tp,0
3D8YA.jpg,3D8YA,3D8YA,1
304kJ.jpg,304kJ,204kI,0
F6fj8.jpg,F6fj8,P6mjN,0
lQkW7.jpg,lQkW7,LQxm7,0
mt1S2.jpg,mt1S2,mt7U2,0
UcH5o.jpg,UcH5o,Ur15g,0
SzKqk.jpg,SzKqk,S7Mqk,0
EH2J1.jpg,EH2J1,EA2J1,0
DY5N7.jpg,DY5N7,DY5Nz,0
p7Y2N.jpg,p7Y2N,p7V2K,0
mfc09.jpg,mfc09,mfxA3,0
2K9z3.jpg,2K9z3,PHQz3,0
Ky1Fw.jpg,Ky1Fw,Ky1P0,0
rJvZJ.jpg,rJvZJ,6Jv2F,0
4B512.jpg,4B512,4B5T2,0
uPgr0.jpg,uPgr0,uPkr0,0
paO2R.jpg,paO2R,uxO3B,0
0614p.jpg,0614p,05T4p,0
3KN8K.jpg,3KN8K,jrV8K,0
pWFw8.jpg,pWFw8,pVFw8,0
G35Fi.jpg,G35Fi,C35Pi,0
7fJSb.jpg,7fJSb,zfJSu,0
I4td1.jpg,I4td1,Z4td1,0
3VC1s.jpg,3VC1s,2YC1k,0
1SSs2.jpg,1SSs2,hS7qz,0
1a63Y.jpg,1a63Y,Ha63Y,0
5a9TG.jpg,5a9TG,5a9T6,0
MpOJ4.jpg,MpOJ4,KpCJ4,0
f84x5.jpg,f84x5,f84q5,0
3l5w5.jpg,3l5w5,4l7mR,0
a7Kuv.jpg,a7Kuv,a7KLV,0
5t0Y6.jpg,5t0Y6,HLuT6,0
FECsb.jpg,FECsb,FzCxb,0
JnL4D.jpg,JnL4D,Jmt4B,0
D0AC5.jpg,D0AC5,D0AC5,1
fVyz3.jpg,fVyz3,IMyZ3,0
e71rI.jpg,e71rI,e71RT,0
lo4Rz.jpg,lo4Rz,j04B2,0
P7GMu.jpg,P7GMu,p76Au,0
vUNs1.jpg,vUNs1,vUNsj,0
43mE4.jpg,43mE4,h3mCd,0
bQ15l.jpg,bQ15l,bQ13e,0
75a03.jpg,75a03,75w02,0
AwhuA.jpg,AwhuA,7xhuA,0
9E5Fr.jpg,9E5Fr,9E5Ar,0
54a26.jpg,54a26,54r26,0
2xVIg.jpg,2xVIg,2xVtg,0
Vfct0.jpg,Vfct0,Ufc30,0
KI7nh.jpg,KI7nh,Ki7vb,0
Prr1P.jpg,Prr1P,Pwr40,0
594np.jpg,594np,5V4mj,0
O349p.jpg,O349p,C249p,0
H226y.jpg,H226y,HXP0v,0
IdSwg.jpg,IdSwg,1DSWy,0
fRniz.jpg,fRniz,fR9b2,0
3RMyy.jpg,3RMyy,3EMcy,0
6b3x4.jpg,6b3x4,6I3x4,0
23VTq.jpg,23VTq,z3MIq,0
Hly05.jpg,Hly05,Atv03,0
hzpVd.jpg,hzpVd,h2PVd,0
MyJx9.jpg,MyJx9,MJEk9,0
GOhH1.jpg,GOhH1,ZObF3,0
b1ype.jpg,b1ype,b1vP8,0
Q2Zmz.jpg,Q2Zmz,CBIWz,0
p8389.jpg,p8389,pQj57,0
2333h.jpg,2333h,2vBsH,0
2O2Yq.jpg,2O2Yq,kC2Tg,0
q1a12.jpg,q1a12,gjst2,0
rc309.jpg,rc309,rcW09,0
YtR6v.jpg,YtR6v,4IK6v,0
FwJQT.jpg,FwJQT,fwJQz,0
6uN0z.jpg,6uN0z,6uW9z,0
AsMy4.jpg,AsMy4,A5wv4,0
QfmKC.jpg,QfmKC,NFmzc,0
9Q4ur.jpg,9Q4ur,9C4uF,0
7iU80.jpg,7iU80,7nH30,0
OOKtM.jpg,OOKtM,G3KTA,0
vvBwx.jpg,vvBwx,gvBLK,0
vOao4.jpg,vOao4,vDg54,0
TYNLw.jpg,TYNLw,T2ALu,0
3ZB8k.jpg,3ZB8k,37p0k,0
y0d3f.jpg,y0d3f,Y0c3f,0
rh0X3.jpg,rh0X3,ch0X3,0
biZhU.jpg,biZhU,oi2hU,0
Pzjsc.jpg,Pzjsc,T2j6t,0
VHzY0.jpg,VHzY0,wA2X0,0
1ETBO.jpg,1ETBO,1smB0,0
kS3l6.jpg,kS3l6,AS2T6,0
JTF6C.jpg,JTF6C,JXFsC,0
rMM4U.jpg,rMM4U,Fk3ZU,0
YHEdF.jpg,YHEdF,XH2dP,0
88w7j.jpg,88w7j,8hw7j,0
585t7.jpg,585t7,S8qt7,0
8ae22.jpg,8ae22,6Wc24,0
Anrm8.jpg,Anrm8,AntG2,0
ig6zM.jpg,ig6zM,iq02M,0
XM3UO.jpg,XM3UO,YM3UQ,0
9h2qU.jpg,9h2qU,9b2dw,0
zBFNf.jpg,zBFNf,zBiMf,0
m8JyV.jpg,m8JyV,n84yV,0
t01RH.jpg,t01RH,b01xj,0
5NHIO.jpg,5NHIO,5MHf0,0
YW7Os.jpg,YW7Os,Yw7p3,0
7YJFK.jpg,7YJFK,7VdpK,0
IJfMC.jpg,IJfMC,1JfMG,0
8IxoF.jpg,8IxoF,8lxcF,0
j8M9e.jpg,j8M9e,18M9e,0
r6G96.jpg,r6G96,r6U98,0
976mu.jpg,976mu,9YfNa,0
rE988.jpg,rE988,rL9w8,0
jaxoq.jpg,jaxoq,IAxoq,0
6O8WN.jpg,6O8WN,5O2WN,0
IBgU7.jpg,IBgU7,iRxU7,0
8Tk9E.jpg,8Tk9E,37hQE,0
4o9AQ.jpg,4o9AQ,iv94C,0
0XEbl.jpg,0XEbl,0KEbl,0
3VjAJ.jpg,3VjAJ,SVrAT,0
L7bP9.jpg,L7bP9,U7bP9,0
pyC1e.jpg,pyC1e,PyC1e,0
F7e3l.jpg,F7e3l,E7e3i,0
177Ks.jpg,177Ks,1C7Ks,0
NW0NC.jpg,NW0NC,NW0xr,0
hA7zI.jpg,hA7zI,HA3ZF,0
hvmC5.jpg,hvmC5,pzmC5,0
Q2oU2.jpg,Q2oU2,QZnHA,0
xT9E6.jpg,xT9E6,xT9E6,1
6s8PO.jpg,6s8PO,hx3PC,0
l3nXm.jpg,l3nXm,I3hKm,0
DtNdn.jpg,DtNdn,BtH3n,0
sG8Qk.jpg,sG8Qk,sj8Qk,0
9vjPW.jpg,9vjPW,9viPM,0
kwF19.jpg,kwF19,KWF10,0
c5e3S.jpg,c5e3S,Cbq19,0
W1a8f.jpg,W1a8f,W7q8f,0
EuX13.jpg,EuX13,EuX13,1
bNHuh.jpg,bNHuh,bAzy3,0
OU49S.jpg,OU49S,RUm2S,0
n8927.jpg,n8927,m89Q7,0
0AOs1.jpg,0AOs1,0APsj,0
0GGbf.jpg,0GGbf,9GRbr,0
WsJa4.jpg,WsJa4,WsJa4,1
fV7U7.jpg,fV7U7,evZUJ,0
Xvmuc.jpg,Xvmuc,X9moj,0
i12EM.jpg,i12EM,jz26M,0
7ZQ98.jpg,7ZQ98,hZQ9B,0
Akz51.jpg,Akz51,AKZ31,0
T25iT.jpg,T25iT,f2owN,0
HxFsW.jpg,HxFsW,HxFSW,0
38Ewx.jpg,38Ewx,J8Emx,0
HXm5v.jpg,HXm5v,Rja5V,0
BjA5O.jpg,BjA5O,BiN5C,0
l56c6.jpg,l56c6,15Cm8,0
BT9cY.jpg,BT9cY,BI9cx,0
y96BD.jpg,y96BD,y94HD,0
AmIqm.jpg,AmIqm,Amlcb,0
1qr8L.jpg,1qr8L,VorXL,0
gKhbW.jpg,gKhbW,Sx4EW,0
52y1X.jpg,52y1X,S2y1K,0
DkKuK.jpg,DkKuK,D16qN,0
4mHYj.jpg,4mHYj,4SHVi,0
Ou6Bq.jpg,Ou6Bq,Ov6Ha,0
w1D33.jpg,w1D33,w1D3X,0
m05Sq.jpg,m05Sq,mj5Rq,0
9knEH.jpg,9knEH,9kmEN,0
Pgpnd.jpg,Pgpnd,2yph4,0
7m5Km.jpg,7m5Km,705Km,0
3K5NH.jpg,3K5NH,2E5N1,0
i27P3.jpg,i27P3,ia7P3,0
ak3s6.jpg,ak3s6,nk2s6,0
cRM50.jpg,cRM50,iRM50,0
04wwf.jpg,04wwf,04JwE,0
s387U.jpg,s387U,s367H,0
FGrIu.jpg,FGrIu,FGzLu,0
v0kiC.jpg,v0kiC,v0KfC,0
1244b.jpg,1244b,12s4m,0
EN8ZW.jpg,EN8ZW,EN3zv,0
Mws47.jpg,Mws47,Mn347,0
WXynZ.jpg,WXynZ,WRyh2,0
l9k9f.jpg,l9k9f,kgmaC,0
n5y77.jpg,n5y77,05g27,0
iMT05.jpg,iMT05,jMT03,0
9315l.jpg,9315l,0345i,0
F098w.jpg,F098w,3t9rw,0
nUTl8.jpg,nUTl8,n47C3,0
V1zV4.jpg,V1zV4,yIZW4,0
dzE4p.jpg,dzE4p,djE4p,0
34C49.jpg,34C49,24Cb9,0
euTGO.jpg,euTGO,ex7GD,0
GvkG5.jpg,GvkG5,GakD5,0
s6lR5.jpg,s6lR5,36lB5,0
6yD3J.jpg,6yD3J,6vD2J,0
19UkP.jpg,19UkP,19GxP,0
0WDn4.jpg,0WDn4,0jBn4,0
Z8VYU.jpg,Z8VYU,26JWU,0
oi16j.jpg,oi16j,aiT67,0
7hz9e.jpg,7hz9e,7Hx9e,0
D1N8D.jpg,D1N8D,b1M2O,0
H59GX.jpg,H59GX,l59GX,0
QqI4C.jpg,QqI4C,RqIjC,0
3LISi.jpg,3LISi,2bY6n,0
6IWZT.jpg,6IWZT,6iWZT,0
Y121O.jpg,Y121O,X32T0,0
7M7Pe.jpg,7M7Pe,yA7B6,0
ND4xb.jpg,ND4xb,QP1v5,0
5nC8P.jpg,5nC8P,5nC8P,1
rPraw.jpg,rPraw,rkOaw,0
JfvUN.jpg,JfvUN,3fvUA,0
luGf7.jpg,luGf7,JWSfy,0
dae11.jpg,dae11,m3eA1,0
3H2W7.jpg,3H2W7,3HZV7,0
75Fxb.jpg,75Fxb,7SEx0,0
mrnur.jpg,mrnur,mY9Ur,0
h89ZZ.jpg,h89ZZ,H89ZC,0
LbfEv.jpg,LbfEv,lH7CV,0
z9w7K.jpg,z9w7K,29D7H,0
ndH1r.jpg,ndH1r,nGHYr,0
gyTUX.jpg,gyTUX,sjTbK,0
msq2G.jpg,msq2G,Msq2G,0
oux5n.jpg,oux5n,6UXTn,0
V5hVx.jpg,V5hVx,v5hjx,0
Kn55C.jpg,Kn55C,Hn580,0
gKCPn.jpg,gKCPn,9HCP4,0
BvSm9.jpg,BvSm9,BVSm9,0
3mfE5.jpg,3mfE5,2mfE5,0
aj58C.jpg,aj58C,nj58C,0
P4iFp.jpg,P4iFp,P4jEb,0
36k92.jpg,36k92,36H92,0
wOmwl.jpg,wOmwl,s0RW1,0
Tvh3t.jpg,Tvh3t,Tvh3t,1
i2EA7.jpg,i2EA7,i2EA7,1
82wHT.jpg,82wHT,82Wk1,0
UcjAB.jpg,UcjAB,Usj9R,0
cP2C2.jpg,cP2C2,qNDC3,0
153g0.jpg,153g0,lS3y0,0
ANG67.jpg,ANG67,0MO51,0
28P7O.jpg,28P7O,k8m7O,0
h8L4p.jpg,h8L4p,N8I4o,0
BLW5c.jpg,BLW5c,HL45e,0
kkD7H.jpg,kkD7H,vED3H,0
BQc37.jpg,BQc37,NQr37,0
0T8Au.jpg,0T8Au,01pAu,0
M5654.jpg,M5654,M563q,0
66jG3.jpg,66jG3,heiQ3,0
bze04.jpg,bze04,bxeV4,0
SiX2l.jpg,SiX2l,8uK2l,0
70rjD.jpg,70rjD,70riD,0
yG3H7.jpg,yG3H7,v63H7,0
Fmw35.jpg,Fmw35,EmQ35,0
tJA11.jpg,tJA11,tJAov,0
5qmv7.jpg,5qmv7,5gmv1,0
75HZE.jpg,75HZE,T5H2E,0
8Mfce.jpg,8Mfce,8M1Ca,0
Voqr5.jpg,Voqr5,Ua4i5,0
d46G0.jpg,d46G0,a15G0,0
w6Tn1.jpg,w6Tn1,y6Pn1,0
G0e3W.jpg,G0e3W,G0ejH,0
WiBOs.jpg,WiBOs,AiBCZ,0
UN876.jpg,UN876,UMa76,0
519ZK.jpg,519ZK,5102K,0
Hx13C.jpg,Hx13C,HX13C,0
U5e6h.jpg,U5e6h,L5a6h,0
MvgoQ.jpg,MvgoQ,HvgpQ,0
MEqp7.jpg,MEqp7,MEqp1,0
u80JO.jpg,u80JO,w897Q,0
Ugx8G.jpg,Ugx8G,Uex8C,0
owEZH.jpg,owEZH,0v52A,0
RbYXI.jpg,RbYXI,RbVxf,0
huqU3.jpg,huqU3,kwcU3,0
86YV8.jpg,86YV8,FGYw3,0
pM7v7.jpg,pM7v7,pMiv7,0
K7Kpn.jpg,K7Kpn,U7Nph,0
4bRx5.jpg,4bRx5,4bKvS,0
LD54N.jpg,LD54N,LD54A,0
xOkIu.jpg,xOkIu,80kTu,0
ew2Dd.jpg,ew2Dd,cV2Dd,0
eF74J.jpg,eF74J,cm74J,0
UOU7V.jpg,UOU7V,UQs7W,0
9949j.jpg,9949j,9v4TI,0
5N3J1.jpg,5N3J1,sKQa1,0
808a4.jpg,808a4,8OMz4,0
6HMy1.jpg,6HMy1,GHPyI,0
bI6JC.jpg,bI6JC,bT8xC,0
md9n4.jpg,md9n4,vd9n4,0
T0V46.jpg,T0V46,T0M45,0
pLv4x.jpg,pLv4x,BIV4K,0
RpenU.jpg,RpenU,BCenI,0
5C4p1.jpg,5C4p1,HC4p2,0
mi0zf.jpg,mi0zf,nj02f,0
ytkUe.jpg,ytkUe,YfAUa,0
YPrf4.jpg,YPrf4,YDrf4,0
7v2gs.jpg,7v2gs,7v2gs,1
VDizT.jpg,VDizT,VBCzT,0
R3SIS.jpg,R3SIS,R451q,0
3FGoi.jpg,3FGoi,3FGoi,1
4EP7M.jpg,4EP7M,4Bo7H,0
Hu1Z8.jpg,Hu1Z8,Hv1Z8,0
HD8j1.jpg,HD8j1,MO2jt,0
cIc1Z.jpg,cIc1Z,SDw1Z,0
mm03P.jpg,mm03P,nM03E,0
huDOs.jpg,huDOs,KuDC3,0
qt8ct.jpg,qt8ct,nVXcI,0
1C5m3.jpg,1C5m3,fC5m3,0
zt175.jpg,zt175,eYAZ3,0
Mlm7D.jpg,Mlm7D,4ia2D,0
4I8a0.jpg,4I8a0,4Y8a0,0
eIDkT.jpg,eIDkT,e4DKT,0
Avenx.jpg,Avenx,4IemK,0
9nQ2u.jpg,9nQ2u,8nCZu,0
DJzGl.jpg,DJzGl,wJ26l,0
R8gw3.jpg,R8gw3,E8qw1,0
Y91iS.jpg,Y91iS,Yo1MS,0
U0t7j.jpg,U0t7j,V0t7j,0
9nOLJ.jpg,9nOLJ,9nwLx,0
BB7M9.jpg,BB7M9,D67H9,0
uA2Jg.jpg,uA2Jg,uA2Jg,1
9O58i.jpg,9O58i,9Cb8j,0
Kn7tn.jpg,Kn7tn,Hy7tn,0
18f75.jpg,18f75,1wf75,0
2L7Ah.jpg,2L7Ah,2v74h,0
59x9L.jpg,59x9L,59KpL,0
RNQTU.jpg,RNQTU,RaC7L,0
X0t77.jpg,X0t77,K0s3T,0
VkOg5.jpg,VkOg5,VKCg5,0
j4P4E.jpg,j4P4E,jTP4C,0
1hd7q.jpg,1hd7q,1Md7q,0
SgTP1.jpg,SgTP1,ogTPj,0
H8RJy.jpg,H8RJy,HePJy,0
72Z37.jpg,72Z37,0KZ3Y,0
TP59U.jpg,TP59U,TP59U,1
Bb2Qe.jpg,Bb2Qe,Bj2Qe,0
Yxqga.jpg,Yxqga,TKqSa,0
E5p8W.jpg,E5p8W,I5p8A,0
JpCyg.jpg,JpCyg,JpCy4,0
zFSSf.jpg,zFSSf,zpK9f,0
j51u1.jpg,j51u1,i5TuM,0
g4lq8.jpg,g4lq8,g4jw8,0
s5YXC.jpg,s5YXC,s5TXC,0
v6oc2.jpg,v6oc2,y6Mr2,0
d7jdd.jpg,d7jdd,VkCad,0
93FBP.jpg,93FBP,yaTBV,0
4T5iZ.jpg,4T5iZ,4T5i2,0
B1iOz.jpg,B1iOz,bYmCz,0
2jCM7.jpg,2jCM7,2jCK9,0
5ZG46.jpg,5ZG46,RZtM6,0
HOGiC.jpg,HOGiC,A08jC,0
N2Y8f.jpg,N2Y8f,N2ysf,0
Pd9xh.jpg,Pd9xh,Bd9Xh,0
4F7T3.jpg,4F7T3,4orE3,0
tHUyz.jpg,tHUyz,iHUq3,0
E4hxW.jpg,E4hxW,E4b3V,0
lFTi8.jpg,lFTi8,tPTv8,0
KIU71.jpg,KIU71,Kfo74,0
0C9B5.jpg,0C9B5,0iWP5,0
Ky4N8.jpg,Ky4N8,ry4Q8,0
ayVHK.jpg,ayVHK,ajCWR,0
4Z0Uu.jpg,4Z0Uu,420Uy,0
HAI0v.jpg,HAI0v,HAI0v,1
b0OSm.jpg,b0OSm,b0Y3m,0
6AVn5.jpg,6AVn5,6AUm3,0
4AUC5.jpg,4AUC5,1AUC5,0
08cgr.jpg,08cgr,03CgT,0
jEzqG.jpg,jEzqG,1FzoG,0
Iy9o4.jpg,Iy9o4,FV9o4,0
4kNi7.jpg,4kNi7,4EQi7,0
9nfF6.jpg,9nfF6,WnxE6,0
37aH3.jpg,37aH3,X7wHS,0
6Wj0z.jpg,6Wj0z,6H10Z,0
mubMf.jpg,mubMf,mabA3,0
EKPUx.jpg,EKPUx,EAPUa,0
yxo9I.jpg,yxo9I,yRc81,0
9xT6j.jpg,9xT6j,9XT6I,0
R0o0Q.jpg,R0o0Q,AQciL,0
r9H42.jpg,r9H42,i9HwZ,0
K97Lq.jpg,K97Lq,A97ia,0
Dp76U.jpg,Dp76U,Nn26U,0
0w4j2.jpg,0w4j2,0W4j2,0
z8T8O.jpg,z8T8O,ZSTA0,0
7rpms.jpg,7rpms,7rpQs,0
n8iUa.jpg,n8iUa,m9jUa,0
ci4kv.jpg,ci4kv,Cj4Kv,0
gn9bU.jpg,gn9bU,gm2bU,0
clUbq.jpg,clUbq,r1Ubq,0
Y859X.jpg,Y859X,V8E9K,0
RDtt1.jpg,RDtt1,8DvZ1,0
H8Ww6.jpg,H8Ww6,j8Wx6,0
I7XvT.jpg,I7XvT,SjXuf,0
c1IZi.jpg,c1IZi,c3f2i,0
59CuR.jpg,59CuR,x9CuA,0
if5m9.jpg,if5m9,1f5m9,0
r294U.jpg,r294U,r2w4L,0
tq10A.jpg,tq10A,rS1D4,0
204if.jpg,204if,204if,1
993DZ.jpg,993DZ,9qwD7,0
KR2AN.jpg,KR2AN,KT2An,0
8NT92.jpg,8NT92,8NFv2,0
1zvtI.jpg,1zvtI,12wtP,0
EWb7A.jpg,EWb7A,CWb7A,0
39zqB.jpg,39zqB,39zmB,0
1R0gn.jpg,1R0gn,1F0gn,0
6hv4k.jpg,6hv4k,6hv4k,1
KTx39.jpg,KTx39,A7v39,0
oX1ZX.jpg,oX1ZX,0r1Zx,0
P26Xv.jpg,P26Xv,Ba6KV,0
a3w7w.jpg,a3w7w,dlG7M,0
5t0co.jpg,5t0co,5fUza,0
Yzg93.jpg,Yzg93,YZu93,0
o8uP8.jpg,o8uP8,oAiF3,0
2b7M8.jpg,2b7M8,2bTM6,0
nB9Tl.jpg,nB9Tl,nB9Tl,1
2DSgL.jpg,2DSgL,2BSgt,0
caNgu.jpg,caNgu,CjN2u,0
KzJX8.jpg,KzJX8,xfJA8,0
z4Kl2.jpg,z4Kl2,x4KI2,0
Bp0Cu.jpg,Bp0Cu,Bp4Cu,0
869WO.jpg,869WO,8h9WC,0
7stEt.jpg,7stEt,7s0Ht,0
z3E48.jpg,z3E48,z3E48,1
97Awd.jpg,97Awd,97AvJ,0
O78Sf.jpg,O78Sf,wn8Sf,0
fVNCk.jpg,fVNCk,fUMCk,0
S8exM.jpg,S8exM,SBCXN,0
rEbBo.jpg,rEbBo,iXbR0,0
bbWn1.jpg,bbWn1,GbKr3,0
1KTUU.jpg,1KTUU,4KTc0,0
VZJ9F.jpg,VZJ9F,U2J9B,0
65qca.jpg,65qca,65qca,1
mp1uv.jpg,mp1uv,mP1zv,0
Z779W.jpg,Z779W,rl76H,0
ow051.jpg,ow051,oNn51,0
58Nx1.jpg,58Nx1,5PNX1,0
JRKxx.jpg,JRKxx,JRkox,0
aQnQo.jpg,aQnQo,4LFD9,0
Xnmx2.jpg,Xnmx2,Kpus9,0
XO9tS.jpg,XO9tS,K07I5,0
LzhRP.jpg,LzhRP,Le0RV,0
lA6sX.jpg,lA6sX,lAPsX,0
f1j1K.jpg,f1j1K,fYq1K,0
Ixd06.jpg,Ixd06,1X405,0
naGNo.jpg,naGNo,mJGNo,0
w8c6U.jpg,w8c6U,m3r6U,0
14n68.jpg,14n68,14mC8,0
03BO1.jpg,03BO1,03EW1,0
M13mx.jpg,M13mx,M13mf,0
bO5en.jpg,bO5en,bY5gm,0
w6DGu.jpg,w6DGu,K5DC1,0
VpV40.jpg,VpV40,PjW40,0
6yMmY.jpg,6yMmY,6gAiY,0
hTiND.jpg,hTiND,5TiK0,0
Tk27T.jpg,Tk27T,TK27J,0
93vjp.jpg,93vjp,G3wip,0
S10ot.jpg,S10ot,51QRE,0
6X5t4.jpg,6X5t4,6K5f4,0
qxy37.jpg,qxy37,pKu37,0
4roFG.jpg,4roFG,4roPG,0
J242D.jpg,J242D,J347D,0
LV2mA.jpg,LV2mA,IV2mA,0
IPn96.jpg,IPn96,Ipn76,0
ii841.jpg,ii841,Fj641,0
I0t4r.jpg,I0t4r,I0v4m,0
H3oPX.jpg,H3oPX,U9cPX,0
57h37.jpg,57h37,5vh37,0
8wBm9.jpg,8wBm9,81AM9,0
7mr5u.jpg,7mr5u,7mp5a,0
oAuHt.jpg,oAuHt,6ZuHt,0
8E9pV.jpg,8E9pV,8E4pV,0
EIcU5.jpg,EIcU5,RipU3,0
xzwE9.jpg,xzwE9,XzwE9,0
QDiRv.jpg,QDiRv,03jRv,0
4h957.jpg,4h957,4hVE7,0
rFLgv.jpg,rFLgv,zELgV,0
eUO23.jpg,eUO23,cUQ23,0
wAJgc.jpg,wAJgc,wAJgC,0
848eO.jpg,848eO,K19e0,0
5H5Lv.jpg,5H5Lv,fH8CX,0
Zin4c.jpg,Zin4c,2in3C,0
kE1oK.jpg,kE1oK,YE7oR,0
5xDEs.jpg,5xDEs,4XmEs,0
9j6is.jpg,9j6is,4jGY3,0
cLp0M.jpg,cLp0M,cIp0A,0
LB45j.jpg,LB45j,LB43j,0
1CPgG.jpg,1CPgG,1mPgG,0
h7xZr.jpg,h7xZr,h7xZr,1
959dF.jpg,959dF,n5VdF,0
xbB30.jpg,xbB30,K5830,0
66111.jpg,66111,6PlXH,0
quw50.jpg,quw50,csmZA,0
1b6vd.jpg,1b6vd,1b6wd,0
8g6mv.jpg,8g6mv,8JLms,0
lHH4z.jpg,lHH4z,lKV4z,0
66v9y.jpg,66v9y,6Qr3y,0
bXved.jpg,bXved,bKmcd,0
2VX1w.jpg,2VX1w,2VX1m,0
Ufgdn.jpg,Ufgdn,Uf9dn,0
cBY98.jpg,cBY98,jBYo3,0
ZwDqn.jpg,ZwDqn,KwD7r,0
zlxFm.jpg,zlxFm,zl8Fm,0
LVuPI.jpg,LVuPI,kVnPf,0
pscyS.jpg,pscyS,bArVS,0
23JFD.jpg,23JFD,2vJF0,0
0Vk91.jpg,0Vk91,0VE91,0
yTU0Q.jpg,yTU0Q,xTB6Q,0
eHRju.jpg,eHRju,eHmju,0
4B5J3.jpg,4B5J3,4B5T3,0
Ln27s.jpg,Ln27s,Cn07s,0
6T36Q.jpg,6T36Q,6T3p0,0
gymNf.jpg,gymNf,9ymNF,0
22ie4.jpg,22ie4,B7ic4,0
38rv1.jpg,38rv1,26ryY,0
DTpM2.jpg,DTpM2,DS6M2,0
Zy4Z5.jpg,Zy4Z5,PV4L5,0
w2ZGB.jpg,w2ZGB,M3lCB,0
TFWyj.jpg,TFWyj,TPMai,0
riTpP.jpg,riTpP,9i3eP,0
F493U.jpg,F493U,F49xU,0
2p9r5.jpg,2p9r5,2pWr5,0
z5dOx.jpg,z5dOx,45PGX,0
5e9gt.jpg,5e9gt,5e9al,0
zYQJY.jpg,zYQJY,ak0Jh,0
NGmQg.jpg,NGmQg,NEvQg,0
Vfo7l.jpg,Vfo7l,Vf6ZL,0
7M2z5.jpg,7M2z5,TM3Z5,0
o3Ay1.jpg,o3Ay1,c2Ay1,0
YT24l.jpg,YT24l,Ykz4b,0
7eCDY.jpg,7eCDY,kaCDY,0
6RG4S.jpg,6RG4S,6AC43,0
0mk16.jpg,0mk16,0mK15,0
KeTse.jpg,KeTse,Kp13c,0
FD2bz.jpg,FD2bz,FQ3be,0
HUdxL.jpg,HUdxL,FUqx1,0
y2leL.jpg,y2leL,y2lcK,0
zFoVL.jpg,zFoVL,zFoVL,1
1fahO.jpg,1fahO,XfahO,0
SKlnt.jpg,SKlnt,9KjmT,0
W6Mtj.jpg,W6Mtj,36Nvj,0
y3O23.jpg,y3O23,Vz0r8,0
0X5G8.jpg,0X5G8,0Mby8,0
f21z9.jpg,f21z9,f21m9,0
1wd8A.jpg,1wd8A,1md8A,0
0o8P0.jpg,0o8P0,Az3F0,0
9iz52.jpg,9iz52,91w52,0
4Gj2E.jpg,4Gj2E,4cjzB,0
4hlyT.jpg,4hlyT,4KtvT,0
8YI0A.jpg,8YI0A,3VfDA,0
4j3Xu.jpg,4j3Xu,Qj3KU,0
XBix6.jpg,XBix6,7B1N6,0
avw3q.jpg,avw3q,aVW3f,0
AYt0R.jpg,AYt0R,AYsjR,0
5K0aX.jpg,5K0aX,hGraX,0
xCDU4.jpg,xCDU4,XCPU4,0
49AMs.jpg,49AMs,19nMs,0
87QsB.jpg,87QsB,a70sB,0
3K5uC.jpg,3K5uC,375u0,0
d5g6T.jpg,d5g6T,dSy67,0
o2Y4w.jpg,o2Y4w,02Yhw,0
P4yyO.jpg,P4yyO,F4k90,0
Ks3af.jpg,Ks3af,Hs2af,0
fi740.jpg,fi740,fL740,0
rQSCa.jpg,rQSCa,FRSC2,0
YnH3h.jpg,YnH3h,XmH2b,0
tJM35.jpg,tJM35,tJMsp,0
6Rg56.jpg,6Rg56,gHn56,0
v8sFk.jpg,v8sFk,VdSFK,0
tQ44Z.jpg,tQ44Z,VQqsy,0
VW8xZ.jpg,VW8xZ,Um8o7,0
0mbNV.jpg,0mbNV,CrbAU,0
UybN7.jpg,UybN7,UY5mZ,0
4mfL3.jpg,4mfL3,4mfV3,0
zh8zC.jpg,zh8zC,zXH9C,0
K1ALK.jpg,K1ALK,E10ZW,0
7mW2u.jpg,7mW2u,7mV2q,0
0GI6p.jpg,0GI6p,0XI6P,0
a23QU.jpg,a23QU,mZ3CH,0
6i2P7.jpg,6i2P7,6i2P7,1
34QED.jpg,34QED,34QED,1
jG2ff.jpg,jG2ff,NG2nj,0
8H55U.jpg,8H55U,8T5cU,0
zPV66.jpg,zPV66,zFUC8,0
ofet9.jpg,ofet9,ofZYS,0
M45t1.jpg,M45t1,M45Cj,0
IRt1Y.jpg,IRt1Y,gBt1Y,0
TW0GC.jpg,TW0GC,7W9Gt,0
34XMq.jpg,34XMq,34XMq,1
wPq3V.jpg,wPq3V,jPqAY,0
07PtW.jpg,07PtW,07StH,0
h6G06.jpg,h6G06,hAC06,0
cp9K3.jpg,cp9K3,OpWK3,0
eXMm1.jpg,eXMm1,eXMn1,0
axiOt.jpg,axiOt,aXjmt,0
JD2yi.jpg,JD2yi,JD2gi,0
BV620.jpg,BV620,BN620,0
k1QkS.jpg,k1QkS,4v0k3,0
q0UK0.jpg,q0UK0,3mUK0,0
3r8CJ.jpg,3r8CJ,3rRWd,0
qCPqF.jpg,qCPqF,gC2wE,0
JahE9.jpg,JahE9,Qa1E9,0
2ZNlm.jpg,2ZNlm,5ZA1u,0
5LGo2.jpg,5LGo2,5NG02,0
U8U93.jpg,U8U93,ujQT3,0
VH84l.jpg,VH84l,VJ64l,0
y6i15.jpg,y6i15,u6jT5,0
2D3qR.jpg,2D3qR,2D3qK,0
h91rQ.jpg,h91rQ,h9TrO,0
4sYdj.jpg,4sYdj,43V0i,0
5eupT.jpg,5eupT,5ru7N,0
8nv8b.jpg,8nv8b,8mVqk,0
R8G45.jpg,R8G45,X8G15,0
48Pqi.jpg,48Pqi,48Pqj,0
66RT1.jpg,66RT1,sqKT1,0
uXp56.jpg,uXp56,uKD50,0
Ne83k.jpg,Ne83k,TcB3k,0
7R30B.jpg,7R30B,7Ks0B,0
nVEG8.jpg,nVEG8,nVFG8,0
in25A.jpg,in25A,iw234,0
hsVT1.jpg,hsVT1,bzVTr,0
4gu1m.jpg,4gu1m,4gyIm,0
uDYl2.jpg,uDYl2,uDYl2,1
f2rgT.jpg,f2rgT,f2vgT,0
9gkON.jpg,9gkON,TzkQN,0
qHKkA.jpg,qHKkA,cHWkA,0
26DkW.jpg,26DkW,26DkM,0
xbHS1.jpg,xbHS1,xbP31,0
MHKF3.jpg,MHKF3,01kFs,0
b0IIe.jpg,b0IIe,b0YLc,0
AK51R.jpg,AK51R,AH51R,0
uj783.jpg,uj783,ui783,0
h2XxA.jpg,h2XxA,bOxuA,0
4ydaa.jpg,4ydaa,4yTmE,0
OeD5L.jpg,OeD5L,QaD3I,0
PZkVN.jpg,PZkVN,D7KVN,0
P2W3h.jpg,P2W3h,FZw3h,0
oe6P1.jpg,oe6P1,0w6P1,0
426Md.jpg,426Md,426Ad,0
32jCe.jpg,32jCe,32hCe,0
d09I1.jpg,d09I1,d0Sr1,0
69j5q.jpg,69j5q,6913m,0
7FWkT.jpg,7FWkT,7FWKT,0
q33vc.jpg,q33vc,K43VE,0
HGI7d.jpg,HGI7d,HCt7a,0
oib6f.jpg,oib6f,aib8f,0
R3KZF.jpg,R3KZF,B3kZf,0
2IpPO.jpg,2IpPO,2InBC,0
SV74n.jpg,SV74n,SM74n,0
7xtPk.jpg,7xtPk,7XtDk,0
Rh8vQ.jpg,Rh8vQ,Fh8vQ,0
U4e2i.jpg,U4e2i,U4e2j,0
AGc85.jpg,AGc85,4Gc35,0
g1pzc.jpg,g1pzc,g1pXc,0
kZl84.jpg,kZl84,KZI84,0
gpnPn.jpg,gpnPn,gV52n,0
XtvA4.jpg,XtvA4,KLvB4,0
WcDH0.jpg,WcDH0,WcP10,0
0Kryu.jpg,0Kryu,0KfYu,0
m0m61.jpg,m0m61,m0A51,0
pU4H3.jpg,pU4H3,vU4K3,0
67fuS.jpg,67fuS,67fuN,0
30eKD.jpg,30eKD,10eHD,0
6S23C.jpg,6S23C,6sZ3U,0
We9ne.jpg,We9ne,WZ9nc,0
R75CW.jpg,R75CW,B7sCM,0
l01ek.jpg,l01ek,D03ek,0
Zpg8W.jpg,Zpg8W,Zp0SW,0
S9i33.jpg,S9i33,NgrM3,0
75Bu6.jpg,75Bu6,75Pu6,0
MapRL.jpg,MapRL,AaP5I,0
hb8lg.jpg,hb8lg,hE8Og,0
1i488.jpg,1i488,Tr46a,0
9lHqc.jpg,9lHqc,31HgC,0
Ljh6w.jpg,Ljh6w,Ljh5W,0
G20K5.jpg,G20K5,t20K5,0
arz2K.jpg,arz2K,Qrz2H,0
3eCP5.jpg,3eCP5,3eGM5,0
ntt0c.jpg,ntt0c,wtj0C,0
3lo1l.jpg,3lo1l,2LcT4,0
iibJ9.jpg,iibJ9,imbY9,0
24R85.jpg,24R85,24K65,0
7NSno.jpg,7NSno,7NSko,0
l5i5q.jpg,l5i5q,lmH50,0
1teYU.jpg,1teYU,jtcyb,0
5f6PH.jpg,5f6PH,3t0DM,0
1onnL.jpg,1onnL,1Qsy3,0
B7Wck.jpg,B7Wck,B7WCK,0
T1jt3.jpg,T1jt3,T1wc3,0
gqa1p.jpg,gqa1p,Kqa1p,0
CP4wf.jpg,CP4wf,0P4Mf,0
539CM.jpg,539CM,549CM,0
LcahI.jpg,LcahI,Xcah1,0
z6USP.jpg,z6USP,26U3P,0
Gv1OZ.jpg,Gv1OZ,6v1O2,0
RZ361.jpg,RZ361,BZ361,0
k15p8.jpg,k15p8,k1xp8,0
6EI21.jpg,6EI21,6SI2y,0
h8sv6.jpg,h8sv6,b8sVG,0
0sB3V.jpg,0sB3V,0sB3V,1
YlF1j.jpg,YlF1j,wzP19,0
99WKu.jpg,99WKu,Z9Wku,0
TMRkB.jpg,TMRkB,OYGkB,0
eHTgc.jpg,eHTgc,0HTjc,0
ZK78c.jpg,ZK78c,2H18c,0
4tO7e.jpg,4tO7e,4iC7e,0
gG4Go.jpg,gG4Go,gC4Ko,0
Fmtos.jpg,Fmtos,PWto3,0
2y499.jpg,2y499,2yA9T,0
p7hg9.jpg,p7hg9,D7Hw9,0
vlbA1.jpg,vlbA1,vG5A1,0
JfUp7.jpg,JfUp7,JtUn7,0
XIEoz.jpg,XIEoz,XIB0z,0
Ixpb6.jpg,Ixpb6,IXpD6,0
cyqKd.jpg,cyqKd,CYqKd,0
mmSCP.jpg,mmSCP,zmSCP,0
LcV26.jpg,LcV26,hcY26,0
89Rm5.jpg,89Rm5,z9Km5,0
nOJ1o.jpg,nOJ1o,nO719,0
rvE2F.jpg,rvE2F,myD2H,0
L5Nis.jpg,L5Nis,L5Njx,0
O32Al.jpg,O32Al,u32Al,0
NPFkY.jpg,NPFkY,MpakY,0
eg93h.jpg,eg93h,ey93h,0
BJpOa.jpg,BJpOa,BIpCa,0
txroC.jpg,txroC,tXjgC,0
HAT15.jpg,HAT15,KAT1s,0
8sJ2j.jpg,8sJ2j,8sm21,0
79vFn.jpg,79vFn,Z9VFm,0
aGaZC.jpg,aGaZC,0TNZc,0
29YnG.jpg,29YnG,29YnC,0
HpV2W.jpg,HpV2W,HpVZ6,0
1EPVX.jpg,1EPVX,1EPVX,1
39NWZ.jpg,39NWZ,3OMwZ,0
ytMAg.jpg,ytMAg,YtU4G,0
50K4n.jpg,50K4n,50K1n,0
Bdi54.jpg,Bdi54,BdI34,0
0eKY3.jpg,0eKY3,0eKy3,0
6893t.jpg,6893t,6893r,0
V20h1.jpg,V20h1,VZ0h3,0
1cCR9.jpg,1cCR9,1eCR9,0
0J42E.jpg,0J42E,0J42B,0
M6nl6.jpg,M6nl6,MBaI6,0
CD9p8.jpg,CD9p8,CD9m3,0
5t3FA.jpg,5t3FA,5t3PA,0
5S6XJ.jpg,5S6XJ,5g6K1,0
bzH4f.jpg,bzH4f,DzN4f,0
1Klf7.jpg,1Klf7,sKlP7,0
ohDQ0.jpg,ohDQ0,3hrQ0,0
9354m.jpg,9354m,93b4m,0
yB66s.jpg,yB66s,yBG93,0
V74Sr.jpg,V74Sr,U74Sr,0
afno3.jpg,afno3,VFmc3,0
0PEqh.jpg,0PEqh,0PEa1,0
v628q.jpg,v628q,vbZ3q,0
g017b.jpg,g017b,g037b,0
Z8EX8.jpg,Z8EX8,zjEK8,0
F7434.jpg,F7434,E7M30,0
qXaW7.jpg,qXaW7,GKaw7,0
Wxhva.jpg,Wxhva,0sLy2,0
Hf4Jn.jpg,Hf4Jn,HfZJn,0
1Gvwh.jpg,1Gvwh,IX8wh,0
P6yzf.jpg,P6yzf,PGy3f,0
9fOE7.jpg,9fOE7,9fmEY,0
Y0L2J.jpg,Y0L2J,T0L2J,0
iIknN.jpg,iIknN,4f2nN,0
D24Wi.jpg,D24Wi,D2Awi,0
0Pi2T.jpg,0Pi2T,0Bi2T,0
P911k.jpg,P911k,F01Jk,0
Xjpkg.jpg,Xjpkg,XNPEu,0
s0K29.jpg,s0K29,s0H29,0
3kTjr.jpg,3kTjr,3kTQe,0
nub28.jpg,nub28,nVb28,0
IT33E.jpg,IT33E,hTa2E,0
AKrtv.jpg,AKrtv,AKrOV,0
Rr271.jpg,Rr271,Gr2u1,0
G9Fx4.jpg,G9Fx4,C9FX4,0
0oP0A.jpg,0oP0A,TqBLA,0
9YF7o.jpg,9YF7o,9VE7u,0
20bLT.jpg,20bLT,20hLY,0
lH2Dn.jpg,lH2Dn,lKzOn,0
56mhz.jpg,56mhz,56mh2,0
8VLpu.jpg,8VLpu,3MLpu,0
jEW7W.jpg,jEW7W,je97W,0
v3aLh.jpg,v3aLh,w3aLH,0
Py79s.jpg,Py79s,Py79x,0
0BK90.jpg,0BK90,9Br7n,0
ZPuk4.jpg,ZPuk4,2FuK4,0
iNnE2.jpg,iNnE2,jHnE2,0
zykCa.jpg,zykCa,zVHCa,0
l65xd.jpg,l65xd,165xQ,0
esX67.jpg,esX67,esX57,0
c1XV7.jpg,c1XV7,6iKU7,0
awYa8.jpg,awYa8,zkIA3,0
g9J97.jpg,g9J97,gmJ97,0
d18Kg.jpg,d18Kg,u13K9,0
4ce3j.jpg,4ce3j,4Ge3I,0
S0UNX.jpg,S0UNX,50UnX,0
u6zSq.jpg,u6zSq,U6Z3q,0
oZSa0.jpg,oZSa0,gZSHO,0
CTF4i.jpg,CTF4i,CTB4i,0
vq8Qc.jpg,vq8Qc,Vq3Cj,0
b6oL8.jpg,b6oL8,bGoT3,0
uQ5k6.jpg,uQ5k6,vQ3Z6,0
72bLk.jpg,72bLk,72bCK,0
7XDMJ.jpg,7XDMJ,76DHd,0
9Qpxt.jpg,9Qpxt,9CpX1,0
2Bx03.jpg,2Bx03,7BX03,0
VE75O.jpg,VE75O,Wr750,0
JxT3g.jpg,JxT3g,JkE3o,0
XxUFs.jpg,XxUFs,KwUP5,0
H9Upy.jpg,H9Upy,K5Unv,0
Cir05.jpg,Cir05,Cin05,0
SD9PT.jpg,SD9PT,xb5F1,0
MWwTY.jpg,MWwTY,AQeFY,0
QE5iv.jpg,QE5iv,OE5iv,0
5AHoC.jpg,5AHoC,5AVoC,0
mYPSI.jpg,mYPSI,mVFS4,0
9Zd1w.jpg,9Zd1w,9Zd1m,0
z577y.jpg,z577y,a5Q7v,0
ddl7c.jpg,ddl7c,JBi7S,0
CU0wN.jpg,CU0wN,CU0vA,0
vux5v.jpg,vux5v,imX5V,0
yL8zG.jpg,yL8zG,Vl3ZC,0
F7aG0.jpg,F7aG0,E7eG0,0
4r9CU.jpg,4r9CU,4F9Cu,0
wpeLF.jpg,wpeLF,wpcLk,0
64ZAj.jpg,64ZAj,o42Aj,0
qgoW0.jpg,qgoW0,gjsM0,0
jwp64.jpg,jwp64,jwp64,1
m7oCG.jpg,m7oCG,W3aCS,0
NfXlj.jpg,NfXlj,HfX1j,0
eV0B9.jpg,eV0B9,aVjB9,0
968FC.jpg,968FC,968F4,0
47pz5.jpg,47pz5,47px5,0
fwB17.jpg,fwB17,tuB10,0
l9AUE.jpg,l9AUE,i94UE,0
PT2Oo.jpg,PT2Oo,F12j0,0
LEg9Z.jpg,LEg9Z,1SdwZ,0
2241x.jpg,2241x,D2qIK,0
xH1Vl.jpg,xH1Vl,xA6VI,0
9HC38.jpg,9HC38,9mC3B,0
Y992Z.jpg,Y992Z,TQ5pE,0
2l625.jpg,2l625,2ieN5,0
B77XR.jpg,B77XR,GZJxA,0
R5F5X.jpg,R5F5X,RjISX,0
Ys13C.jpg,Ys13C,Vsf3C,0
U02AO.jpg,U02AO,UT24O,0
Z0xji.jpg,Z0xji,Z0Xji,0
rzJup.jpg,rzJup,WzJup,0
0204u.jpg,0204u,02p4u,0
YGK7n.jpg,YGK7n,V6H7a,0
bSTKs.jpg,bSTKs,bS1K0,0
cSXg9.jpg,cSXg9,zSkQ9,0
D2tch.jpg,D2tch,D2tcb,0
PygK2.jpg,PygK2,P0gHZ,0
5nR8m.jpg,5nR8m,5qC8m,0
OTs8K.jpg,OTs8K,O1s8K,0
1Au9j.jpg,1Au9j,1Au9Z,0
K5Lx1.jpg,K5Lx1,Q5hX1,0
Ek1qc.jpg,Ek1qc,Dh7qe,0
52QKT.jpg,52QKT,5zQKT,0
JUFhq.jpg,JUFhq,JUrhg,0
5A6d2.jpg,5A6d2,5jDd2,0
a7T6U.jpg,a7T6U,a7P6U,0
43iE1.jpg,43iE1,43i6y,0
A48Fv.jpg,A48Fv,AJ8Fv,0
W2W4S.jpg,W2W4S,WJk4S,0
g41GA.jpg,g41GA,g41CA,0
VLiK9.jpg,VLiK9,VLrAo,0
C517F.jpg,C517F,Cs1ZF,0
b2ck5.jpg,b2ck5,b2rkA,0
zZw4i.jpg,zZw4i,rZW4i,0
hTooq.jpg,hTooq,hX2cq,0
dupd5.jpg,dupd5,aVPQ3,0
vEPG4.jpg,vEPG4,uB2G4,0
Vpi9r.jpg,Vpi9r,VBi3r,0
Cq9NA.jpg,Cq9NA,Cq9Hj,0
YPhX3.jpg,YPhX3,YPjk4,0
GfL0B.jpg,GfL0B,mfY9B,0
j6ngO.jpg,j6ngO,j6ng0,0
wU6Ue.jpg,wU6Ue,wT6Le,0
Lhu6c.jpg,Lhu6c,lNu8c,0
1KYE4.jpg,1KYE4,3H7c4,0
bAM60.jpg,bAM60,bAY60,0
QW5Cb.jpg,QW5Cb,QV3cb,0
v5eDf.jpg,v5eDf,vHaDf,0
auJu1.jpg,auJu1,eGYV1,0
lwn9d.jpg,lwn9d,Iwn9d,0
i0k9F.jpg,i0k9F,1wK9p,0
5q0AK.jpg,5q0AK,5g0AK,0
LR808.jpg,LR808,LK8u2,0
NS1B3.jpg,NS1B3,Ms1Bz,0
DFD4T.jpg,DFD4T,LED4T,0
o3yd9.jpg,o3yd9,C3ydP,0
cYj16.jpg,cYj16,cXj15,0
7BiJ1.jpg,7BiJ1,7BwJ1,0
SzZhc.jpg,SzZhc,SxZhC,0
TKTM3.jpg,TKTM3,TxGM2,0
Bd5Ep.jpg,Bd5Ep,Bd5E7,0
klPq3.jpg,klPq3,KUDG3,0
7zb5R.jpg,7zb5R,VzbSR,0
xFtK5.jpg,xFtK5,xPtK5,0
07MyA.jpg,07MyA,971yA,0
LH5LC.jpg,LH5LC,LH2fC,0
7C48u.jpg,7C48u,7C43U,0
HqG5p.jpg,HqG5p,1yC5P,0
U4n50.jpg,U4n50,L4m50,0
A8Nnc.jpg,A8Nnc,AkYwc,0
r1XT7.jpg,r1XT7,n1vt7,0
U66df.jpg,U66df,U6Rdf,0
905e5.jpg,905e5,y03c5,0
3ho95.jpg,3ho95,3hv95,0
EI2OU.jpg,EI2OU,n120u,0
ZZy97.jpg,ZZy97,ZAu8T,0
TD754.jpg,TD754,Iw754,0
H9921.jpg,H9921,HQ921,0
OCK7h.jpg,OCK7h,0pK7h,0
m89xk.jpg,m89xk,m87zk,0
9QR8i.jpg,9QR8i,9CK8i,0
ww5Iy.jpg,ww5Iy,MQ3ly,0
9YFnR.jpg,9YFnR,9JFn8,0
K8rO6.jpg,K8rO6,K8vD6,0
ZITGj.jpg,ZITGj,2JT0j,0
lEw1X.jpg,lEw1X,lEw7X,0
Ek8z9.jpg,Ek8z9,EhQ29,0
Tvn1Y.jpg,Tvn1Y,fxh2X,0
1w7aq.jpg,1w7aq,1K7b0,0
8vurJ.jpg,8vurJ,8bJrL,0
fGdm2.jpg,fGdm2,fGdm2,1
OaZBz.jpg,OaZBz,OqZBx,0
itcCO.jpg,itcCO,it3Cm,0
77tD5.jpg,77tD5,zXuD5,0
sNyo0.jpg,sNyo0,sHyoD,0
cq7A5.jpg,cq7A5,cq7A5,1
9vBJ2.jpg,9vBJ2,svBT2,0
Hez97.jpg,Hez97,Hex97,0
QHN6g.jpg,QHN6g,QHM6g,0
aU6Ii.jpg,aU6Ii,3U5Ti,0
0nTlk.jpg,0nTlk,04TLK,0
RvkRv.jpg,RvkRv,PQkRv,0
rFF3g.jpg,rFF3g,rNP3q,0
7qT35.jpg,7qT35,7QL25,0
174CY.jpg,174CY,p74CY,0
B757w.jpg,B757w,875CW,0
Y707x.jpg,Y707x,Yi07x,0
q4Z1k.jpg,q4Z1k,q4z1K,0
Mwu42.jpg,Mwu42,Nmb42,0
6V8d3.jpg,6V8d3,GV8r3,0
633KX.jpg,633KX,0JjHK,0
17J2Z.jpg,17J2Z,1nW2E,0
hxg6e.jpg,hxg6e,hKy6o,0
ty8rl.jpg,ty8rl,tV6ml,0
R6XV4.jpg,R6XV4,F6XV4,0
Q7TuK.jpg,Q7TuK,C2TaK,0
KudkO.jpg,KudkO,RpgZC,0
Kma9e.jpg,Kma9e,KAa9t,0
q1L4Q.jpg,q1L4Q,gIB4Q,0
o92G9.jpg,o92G9,cNxL9,0
8KCo6.jpg,8KCo6,8U1u5,0
9Saw6.jpg,9Saw6,9SaM6,0
VioKP.jpg,VioKP,UiaK2,0
nmrw6.jpg,nmrw6,nGFV8,0
f4vT3.jpg,f4vT3,p4w73,0
P4f9T.jpg,P4f9T,P4fSy,0
U6Vhc.jpg,U6Vhc,D6xbc,0
PGHf8.jpg,PGHf8,2G4f8,0
k5idO.jpg,k5idO,K5jaC,0
t1qU5.jpg,t1qU5,t1gU5,0
GELZs.jpg,GELZs,GVlZs,0
1BGmt.jpg,1BGmt,15Cmt,0
OszDZ.jpg,OszDZ,GSaD2,0
naH08.jpg,naH08,qiW28,0
DjbCd.jpg,DjbCd,Dj6Tq,0
96flu.jpg,96flu,9GXlu,0
cX756.jpg,cX756,EK7g6,0
7bYLY.jpg,7bYLY,7bSAY,0
kauPx.jpg,kauPx,L6m2X,0
80Gl0.jpg,80Gl0,3AGI0,0
UI73Z.jpg,UI73Z,Uln3Z,0
OY1Fk.jpg,OY1Fk,0y1FM,0
m7zTt.jpg,m7zTt,m7eR6,0
F914r.jpg,F914r,F314R,0
4sMCC.jpg,4sMCC,72MGP,0
0le5z.jpg,0le5z,0Tc3Z,0
nN2kg.jpg,nN2kg,vV2Eg,0
wDvLL.jpg,wDvLL,mDV6Z,0
K6PzF.jpg,K6PzF,K6C2F,0
8f6I5.jpg,8f6I5,8f6Y5,0
0087W.jpg,0087W,02S7W,0
11Ijb.jpg,11Ijb,1xPj0,0
e8VRR.jpg,e8VRR,cxU7N,0
n095U.jpg,n095U,n095U,1
pRHL2.jpg,pRHL2,pKUY2,0
8CNNz.jpg,8CNNz,BCM4z,0
kQSyc.jpg,kQSyc,HQSyc,0
7cQp7.jpg,7cQp7,3cAbV,0
N0954.jpg,N0954,NC9E4,0
3ADpT.jpg,3ADpT,34DpT,0
IHVrL.jpg,IHVrL,jHVrL,0
7312w.jpg,7312w,E31zw,0
j3vbo.jpg,j3vbo,j3v5m,0
vOpu2.jpg,vOpu2,VQcu2,0
4LVBO.jpg,4LVBO,4iVpQ,0
y09Ds.jpg,y09Ds,y0XFs,0
n5192.jpg,n5192,m51O2,0
5kC65.jpg,5kC65,2HC6B,0
neZkC.jpg,neZkC,me2KC,0
b1fdP.jpg,b1fdP,53fqR,0
2pV8C.jpg,2pV8C,2hVRC,0
5ZF24.jpg,5ZF24,bLF24,0
Qkbg2.jpg,Qkbg2,0Hbg2,0
KBnw0.jpg,KBnw0,KBn20,0
UJb7t.jpg,UJb7t,UJb7s,0
6ogNx.jpg,6ogNx,6a2Hr,0
8J78w.jpg,8J78w,SJ76W,0
cwD22.jpg,cwD22,cuDj2,0
PB5rE.jpg,PB5rE,PW5rH,0
0ePX5.jpg,0ePX5,0aFK3,0
kQJU4.jpg,kQJU4,KcTU4,0
g38B9.jpg,g38B9,gT8BO,0
y2f3U.jpg,y2f3U,Y2f30,0
k4VXm.jpg,k4VXm,kf9Xm,0
7MZ7v.jpg,7MZ7v,5MZTs,0
X496J.jpg,X496J,K496J,0
0Uose.jpg,0Uose,0H2xe,0
UGKtD.jpg,UGKtD,u7Kfp,0
TIkl4.jpg,TIkl4,Tpsi4,0
of8ZS.jpg,of8ZS,ufA7S,0
a08VJ.jpg,a08VJ,nC2VJ,0
04t1z.jpg,04t1z,04tjZ,0
jimRD.jpg,jimRD,i4mAD,0
h6s8F.jpg,h6s8F,h6v3F,0
qWnWV.jpg,qWnWV,qWpBl,0
omb1d.jpg,omb1d,Cmb1d,0
yf81I.jpg,yf81I,uZ8rV,0
ePJAs.jpg,ePJAs,oFJAs,0
VGvIh.jpg,VGvIh,YGyf5,0
1YnM0.jpg,1YnM0,1ynM0,0
mowo1.jpg,mowo1,PZyo1,0
LISqV.jpg,LISqV,Lf3qM,0
rho5K.jpg,rho5K,rh05X,0
M504C.jpg,M504C,M504C,1
pjXqd.jpg,pjXqd,PjKod,0
O54JN.jpg,O54JN,05zIA,0
4ljpL.jpg,4ljpL,4YjwL,0
j46Na.jpg,j46Na,J4CW2,0
1B9gw.jpg,1B9gw,1B9gW,0
DpXGh.jpg,DpXGh,DpXfh,0
VpeVo.jpg,VpeVo,Vpe3A,0
qXHks.jpg,qXHks,G2Hk5,0
qgTB3.jpg,qgTB3,uyLB3,0
V4tU8.jpg,V4tU8,Y4rU3,0
zx1bk.jpg,zx1bk,7x9bk,0
8L6Ws.jpg,8L6Ws,8L6Ks,0
um01P.jpg,um01P,vm01F,0
9xuqf.jpg,9xuqf,9xunf,0
QVAwf.jpg,QVAwf,23pWE,0
x7KyO.jpg,x7KyO,x7Ejo,0
IxGBX.jpg,IxGBX,lvCBX,0
VY0T6.jpg,VY0T6,MYnF5,0
PP54x.jpg,PP54x,pT54x,0
3cK8H.jpg,3cK8H,3ckaH,0
tv5dV.jpg,tv5dV,tj5dV,0
x4RJ7.jpg,x4RJ7,v4RJZ,0
5PX35.jpg,5PX35,oPw37,0
2Ir3i.jpg,2Ir3i,2WcSi,0
98aR1.jpg,98aR1,9CaA1,0
N0L4Z.jpg,N0L4Z,Mo147,0
Hk4T4.jpg,Hk4T4,HB3T4,0
dOdXD.jpg,dOdXD,dQmKB,0
agc5F.jpg,agc5F,a9c5F,0
MCj90.jpg,MCj90,MCjy0,0
1qoCi.jpg,1qoCi,1qoPx,0
b3512.jpg,b3512,L3em2,0
M7CA6.jpg,M7CA6,M1DA6,0
l5RZv.jpg,l5RZv,t5B2V,0
7cV5a.jpg,7cV5a,7cH5a,0
KPY0R.jpg,KPY0R,Hzy08,0
PSEU5.jpg,PSEU5,2aCU5,0
Hyxhe.jpg,Hyxhe,Fy3hc,0
24pYz.jpg,24pYz,24pTz,0
10hE3.jpg,10hE3,I0NE2,0
p0X56.jpg,p0X56,P0K36,0
qwGj4.jpg,qwGj4,gKCI4,0
1d1B2.jpg,1d1B2,jdYEZ,0
D790D.jpg,D790D,i79uD,0
61eY0.jpg,61eY0,R1cV0,0
hwhL5.jpg,hwhL5,nwkUS,0
1P2F9.jpg,1P2F9,1P2k9,0
5eqJk.jpg,5eqJk,5CqJK,0
435cG.jpg,435cG,435pC,0
439Up.jpg,439Up,4x9Lp,0
9s4xS.jpg,9s4xS,9u1xS,0
3b81b.jpg,3b81b,Ym81b,0
1wul1.jpg,1wul1,4Wa2L,0
jTUUx.jpg,jTUUx,jTDdx,0
QY7A9.jpg,QY7A9,QYzA5,0
80bK0.jpg,80bK0,30pA7,0
1XoBa.jpg,1XoBa,1KCBa,0
M73H6.jpg,M73H6,m73V6,0
af7LZ.jpg,af7LZ,af9Ux,0
g0x3r.jpg,g0x3r,g0x3H,0
TjLCf.jpg,TjLCf,TjLC8,0
Yp8kI.jpg,Yp8kI,yp3KI,0
eh399.jpg,eh399,cNxP9,0
2Hf1q.jpg,2Hf1q,2Hr10,0
nPMZn.jpg,nPMZn,bPk3m,0
17mYq.jpg,17mYq,17mXq,0
j2742.jpg,j2742,iZv4R,0
rKV2W.jpg,rKV2W,rkO2W,0
uxNEv.jpg,uxNEv,uxNEY,0
8LVMY.jpg,8LVMY,8LwHT,0
bT1b6.jpg,bT1b6,pT16z,0
8n2Z4.jpg,8n2Z4,8m2Z4,0
HBQdt.jpg,HBQdt,A2QaL,0
A0xMd.jpg,A0xMd,70XMc,0
y26Xw.jpg,y26Xw,y26KQ,0
C3Nf0.jpg,C3Nf0,CxWfo,0
s7GG4.jpg,s7GG4,37U64,0
f7z0G.jpg,f7z0G,fW3uG,0
Le5hv.jpg,Le5hv,Ia5hv,0
1654R.jpg,1654R,1o5am,0
12Y12.jpg,12Y12,kAYr2,0
ZOyQk.jpg,ZOyQk,Z0v4K,0
I5Him.jpg,I5Him,15HCm,0
Wey82.jpg,Wey82,VeC82,0
8zT5s.jpg,8zT5s,8zT5s,1
3OXz5.jpg,3OXz5,30Kz5,0
75RSi.jpg,75RSi,7vRSi,0
D5MZc.jpg,D5MZc,03A7c,0
1syHq.jpg,1syHq,13vH0,0
3kQ9H.jpg,3kQ9H,vkQ2T,0
t4wal.jpg,t4wal,r4w0l,0
T4p2A.jpg,T4p2A,Tdp2A,0
wrMyI.jpg,wrMyI,urM9T,0
9gyR9.jpg,9gyR9,9gYK3,0
kDmo5.jpg,kDmo5,HD7a3,0
8w1L2.jpg,8w1L2,8wyLz,0
4008y.jpg,4008y,49DEy,0
pRt14.jpg,pRt14,oKtj4,0
1mOhK.jpg,1mOhK,3mCbK,0
KrvAL.jpg,KrvAL,Kcv4L,0
DcBTV.jpg,DcBTV,Dc2TV,0
o0w72.jpg,o0w72,cDw72,0
JsP0s.jpg,JsP0s,1w20s,0
BuB24.jpg,BuB24,DV924,0
9f8GB.jpg,9f8GB,9f8CB,0
tUPDL.jpg,tUPDL,sNPD1,0
Br5Jy.jpg,Br5Jy,Gr5Ju,0
Qgf11.jpg,Qgf11,0gEjT,0
N7E2z.jpg,N7E2z,K7E2v,0
YaJN3.jpg,YaJN3,YeJA3,0
1x875.jpg,1x875,iv875,0
4a8Gw.jpg,4a8Gw,4AJGw,0
HZFQ8.jpg,HZFQ8,HzEO8,0
W804E.jpg,W804E,V3O4E,0
OHqGq.jpg,OHqGq,OHg82,0
75pjI.jpg,75pjI,zSPjr,0
xmkQB.jpg,xmkQB,xmk9A,0
Njr4x.jpg,Njr4x,Ajrdx,0
466s2.jpg,466s2,46Fv2,0
3Un39.jpg,3Un39,XUm2f,0
95AC0.jpg,95AC0,y3At0,0
ihCs1.jpg,ihCs1,ihCsV,0
LHGH2.jpg,LHGH2,Im6T2,0
4Ibeh.jpg,4Ibeh,4T5cH,0
cTxS7.jpg,cTxS7,cTX57,0
8T1Qt.jpg,8T1Qt,8ThOt,0
m8PjC.jpg,m8PjC,m3PjC,0
3888k.jpg,3888k,28OpK,0
8WF7Z.jpg,8WF7Z,3HEO2,0
5mloE.jpg,5mloE,5m10E,0
0k5pZ.jpg,0k5pZ,0j5pZ,0
kvC1W.jpg,kvC1W,kvG1H,0
eNura.jpg,eNura,cNyra,0
8g0MR.jpg,8g0MR,3q0MP,0
3d51N.jpg,3d51N,zd5YM,0
ahW9p.jpg,ahW9p,aLH9P,0
lYkDP.jpg,lYkDP,IYK02,0
IGKbj.jpg,IGKbj,aGKhj,0
rwo69.jpg,rwo69,FWa69,0
4ws5D.jpg,4ws5D,4Vn5D,0
QVDFK.jpg,QVDFK,XYD5h,0
xVeyJ.jpg,xVeyJ,KU67J,0
2VN5g.jpg,2VN5g,2UjTg,0
3h4b3.jpg,3h4b3,3HvcX,0
kk5tb.jpg,kk5tb,mkSaD,0
N1HJM.jpg,N1HJM,N1Edu,0
76Roj.jpg,76Roj,76Naj,0
kZb6d.jpg,kZb6d,K7b9d,0
72n72.jpg,72n72,72mC4,0
brr46.jpg,brr46,UrY46,0
3236J.jpg,3236J,32q6J,0
XW1w4.jpg,XW1w4,KWIc4,0
3XGR6.jpg,3XGR6,1KQP5,0
t8dxP.jpg,t8dxP,t6qXj,0
3zasP.jpg,3zasP,X7ws2,0
MwePm.jpg,MwePm,MWzFm,0
jWe69.jpg,jWe69,IHa59,0
7yR9U.jpg,7yR9U,7sR9U,0
O51O0.jpg,O51O0,O51m6,0
IgLFs.jpg,IgLFs,jytms,0
Sq0Ds.jpg,Sq0Ds,SZ0ln,0
5k3qb.jpg,5k3qb,5K3Tu,0
06Pgk.jpg,06Pgk,06Pgk,1
Cv2H7.jpg,Cv2H7,Cx2H7,0
f0TG4.jpg,f0TG4,f0Tw4,0
mxvU3.jpg,mxvU3,PxjU3,0
BlWv0.jpg,BlWv0,BIWv9,0
KClDz.jpg,KClDz,HCj8z,0
3nOkx.jpg,3nOkx,JpOK4,0
pn5Fw.jpg,pn5Fw,ph3FV,0
30Opp.jpg,30Opp,3WCPo,0
17N07.jpg,17N07,sFM6f,0
8Io7d.jpg,8Io7d,8ie7Q,0
LeTcu.jpg,LeTcu,L2TSu,0
60b5v.jpg,60b5v,60l5V,0
5M42c.jpg,5M42c,5M42C,0
f3G88.jpg,f3G88,r3GJW,0
O1enM.jpg,O1enM,O4u2W,0
2ERg0.jpg,2ERg0,2EKg0,0
1589B.jpg,1589B,1589B,1
qz317.jpg,qz317,q2B1A,0
8VqQ4.jpg,8VqQ4,8xqw4,0
yp5xR.jpg,yp5xR,Vp5zB,0
u5P8o.jpg,u5P8o,V5PX0,0
341I7.jpg,341I7,241K7,0
0lH2S.jpg,0lH2S,0fH2S,0
2kEG8.jpg,2kEG8,7KFC3,0
3mOwl.jpg,3mOwl,2pCWI,0
e98zZ.jpg,e98zZ,m98xZ,0
ExS3m.jpg,ExS3m,ExS3m,1
0j9u2.jpg,0j9u2,0j7w2,0
GTHc9.jpg,GTHc9,C7Ha9,0
jzViF.jpg,jzViF,j2MGF,0
9s7g2.jpg,9s7g2,Ws1q2,0
d439Z.jpg,d439Z,d4397,0
kAz4u.jpg,kAz4u,kAzOu,0
48NX6.jpg,48NX6,48rKp,0
HN3RH.jpg,HN3RH,HM2GL,0
wx2h7.jpg,wx2h7,wx5h7,0
Sg1vE.jpg,Sg1vE,3g1vE,0
bk2FB.jpg,bk2FB,qk2FB,0
7218k.jpg,7218k,7216K,0
hCcef.jpg,hCcef,HCq83,0
Lkd2X.jpg,Lkd2X,Ihq2X,0
AKSDN.jpg,AKSDN,Ak8DV,0
bNmDQ.jpg,bNmDQ,bJm3O,0
5P992.jpg,5P992,5Dvg2,0
9065s.jpg,9065s,90G5x,0
R52Ib.jpg,R52Ib,Hq2Ib,0
kw13M.jpg,kw13M,bv13M,0
BS7bx.jpg,BS7bx,B37hv,0
u3DnQ.jpg,u3DnQ,v3TnQ,0
c7m0g.jpg,c7m0g,t7w0y,0
rMs37.jpg,rMs37,rH6d7,0
7Yzol.jpg,7Yzol,7Yx0h,0
B82CS.jpg,B82CS,h82CS,0
ClIfJ.jpg,ClIfJ,01sfJ,0
T06xn.jpg,T06xn,I05Xm,0
s7185.jpg,s7185,mQl85,0
mHs7q.jpg,mHs7q,mK51q,0
TeN3n.jpg,TeN3n,FeA3n,0
F0uoI.jpg,F0uoI,50ueY,0
mC0qt.jpg,mC0qt,mC0g1,0
N7418.jpg,N7418,M7418,0
u2P8q.jpg,u2P8q,UzP8g,0
ETU3k.jpg,ETU3k,ETU3K,0
vO3R0.jpg,vO3R0,VL2R0,0
JP30x.jpg,JP30x,JF30X,0
799AT.jpg,799AT,70sAi,0
ODtwo.jpg,ODtwo,Cb1wa,0
f2Z31.jpg,f2Z31,F4731,0
C94eX.jpg,C94eX,Cj4aK,0
7T8hQ.jpg,7T8hQ,7t3HQ,0
lV067.jpg,lV067,iW0B7,0
mzz4C.jpg,mzz4C,mIs4C,0
Jo3R3.jpg,Jo3R3,Ic3EA,0
J35kf.jpg,J35kf,J35kf,1
39m3X.jpg,39m3X,39hJK,0
aWjbI.jpg,aWjbI,aWj5T,0
3q8pD.jpg,3q8pD,1g8wD,0
AjUWv.jpg,AjUWv,AjSWY,0
0549J.jpg,0549J,0549J,1
q4Y80.jpg,q4Y80,g4V30,0
ZTD96.jpg,ZTD96,kTD9n,0
b9a1n.jpg,b9a1n,b9aYm,0
21IYc.jpg,21IYc,mxfVc,0
0LF1g.jpg,0LF1g,0LP4g,0
1khs0.jpg,1khs0,1Xhs0,0
707BL.jpg,707BL,Z0mBL,0
49872.jpg,49872,49K72,0
0N2T9.jpg,0N2T9,0N2rs,0
7jurv.jpg,7jurv,Z6ucU,0
d4hx1.jpg,d4hx1,S4bx1,0
sLEha.jpg,sLEha,sCPhd,0
CMxvS.jpg,CMxvS,C4xV3,0
W1DQD.jpg,W1DQD,z1D0u,0
wcBif.jpg,wcBif,McBLf,0
u9f1Z.jpg,u9f1Z,a961Z,0
jc7Hx.jpg,jc7Hx,jS7Hx,0
3dOyk.jpg,3dOyk,3dDvh,0
c7CE5.jpg,c7CE5,e7QE5,0
nKp2r.jpg,nKp2r,nEp2i,0
bT9Bi.jpg,bT9Bi,bW9Pi,0
007Q3.jpg,007Q3,y6IQ3,0
LHsvz.jpg,LHsvz,LH5Qy,0
64N1W.jpg,64N1W,64O1W,0
qnwF5.jpg,qnwF5,qnWE5,0
EG89i.jpg,EG89i,Ej89r,0
1of5G.jpg,1of5G,1of5C,0
k86Ow.jpg,k86Ow,K36Om,0
PAF7C.jpg,PAF7C,P4S7i,0
g795h.jpg,g795h,xmC5h,0
7lD90.jpg,7lD90,XiD36,0
e80eN.jpg,e80eN,y30LA,0
Y65Tr.jpg,Y65Tr,W65Ai,0
nRqe9.jpg,nRqe9,mKde3,0
N43q9.jpg,N43q9,K42G7,0
wTQwr.jpg,wTQwr,y708r,0
jne00.jpg,jne00,ImcU4,0
sjqKt.jpg,sjqKt,sT0Kt,0
g7bXa.jpg,g7bXa,g7HXa,0
u9V5N.jpg,u9V5N,u9t5A,0
qPVfT.jpg,qPVfT,a2U67,0
NR86I.jpg,NR86I,jR87y,0
jjG6W.jpg,jjG6W,JFq6M,0
y0t64.jpg,y0t64,yofP4,0
SBNXU.jpg,SBNXU,cBNXU,0
0hosh.jpg,0hosh,0IP3b,0
d0QK6.jpg,d0QK6,JV7K6,0
mFVRV.jpg,mFVRV,mF48U,0
rS56X.jpg,rS56X,i3H6X,0
1Txm5.jpg,1Txm5,jYxm5,0
50Cb4.jpg,50Cb4,S0Ck4,0
2z03p.jpg,2z03p,K703h,0
OCvca.jpg,OCvca,ZCVSa,0
7c9kF.jpg,7c9kF,7cwxF,0
06hnf.jpg,06hnf,96HaI,0
S8Ptt.jpg,S8Ptt,N62jt,0
p54wG.jpg,p54wG,P51MC,0
YIa74.jpg,YIa74,Y1u84,0
7X777.jpg,7X777,7V8le,0
5TrwN.jpg,5TrwN,5TdyN,0
23ab3.jpg,23ab3,ZYab3,0
vdE6D.jpg,vdE6D,VaE6D,0
iuA1j.jpg,iuA1j,ruA1j,0
dU6i2.jpg,dU6i2,aU6i2,0
iXMMk.jpg,iXMMk,cxmDk,0
9Jz01.jpg,9Jz01,N5x01,0
8337W.jpg,8337W,6J37K,0
G722P.jpg,G722P,C7x9n,0
3CooX.jpg,3CooX,3Ce7A,0
tw9WR.jpg,tw9WR,tv9WR,0
t34Do.jpg,t34Do,i34Dn,0
GcgU7.jpg,GcgU7,Gc9x7,0
89X5F.jpg,89X5F,8nX5f,0
GVUM1.jpg,GVUM1,cVUA1,0
3hW2D.jpg,3hW2D,3hW2D,1
1E13o.jpg,1E13o,1Ef2w,0
CSn5X.jpg,CSn5X,CXn5A,0
lcrGM.jpg,lcrGM,lcrGM,1
GvuMP.jpg,GvuMP,6rjK2,0
7cUES.jpg,7cUES,7CUk3,0
x0vVO.jpg,x0vVO,r0hVA,0
UD3a8.jpg,UD3a8,UD3a6,0
OPY2r.jpg,OPY2r,OPYZr,0
Ao3l3.jpg,Ao3l3,Ao8L5,0
wMg6x.jpg,wMg6x,vHg62,0
158UK.jpg,158UK,15ZHX,0
76OlW.jpg,76OlW,75OlM,0
273mc.jpg,273mc,273hc,0
5ORr8.jpg,5ORr8,5QKf8,0
d03j4.jpg,d03j4,m03I4,0
FKjcW.jpg,FKjcW,EAiaV,0
X7OZ1.jpg,X7OZ1,KT021,0
jRwI4.jpg,jRwI4,jRmL4,0
nwiZt.jpg,nwiZt,nQj2E,0
KUkcK.jpg,KUkcK,X02ch,0
0vN20.jpg,0vN20,dvA20,0
DzYpw.jpg,DzYpw,OZ1pw,0
iTGy3.jpg,iTGy3,iTGz3,0
N9tQ3.jpg,N9tQ3,M9fQ3,0
o5ke7.jpg,o5ke7,05km7,0
VGge6.jpg,VGge6,WGgPb,0
1i7EY.jpg,1i7EY,hi7Bw,0
X0t8L.jpg,X0t8L,K0T3L,0
u2PT9.jpg,u2PT9,u2PH9,0
1NBPZ.jpg,1NBPZ,TM8oZ,0
4yN7X.jpg,4yN7X,0vH7X,0
a3lUW.jpg,a3lUW,g2fGW,0
Potj9.jpg,Potj9,Retj9,0
TARrU.jpg,TARrU,742cU,0
70U7A.jpg,70U7A,J0w7A,0
I6LWb.jpg,I6LWb,3eLWb,0
0ZX65.jpg,0ZX65,O7K65,0
D33V7.jpg,D33V7,D3eV7,0
1U0gE.jpg,1U0gE,1U0aE,0
4HYZ4.jpg,4HYZ4,0mV23,0
SI1ln.jpg,SI1ln,Si4Fm,0
oZRkP.jpg,oZRkP,ojRbP,0
3m1Kb.jpg,3m1Kb,3m1Kb,1
1U766.jpg,1U766,1UZn6,0
1qpu6.jpg,1qpu6,19pw6,0
FgRhe.jpg,FgRhe,EgXbo,0
VUyI1.jpg,VUyI1,VDqF1,0
rF2t4.jpg,rF2t4,rK2tu,0
ESNhB.jpg,ESNhB,z9MhB,0
N0h73.jpg,N0h73,H0n73,0
vt4hb.jpg,vt4hb,vf4b8,0
eVAa8.jpg,eVAa8,cU7JB,0
79Ub0.jpg,79Ub0,79UkQ,0
Mzo9K.jpg,Mzo9K,mrC5H,0
eND0h.jpg,eND0h,cHD0t,0
nBKgB.jpg,nBKgB,m6KgP,0
o82XR.jpg,o82XR,c82KR,0
231HI.jpg,231HI,Z3CHf,0
BoEo6.jpg,BoEo6,AjL06,0
elR72.jpg,elR72,cIBT2,0
LUg0E.jpg,LUg0E,Lv9AF,0
Gtth8.jpg,Gtth8,GxYm3,0
LL6Mt.jpg,LL6Mt,L36wr,0
OKY7r.jpg,OKY7r,0KV7n,0
wqgea.jpg,wqgea,KqZea,0
Hkr7F.jpg,Hkr7F,HUs7E,0
XyRsi.jpg,XyRsi,XuBsC,0
8P5c0.jpg,8P5c0,8P5c0,1
g6mTr.jpg,g6mTr,g6mVx,0
3d1ER.jpg,3d1ER,2djEH,0
X178b.jpg,X178b,XjZ9b,0
0ez84.jpg,0ez84,Oez8A,0
5oG11.jpg,5oG11,50CW4,0
67pI3.jpg,67pI3,67nH2,0
Um6RG.jpg,Um6RG,Vm9KC,0
g5D7G.jpg,g5D7G,p5m1C,0
8U1Tp.jpg,8U1Tp,8U4Tp,0
qRnwM.jpg,qRnwM,cBnvA,0
Rrzc1.jpg,Rrzc1,Br2C1,0
VwFH4.jpg,VwFH4,VwPH4,0
iNdr2.jpg,iNdr2,jA0L2,0
pH3nL.jpg,pH3nL,pH34Y,0
61C88.jpg,61C88,w1CxB,0
3TgJQ.jpg,3TgJQ,27gJO,0
070md.jpg,070md,o7Bmk,0
KQlT6.jpg,KQlT6,HQlr5,0
mmw9R.jpg,mmw9R,aiw9R,0
ga4Og.jpg,ga4Og,cakCy,0
T94uG.jpg,T94uG,794vC,0
Ou68a.jpg,Ou68a,CM68a,0
6P8V7.jpg,6P8V7,5D3M7,0
A7WSS.jpg,A7WSS,ArVbS,0
3DvOD.jpg,3DvOD,3MnOF,0
Q83L0.jpg,Q83L0,QB7L0,0
XGOlm.jpg,XGOlm,KGD1m,0
siVi6.jpg,siVi6,a2Vm6,0
3577t.jpg,3577t,35jTU,0
DRQl5.jpg,DRQl5,JKQ1s,0
6517h.jpg,6517h,6SV7h,0
wvUwd.jpg,wvUwd,wVUpd,0
0uNU3.jpg,0uNU3,0wXU3,0
GeFAr.jpg,GeFAr,GaFAv,0
69Id3.jpg,69Id3,69ku2,0
Wa6Ck.jpg,Wa6Ck,Wa6Ck,1
nv3td.jpg,nv3td,mvEtd,0
vnWnW.jpg,vnWnW,vD2bW,0
5292d.jpg,5292d,5kQ2u,0
kzFcK.jpg,kzFcK,bzP0K,0
vuIa1.jpg,vuIa1,6yTzh,0
u9T5L.jpg,u9T5L,w9T5l,0
P7YRG.jpg,P7YRG,P7YRG,1
GaT51.jpg,GaT51,CaT51,0
na2ws.jpg,na2ws,NaPkS,0
L2C8a.jpg,L2C8a,L7C3a,0
99Sf5.jpg,99Sf5,Q9Sf5,0
ge4Sm.jpg,ge4Sm,qCkSA,0
1C2kW.jpg,1C2kW,JC2bW,0
eNxxO.jpg,eNxxO,cAfx0,0
AbALW.jpg,AbALW,ab2LW,0
W4Iyn.jpg,W4Iyn,W4Iyn,1
X4Xi0.jpg,X4Xi0,m4Xi0,0
Z9N68.jpg,Z9N68,79A68,0
K5a33.jpg,K5a33,A6y43,0
9qDeS.jpg,9qDeS,KdD1S,0
Yj6HY.jpg,Yj6HY,PJ5HY,0
tVfDL.jpg,tVfDL,cYjB8,0
5209j.jpg,5209j,520mj,0
8969N.jpg,8969N,z4uSM,0
46ux3.jpg,46ux3,46uk3,0
GWaCK.jpg,GWaCK,jV2CK,0
BOeAK.jpg,BOeAK,50e4K,0
Y33mz.jpg,Y33mz,X93Mz,0
D0tM2.jpg,D0tM2,DqfM2,0
55iNq.jpg,55iNq,ESiAg,0
njmvI.jpg,njmvI,p2mvI,0
kE3mT.jpg,kE3mT,KE2m1,0
5NM99.jpg,5NM99,5VM79,0
57MTi.jpg,57MTi,5ZMTy,0
MBsJP.jpg,MBsJP,M8sJF,0
qgb0G.jpg,qgb0G,qxb0C,0
G8A41.jpg,G8A41,C8A21,0
g6HH9.jpg,g6HH9,y6UN3,0
rx16B.jpg,rx16B,cx1GB,0
rO7DP.jpg,rO7DP,hCybP,0
Y8IQ8.jpg,Y8IQ8,V6jOP,0
h27eB.jpg,h27eB,h37cR,0
2biG9.jpg,2biG9,XMiB9,0
3OY1N.jpg,3OY1N,20Y1H,0
d74cU.jpg,d74cU,d74cD,0
tX6o7.jpg,tX6o7,tKB97,0
Qesgj.jpg,Qesgj,Ce3yj,0
1N90T.jpg,1N90T,zA96T,0
985vs.jpg,985vs,985Vz,0
o8lr0.jpg,o8lr0,u3IrC,0
5p2IH.jpg,5p2IH,5wzTH,0
2wWj2.jpg,2wWj2,2mYiB,0
946Kz.jpg,946Kz,94BKz,0
58nT1.jpg,58nT1,58mT1,0
PyH9P.jpg,PyH9P,RaH9Z,0
g9rfh.jpg,g9rfh,gZrfh,0
KJgC9.jpg,KJgC9,KJuf9,0
d9Z74.jpg,d9Z74,j9Z7Q,0
SxZgJ.jpg,SxZgJ,SKZuJ,0
uu3TT.jpg,uu3TT,vp37D,0
DJhXs.jpg,DJhXs,DJhXc,0
I8y6g.jpg,I8y6g,LKV6g,0
qUr3V.jpg,qUr3V,gRr2U,0
3pUhb.jpg,3pUhb,2pVAh,0
jDR5G.jpg,jDR5G,iDRaC,0
Yoy89.jpg,Yoy89,Mch89,0
a05Gx.jpg,a05Gx,a05GK,0
CL0P6.jpg,CL0P6,C1aP5,0
Et9hC.jpg,Et9hC,Ex9hv,0
7k6GX.jpg,7k6GX,7K6qY,0
qbvxd.jpg,qbvxd,g5VKd,0
5nZN6.jpg,5nZN6,5mZVi,0
96g0g.jpg,96g0g,96KUV,0
41pf9.jpg,41pf9,42nfs,0
44Dzu.jpg,44Dzu,94T2u,0
A4eR3.jpg,A4eR3,ALcB3,0
5iAX2.jpg,5iAX2,5idK9,0
d9SHt.jpg,d9SHt,a9GHt,0
vY64M.jpg,vY64M,vY63M,0
UVM8p.jpg,UVM8p,LvA2p,0
4cmhW.jpg,4cmhW,4SmbM,0
y0oM5.jpg,y0oM5,y0aK5,0
Btubv.jpg,Btubv,3fahV,0
2w9Jx.jpg,2w9Jx,2WbIx,0
6326N.jpg,6326N,c32EA,0
C7F5A.jpg,C7F5A,C7f3A,0
nQ817.jpg,nQ817,nC817,0
c3TCk.jpg,c3TCk,g3T0K,0
JojKW.jpg,JojKW,uojKW,0
gd7sQ.jpg,gd7sQ,gaTsQ,0
CU4Lt.jpg,CU4Lt,GU4Lr,0
dC343.jpg,dC343,uCYk3,0
Kdyim.jpg,Kdyim,AdYfm,0
2egI5.jpg,2egI5,26gIx,0
59a6u.jpg,59a6u,s9aDh,0
ocTC4.jpg,ocTC4,ncIU4,0
j9rEx.jpg,j9rEx,j9nEx,0
EM14g.jpg,EM14g,EH14o,0
Xz7Qz.jpg,Xz7Qz,Kz70n,0
Bu1HJ.jpg,Bu1HJ,2u1HJ,0
s9vp2.jpg,s9vp2,5qvp2,0
5f798.jpg,5f798,5t798,0
Z28ip.jpg,Z28ip,236in,0
xrsZy.jpg,xrsZy,xr5ZV,0
Uzb0C.jpg,Uzb0C,V2b0C,0
f2AEa.jpg,f2AEa,f2NEa,0
Zibl7.jpg,Zibl7,2x6k7,0
7VBln.jpg,7VBln,7VBia,0
9BP47.jpg,9BP47,9BPa7,0
Q7YHm.jpg,Q7YHm,07VHm,0
oQD7q.jpg,oQD7q,r0D2g,0
j2Dac.jpg,j2Dac,j2Ba6,0
Oi83m.jpg,Oi83m,Ox63m,0
2Nq8D.jpg,2Nq8D,2Kc8D,0
E8ekO.jpg,E8ekO,E3eK0,0
LlhFe.jpg,LlhFe,LxhFe,0
qjlUP.jpg,qjlUP,a7lUP,0
jiP3M.jpg,jiP3M,jrP3A,0
6pCOQ.jpg,6pCOQ,5nC04,0
TEiut.jpg,TEiut,AEjut,0
9SBJI.jpg,9SBJI,9xBJ1,0
S1i9v.jpg,S1i9v,SIjAv,0
6gE0S.jpg,6gE0S,6aE03,0
N4Za8.jpg,N4Za8,M4Za6,0
MNR64.jpg,MNR64,wNRc4,0
0a6Fu.jpg,0a6Fu,OaBFy,0
llA51.jpg,llA51,lzA57,0
t7ANu.jpg,t7ANu,t7ANu,1
4RSuc.jpg,4RSuc,4K5uc,0
6th98.jpg,6th98,GFb93,0
IN877.jpg,IN877,iA37z,0
w40Wu.jpg,w40Wu,v40Wj,0
4J428.jpg,4J428,kIv28,0
3mHJa.jpg,3mHJa,3mHT0,0
f1aVZ.jpg,f1aVZ,f3aV2,0
0Ej0c.jpg,0Ej0c,8Ekqc,0
UaGRI.jpg,UaGRI,Ua9Rj,0
Q5Fj2.jpg,Q5Fj2,05Fi2,0
R2NnL.jpg,R2NnL,B2HuI,0
fe1yn.jpg,fe1yn,fe1xn,0
91983.jpg,91983,0193r,0
FSx1q.jpg,FSx1q,F5X1q,0
OmauR.jpg,OmauR,0wafB,0
j16A5.jpg,j16A5,jzGA5,0
nc6bR.jpg,nc6bR,1q6pA,0
CND8O.jpg,CND8O,zHD8j,0
8qtUQ.jpg,8qtUQ,3ntH0,0
Gii2W.jpg,Gii2W,Gip2W,0
7K8F2.jpg,7K8F2,7K8Dv,0
U7Z51.jpg,U7Z51,U7C51,0
02VMk.jpg,02VMk,02VMk,1
97vUb.jpg,97vUb,92vUb,0
6oXlb.jpg,6oXlb,GoXtH,0
3uaz2.jpg,3uaz2,3uNr2,0
1tjEw.jpg,1tjEw,TtjEW,0
9BPmI.jpg,9BPmI,98Pm1,0
56K02.jpg,56K02,j6KV2,0
NV14z.jpg,NV14z,MY14z,0
82icB.jpg,82icB,92mcB,0
7gwcC.jpg,7gwcC,7gwAE,0
o0373.jpg,o0373,w0s72,0
96N4Q.jpg,96N4Q,96M40,0
n9o24.jpg,n9o24,m9cZ4,0
aqLjD.jpg,aqLjD,qAL7B,0
pvWr5.jpg,pvWr5,pOKr3,0
9gx4d.jpg,9gx4d,9Ex4U,0
BW717.jpg,BW717,EWCjz,0
m993x.jpg,m993x,mpS3k,0
702K0.jpg,702K0,1q2KD,0
M8sCO.jpg,M8sCO,M8sCO,1
dGx8m.jpg,dGx8m,dCk3W,0
BvSLi.jpg,BvSLi,BwSLr,0
yylaL.jpg,yylaL,yWlaZ,0
8prKn.jpg,8prKn,3pfKm,0
m66r5.jpg,m66r5,mFkv3,0
gQK2C.jpg,gQK2C,gQK1t,0
13LYc.jpg,13LYc,13kWc,0
T9qJ2.jpg,T9qJ2,T9mt2,0
2FySs.jpg,2FySs,ZPY1s,0
3Mf24.jpg,3Mf24,3wf24,0
c73Z9.jpg,c73Z9,C73K9,0
7yvC5.jpg,7yvC5,7qwC5,0
LQBgG.jpg,LQBgG,I08gx,0
0c00Q.jpg,0c00Q,JEnvQ,0
91pJ1.jpg,91pJ1,94RJt,0
9H7yX.jpg,9H7yX,9HfyX,0
0Z4Xj.jpg,0Z4Xj,GE4Xj,0
XXm6u.jpg,XXm6u,zXr5u,0
87111.jpg,87111,6zm1j,0
I5YqA.jpg,I5YqA,L5YGA,0
3597Z.jpg,3597Z,3h972,0
dtR6e.jpg,dtR6e,d1XVv,0
maQbu.jpg,maQbu,m3Ckv,0
OGtsk.jpg,OGtsk,D6fsk,0
Isk8y.jpg,Isk8y,TsC8y,0
7w6lm.jpg,7w6lm,2M6ip,0
Yfn4M.jpg,Yfn4M,Yjp4M,0
4O2go.jpg,4O2go,402ya,0
z32Nw.jpg,z32Nw,z3PHw,0
A53I8.jpg,A53I8,452Iv,0
QDbVv.jpg,QDbVv,GD5Vx,0
0qiCk.jpg,0qiCk,0yfCK,0
M0p70.jpg,M0p70,Aep1v,0
86u86.jpg,86u86,9Nid6,0
clk20.jpg,clk20,SIK20,0
V53nO.jpg,V53nO,V5Ja0,0
1oVQ9.jpg,1oVQ9,jnMC5,0
Uq317.jpg,Uq317,Un3k7,0
FS169.jpg,FS169,FS10w,0
edfUL.jpg,edfUL,c3fWE,0
29Oe8.jpg,29Oe8,2qCe8,0
rVm2L.jpg,rVm2L,cYm28,0
8XDDh.jpg,8XDDh,3YcDh,0
StUWH.jpg,StUWH,StUwH,0
Ngf7R.jpg,Ngf7R,4gt78,0
6P1Fs.jpg,6P1Fs,621Ks,0
LR57D.jpg,LR57D,LK57D,0
9eBF8.jpg,9eBF8,9CwF8,0
pvp4x.jpg,pvp4x,pVE4K,0
DEBhX.jpg,DEBhX,DS2hX,0
Pcpdv.jpg,Pcpdv,kcpdV,0
N6pbl.jpg,N6pbl,N6Pbi,0
JY48X.jpg,JY48X,JT48K,0
ti4T3.jpg,ti4T3,tswT3,0
t8WC3.jpg,t8WC3,t6WC3,0
0irX6.jpg,0irX6,0jfAS,0
4E2O3.jpg,4E2O3,4E2ON,0
EANXN.jpg,EANXN,cANXV,0
qXr6r.jpg,qXr6r,aKj6D,0
VkJas.jpg,VkJas,UKfac,0
n7C10.jpg,n7C10,m7Gl8,0
J00K8.jpg,J00K8,19PK8,0
LSv9a.jpg,LSv9a,i6y9a,0
j0UXO.jpg,j0UXO,invXo,0
o8YP6.jpg,o8YP6,n8VP6,0
39364.jpg,39364,T9264,0
30DlT.jpg,30DlT,20PiT,0
3VdL6.jpg,3VdL6,2VmI6,0
UZ2TY.jpg,UZ2TY,0z3TX,0
gniq9.jpg,gniq9,2miq3,0
53V2F.jpg,53V2F,s4V2f,0
rAIxm.jpg,rAIxm,rAlxm,0
q6zPA.jpg,q6zPA,g5ZDA,0
5U1n5.jpg,5U1n5,gU1m5,0
2puiT.jpg,2puiT,ZBwiT,0
VwcO5.jpg,VwcO5,YAc03,0
GfZw4.jpg,GfZw4,GfZw4,1
kG7lG.jpg,kG7lG,xa7Lg,0
u8yuu.jpg,u8yuu,H8Y0m,0
L4nx0.jpg,L4nx0,I4mKO,0
07ItA.jpg,07ItA,07Is4,0
A4gpx.jpg,A4gpx,A3grC,0
R5yZM.jpg,R5yZM,R5yZM,1
8YUyV.jpg,8YUyV,8TUnV,0
l4yZT.jpg,l4yZT,i4y8T,0
8ZEAA.jpg,8ZEAA,8ZtHa,0
4H7MA.jpg,4H7MA,4E7MO,0
Roe89.jpg,Roe89,KLp89,0
3Uhf5.jpg,3Uhf5,30mF5,0
b5pG5.jpg,b5pG5,MTpCs,0
5sec8.jpg,5sec8,hs4t8,0
v28J3.jpg,v28J3,u2GI3,0
7830U.jpg,7830U,16xnv,0
PMp1X.jpg,PMp1X,PHe1Z,0
6xuOx.jpg,6xuOx,6ZjOx,0
07Bfo.jpg,07Bfo,07Btc,0
hV4bC.jpg,hV4bC,RV2bC,0
64wiX.jpg,64wiX,57wiX,0
LWz29.jpg,LWz29,iWa29,0
ovsyt.jpg,ovsyt,Ovsyt,0
2GmGf.jpg,2GmGf,2vH6f,0
wT3B5.jpg,wT3B5,wrVR5,0
cQjno.jpg,cQjno,EQ1Pa,0
nD1S5.jpg,nD1S5,aD1S6,0
Y8wcy.jpg,Y8wcy,T8mzg,0
aLt5T.jpg,aLt5T,wjt5T,0
LE1q0.jpg,LE1q0,JExq0,0
VaXMX.jpg,VaXMX,Vo3MZ,0
Yqmbs.jpg,Yqmbs,YqpAs,0
D6r3Y.jpg,D6r3Y,D6r3T,0
f236p.jpg,f236p,f236m,0
1b327.jpg,1b327,1bM27,0
285hr.jpg,285hr,z85hw,0
j4BHk.jpg,j4BHk,O4BHk,0
SimH3.jpg,SimH3,c7mH2,0
3M4O9.jpg,3M4O9,3K4Q9,0
6TDAx.jpg,6TDAx,67DAs,0
EuH9p.jpg,EuH9p,EvX9p,0
4U43U.jpg,4U43U,4D6xU,0
23ZMk.jpg,23ZMk,03ZME,0
Sid66.jpg,Sid66,37dRo,0
PAFOn.jpg,PAFOn,7AF0m,0
7E3MM.jpg,7E3MM,7E3Mn,0
7J0nN.jpg,7J0nN,7J0pA,0
0JnXK.jpg,0JnXK,0JmZH,0
RC486.jpg,RC486,KLj36,0
G2Jzz.jpg,G2Jzz,G2Jzn,0
Ke1aT.jpg,Ke1aT,Hc1zP,0
G1ZAV.jpg,G1ZAV,G1Znv,0
iuCeq.jpg,iuCeq,IMCsq,0
tr61m.jpg,tr61m,EDo1w,0
2GDA9.jpg,2GDA9,zCDh9,0
vTf7F.jpg,vTf7F,vTf7b,0
DOg1b.jpg,DOg1b,mCZ1b,0
bXJY9.jpg,bXJY9,bKJT0,0
aHojO.jpg,aHojO,aHZjC,0
z6v72.jpg,z6v72,z6v7P,0
4TYFH.jpg,4TYFH,4mYoH,0
X9dq9.jpg,X9dq9,KCda5,0
L6t1F.jpg,L6t1F,L0tYm,0
ZTHuE.jpg,ZTHuE,2TKuC,0
eUOKY.jpg,eUOKY,3uCkV,0
lx0me.jpg,lx0me,1X0mc,0
D6nTf.jpg,D6nTf,D6n7i,0
mI9G1.jpg,mI9G1,wI9Gk,0
NbI04.jpg,NbI04,KbTO4,0
e228L.jpg,e228L,ePz6I,0
4jxe2.jpg,4jxe2,4jxc2,0
7KXpz.jpg,7KXpz,7kXDz,0
0pajE.jpg,0pajE,0pa2E,0
iOlu6.jpg,iOlu6,ZOfw6,0
4dAHd.jpg,4dAHd,4CAVa,0
7VwAq.jpg,7VwAq,7Vm4c,0
A138I.jpg,A138I,4Tw8F,0
U6u8G.jpg,U6u8G,UbzjF,0
6LdxL.jpg,6LdxL,RidxE,0
C742H.jpg,C742H,C742H,1
54F8p.jpg,54F8p,54F8p,1
zuwEs.jpg,zuwEs,zujFs,0
p84gT.jpg,p84gT,n84g7,0
8r1aY.jpg,8r1aY,8rj0Y,0
520Zm.jpg,520Zm,5P0Zm,0
6I2rJ.jpg,6I2rJ,8W2rJ,0
6538s.jpg,6538s,Q53qm,0
y6w9x.jpg,y6w9x,yEm9X,0
w059t.jpg,w059t,vQ59I,0
chBhO.jpg,chBhO,z1FXC,0
cTULO.jpg,cTULO,eTWk0,0
73Yp8.jpg,73Yp8,72VpG,0
VpMMm.jpg,VpMMm,Us8Em,0
4lE8c.jpg,4lE8c,4lK3C,0
WwFgi.jpg,WwFgi,WDFgi,0
De281.jpg,De281,Dc231,0
OOI5c.jpg,OOI5c,QEI5y,0
ih7Oc.jpg,ih7Oc,jh7Qc,0
9zGla.jpg,9zGla,9zCFa,0
5553r.jpg,5553r,8bKjr,0
cAkCZ.jpg,cAkCZ,eAKCZ,0
Gv9mo.jpg,Gv9mo,Ck9me,0
OHP8X.jpg,OHP8X,O1P8K,0
I06mH.jpg,I06mH,I0SwA,0
q0513.jpg,q0513,g0K13,0
56y6Z.jpg,56y6Z,5WyGZ,0
vGu65.jpg,vGu65,vGa6A,0
e50Vf.jpg,e50Vf,e5GMf,0
3ZBbz.jpg,3ZBbz,3ZGbv,0
iq3Qh.jpg,iq3Qh,ig3Cb,0
h8w4E.jpg,h8w4E,h8wX9,0
fBLwY.jpg,fBLwY,hBjwY,0
2oV98.jpg,2oV98,2oT98,0
ZrHfE.jpg,ZrHfE,ZrHjE,0
DK455.jpg,DK455,Dv45m,0
dU9uS.jpg,dU9uS,dD9JR,0
GDx9S.jpg,GDx9S,GDx9S,1
ZoeMB.jpg,ZoeMB,7orKB,0
4v5Pi.jpg,4v5Pi,4Y5Fj,0
MJfu9.jpg,MJfu9,H2fu9,0
rt8Qs.jpg,rt8Qs,rk6Q3,0
dqEUu.jpg,dqEUu,pgEUw,0
0i868.jpg,0i868,0186x,0
P4s4j.jpg,P4s4j,P03w1,0
J3XUh.jpg,J3XUh,TsX0b,0
RT3b8.jpg,RT3b8,RT3be,0
TlXLf.jpg,TlXLf,TjKC6,0
k2e0e.jpg,k2e0e,K2eDy,0
m0VU4.jpg,m0VU4,m0YL4,0
MiDsW.jpg,MiDsW,MiD3W,0
x92TJ.jpg,x92TJ,x92TJ,1
1JF6q.jpg,1JF6q,1JR6g,0
h4N41.jpg,h4N41,b4w2T,0
7Jfj9.jpg,7Jfj9,7Jfk9,0
owCaQ.jpg,owCaQ,gHLx0,0
4iuE2.jpg,4iuE2,4juE2,0
6i15q.jpg,6i15q,Ci15y,0
QS5i0.jpg,QS5i0,C8Tiu,0
2mWIL.jpg,2mWIL,2mWTL,0
b1XV1.jpg,b1XV1,BJKV4,0
G6YsX.jpg,G6YsX,D6VSA,0
XUywk.jpg,XUywk,X0ymk,0
xMG3l.jpg,xMG3l,vA02i,0
aT2xM.jpg,aT2xM,qT2xN,0
Jusem.jpg,Jusem,Iu2em,0
z8g8E.jpg,z8g8E,zNg8E,0
u16PI.jpg,u16PI,u162r,0
0I4u3.jpg,0I4u3,01Aw3,0
lle8D.jpg,lle8D,7lc8D,0
2ibMX.jpg,2ibMX,2ipMq,0
mz249.jpg,mz249,Mc249,0
OUe74.jpg,OUe74,CUs7A,0
d322U.jpg,d322U,d372U,0
4x9dd.jpg,4x9dd,4K9Dj,0
9vW0y.jpg,9vW0y,9vW0j,0
RZD8F.jpg,RZD8F,R2V4f,0
78Gvt.jpg,78Gvt,73CVt,0
PkU0y.jpg,PkU0y,2KW0y,0
0t5K8.jpg,0t5K8,OtFV8,0
Xwsah.jpg,Xwsah,KUSaT,0
O3E6e.jpg,O3E6e,U2L6n,0
zl00d.jpg,zl00d,zjc5d,0
DyQVR.jpg,DyQVR,jvC3B,0
5Os7i.jpg,5Os7i,5Os7i,1
z7fWz.jpg,z7fWz,ZDfH3,0
nxLl0.jpg,nxLl0,mzL10,0
3dbh8.jpg,3dbh8,3dCH8,0
6Hr89.jpg,6Hr89,6HrR9,0
5jEFK.jpg,5jEFK,5jzPK,0
AOY69.jpg,AOY69,AQY69,0
o6t70.jpg,o6t70,a6t78,0
r54Eq.jpg,r54Eq,r54Eq,1
GV6jD.jpg,GV6jD,Qx6jD,0
pSG48.jpg,pSG48,n5C1P,0
o8de1.jpg,o8de1,0Kms1,0
DJuT7.jpg,DJuT7,DJuT4,0
WJFrE.jpg,WJFrE,VJFnC,0
S4ujW.jpg,S4ujW,S4ujW,1
DlqQh.jpg,DlqQh,DWyQh,0
v7h7f.jpg,v7h7f,v7hJf,0
1y9yk.jpg,1y9yk,1m9vK,0
3N9NK.jpg,3N9NK,2NpyE,0
KL9A0.jpg,KL9A0,KL9AD,0
12iO4.jpg,12iO4,12iQu,0
9OOiM.jpg,9OOiM,90EjH,0
bJ097.jpg,bJ097,bJ0g7,0
n2398.jpg,n2398,h2346,0
UF80B.jpg,UF80B,MFs0B,0
07aZt.jpg,07aZt,0Ra2t,0
143N5.jpg,143N5,I43N5,0
3hj2t.jpg,3hj2t,3bjzC,0
8SHQm.jpg,8SHQm,8Z1Cm,0
k9hwO.jpg,k9hwO,k9hwC,0
hL66J.jpg,hL66J,nPGEJ,0
KD4a9.jpg,KD4a9,HD4z5,0
4X9H1.jpg,4X9H1,4X9H1,1
7F2w8.jpg,7F2w8,7FZW3,0
6o7qc.jpg,6o7qc,6o7Qi,0
LHUYE.jpg,LHUYE,tHajE,0
1C17G.jpg,1C17G,1ekxG,0
6uo96.jpg,6uo96,FmD26,0
4EAuF.jpg,4EAuF,4E1wf,0
5Fsoi.jpg,5Fsoi,5EsOi,0
eS49S.jpg,eS49S,6SA9x,0
Sh4vZ.jpg,Sh4vZ,Sh4pZ,0
56CP1.jpg,56CP1,5mCP1,0
GU3f8.jpg,GU3f8,Gv3f8,0
Tqbhc.jpg,Tqbhc,TyBhc,0
cB15T.jpg,cB15T,cAt5T,0
61pAY.jpg,61pAY,s1pAY,0
e0r7B.jpg,e0r7B,a0i78,0
95xB7.jpg,95xB7,95KQ1,0
20Uyl.jpg,20Uyl,20myI,0
HB8BO.jpg,HB8BO,HSxB0,0
fi63V.jpg,fi63V,fs63Y,0
4YjBV.jpg,4YjBV,4Yi8V,0
3uRyv.jpg,3uRyv,3QRyV,0
lE5Kl.jpg,lE5Kl,hE5X7,0
hEFF8.jpg,hEFF8,HLF73,0
9eOzm.jpg,9eOzm,9aOkm,0
tL4Yy.jpg,tL4Yy,tE4Ty,0
729aK.jpg,729aK,t2VaK,0
hd2J8.jpg,hd2J8,hw2J6,0
2Mkud.jpg,2Mkud,2Nkvd,0
104Zd.jpg,104Zd,1042a,0
z7dau.jpg,z7dau,ZTDau,0
44rJU.jpg,44rJU,4hcJO,0
37KjR.jpg,37KjR,37HjB,0
7l7T1.jpg,7l7T1,ef7H1,0
I1s6W.jpg,I1s6W,I7s6M,0
ZUf0S.jpg,ZUf0S,2wf05,0
Y8CSl.jpg,Y8CSl,X2mSi,0
HoXrY.jpg,HoXrY,j0AF1,0
w0J9c.jpg,w0J9c,w0J9c,1
6cT5p.jpg,6cT5p,QzV5p,0
4P3Ap.jpg,4P3Ap,4F3Ab,0
D9WFl.jpg,D9WFl,D9WFl,1
911xq.jpg,911xq,9B1Kn,0
HR5tj.jpg,HR5tj,VK54j,0
sD2t5.jpg,sD2t5,SD2t6,0
N3yg3.jpg,N3yg3,A2vgf,0
hX5jm.jpg,hX5jm,hK5im,0
NUp9t.jpg,NUp9t,KUa3f,0
g7H44.jpg,g7H44,g7v4s,0
22q5S.jpg,22q5S,2MqjS,0
i92t4.jpg,i92t4,i92t4,1
91m2M.jpg,91m2M,91u2K,0
otAI4.jpg,otAI4,otA2G,0
GI3Ao.jpg,GI3Ao,CI3Ao,0
r83pI.jpg,r83pI,v62D1,0
Kl02S.jpg,Kl02S,HI025,0
51X0s.jpg,51X0s,51X0k,0
B4Kb1.jpg,B4Kb1,Pdvb1,0
a36se.jpg,a36se,a36Fe,0
KRDRr.jpg,KRDRr,W9OBr,0
RC0WV.jpg,RC0WV,BC04V,0
wlP1o.jpg,wlP1o,MiP30,0
ebHk2.jpg,ebHk2,ezWk2,0
0102L.jpg,0102L,0Tw2L,0
OPM5O.jpg,OPM5O,QFM36,0
KAeo1.jpg,KAeo1,kAzo7,0
k0QtZ.jpg,k0QtZ,k0Wt2,0
638bJ.jpg,638bJ,638hl,0
245h3.jpg,245h3,Z45H3,0
N0La1.jpg,N0La1,A0Ea1,0
nm2Ah.jpg,nm2Ah,emjA5,0
o8M63.jpg,o8M63,O8M63,0
988R6.jpg,988R6,T8xKr,0
tK4YG.jpg,tK4YG,tK4yG,0
Y7e8J.jpg,Y7e8J,vZc81,0
uYmFq.jpg,uYmFq,u1mEg,0
idp33.jpg,idp33,IQpx2,0
22vgZ.jpg,22vgZ,2AVgI,0
x7I4a.jpg,x7I4a,XzI6g,0
Yc79W.jpg,Yc79W,Yi78M,0
SO6ZR.jpg,SO6ZR,Svo2h,0
676D7.jpg,676D7,62WDq,0
4hXPW.jpg,4hXPW,4bXBV,0
s5340.jpg,s5340,jR340,0
58OST.jpg,58OST,r4OST,0
tBs36.jpg,tBs36,VDd36,0
7WpNp.jpg,7WpNp,75gNj,0
CGbcE.jpg,CGbcE,7GhoE,0
ZjZzC.jpg,ZjZzC,ZjRs0,0
KPr7k.jpg,KPr7k,WDr2k,0
Ozd7x.jpg,Ozd7x,C2dTK,0
MOPi6.jpg,MOPi6,H0Pi6,0
4GIn6.jpg,4GIn6,4CIn8,0
4a4i1.jpg,4a4i1,4oOr1,0
8t6MJ.jpg,8t6MJ,3t6mj,0
n35i1.jpg,n35i1,m35i1,0
AK05j.jpg,AK05j,4K05i,0
KEyTO.jpg,KEyTO,YEs2O,0
0cMrQ.jpg,0cMrQ,0sArj,0
gKGG7.jpg,gKGG7,gKGr7,0
0QQ3Y.jpg,0QQ3Y,cqD3Y,0
44P0D.jpg,44P0D,ZtF0w,0
URYOX.jpg,URYOX,LRYox,0
35STD.jpg,35STD,2RSvD,0
v7sl0.jpg,v7sl0,V73H0,0
vvd8y.jpg,vvd8y,cY48j,0
4oxQz.jpg,4oxQz,4oKV2,0
Qpua2.jpg,Qpua2,Khmx2,0
SgUUH.jpg,SgUUH,3pLdH,0
23i7f.jpg,23i7f,2Bm7f,0
64301.jpg,64301,643Q1,0
aY02y.jpg,aY02y,aVD2t,0
5eXWI.jpg,5eXWI,3cZWI,0
4O39t.jpg,4O39t,4Cx9t,0
s1654.jpg,s1654,s165A,0
6hNg7.jpg,6hNg7,6hXgO,0
QuC3j.jpg,QuC3j,Quc3J,0
BWA4D.jpg,BWA4D,RWAzD,0
Ho601.jpg,Ho601,Hc603,0
DGY28.jpg,DGY28,DuYz8,0
4jb5T.jpg,4jb5T,4ju5T,0
J5B5t.jpg,J5B5t,JoBWt,0
9OD4F.jpg,9OD4F,9QBuI,0
x6hlr.jpg,x6hlr,X6AJr,0
vpBR6.jpg,vpBR6,YjfK6,0
Byv6s.jpg,Byv6s,HjvGs,0
Fb58m.jpg,Fb58m,Eb48Q,0
fjTy5.jpg,fjTy5,fjTu5,0
yy4i7.jpg,yy4i7,xVai7,0
hR2gz.jpg,hR2gz,hK2gx,0
Wm8o0.jpg,Wm8o0,Vj8a0,0
uOt0G.jpg,uOt0G,uDt3G,0
Eh617.jpg,Eh617,EH017,0
qROR6.jpg,qROR6,gBO26,0
H0iCq.jpg,H0iCq,102Cg,0
CuE5S.jpg,CuE5S,Cuk7S,0
lTrLp.jpg,lTrLp,i7rLB,0
C079d.jpg,C079d,C079d,1
7s2FN.jpg,7s2FN,7s2EM,0
6tequ.jpg,6tequ,63j4u,0
vPiCu.jpg,vPiCu,VPiCa,0
5SvCG.jpg,5SvCG,4JyQD,0
viqMu.jpg,viqMu,VI3As,0
9pvdw.jpg,9pvdw,3DvdK,0
u0296.jpg,u0296,y02F6,0
zN1ZH.jpg,zN1ZH,2w17H,0
9C5nZ.jpg,9C5nZ,9Q3nZ,0
YfAgi.jpg,YfAgi,YF3gi,0
7411D.jpg,7411D,3W51B,0
oYqEu.jpg,oYqEu,pXqEu,0
7Py25.jpg,7Py25,TBv0h,0
8Q9eB.jpg,8Q9eB,8C9iH,0
Xd59N.jpg,Xd59N,Yd59A,0
vp9Iy.jpg,vp9Iy,Vp9iy,0
Jo0uU.jpg,Jo0uU,ToQwU,0
4u7lH.jpg,4u7lH,4o7iH,0
ceJny.jpg,ceJny,0ZJmy,0
8O4sU.jpg,8O4sU,8C4sU,0
1l2ty.jpg,1l2ty,Tl2bw,0
AJSn2.jpg,AJSn2,AiSm2,0
yhHmq.jpg,yhHmq,7bHmc,0
6lWwj.jpg,6lWwj,5IAxj,0
y47zH.jpg,y47zH,w47zH,0
Ie856.jpg,Ie856,1c85G,0
d378e.jpg,d378e,U918a,0
XlsRr.jpg,XlsRr,XjsRr,0
v65sN.jpg,v65sN,v65tN,0
L6979.jpg,L6979,L6Hx9,0
SwQ2p.jpg,SwQ2p,5vO2p,0
p3dU6.jpg,p3dU6,p3dU6,1
0eLDj.jpg,0eLDj,qeLBy,0
4Jlck.jpg,4Jlck,AJPok,0
H268T.jpg,H268T,u269T,0
y1M3r.jpg,y1M3r,V1K2r,0
4951H.jpg,4951H,493tH,0
8hh69.jpg,8hh69,8hUf2,0
K4OxY.jpg,K4OxY,A4CaV,0
QRSNh.jpg,QRSNh,0R3Nb,0
IH1TO.jpg,IH1TO,pHw3O,0
nkHZg.jpg,nkHZg,4kH29,0
z4C50.jpg,z4C50,24Y50,0
s0edD.jpg,s0edD,xGedD,0
bA6yS.jpg,bA6yS,DAGy3,0
8uBmI.jpg,8uBmI,34DmI,0
2VIQ4.jpg,2VIQ4,2V104,0
Jwupo.jpg,Jwupo,Twuro,0
sASFn.jpg,sASFn,sXGfh,0
s0u6W.jpg,s0u6W,z0u5W,0
u4bTf.jpg,u4bTf,y45Tf,0
kMx47.jpg,kMx47,kMx47,1
02p9b.jpg,02p9b,a2r9b,0
MnhsS.jpg,MnhsS,Anlx5,0
l36jL.jpg,l36jL,T36jk,0
Ox56v.jpg,Ox56v,Ce5Av,0
z6e5r.jpg,z6e5r,x6gAr,0
Sf8x8.jpg,Sf8x8,SlHx8,0
o9RJM.jpg,o9RJM,c9RJM,0
sH1qz.jpg,sH1qz,5M1qZ,0
kwL10.jpg,kwL10,Kvt30,0
nQ988.jpg,nQ988,hQ93p,0
YuU94.jpg,YuU94,TuD94,0
EhJT3.jpg,EhJT3,EhdY3,0
2Qb4F.jpg,2Qb4F,ZGb4F,0
38SGz.jpg,38SGz,H8NCZ,0
7fuGA.jpg,7fuGA,7rvGA,0
774iA.jpg,774iA,ZPwiA,0
0ll0i.jpg,0ll0i,0FLax,0
vT5lk.jpg,vT5lk,wT5Ch,0
uZj24.jpg,uZj24,uCj24,0
6RT4y.jpg,6RT4y,0F34v,0
hrl8r.jpg,hrl8r,hrf89,0
w94qY.jpg,w94qY,w94qY,1
g3898.jpg,g3898,m369H,0
439nL.jpg,439nL,439mE,0
1go7T.jpg,1go7T,hnc2T,0
A1WA7.jpg,A1WA7,AsVk7,0
620Il.jpg,620Il,62wT1,0
2n0jx.jpg,2n0jx,2n0ix,0
WT0h4.jpg,WT0h4,WTeh4,0
6i1V6.jpg,6i1V6,ZF1y6,0
t640M.jpg,t640M,t640M,1
f1L1n.jpg,f1L1n,FsUjm,0
u3esZ.jpg,u3esZ,uAesZ,0
jY7EZ.jpg,jY7EZ,yM96Z,0
nym6j.jpg,nym6j,myK6I,0
9Yfn2.jpg,9Yfn2,0Yfm2,0
lbP7V.jpg,lbP7V,l5P7V,0
32ZPL.jpg,32ZPL,sjZRt,0
8Pj5w.jpg,8Pj5w,8PjsL,0
WEe2w.jpg,WEe2w,WEc2u,0
7F2NL.jpg,7F2NL,7v2ML,0
Yg24G.jpg,Yg24G,Tg246,0
WSGGM.jpg,WSGGM,v3OgA,0
lk9FC.jpg,lk9FC,1K9FC,0
nTdw3.jpg,nTdw3,nTdv3,0
4nglK.jpg,4nglK,4mylK,0
1Dj6y.jpg,1Dj6y,WDj6y,0
Djbb7.jpg,Djbb7,0jhx7,0
Agq3y.jpg,Agq3y,AgL3V,0
jvDOn.jpg,jvDOn,1vB0a,0
Cu25Z.jpg,Cu25Z,Ou25L,0
9h432.jpg,9h432,9m4X2,0
Y5HAz.jpg,Y5HAz,T5HAz,0
1556F.jpg,1556F,yw56P,0
p8g9e.jpg,p8g9e,p8x9c,0
jDj7j.jpg,jDj7j,j0KTs,0
YpJ3N.jpg,YpJ3N,Tp43N,0
6Z2UA.jpg,6Z2UA,6ZoUA,0
KMSt1.jpg,KMSt1,km3C1,0
7SNPF.jpg,7SNPF,4SMPF,0
MQ192.jpg,MQ192,MQ192,1
17d95.jpg,17d95,1ZuR5,0
gc8RC.jpg,gc8RC,9w8TC,0
Z7OOe.jpg,Z7OOe,Z9c0p,0
H4iVd.jpg,H4iVd,H2iVo,0
NoH6m.jpg,NoH6m,3ok6m,0
03DHa.jpg,03DHa,U1rKa,0
dQ0s8.jpg,dQ0s8,uC7sX,0
YHHDy.jpg,YHHDy,r1EOy,0
j4qn3.jpg,j4qn3,14an2,0
CpMgi.jpg,CpMgi,CpA91,0
kOw89.jpg,kOw89,KCm89,0
BKsqi.jpg,BKsqi,BASq1,0
Y21Au.jpg,Y21Au,T24Au,0
ue61t.jpg,ue61t,up64l,0
gUx1r.jpg,gUx1r,6LX1m,0
YI55g.jpg,YI55g,ViR5g,0
Z0q0W.jpg,Z0q0W,2QabA,0
SSmOU.jpg,SSmOU,kSm6U,0
D3900.jpg,D3900,D390h,0
0QO07.jpg,0QO07,RqCu1,0
rNbeq.jpg,rNbeq,rAbeg,0
03T9i.jpg,03T9i,03Twi,0
m2Ih8.jpg,m2Ih8,m9Ih8,0
7R3u6.jpg,7R3u6,7K3u6,0
B0GtS.jpg,B0GtS,B0Gt3,0
3KCB1.jpg,3KCB1,3KCB4,0
4wx63.jpg,4wx63,4mX63,0
5R25X.jpg,5R25X,8H0sK,0
rw3Mk.jpg,rw3Mk,rw9Mk,0
K3HXQ.jpg,K3HXQ,K3TZC,0
66KJg.jpg,66KJg,erKJy,0
YUK68.jpg,YUK68,Vik58,0
pq4gJ.jpg,pq4gJ,pC4EJ,0
3Y1T1.jpg,3Y1T1,3Whci,0
8WSj2.jpg,8WSj2,RWSj2,0
1HK4a.jpg,1HK4a,1HK9a,0
92tji.jpg,92tji,92tjy,0
2PoiS.jpg,2PoiS,2F0iS,0
lB9c2.jpg,lB9c2,189c2,0
mekjJ.jpg,mekjJ,mek3J,0
45zfg.jpg,45zfg,43zf0,0
098iF.jpg,098iF,09BjF,0
3Qyhw.jpg,3Qyhw,2CpfW,0
2ko99.jpg,2ko99,2NeYD,0
6qv5U.jpg,6qv5U,6qv2D,0
81Z4U.jpg,81Z4U,pTZ4U,0
UdR8D.jpg,UdR8D,LdR8D,0
D40ON.jpg,D40ON,D4eCN,0
g25Gw.jpg,g25Gw,g15CM,0
NJEQu.jpg,NJEQu,HJ5Ov,0
45d89.jpg,45d89,45m89,0
0v1bG.jpg,0v1bG,0v1hG,0
tNu80.jpg,tNu80,lNs30,0
caO17.jpg,caO17,caDk7,0
0ai6u.jpg,0ai6u,Q4i6u,0
sz49o.jpg,sz49o,sr49c,0
6G8X6.jpg,6G8X6,uL3A5,0
YiRhr.jpg,YiRhr,9ZBhr,0
307IR.jpg,307IR,307wB,0
jW0Ei.jpg,jW0Ei,JW0Ei,0
PfL05.jpg,PfL05,PfL0s,0
Gj37u.jpg,Gj37u,6j37m,0
0K20g.jpg,0K20g,QE2Sy,0
1mM6c.jpg,1mM6c,1mM6c,1
mqHNV.jpg,mqHNV,mgHMV,0
1lgih.jpg,1lgih,Tl8vh,0
qRZcv.jpg,qRZcv,yBZ3h,0
Uw66p.jpg,Uw66p,1W6sP,0
ExG26.jpg,ExG26,EKQ26,0
z33NP.jpg,z33NP,zG3KF,0
dOcAF.jpg,dOcAF,3OxAF,0
ZwEeo.jpg,ZwEeo,2VRep,0
62IL7.jpg,62IL7,62rL7,0
YDpNO.jpg,YDpNO,YBpAC,0
Z25rG.jpg,Z25rG,W25rC,0
NbJ0G.jpg,NbJ0G,MbJzC,0
uk14L.jpg,uk14L,uR14P,0
x8h3X.jpg,x8h3X,v8h3X,0
bKAm8.jpg,bKAm8,bK4m3,0
tKvpi.jpg,tKvpi,tKvaj,0
n3k3S.jpg,n3k3S,u3kTG,0
e0GgZ.jpg,e0GgZ,s0GgI,0
10dmE.jpg,10dmE,10dm5,0
1EiFd.jpg,1EiFd,1LWFa,0
j2GUc.jpg,j2GUc,j2GHc,0
95Htw.jpg,95Htw,05Hfu,0
3Z6AZ.jpg,3Z6AZ,3ZGAP,0
M7XGQ.jpg,M7XGQ,H1X60,0
vds8s.jpg,vds8s,YKfBs,0
vTRo4.jpg,vTRo4,vIRc4,0
OmUah.jpg,OmUah,CmUab,0
Bfda7.jpg,Bfda7,pfds7,0
U6fga.jpg,U6fga,U6lg3,0
VkBPc.jpg,VkBPc,Vk8Pc,0
44g5b.jpg,44g5b,4QsYb,0
EoH3p.jpg,EoH3p,EcH3p,0
0Uz87.jpg,0Uz87,0Lz37,0
XxR3M.jpg,XxR3M,K1R3U,0
ZleOw.jpg,ZleOw,Z1e0N,0
1c3jU.jpg,1c3jU,Tc3i0,0
0980Y.jpg,0980Y,C98AY,0
2WXEC.jpg,2WXEC,zVKB0,0
OlV73.jpg,OlV73,CiM72,0
0J8cX.jpg,0J8cX,018cK,0
584m0.jpg,584m0,K84m0,0
83ivl.jpg,83ivl,3ZpvI,0
j229v.jpg,j229v,jMa9v,0
77Mct.jpg,77Mct,72Kct,0
D0Wt4.jpg,D0Wt4,D0Vt4,0
o6JW9.jpg,o6JW9,o6IW9,0
tc7jG.jpg,tc7jG,8e7jG,0
W2pM8.jpg,W2pM8,U2px8,0
8T6H7.jpg,8T6H7,8TGH7,0
ao25K.jpg,ao25K,aO75K,0
rT4YE.jpg,rT4YE,us4IB,0
6xcTO.jpg,6xcTO,5KC7Q,0
E0Pkt.jpg,E0Pkt,E0pKt,0
FEu22.jpg,FEu22,rEuAz,0
QF08X.jpg,QF08X,Cju3A,0
LbWol.jpg,LbWol,TBWoj,0
3S89B.jpg,3S89B,3ma98,0
Q43ks.jpg,Q43ks,C43ks,0
EuUhe.jpg,EuUhe,Fy3he,0
4I2PW.jpg,4I2PW,412Dm,0
rxPM6.jpg,rxPM6,raDM6,0
SfZGz.jpg,SfZGz,BFZQa,0
ZLUJG.jpg,ZLUJG,2lU3m,0
O64sp.jpg,O64sp,C6jsp,0
8v785.jpg,8v785,8v7k5,0
uZT1z.jpg,uZT1z,uZTje,0
z621T.jpg,z621T,x62jT,0
2zm6x.jpg,2zm6x,2em6x,0
5d0Mr.jpg,5d0Mr,3d0Ar,0
48F0Y.jpg,48F0Y,z8F0y,0
Zj6f5.jpg,Zj6f5,Zj6f3,0
3xYeK.jpg,3xYeK,3wYCH,0
7zWsD.jpg,7zWsD,7zWSD,0
5Y3hF.jpg,5Y3hF,5Y8hF,0
YNE1i.jpg,YNE1i,vMp2t,0
X408N.jpg,X408N,X4D8N,0
Jj3mZ.jpg,Jj3mZ,Ti3mZ,0
1v4hE.jpg,1v4hE,1v4nE,0
wtNd0.jpg,wtNd0,wfMd0,0
33EI3.jpg,33EI3,3METw,0
0n6pE.jpg,0n6pE,0h6vE,0
ood4M.jpg,ood4M,tpd4M,0
TAHhj.jpg,TAHhj,T8khJ,0
STqp9.jpg,STqp9,S1ap9,0
1XzJT.jpg,1XzJT,hK2JD,0
EQpjZ.jpg,EQpjZ,HOpjZ,0
0BeFe.jpg,0BeFe,VBcF2,0
N8sa6.jpg,N8sa6,M8rdG,0
qagCX.jpg,qagCX,qnZFK,0
o42S2.jpg,o42S2,e42wy,0
3QUSG.jpg,3QUSG,3Qh5G,0
Nh8EW.jpg,Nh8EW,Nh3CW,0
UWq1a.jpg,UWq1a,LWnP8,0
p6lP8.jpg,p6lP8,nG1F3,0
sRIg3.jpg,sRIg3,pAIq3,0
XYjpv.jpg,XYjpv,2Thpv,0
0i63j.jpg,0i63j,0l6wj,0
uDKXL.jpg,uDKXL,9DHX1,0
DIL9s.jpg,DIL9s,DJL9x,0
4xrr7.jpg,4xrr7,4KlS7,0
WLwEv.jpg,WLwEv,WloB3,0
26Dbk.jpg,26Dbk,2QD5K,0
Mf2me.jpg,Mf2me,Af2qS,0
b77fP.jpg,b77fP,bY2fW,0
9o662.jpg,9o662,9aHG2,0
3T8zz.jpg,3T8zz,3Dwyz,0
7sG6E.jpg,7sG6E,2sGhE,0
C0246.jpg,C0246,N034n,0
60xwE.jpg,60xwE,60xwF,0
KWybE.jpg,KWybE,K4ybE,0
wr6KY.jpg,wr6KY,mj6SY,0
5n5zi.jpg,5n5zi,9nRZi,0
9M06p.jpg,9M06p,9KU6r,0
NFTKp.jpg,NFTKp,NFTKg,0
3Nw3p.jpg,3Nw3p,2Nw6p,0
kN10Y.jpg,kN10Y,KN46Y,0
y3uqp.jpg,y3uqp,Y3uqp,0
Hp1Iq.jpg,Hp1Iq,Hp1Zg,0
s2F0K.jpg,s2F0K,s2E0H,0
GegwY.jpg,GegwY,6igw7,0
e1a66.jpg,e1a66,e1AG5,0
DEc02.jpg,DEc02,DEv92,0
dSjU9.jpg,dSjU9,d3jU9,0
yFt9M.jpg,yFt9M,YFL3H,0
rQ2Ou.jpg,rQ2Ou,rA26u,0
06iCG.jpg,06iCG,05jCR,0
577z6.jpg,577z6,5jUzG,0
XZjY5.jpg,XZjY5,KZjm6,0
8DUhu.jpg,8DUhu,3Dtby,0
lENv3.jpg,lENv3,1ENv3,0
osct2.jpg,osct2,m5Cf2,0
PDh1f.jpg,PDh1f,PQb1f,0
7iD1g.jpg,7iD1g,2hD19,0
8LqO0.jpg,8LqO0,Akam0,0
694N4.jpg,694N4,69xKt,0
25Ty1.jpg,25Ty1,257v1,0
S8t0T.jpg,S8t0T,SMt0T,0
Rz48N.jpg,Rz48N,Rz48N,1
8FQpE.jpg,8FQpE,3NOpE,0
rfqZI.jpg,rfqZI,rTg2l,0
PlGpc.jpg,PlGpc,PWGpe,0
GHIGD.jpg,GHIGD,mHi5D,0
1jVO4.jpg,1jVO4,tjVC8,0
lk9Xb.jpg,lk9Xb,1K9mD,0
B1vrp.jpg,B1vrp,Blvrp,0
zjQzX.jpg,zjQzX,Zj9cK,0
q1Ewx.jpg,q1Ewx,q1Emx,0
B4K0X.jpg,B4K0X,B4r0X,0
wPW4p.jpg,wPW4p,xTW4p,0
yaz6D.jpg,yaz6D,va25D,0
Ig0pz.jpg,Ig0pz,Iy0px,0
7Mhn0.jpg,7Mhn0,7M5m0,0
8p13T.jpg,8p13T,6ph3T,0
3U5uP.jpg,3U5uP,2WkuP,0
PQcpj.jpg,PQcpj,F0sb1,0
9h4x8.jpg,9h4x8,Cl4x6,0
Ge537.jpg,Ge537,GaB17,0
46c9w.jpg,46c9w,A6r9W,0
3dL9E.jpg,3dL9E,2qIWE,0
vLu37.jpg,vLu37,vCu37,0
7J4Qx.jpg,7J4Qx,7dA0s,0
fRJZz.jpg,fRJZz,fK3Zx,0
nq24a.jpg,nq24a,mV24a,0
3p6Kx.jpg,3p6Kx,3p6Fw,0
TxwTI.jpg,TxwTI,O2Wrl,0
8U7EN.jpg,8U7EN,34cTM,0
M739r.jpg,M739r,MC30r,0
2q90M.jpg,2q90M,2q90H,0
ngpO5.jpg,ngpO5,ngXO5,0
5pao5.jpg,5pao5,TP4cs,0
wspxr.jpg,wspxr,W1PXb,0
Uq02h.jpg,Uq02h,Ua02h,0
SJylh.jpg,SJylh,SJvth,0
cvpto.jpg,cvpto,S7pI0,0
onk7q.jpg,onk7q,onk7q,1
ZElp1.jpg,ZElp1,ZEio3,0
rJR04.jpg,rJR04,rJB04,0
0s5Ld.jpg,0s5Ld,0s5Lm,0
E6Fh5.jpg,E6Fh5,EQ7Hs,0
lQ626.jpg,lQ626,Iwb2G,0
NUY9m.jpg,NUY9m,Ncj9Z,0
OXg7X.jpg,OXg7X,OXg7H,0
B9Nh9.jpg,B9Nh9,Z9Ybp,0
R61a6.jpg,R61a6,KO1a6,0
deZFV.jpg,deZFV,de2FV,0
eUY3H.jpg,eUY3H,e0YfH,0
h757E.jpg,h757E,hX50E,0
P0JvI.jpg,P0JvI,20Hxl,0
fKPB4.jpg,fKPB4,IKPb4,0
7hw8I.jpg,7hw8I,7hw8Y,0
4E4H6.jpg,4E4H6,4EXHo,0
U32ME.jpg,U32ME,Y52Mr,0
9LS7m.jpg,9LS7m,9LB7W,0
qI4RO.jpg,qI4RO,ajkRO,0
003lZ.jpg,003lZ,0p3Iz,0
i4k5R.jpg,i4k5R,j4k5P,0
9oA4E.jpg,9oA4E,9uN4F,0
Cc0R4.jpg,Cc0R4,CruK4,0
dTF94.jpg,dTF94,BmF34,0
074Hj.jpg,074Hj,o74Hj,0
xNrGq.jpg,xNrGq,2NrOq,0
XQP35.jpg,XQP35,KOP35,0
MSkfZ.jpg,MSkfZ,M3kjZ,0
gi8Xv.jpg,gi8Xv,Gj2Ku,0
328uV.jpg,328uV,328qV,0
NEhI2.jpg,NEhI2,AEb12,0
6h7X4.jpg,6h7X4,5h7K4,0
nj7t5.jpg,nj7t5,aJ2t5,0
FrokW.jpg,FrokW,Ei0kW,0
q57wF.jpg,q57wF,q57wF,1
NfFz1.jpg,NfFz1,AGPz1,0
lIFT2.jpg,lIFT2,luET2,0
Gpu6W.jpg,Gpu6W,GpufW,0
89588.jpg,89588,A9i6x,0
MMFrE.jpg,MMFrE,hM7eE,0
6i6cW.jpg,6i6cW,bjSrV,0
vyKeK.jpg,vyKeK,m9KcA,0
cz6W7.jpg,cz6W7,ta6H3,0
oV9fI.jpg,oV9fI,cW9tj,0
OH1mG.jpg,OH1mG,0H1mS,0
dUL2f.jpg,dUL2f,dVL2f,0
mO9Sd.jpg,mO9Sd,AC93d,0
7s2zp.jpg,7s2zp,7SCzp,0
zj4Fv.jpg,zj4Fv,2j4EV,0
GFW7U.jpg,GFW7U,gFW7a,0
6HRiK.jpg,6HRiK,54PiK,0
E1hfy.jpg,E1hfy,E1hfY,0
vGc84.jpg,vGc84,VCs84,0
ufo81.jpg,ufo81,mFaB1,0
R0pU6.jpg,R0pU6,K0yV4,0
j7FgJ.jpg,j7FgJ,j7BgJ,0
tAzo1.jpg,tAzo1,tAZ0j,0
25HfC.jpg,25HfC,25Hf0,0
rPXe0.jpg,rPXe0,rPHe0,0
i6jDt.jpg,i6jDt,36jD4,0
xJW3I.jpg,xJW3I,xJW3t,0
p4Z9t.jpg,p4Z9t,pvZ9t,0
6lRUv.jpg,6lRUv,6iRUv,0
eboFU.jpg,eboFU,cAyFU,0
u1xv3.jpg,u1xv3,GfxW3,0
27061.jpg,27061,2T05H,0
W8W90.jpg,W8W90,lrV20,0
w29pI.jpg,w29pI,vZ9p1,0
xVP00.jpg,xVP00,kV70B,0
ogit8.jpg,ogit8,Dykt8,0
70Ds8.jpg,70Ds8,10Ls8,0
d7IG8.jpg,d7IG8,dxiG8,0
5PXne.jpg,5PXne,5PKnt,0
a43GJ.jpg,a43GJ,n42CI,0
keez3.jpg,keez3,Fem23,0
BF18B.jpg,BF18B,brl9w,0
UM7jG.jpg,UM7jG,BM7iG,0
S1md4.jpg,S1md4,S1mdA,0
dTql2.jpg,dTql2,dTql2,1
gY9zL.jpg,gY9zL,gY53E,0
65Dd8.jpg,65Dd8,6FDd8,0
63Nn1.jpg,63Nn1,62Mr1,0
9rMB4.jpg,9rMB4,9rMB4,1
0243q.jpg,0243q,B245m,0
5U132.jpg,5U132,6U132,0
Y5wV6.jpg,Y5wV6,Y3zV6,0
8n14G.jpg,8n14G,8m1zC,0
8Ol03.jpg,8Ol03,8Q103,0
J0Wjo.jpg,J0Wjo,N0W7c,0
A16Wo.jpg,A16Wo,X1G2o,0
HQdC0.jpg,HQdC0,BQdCp,0
L5jTn.jpg,L5jTn,L3jTm,0
JT1DW.jpg,JT1DW,3zfDK,0
5x37Q.jpg,5x37Q,Sxe7C,0
1esMC.jpg,1esMC,1n8WC,0
BO9o2.jpg,BO9o2,BC9aj,0
XO70Z.jpg,XO70Z,KCT9Z,0
cg1F5.jpg,cg1F5,cg1F5,1
ZQnp2.jpg,ZQnp2,LQmp3,0
Oxdp5.jpg,Oxdp5,CKd25,0
rVM8h.jpg,rVM8h,cVJ8h,0
1XY7v.jpg,1XY7v,1KY7v,0
x6e8w.jpg,x6e8w,XGejW,0
3S2O8.jpg,3S2O8,Jy206,0
B6l4s.jpg,B6l4s,BGr4s,0
3ppdB.jpg,3ppdB,3vbdH,0
33qBZ.jpg,33qBZ,36yDZ,0
JoDtj.jpg,JoDtj,JoDVj,0
M6Qg1.jpg,M6Qg1,MxOg1,0
w02O3.jpg,w02O3,w82Oj,0
A4eAt.jpg,A4eAt,3dz4t,0
9d8Mu.jpg,9d8Mu,9d6Au,0
M1vc6.jpg,M1vc6,MIv36,0
EyWe6.jpg,EyWe6,FvMa6,0
zfJMF.jpg,zfJMF,ZfJwF,0
Ywi47.jpg,Ywi47,Vwi4Z,0
96elf.jpg,96elf,96ahf,0
250MB.jpg,250MB,250MR,0
fpcp4.jpg,fpcp4,foCJ4,0
024fM.jpg,024fM,024IH,0
neKX9.jpg,neKX9,ncHX3,0
0pVO5.jpg,0pVO5,0pMC5,0
9Eps7.jpg,9Eps7,9Eme7,0
a5q49.jpg,a5q49,a5qj9,0
4XxFo.jpg,4XxFo,4XxFc,0
Au2l1.jpg,Au2l1,Au2L1,0
1rkBb.jpg,1rkBb,1rKab,0
PO67o.jpg,PO67o,FQ61a,0
OLuHo.jpg,OLuHo,QExHo,0
M2ORq.jpg,M2ORq,M2CBg,0
9TUW6.jpg,9TUW6,97LW6,0
0r0AX.jpg,0r0AX,DiaA2,0
86YGU.jpg,86YGU,RsjCU,0
V5F21.jpg,V5F21,0SF21,0
FdB84.jpg,FdB84,ryb34,0
A45Jk.jpg,A45Jk,Aj5wz,0
QxUMS.jpg,QxUMS,QxLHS,0
b5IAf.jpg,b5IAf,u5YAf,0
k616z.jpg,k616z,Mt9Dz,0
9Ek15.jpg,9Ek15,9ZMY5,0
Q8Fhc.jpg,Q8Fhc,Q87hv,0
U062S.jpg,U062S,u0w2s,0
92N5a.jpg,92N5a,9ZN5z,0
jY42K.jpg,jY42K,1v42E,0
EZIR6.jpg,EZIR6,uZiR5,0
217tB.jpg,217tB,217LQ,0
3RaEh.jpg,3RaEh,3RaEh,1
bjHN5.jpg,bjHN5,bjHXS,0
Uy0VY.jpg,Uy0VY,ts0MT,0
i34BO.jpg,i34BO,r34B0,0
Rw7BW.jpg,Rw7BW,XUjBW,0
T6LRn.jpg,T6LRn,7SzKn,0
8Kbyk.jpg,8Kbyk,3WDyk,0
3rxej.jpg,3rxej,3mKcj,0
ZpO2N.jpg,ZpO2N,ZeO9N,0
p779P.jpg,p779P,b7KaO,0
99afL.jpg,99afL,yNa7E,0
cF59P.jpg,cF59P,cth9P,0
6g708.jpg,6g708,tw708,0
0CuD8.jpg,0CuD8,0zwD3,0
76Z2r.jpg,76Z2r,76Z2r,1
7DYbB.jpg,7DYbB,2DYh8,0
950Ks.jpg,950Ks,950Hv,0
kOcE6.jpg,kOcE6,MOZtn,0
N5ium.jpg,N5ium,N9ldm,0
n4hlG.jpg,n4hlG,m4hiG,0
uP2OB.jpg,uP2OB,nP4OB,0
cxs1Y.jpg,cxs1Y,caD1Y,0
Gld20.jpg,Gld20,wfU7o,0
b9fD3.jpg,b9fD3,h9TD3,0
7r22y.jpg,7r22y,7r2hV,0
Bpu57.jpg,Bpu57,0ru57,0
4u1pG.jpg,4u1pG,4uIRC,0
plTF1.jpg,plTF1,olTE4,0
Q0rfc.jpg,Q0rfc,y0nfS,0
DNz2g.jpg,DNz2g,DMx2y,0
n52lk.jpg,n52lk,m52Lk,0
32uiq.jpg,32uiq,3ZWig,0
0iwav.jpg,0iwav,ojwAv,0
AuGtJ.jpg,AuGtJ,AvGtJ,0
Xu4oT.jpg,Xu4oT,Ku49I,0
pq7OT.jpg,pq7OT,pq76K,0
vYj6W.jpg,vYj6W,uYi6M,0
0PMWR.jpg,0PMWR,0pmVR,0
bQ68h.jpg,bQ68h,bO62N,0
mzJ60.jpg,mzJ60,m2J80,0
QPzwa.jpg,QPzwa,QBLwa,0
3dZGD.jpg,3dZGD,3d76D,0
Y3696.jpg,Y3696,M3u96,0
0vE05.jpg,0vE05,0VEe5,0
wRN4W.jpg,wRN4W,oRN4D,0
d6EO6.jpg,d6EO6,dsEO7,0
65T9r.jpg,65T9r,6s19r,0
68f8W.jpg,68f8W,G3fDM,0
iUXyX.jpg,iUXyX,jHXyr,0
9iDCt.jpg,9iDCt,97DKt,0
fc0qT.jpg,fc0qT,fc2qT,0
I446I.jpg,I446I,jhX6f,0
sGdK4.jpg,sGdK4,sCdK4,0
yEP3P.jpg,yEP3P,ybP3i,0
0x5n3.jpg,0x5n3,0K5h3,0
99HNN.jpg,99HNN,9zHxN,0
ASsTd.jpg,ASsTd,A5v1d,0
w9Bkn.jpg,w9Bkn,w0Bkn,0
cTr4B.jpg,cTr4B,oTr4B,0
C27SO.jpg,C27SO,L27S0,0
8ZB7p.jpg,8ZB7p,3LB7g,0
1k4ks.jpg,1k4ks,1w4hc,0
Lx7a1.jpg,Lx7a1,Ex7o1,0
xc864.jpg,xc864,YC3b4,0
Qy69E.jpg,Qy69E,Ojs4E,0
UANim.jpg,UANim,UANim,1
J14Ja.jpg,J14Ja,5E4Dm,0
l6CND.jpg,l6CND,I5CAD,0
lzOEL.jpg,lzOEL,l20Sb,0
co7u6.jpg,co7u6,c07u6,0
k9Knh.jpg,k9Knh,E3XmA,0
nu4qr.jpg,nu4qr,nKAgr,0
d5GIo.jpg,d5GIo,d3CIo,0
p9Byt.jpg,p9Byt,D96vt,0
YTyW7.jpg,YTyW7,XEgM7,0
D3Cmu.jpg,D3Cmu,D2cmu,0
KXr5w.jpg,KXr5w,HXj5v,0
CvAZo.jpg,CvAZo,CVAZp,0
m5Qv5.jpg,m5Qv5,miQv5,0
35rLr.jpg,35rLr,Q5PWr,0
D8k6u.jpg,D8k6u,D3K6u,0
T8W2v.jpg,T8W2v,I8W2v,0
NO5o1.jpg,NO5o1,AC591,0
9M3PO.jpg,9M3PO,gM3B0,0
96b2l.jpg,96b2l,96h2I,0
8C1sa.jpg,8C1sa,3C1ya,0
QhT5m.jpg,QhT5m,C413m,0
71qv3.jpg,71qv3,7tqv8,0
4Rzz4.jpg,4Rzz4,dBe71,0
44h07.jpg,44h07,S4b07,0
nY57x.jpg,nY57x,nY57z,0
cHpIE.jpg,cHpIE,cHn1E,0
75s0I.jpg,75s0I,75voI,0
1t8sG.jpg,1t8sG,Tt8nG,0
506D9.jpg,506D9,50fD9,0
s7zle.jpg,s7zle,x7mjo,0
ZJn8i.jpg,ZJn8i,ZJh3i,0
4b761.jpg,4b761,4b7cx,0
nnc8r.jpg,nnc8r,puc87,0
BM8qP.jpg,BM8qP,kM8gP,0
lamN3.jpg,lamN3,IamA3,0
pv5bX.jpg,pv5bX,PVSbK,0
GQEM5.jpg,GQEM5,G7aMS,0
3VolL.jpg,3VolL,2H6TL,0
056F0.jpg,056F0,osCFw,0
AuP7A.jpg,AuP7A,xuP7Q,0
Q18UR.jpg,Q18UR,CjsUA,0
b2k54.jpg,b2k54,b2kvq,0
sBKT5.jpg,sBKT5,sBK75,0
nl51F.jpg,nl51F,ml54F,0
lC0V2.jpg,lC0V2,Ic0U2,0
2A7Vm.jpg,2A7Vm,2x7Vm,0
InJW7.jpg,InJW7,CodH7,0
F0Brh.jpg,F0Brh,F08xh,0
09N4O.jpg,09N4O,09H1C,0
24Q5b.jpg,24Q5b,24mSb,0
q8SKw.jpg,q8SKw,d8jKv,0
14WjL.jpg,14WjL,14WjE,0
9kY51.jpg,9kY51,9KY51,0
aD283.jpg,aD283,wDZ6T,0
sFnU1.jpg,sFnU1,sPmU1,0
zQG5K.jpg,zQG5K,z0j5H,0
zW3o3.jpg,zW3o3,ZV8cJ,0
nCH5A.jpg,nCH5A,mCH5A,0
P68M9.jpg,P68M9,TG8M9,0
93103.jpg,93103,9K103,0
OO2E1.jpg,OO2E1,mo2R1,0
ZMBX1.jpg,ZMBX1,zM6X1,0
bFKGN.jpg,bFKGN,bEKCN,0
MPZOd.jpg,MPZOd,AP2Od,0
P9NYY.jpg,P9NYY,P0A1Y,0
zINPe.jpg,zINPe,ZIAP0,0
8Cdsj.jpg,8Cdsj,RCdsI,0
3y9Yi.jpg,3y9Yi,3gDYt,0
2n8bJ.jpg,2n8bJ,2m8bJ,0
qn9Wg.jpg,qn9Wg,qA9Tj,0
0u53z.jpg,0u53z,0g5jr,0
iOgYX.jpg,iOgYX,i0nT2,0
0z1ct.jpg,0z1ct,0x1ct,0
THbQX.jpg,THbQX,7Hb0K,0
kx0ai.jpg,kx0ai,EX0ai,0
2K7j4.jpg,2K7j4,2K7j4,1
UbWo4.jpg,UbWo4,UbK04,0
4734w.jpg,4734w,p7Sqw,0
E93tK.jpg,E93tK,Z93tK,0
eoYiH.jpg,eoYiH,8oYiH,0
hKu7q.jpg,hKu7q,HXv79,0
6ZZVW.jpg,6ZZVW,6ZpUh,0
dcser.jpg,dcser,Uc3o7,0
A5Dct.jpg,A5Dct,45Dct,0
zy3N2.jpg,zy3N2,py3N0,0
B7Z6I.jpg,B7Z6I,B9Z6t,0
ST7pM.jpg,ST7pM,SIybK,0
60p7Q.jpg,60p7Q,50n1q,0
bM3Ci.jpg,bM3Ci,bM3CP,0
3MOIl.jpg,3MOIl,2AvF1,0
cEBis.jpg,cEBis,CEA1s,0
37cTz.jpg,37cTz,37oWz,0
VFJc5.jpg,VFJc5,VRjc5,0
dfR9Z.jpg,dfR9Z,dFR9Z,0
C1BCd.jpg,C1BCd,c1BCz,0
d3xBm.jpg,d3xBm,d3KBm,0
6jBT9.jpg,6jBT9,6jsX3,0
38k2C.jpg,38k2C,78kWC,0
jHdB8.jpg,jHdB8,jHdBx,0
Di8ih.jpg,Di8ih,Di3wh,0
YX3u0.jpg,YX3u0,DX3zh,0
nEIwU.jpg,nEIwU,o5IWO,0
Ddsk1.jpg,Ddsk1,Ddsk1,1
08Zm6.jpg,08Zm6,037mb,0
O6bz7.jpg,O6bz7,C5h27,0
vULy5.jpg,vULy5,aUjy5,0
S1I2V.jpg,S1I2V,S1bzV,0
evh7f.jpg,evh7f,2whrf,0
zg2Cc.jpg,zg2Cc,xg2Ce,0
p2T0U.jpg,p2T0U,p2TqU,0
1v7uM.jpg,1v7uM,1vZuM,0
ICCnb.jpg,ICCnb,ICSa5,0
jxgx1.jpg,jxgx1,jzqvt,0
RF0Gp.jpg,RF0Gp,MF0Gn,0
OA5O1.jpg,OA5O1,CA5P1,0
42yWE.jpg,42yWE,42ywE,0
y6kmv.jpg,y6kmv,Y6kmz,0
Ko3Tf.jpg,Ko3Tf,H63Tf,0
8GHUT.jpg,8GHUT,8CjU7,0
I78SX.jpg,I78SX,t705K,0
7A3b7.jpg,7A3b7,7A35P,0
XPexI.jpg,XPexI,KPcaI,0
D48N5.jpg,D48N5,04gH5,0
AQ5B8.jpg,AQ5B8,AvFp3,0
8Lkh4.jpg,8Lkh4,8DkX4,0
Jz4nb.jpg,Jz4nb,J24wb,0
7O4ef.jpg,7O4ef,7U4cf,0
te9Yh.jpg,te9Yh,Ic9Xh,0
e0sWo.jpg,e0sWo,gJxW2,0
u7fxk.jpg,u7fxk,a7C8k,0
Jzdf0.jpg,Jzdf0,3Zdf0,0
UPw3F.jpg,UPw3F,LPW3j,0
y43j0.jpg,y43j0,y43iO,0
oBYJX.jpg,oBYJX,eB7I2,0
SPnaF.jpg,SPnaF,SPhak,0
D12Z7.jpg,D12Z7,Dj2y7,0
U17K2.jpg,U17K2,Ul7KS,0
ayCv0.jpg,ayCv0,ajCv0,0
rxsql.jpg,rxsql,rX5q1,0
s2wr4.jpg,s2wr4,3PWr4,0
vM56V.jpg,vM56V,qMSjU,0
cUC0I.jpg,cUC0I,eUC0j,0
I2ke5.jpg,I2ke5,I2Ku5,0
c62Ki.jpg,c62Ki,Q6ZK1,0
Y73V3.jpg,Y73V3,mQxVj,0
5KKIs.jpg,5KKIs,bKQ73,0
567QO.jpg,567QO,s67MD,0
N59eo.jpg,N59eo,A39ru,0
n1UC4.jpg,n1UC4,mTUC4,0
n44J3.jpg,n44J3,C4xJ3,0
kQ5S2.jpg,kQ5S2,kQfS2,0
7xPuG.jpg,7xPuG,7xFuC,0
73Wn6.jpg,73Wn6,73WuC,0
0hqDt.jpg,0hqDt,0HXwt,0
OZ2Om.jpg,OZ2Om,oj2VN,0
m5tqt.jpg,m5tqt,m27gt,0
V2Tlk.jpg,V2Tlk,V2T1k,0
28rsJ.jpg,28rsJ,Z8rW1,0
R9O54.jpg,R9O54,R9034,0
MzdWG.jpg,MzdWG,AidVP,0
MlM0s.jpg,MlM0s,MIw03,0
d8pM4.jpg,d8pM4,dSpM7,0
GWF4h.jpg,GWF4h,GWE2n,0
CF7N0.jpg,CF7N0,vSZN0,0
MMgo9.jpg,MMgo9,Kuyf9,0
q1Mmh.jpg,q1Mmh,q1MQh,0
Oi874.jpg,Oi874,0i374,0
aLJzE.jpg,aLJzE,wLJ2B,0
G7BGR.jpg,G7BGR,w1bCK,0
2Y76Q.jpg,2Y76Q,2V75C,0
e575V.jpg,e575V,ek75V,0
nt7Ka.jpg,nt7Ka,nt7Ka,1
2EPoi.jpg,2EPoi,3fPoi,0
H8L24.jpg,H8L24,W8L24,0
nb5KP.jpg,nb5KP,mb3KP,0
uJmMn.jpg,uJmMn,u3TMr,0
0m91h.jpg,0m91h,0w3VA,0
80VDa.jpg,80VDa,R0Wma,0
3uHZk.jpg,3uHZk,3aHZk,0
ItWv0.jpg,ItWv0,T4Rv0,0
8OlPN.jpg,8OlPN,8aiFA,0
mqiFk.jpg,mqiFk,m0zFK,0
dJvuV.jpg,dJvuV,dfxbV,0
3XaN9.jpg,3XaN9,3KaN9,0
5bwz8.jpg,5bwz8,5bwaG,0
46p7T.jpg,46p7T,Wtp2T,0
t5YmO.jpg,t5YmO,t27mQ,0
35rt4.jpg,35rt4,25rk4,0
si8Ol.jpg,si8Ol,wz30l,0
4XXp5.jpg,4XXp5,4NYo5,0
10kKk.jpg,10kKk,10ZKx,0
9qoQm.jpg,9qoQm,9abYm,0
svJF0.jpg,svJF0,sWJF0,0
SLWH9.jpg,SLWH9,xLvH9,0
4z58Y.jpg,4z58Y,4z58V,0
4SE14.jpg,4SE14,XSEjn,0
y2Nld.jpg,y2Nld,v2Ald,0
0SZPW.jpg,0SZPW,05zFW,0
gOd7q.jpg,gOd7q,sOH7q,0
lw8Lc.jpg,lw8Lc,jW3bc,0
1t1Wg.jpg,1t1Wg,2t7Kg,0
rv4xR.jpg,rv4xR,ru4xB,0
jUg3c.jpg,jUg3c,jUg3E,0
15D7l.jpg,15D7l,45u7f,0
EdxCc.jpg,EdxCc,E3xYe,0
jeHj7.jpg,jeHj7,ieHD7,0
yI1W6.jpg,yI1W6,zF1W6,0
tjQGO.jpg,tjQGO,tjAGa,0
bR80W.jpg,bR80W,bR3zY,0
5u8x7.jpg,5u8x7,5uW17,0
RiJE1.jpg,RiJE1,Kc5s1,0
1Yv71.jpg,1Yv71,1Yo7f,0
K4NUx.jpg,K4NUx,F4MLx,0
FdIJG.jpg,FdIJG,FdzJG,0
5Ee2O.jpg,5Ee2O,5fe20,0
xau09.jpg,xau09,Kau06,0
6THFW.jpg,6THFW,67H2W,0
7yVk8.jpg,7yVk8,7mVk8,0
6oajQ.jpg,6oajQ,5o3jQ,0
KL3hs.jpg,KL3hs,KLJhs,0
8R3IV.jpg,8R3IV,6nxIM,0
4B0Jd.jpg,4B0Jd,4B0Jd,1
i0Ti6.jpg,i0Ti6,UaTz6,0
ZjN71.jpg,ZjN71,C9H71,0
7yxGu.jpg,7yxGu,7yAGu,0
jDU4c.jpg,jDU4c,iRU4c,0
4SIQe.jpg,4SIQe,4SICe,0
e60zy.jpg,e60zy,eb02Y,0
9xORz.jpg,9xORz,9uGBZ,0
Ho72i.jpg,Ho72i,Hv72i,0
koFc3.jpg,koFc3,KofG3,0
dc3E6.jpg,dc3E6,DZ3K6,0
CF7oC.jpg,CF7oC,GR7af,0
qED6C.jpg,qED6C,akD5C,0
KFVdq.jpg,KFVdq,eFVd3,0
wqYE4.jpg,wqYE4,MgYE3,0
Id45T.jpg,Id45T,jd35T,0
r0h1a.jpg,r0h1a,z0k1X,0
QZ827.jpg,QZ827,CZ8zT,0
M0Lus.jpg,M0Lus,XOLu3,0
bj436.jpg,bj436,bi426,0
b94A3.jpg,b94A3,r94hx,0
CTi45.jpg,CTi45,CTr43,0
oihFo.jpg,oihFo,ejhT4,0
cgZ50.jpg,cgZ50,NgL50,0
OluR6.jpg,OluR6,U13R6,0
Y4m65.jpg,Y4m65,J4m65,0
Sb9FJ.jpg,Sb9FJ,5bWrJ,0
9Nx1u.jpg,9Nx1u,9Hx1u,0
k0nDu.jpg,k0nDu,K0nDy,0
446a5.jpg,446a5,AV6a5,0
MmG5j.jpg,MmG5j,AnC5I,0
11Qho.jpg,11Qho,tJQNa,0
7pHO8.jpg,7pHO8,7bH08,0
M6oVk.jpg,M6oVk,mGoVk,0
tl2e6.jpg,tl2e6,E13c6,0
a21W3.jpg,a21W3,h2IWS,0
0Ao4m.jpg,0Ao4m,0Ae4m,0
46pOX.jpg,46pOX,46pOK,0
5Slyo.jpg,5Slyo,Z3Iy0,0
f904B.jpg,f904B,F9m4B,0
12TJy.jpg,12TJy,i2TJy,0
g3Uw6.jpg,g3Uw6,g3Hwf,0
zt688.jpg,zt688,ztG3w,0
97QU4.jpg,97QU4,o7mUx,0
7CE39.jpg,7CE39,7CE3n,0
U1PoX.jpg,U1PoX,U1FcK,0
Zc974.jpg,Zc974,7cBj4,0
CBLe6.jpg,CBLe6,CBIaT,0
293KV.jpg,293KV,2S5KV,0
l2saE.jpg,l2saE,l2ma5,0
V8f74.jpg,V8f74,V3i74,0
e7szW.jpg,e7szW,C7nzH,0
hHykC.jpg,hHykC,b4yk6,0
7ZvXb.jpg,7ZvXb,7zvXb,0
SQc4i.jpg,SQc4i,Sma4t,0
d039n.jpg,d039n,dt39N,0
Cc15z.jpg,Cc15z,Qc15M,0
Pkq8P.jpg,Pkq8P,fKq6p,0
59cr2.jpg,59cr2,W9cI2,0
684j5.jpg,684j5,684I5,0
1R7E3.jpg,1R7E3,4A7E2,0
0l1Zs.jpg,0l1Zs,0lYRs,0
Y124p.jpg,Y124p,V124p,0
628cw.jpg,628cw,62BFm,0
r6KKQ.jpg,r6KKQ,r6NH0,0
szGze.jpg,szGze,32Cxe,0
kb4BD.jpg,kb4BD,Kb4mO,0
qqw92.jpg,qqw92,dyW9Z,0
J8h5f.jpg,J8h5f,J8k5f,0
bLP94.jpg,bLP94,bIF94,0
wHzSD.jpg,wHzSD,mHZ3D,0
DePgx.jpg,DePgx,Gphqx,0
j5OZM.jpg,j5OZM,js0ZM,0
l8TyD.jpg,l8TyD,f8TyQ,0
cM62j.jpg,cM62j,cM62i,0
2ixlz.jpg,2ixlz,20KI4,0
08oz1.jpg,08oz1,08cz1,0
Ny2Go.jpg,Ny2Go,MY2C5,0
Mru0P.jpg,Mru0P,hz30P,0
7kCX6.jpg,7kCX6,7kCX6,1
11a9P.jpg,11a9P,kIa0D,0
d8LpO.jpg,d8LpO,d81FQ,0
ZS1h0.jpg,ZS1h0,2S1h0,0
Eh088.jpg,Eh088,Ebv9a,0
ZF6Hi.jpg,ZF6Hi,2E0Hi,0
m13H0.jpg,m13H0,mf3H0,0
dmzN9.jpg,dmzN9,dmZN9,0
t5pk0.jpg,t5pk0,15rK0,0
OMFTV.jpg,OMFTV,04ETV,0
9J4cW.jpg,9J4cW,9J4CV,0
FG2AI.jpg,FG2AI,rGwAl,0
Gd9V5.jpg,Gd9V5,Dd9Vx,0
47apY.jpg,47apY,4ZapV,0
rxmu7.jpg,rxmu7,pXmU7,0
0DI5t.jpg,0DI5t,0m15v,0
s9Z88.jpg,s9Z88,ioZVB,0
aQWZo.jpg,aQWZo,aCW7o,0
O8rRe.jpg,O8rRe,O8rKo,0
8If40.jpg,8If40,81fW0,0
28NYy.jpg,28NYy,a8hYU,0
J2Hkk.jpg,J2Hkk,JzHkG,0
Ich16.jpg,Ich16,rvh16,0
0jR78.jpg,0jR78,0jm78,0
1YAyk.jpg,1YAyk,1CA9b,0
hvQV6.jpg,hvQV6,hxOU6,0
1uB2S.jpg,1uB2S,1uBz5,0
f0E57.jpg,f0E57,f0Ks7,0
t9ZHa.jpg,t9ZHa,t92Ha,0
xVxi0.jpg,xVxi0,MVsio,0
Pp3K0.jpg,Pp3K0,fp3K0,0
9P0UZ.jpg,9P0UZ,gP4UZ,0
sxh1u.jpg,sxh1u,SXh1u,0
1S6j4.jpg,1S6j4,1S6j4,1
95lvz.jpg,95lvz,9sfwR,0
P429o.jpg,P429o,K42yo,0
67242.jpg,67242,C7W42,0
paOLm.jpg,paOLm,PaQ1m,0
37dI6.jpg,37dI6,37dl6,0
9XAd9.jpg,9XAd9,SKAu0,0
BegXm.jpg,BegXm,BtgKm,0
6iur8.jpg,6iur8,GVyr8,0
b2p7k.jpg,b2p7k,62o7K,0
lCGm0.jpg,lCGm0,JCgW0,0
g47u1.jpg,g47u1,g4Zbj,0
6UUuX.jpg,6UUuX,5UtuX,0
M1mYX.jpg,M1mYX,MjnTX,0
6pH4K.jpg,6pH4K,5pH4X,0
7cYaF.jpg,7cYaF,AgVaE,0
5ZR1q.jpg,5ZR1q,5ZR1q,1
8klt4.jpg,8klt4,zKTf4,0
iU8Ve.jpg,iU8Ve,jO8NE,0
kmNTW.jpg,kmNTW,jaZFW,0
B4J8e.jpg,B4J8e,m4J3t,0
x43i8.jpg,x43i8,x4oi8,0
EEphr.jpg,EEphr,Gephr,0
i8GT1.jpg,i8GT1,j8G71,0
K05IV.jpg,K05IV,ZqSIM,0
Es2e6.jpg,Es2e6,Es2w6,0
x8nr0.jpg,x8nr0,k3mI0,0
amewd.jpg,amewd,AmskJ,0
LfoaW.jpg,LfoaW,LFOaM,0
850q8.jpg,850q8,8ZOy1,0
4i1UX.jpg,4i1UX,4i1UK,0
x2lTR.jpg,x2lTR,X2ITB,0
Lm9k5.jpg,Lm9k5,ImPK5,0
2t07Z.jpg,2t07Z,5t0TZ,0
63W8t.jpg,63W8t,63WZt,0
S3347.jpg,S3347,S3W47,0
zAZfB.jpg,zAZfB,sAZTB,0
uLuB5.jpg,uLuB5,aCu89,0
5e94M.jpg,5e94M,3c94K,0
d0CSh.jpg,d0CSh,d0CS1,0
bhg3H.jpg,bhg3H,oUZ3N,0
OVQ0U.jpg,OVQ0U,dFG2U,0
UNT3E.jpg,UNT3E,UN73E,0
itncr.jpg,itncr,jtn8r,0
TZE00.jpg,TZE00,12kD9,0
bY2k4.jpg,bY2k4,GV2k4,0
59tfL.jpg,59tfL,50Wfk,0
iu32l.jpg,iu32l,ju3Z1,0
q6HjW.jpg,q6HjW,q6hjW,0
1tv1O.jpg,1tv1O,l5vRO,0
7hXDT.jpg,7hXDT,7sK0r,0
yZ2Il.jpg,yZ2Il,yw2FU,0
ytl8j.jpg,ytl8j,vTr6j,0
a1Dkz.jpg,a1Dkz,a1DKz,0
CB2wE.jpg,CB2wE,CB2aj,0
9cQ3K.jpg,9cQ3K,9rm3k,0
2vv97.jpg,2vv97,2uK07,0
mm26m.jpg,mm26m,Dh2tj,0
C44QE.jpg,C44QE,vx1QB,0
HzGQI.jpg,HzGQI,H2GOI,0
17P1q.jpg,17P1q,v7B10,0
BeWs7.jpg,BeWs7,BcWx7,0
27zU9.jpg,27zU9,27tH9,0
g39u7.jpg,g39u7,E39u7,0
iqQCz.jpg,iqQCz,1qAwZ,0
DK2KO.jpg,DK2KO,Du2XG,0
5c447.jpg,5c447,5c4n7,0
ftAw7.jpg,ftAw7,cQAw7,0
C0AtF.jpg,C0AtF,CuAzF,0
Edc46.jpg,Edc46,EVc46,0
0eFn2.jpg,0eFn2,0eEh2,0
6B1j7.jpg,6B1j7,cRaj7,0
I43iq.jpg,I43iq,D43lq,0
319c6.jpg,319c6,31yEG,0
39hS0.jpg,39hS0,xAhS0,0
YFpu7.jpg,YFpu7,VPpu7,0
EKyoM.jpg,EKyoM,EKye4,0
E3fEi.jpg,E3fEi,Y3hEs,0
SnzN1.jpg,SnzN1,5n2Mj,0
I65ir.jpg,I65ir,Iu5mx,0
kS3fP.jpg,kS3fP,KSafm,0
u9cQ2.jpg,u9cQ2,hgiQ2,0
CBi69.jpg,CBi69,CB163,0
ki9Kx.jpg,ki9Kx,hi9Ky,0
C6i2D.jpg,C6i2D,CWj2D,0
0J9R1.jpg,0J9R1,0J9K1,0
Zk8A7.jpg,Zk8A7,CkgA7,0
Q23Cx.jpg,Q23Cx,Q26Cx,0
gJeQ6.jpg,gJeQ6,yJeQ5,0
WG927.jpg,WG927,WGs2T,0
5e9l7.jpg,5e9l7,5e9i7,0
La85x.jpg,La85x,LaB5y,0
e6g54.jpg,e6g54,c8yD1,0
v8fzX.jpg,v8fzX,C8fzX,0
4n364.jpg,4n364,0m3CA,0
hPPah.jpg,hPPah,LP7ah,0
u1K4X.jpg,u1K4X,u3E4Y,0
7YTgX.jpg,7YTgX,7imgX,0
94447.jpg,94447,o4MK7,0
31IkS.jpg,31IkS,31DHc,0
m8zuM.jpg,m8zuM,n8r4K,0
614pv.jpg,614pv,ET4pv,0
Q2D94.jpg,Q2D94,C2D91,0
Ni12t.jpg,Ni12t,Aj12t,0
bLiz0.jpg,bLiz0,hTiz0,0
1a64y.jpg,1a64y,1R64y,0
uWuJD.jpg,uWuJD,8WcJD,0
Q1o4T.jpg,Q1o4T,Qj64F,0
7ikMz.jpg,7ikMz,7jkMz,0
RUf5h.jpg,RUf5h,K0f5h,0
J642R.jpg,J642R,J642B,0
9CdSY.jpg,9CdSY,9Cd8T,0
5xDnq.jpg,5xDnq,5xDmq,0
8Mdh2.jpg,8Mdh2,8MDhz,0
y9z2Y.jpg,y9z2Y,uDx2Y,0
fJ21F.jpg,fJ21F,nJ21E,0
77NI5.jpg,77NI5,7dAl5,0
ye5Y9.jpg,ye5Y9,ytBj9,0
xRAW0.jpg,xRAW0,zB4V0,0
0KH64.jpg,0KH64,DxH64,0
koDO2.jpg,koDO2,kuBO2,0
Rt0v9.jpg,Rt0v9,KI0z9,0
J7ngu.jpg,J7ngu,J7mxu,0
4FG8F.jpg,4FG8F,1PC35,0
yf5gs.jpg,yf5gs,VfDds,0
wozjO.jpg,wozjO,mpxjO,0
ylWmW.jpg,ylWmW,zlSmW,0
1UuJ3.jpg,1UuJ3,1OuJ3,0
oskZG.jpg,oskZG,95H26,0
yf27e.jpg,yf27e,vf27c,0
0WFi6.jpg,0WFi6,0WFL6,0
4Zy42.jpg,4Zy42,u7VA2,0
NLnDh.jpg,NLnDh,N3aDb,0
9a2X3.jpg,9a2X3,0e7K3,0
7C0HS.jpg,7C0HS,1C0H3,0
8Lxi8.jpg,8Lxi8,0Lmj6,0
30gta.jpg,30gta,30gra,0
8Gbz0.jpg,8Gbz0,3Cjz0,0
S7P86.jpg,S7P86,S7PX6,0
6A9WO.jpg,6A9WO,64JV0,0
fi4WP.jpg,fi4WP,fb3MB,0
6xj2Z.jpg,6xj2Z,6wjqZ,0
C0yr2.jpg,C0yr2,M0yf2,0
ie41T.jpg,ie41T,fe89T,0
8bDXD.jpg,8bDXD,3hEY0,0
R6O04.jpg,R6O04,B6Ov1,0
krDX6.jpg,krDX6,HrD25,0
27gMo.jpg,27gMo,27gHv,0
Iw449.jpg,Iw449,IW849,0
2qpLe.jpg,2qpLe,2upIS,0
Y685a.jpg,Y685a,Y693a,0
DjI6T.jpg,DjI6T,CMt6T,0
ig22L.jpg,ig22L,jqXPt,0
jAkqz.jpg,jAkqz,jAkG2,0
d6C9w.jpg,d6C9w,J6r9M,0
5x0r5.jpg,5x0r5,5K01T,0
jt9DH.jpg,jt9DH,Jt8DH,0
pkBBj.jpg,pkBBj,pkBUQ,0
M4VOy.jpg,M4VOy,M4V0g,0
ezVpZ.jpg,ezVpZ,ciMnZ,0
ZPLXs.jpg,ZPLXs,0BIKs,0
JkLK2.jpg,JkLK2,J9CK2,0
6P75o.jpg,6P75o,6F73o,0
Vdcst.jpg,Vdcst,MdZ5f,0
djPm7.jpg,djPm7,JjPa9,0
4Q2Qs.jpg,4Q2Qs,4C2ms,0
w8IFk.jpg,w8IFk,W2Tck,0
DN56r.jpg,DN56r,DN36r,0
r6vj2.jpg,r6vj2,r6Wj2,0
uDyja.jpg,uDyja,uDYj8,0
9eT3y.jpg,9eT3y,9cTWy,0
c0nP7.jpg,c0nP7,S0hP7,0
GpYTy.jpg,GpYTy,CpHfy,0
j5yjM.jpg,j5yjM,j5yOM,0
qb9CC.jpg,qb9CC,qb3FC,0
802k8.jpg,802k8,BO2hS,0
66y5P.jpg,66y5P,6wYhF,0
JXxnx.jpg,JXxnx,JZghx,0
uZv30.jpg,uZv30,uZY30,0
rlvm0.jpg,rlvm0,rl3h0,0
jGC4t.jpg,jGC4t,hgC4F,0
jkYQe.jpg,jkYQe,jxYRc,0
3663V.jpg,3663V,yRb3V,0
3XUJh.jpg,3XUJh,3eUJh,0
BZ6l9.jpg,BZ6l9,m2613,0
tV59Q.jpg,tV59Q,rV53O,0
kRJV2.jpg,kRJV2,xBJV2,0
mAUKX.jpg,mAUKX,m4UFX,0
GYE14.jpg,GYE14,GYBI4,0
fjtd9.jpg,fjtd9,fjtd9,1
o61TF.jpg,o61TF,o6W4F,0
Tpvc3.jpg,Tpvc3,7pwc3,0
v9h1E.jpg,v9h1E,v9H1E,0
OWxQZ.jpg,OWxQZ,pWxQf,0
Oe6w0.jpg,Oe6w0,Or63h,0
5YO8b.jpg,5YO8b,FM03b,0
eBx27.jpg,eBx27,cBr27,0
G784k.jpg,G784k,C734H,0
36O25.jpg,36O25,T6U25,0
3l1D4.jpg,3l1D4,3j1D4,0
hy1eH.jpg,hy1eH,hX1C2,0
6J4fu.jpg,6J4fu,6J4ru,0
WXoxi.jpg,WXoxi,HX0xi,0
13xVr.jpg,13xVr,13kVp,0
BScYi.jpg,BScYi,R3cWj,0
v8pRI.jpg,v8pRI,v8j4Y,0
A2PI1.jpg,A2PI1,qZPr1,0
ryqo7.jpg,ryqo7,ryWo7,0
OkM8u.jpg,OkM8u,0kT3u,0
8Lf5n.jpg,8Lf5n,31fym,0
D0rs5.jpg,D0rs5,D0rx5,0
tWzws.jpg,tWzws,tY2uS,0
q94hp.jpg,q94hp,w94hp,0
23lBO.jpg,23lBO,23IR0,0
k101v.jpg,k101v,Ki0Jv,0
A279B.jpg,A279B,hzV9R,0
x4l00.jpg,x4l00,x4iB6,0
34ikh.jpg,34ikh,34ORh,0
2IUGg.jpg,2IUGg,2fUCn,0
pPe82.jpg,pPe82,Dfc3X,0
7Uc07.jpg,7Uc07,zUe0T,0
wN4Vu.jpg,wN4Vu,xN4Vu,0
9gbO4.jpg,9gbO4,9jbE4,0
j0xA0.jpg,j0xA0,iqxA6,0
ez1Ut.jpg,ez1Ut,c2TMn,0
xdi4m.jpg,xdi4m,KGi4m,0
kF7xl.jpg,kF7xl,kTpq6,0
76nvi.jpg,76nvi,75nWi,0
rzsg3.jpg,rzsg3,D7sq3,0
s0I9O.jpg,s0I9O,5m19D,0
Slc5w.jpg,Slc5w,SI0Aw,0
r61Lf.jpg,r61Lf,y6VWf,0
mmc70.jpg,mmc70,NKc70,0
OZ882.jpg,OZ882,OZnS9,0
itok8.jpg,itok8,Ttuk3,0
xgB8H.jpg,xgB8H,XqD8H,0
ZNooO.jpg,ZNooO,fA2aD,0
t68l4.jpg,t68l4,ikNZ4,0
wD3mx.jpg,wD3mx,jP3hx,0
88FHm.jpg,88FHm,02tHm,0
XU0X9.jpg,XU0X9,wU0A3,0
Qmsh0.jpg,Qmsh0,Bmsf0,0
05uL4.jpg,05uL4,05uL4,1
3zc5H.jpg,3zc5H,2mc5H,0
dFx9g.jpg,dFx9g,JFX9q,0
C0Eld.jpg,C0Eld,x0Eld,0
81zyY.jpg,81zyY,8tZgY,0
51647.jpg,51647,51647,1
D0iJ7.jpg,D0iJ7,D0iN7,0
hQIqo.jpg,hQIqo,MQ1VD,0
ERgaK.jpg,ERgaK,ETg4k,0
JE26V.jpg,JE26V,JE25V,0
Jj8k1.jpg,Jj8k1,Jj6wT,0
Soa0t.jpg,Soa0t,3oAQI,0
C3PhY.jpg,C3PhY,C3Phy,0
e0b7X.jpg,e0b7X,8057K,0
8JroD.jpg,8JroD,8XroD,0
TG76Q.jpg,TG76Q,TK76O,0
W2b2n.jpg,W2b2n,HCb2n,0
LqQ4c.jpg,LqQ4c,IyO4c,0
5p1g0.jpg,5p1g0,5p1gQ,0
3HmIt.jpg,3HmIt,2Km1t,0
T09Te.jpg,T09Te,703Kw,0
K2wRh.jpg,K2wRh,K2mSh,0
b5HF5.jpg,b5HF5,04HFS,0
rJE08.jpg,rJE08,rJf08,0
AvjW1.jpg,AvjW1,AorW1,0
lU3Jz.jpg,lU3Jz,iU3NZ,0
9yXzt.jpg,9yXzt,9yAzj,0
ggFpy.jpg,ggFpy,a6FpV,0
jSGoQ.jpg,jSGoQ,jSDo4,0
X6c95.jpg,X6c95,M6i95,0
579te.jpg,579te,5Z9te,0
3VYr0.jpg,3VYr0,2MYi0,0
zb2u5.jpg,zb2u5,y02w5,0
1DcU1.jpg,1DcU1,jBcU3,0
7nT5l.jpg,7nT5l,7mT5H,0
hQ9Z1.jpg,hQ9Z1,HC82t,0
WV484.jpg,WV484,H746f,0
27iMW.jpg,27iMW,2TiMy,0
9GRkA.jpg,9GRkA,9GrKA,0
P4VWy.jpg,P4VWy,E4UWg,0
MCc4o.jpg,MCc4o,ATc4p,0
ORk1b.jpg,ORk1b,0KV15,0
J911W.jpg,J911W,J94kW,0
w91ss.jpg,w91ss,m01s2,0
E0u6F.jpg,E0u6F,B0uxj,0
0466h.jpg,0466h,043Gh,0
zHe3a.jpg,zHe3a,7Ke3y,0
84eu3.jpg,84eu3,84Cux,0
16e8Y.jpg,16e8Y,1kz6V,0
jn4C3.jpg,jn4C3,jm4C3,0
f930H.jpg,f930H,r93CH,0
4d06V.jpg,4d06V,Ad0EV,0
Dm5qF.jpg,Dm5qF,Dm5gF,0
SMP0M.jpg,SMP0M,3AF0t,0
W0zLR.jpg,W0zLR,w0zT1,0
3Z6vE.jpg,3Z6vE,1Z6vE,0
7VT9Y.jpg,7VT9Y,7Vr0b,0
fIZ9Z.jpg,fIZ9Z,fI29w,0
218I0.jpg,218I0,218FQ,0
71Y75.jpg,71Y75,7aYq5,0
ERWr7.jpg,ERWr7,EqWr7,0
cdw50.jpg,cdw50,zdW50,0
q2WA1.jpg,q2WA1,q2WP1,0
HTdU0.jpg,HTdU0,A7aL0,0
Cr5nD.jpg,Cr5nD,6i3aD,0
7698v.jpg,7698v,lG98v,0
492Jh.jpg,492Jh,492Ub,0
kf2pT.jpg,kf2pT,Kf2pT,0
gZ7pL.jpg,gZ7pL,GZ7pv,0
kq1JT.jpg,kq1JT,kqjvT,0
t2dx7.jpg,t2dx7,t2dK7,0
02Ym4.jpg,02Ym4,02Ym4,1
08bgw.jpg,08bgw,01bgW,0
AU890.jpg,AU890,ALF20,0
zCvie.jpg,zCvie,aCvjP,0
LAPuh.jpg,LAPuh,LAFuh,0
8t19r.jpg,8t19r,Btj9r,0
80977.jpg,80977,809Kl,0
05969.jpg,05969,05zrY,0
wtBP9.jpg,wtBP9,MtZF9,0
0i3LP.jpg,0i3LP,0y3LN,0
G8pDl.jpg,G8pDl,G3nD1,0
S6607.jpg,S6607,Sw607,0
cHh97.jpg,cHh97,cHm97,0
19Qz8.jpg,19Qz8,T9CZ8,0
XRG4q.jpg,XRG4q,XP6hg,0
NrYWD.jpg,NrYWD,NcYwD,0
r423i.jpg,r423i,muR3i,0
IJpVW.jpg,IJpVW,EJpUW,0
oJR2z.jpg,oJR2z,odk2x,0
821n3.jpg,821n3,K21n4,0
q2ksD.jpg,q2ksD,q2KSD,0
u7Ywa.jpg,u7Ywa,b7Vm3,0
0jF03.jpg,0jF03,GjM03,0
IP6BT.jpg,IP6BT,IF6bx,0
c8joT.jpg,c8joT,w3j0T,0
IGePg.jpg,IGePg,1CeFg,0
dFxzA.jpg,dFxzA,dEw2A,0
qX836.jpg,qX836,dKP36,0
i2Z04.jpg,i2Z04,i2x04,0
2544X.jpg,2544X,2aY6j,0
5WoVf.jpg,5WoVf,5WoVf,1
zq8O8.jpg,zq8O8,Zq30E,0
l937o.jpg,l937o,l93Zw,0
jZknc.jpg,jZknc,j2KmC,0
FQzTa.jpg,FQzTa,FOzYa,0
AmjEY.jpg,AmjEY,em3EY,0
43W3v.jpg,43W3v,4oW2v,0
ee41Z.jpg,ee41Z,a6412,0
T0Wa9.jpg,T0Wa9,T0ws9,0
pFIuW.jpg,pFIuW,3FtuW,0
Ym92k.jpg,Ym92k,Vm92K,0
0ELl1.jpg,0ELl1,0sZU3,0
2emyT.jpg,2emyT,2dAsI,0
SWcQY.jpg,SWcQY,5MzQY,0
h4gt4.jpg,h4gt4,2hyC9,0
s0uI8.jpg,s0uI8,z0ml8,0
kB280.jpg,kB280,kB740,0
JE91N.jpg,JE91N,JEo1M,0
4F6UD.jpg,4F6UD,4F6UD,1
t0IjL.jpg,t0IjL,t0FjL,0
dpfFo.jpg,dpfFo,dAkE9,0
G7t9E.jpg,G7t9E,G740E,0
cY413.jpg,cY413,cY4D3,0
22hpQ.jpg,22hpQ,E2HpQ,0
32X9Z.jpg,32X9Z,3jK9Z,0
t3ldn.jpg,t3ldn,C3jdw,0
0M1G0.jpg,0M1G0,9M1Ea,0
c5zyZ.jpg,c5zyZ,c5myk,0
iwcXx.jpg,iwcXx,lmcAx,0
bv255.jpg,bv255,hvZGS,0
3oa2P.jpg,3oa2P,30w2D,0
ftur4.jpg,ftur4,fCuz4,0
03J0T.jpg,03J0T,uShQ7,0
2Fj8F.jpg,2Fj8F,2mjxr,0
f8wt4.jpg,f8wt4,f8W74,0
bTm5Q.jpg,bTm5Q,b7ySO,0
Y2xG8.jpg,Y2xG8,T2KC3,0
vBPC0.jpg,vBPC0,VAPC4,0
3xpbg.jpg,3xpbg,3xPbq,0
4Ri65.jpg,4Ri65,ZRi63,0
6UMKK.jpg,6UMKK,zLmHT,0
4unfK.jpg,4unfK,4unIH,0
eIu5V.jpg,eIu5V,c7m5U,0
GROGG.jpg,GROGG,LHDSf,0
21Ad1.jpg,21Ad1,2tAdT,0
5562R.jpg,5562R,5j62R,0
7uVGz.jpg,7uVGz,7uV6x,0
k9MXu.jpg,k9MXu,k9NXu,0
txPkl.jpg,txPkl,tXFhl,0
1V4ec.jpg,1V4ec,1V4rC,0
7OiqW.jpg,7OiqW,7BigH,0
xlhBy.jpg,xlhBy,x1hPy,0
nQ2yZ.jpg,nQ2yZ,h02y7,0
kWEH7.jpg,kWEH7,kVcA7,0
cMbVT.jpg,cMbVT,cMb9T,0
1GjY6.jpg,1GjY6,1CAv5,0
323QC.jpg,323QC,SX9Qc,0
984XH.jpg,984XH,9B4XH,0
gX3gD.jpg,gX3gD,eH5mi,0
ex0Jd.jpg,ex0Jd,eX0Id,0
v0OW3.jpg,v0OW3,Y0cmj,0
7AE14.jpg,7AE14,7AE14,1
t8Jgz.jpg,t8Jgz,t6Hq2,0
J3hAW.jpg,J3hAW,j3cAW,0
06BK0.jpg,06BK0,96BXJ,0
93NEO.jpg,93NEO,93ACv,0
5ECJE.jpg,5ECJE,5zCJE,0
4CgW9.jpg,4CgW9,4Cpw3,0
Iy4t6.jpg,Iy4t6,lY4tB,0
84536.jpg,84536,8452t,0
Y1m41.jpg,Y1m41,ykp41,0
tq99u.jpg,tq99u,Iq9Au,0
vNCx3.jpg,vNCx3,VA0z3,0
cHJxm.jpg,cHJxm,CHJXm,0
TljaY.jpg,TljaY,TNiaX,0
3p6Q6.jpg,3p6Q6,3P5QG,0
UjBJS.jpg,UjBJS,UkmJ5,0
iWvaU.jpg,iWvaU,iRvaU,0
5KVQr.jpg,5KVQr,5HV4f,0
xp12J.jpg,xp12J,K942J,0
LGq55.jpg,LGq55,lCu5F,0
MrmL7.jpg,MrmL7,McaL7,0
6LR60.jpg,6LR60,ZiH60,0
WI6wm.jpg,WI6wm,WI8va,0
iAhrt.jpg,iAhrt,saHRT,0
XKjZ7.jpg,XKjZ7,XBuz7,0
8ydhg.jpg,8ydhg,8yihq,0
JJMD7.jpg,JJMD7,djAD7,0
xFOx3.jpg,xFOx3,xFQg3,0
FIaU0.jpg,FIaU0,Fj3U0,0
73Ho5.jpg,73Ho5,73k05,0
gi124.jpg,gi124,RiT24,0
Xh44m.jpg,Xh44m,Kh7dm,0
PisVc.jpg,PisVc,Fj3MC,0
F1yY2.jpg,F1yY2,E1qX2,0
oOvpr.jpg,oOvpr,5Cygr,0
n5xA6.jpg,n5xA6,pZxA6,0
FCfo9.jpg,FCfo9,FClaW,0
Uhat1.jpg,Uhat1,UhaT7,0
fujAz.jpg,fujAz,fwYA2,0
s3kR9.jpg,s3kR9,s3lR0,0
klr97.jpg,klr97,Ufw9Q,0
39eyJ.jpg,39eyJ,29mYl,0
s3n90.jpg,s3n90,k3m9Q,0
Vf5n1.jpg,Vf5n1,xf5m1,0
EzDZR.jpg,EzDZR,Ee07N,0
62P6D.jpg,62P6D,6zFnU,0
DYVCF.jpg,DYVCF,D3MCF,0
5wZ67.jpg,5wZ67,3W2GT,0
CcrpX.jpg,CcrpX,Le4pK,0
D2D6x.jpg,D2D6x,p2T5K,0
TXWnd.jpg,TXWnd,T9Hsd,0
Z8uaw.jpg,Z8uaw,73uaM,0
TR247.jpg,TR247,tR247,0
1A0y1.jpg,1A0y1,HR0vT,0
p5gSP.jpg,p5gSP,ptgSH,0
dmE7A.jpg,dmE7A,dmE7A,1
fsEt4.jpg,fsEt4,jwDt4,0
IxloF.jpg,IxloF,TXh0E,0
acZ9Q.jpg,acZ9Q,acZ9Q,1
m6E6h.jpg,m6E6h,m9EQh,0
15eJN.jpg,15eJN,T5eJM,0
x2d9C.jpg,x2d9C,MBd0C,0
FGCl5.jpg,FGCl5,70cj5,0
4Y8l5.jpg,4Y8l5,4V8cF,0
dN78N.jpg,dN78N,dv76H,0
F4jCO.jpg,F4jCO,E4jvQ,0
Iiikp.jpg,Iiikp,fzlKD,0
kGFRJ.jpg,kGFRJ,4OfRJ,0
1qtjC.jpg,1qtjC,3atjC,0
3fxK5.jpg,3fxK5,2fxQ5,0
2WqBZ.jpg,2WqBZ,2Mo8L,0
LI4pu.jpg,LI4pu,Lj4Bu,0
I2mJi.jpg,I2mJi,12mJK,0
0u45Y.jpg,0u45Y,Qu45Y,0
2b874.jpg,2b874,zb8Tq,0
5S1b3.jpg,5S1b3,Sm1b3,0
UX55p.jpg,UX55p,UXFbn,0
V8LTM.jpg,V8LTM,V8jTA,0
SyVF9.jpg,SyVF9,Gy1F0,0
w3zhu.jpg,w3zhu,W9ZhU,0
j1776.jpg,j1776,jWD76,0
vQtaw.jpg,vQtaw,VGtaS,0
ZyLMk.jpg,ZyLMk,2vtMk,0
li81v.jpg,li81v,Di84V,0
I4gaD.jpg,I4gaD,r4gaB,0
OG2y8.jpg,OG2y8,Dt2v6,0
TwFpS.jpg,TwFpS,1wFpS,0
61isz.jpg,61isz,61OsZ,0
FuDNz.jpg,FuDNz,EuON3,0
PQDMr.jpg,PQDMr,PQD4r,0
C704H.jpg,C704H,C794K,0
l4aA9.jpg,l4aA9,I4nN9,0
kFN7z.jpg,kFN7z,kJM7x,0
K3m12.jpg,K3m12,Ksm12,0
4Hz56.jpg,4Hz56,4H256,0
83k6P.jpg,83k6P,83kMD,0
5sXel.jpg,5sXel,5jXel,0
2n2vg.jpg,2n2vg,fm2Ug,0
966C1.jpg,966C1,96pC1,0
43EZ9.jpg,43EZ9,h3Ez9,0
9aZ9d.jpg,9aZ9d,9oZhU,0
2H8RE.jpg,2H8RE,2H80C,0
sb4Xt.jpg,sb4Xt,sb4Kt,0
LfwrV.jpg,LfwrV,LfweV,0
9u9fk.jpg,9u9fk,3u0fK,0
2NEuB.jpg,2NEuB,2MFuB,0
MUcOi.jpg,MUcOi,KLc0j,0
Pd3hI.jpg,Pd3hI,P42bI,0
3fH4W.jpg,3fH4W,3fH4W,1
CNE72.jpg,CNE72,CM5y2,0
U9iS3.jpg,U9iS3,UPiEa,0
4k8fw.jpg,4k8fw,4k3jy,0
Zlk62.jpg,Zlk62,Zfkm3,0
2ubTl.jpg,2ubTl,2ubTt,0
y88XK.jpg,y88XK,y6DxH,0
4c0V6.jpg,4c0V6,4cuVB,0
prXMy.jpg,prXMy,oCKNy,0
rPDLl.jpg,rPDLl,r20Lj,0
09dZQ.jpg,09dZQ,09HZG,0
1b0ig.jpg,1b0ig,1b0zg,0
G2PYR.jpg,G2PYR,C29VR,0
ecGlC.jpg,ecGlC,acQIv,0
6oIFy.jpg,6oIFy,6ahEY,0
WCh5l.jpg,WCh5l,Wchsl,0
jc4JW.jpg,jc4JW,jC43V,0
BA1Vi.jpg,BA1Vi,8AzUi,0
q1k9U.jpg,q1k9U,aiZ9Y,0
tm5s7.jpg,tm5s7,fm5s7,0
T3YQB.jpg,T3YQB,T3X0b,0
t64Mi.jpg,t64Mi,t54KT,0
Me9wy.jpg,Me9wy,Ac9wY,0
mISo1.jpg,mISo1,mrSe1,0
fI486.jpg,fI486,vI486,0
jGmUw.jpg,jGmUw,i6mUv,0
HGK0E.jpg,HGK0E,HGx0E,0
S1Q8c.jpg,S1Q8c,51Qaz,0
dEoFm.jpg,dEoFm,4LoFW,0
82Mpc.jpg,82Mpc,32HpG,0
G2YSX.jpg,G2YSX,C2T5K,0
f0hH8.jpg,f0hH8,f0nH8,0
7GDP9.jpg,7GDP9,7GbP8,0
O9K82.jpg,O9K82,09K82,0
K15OK.jpg,K15OK,na50K,0
vudVf.jpg,vudVf,xgdWf,0
76y5w.jpg,76y5w,7CY3M,0
1RQDa.jpg,1RQDa,1HCDa,0
lX41A.jpg,lX41A,fxG1A,0
9h8X6.jpg,9h8X6,gm8XG,0
6tEW0.jpg,6tEW0,61EmU,0
H7y51.jpg,H7y51,H7Y31,0
3yz0i.jpg,3yz0i,3yz0i,1
9b19f.jpg,9b19f,9BTQf,0
96F3O.jpg,96F3O,96F1D,0
qc6oR.jpg,qc6oR,4i5oA,0
RxRt5.jpg,RxRt5,HxAl5,0
oJiSa.jpg,oJiSa,oJi54,0
CFJW3.jpg,CFJW3,CF1M2,0
Ud5ky.jpg,Ud5ky,Wd5Ky,0
0SY8a.jpg,0SY8a,057Ba,0
F7q1z.jpg,F7q1z,F7qlz,0
LgxEX.jpg,LgxEX,Lg8FK,0
H075e.jpg,H075e,H07Sr,0
ksw1q.jpg,ksw1q,kSw1q,0
b6H9D.jpg,b6H9D,tz19D,0
x8jql.jpg,x8jql,X6jqT,0
8o8AY.jpg,8o8AY,duEAV,0
5Fq01.jpg,5Fq01,5Fg01,0
XyTZe.jpg,XyTZe,Kv7Z6,0
dR07U.jpg,dR07U,nK57U,0
1fIV1.jpg,1fIV1,1FzM9,0
pD4Lg.jpg,pD4Lg,eD1Xy,0
mvQ88.jpg,mvQ88,hVCA3,0
q71Ll.jpg,q71Ll,q7IEj,0
lWwK8.jpg,lWwK8,lzwK8,0
3Cy41.jpg,3Cy41,3Cy41,1
G43T3.jpg,G43T3,G4bT3,0
1N80F.jpg,1N80F,1A80F,0
xGg17.jpg,xGg17,xCgf7,0
U8862.jpg,U8862,Ux8G2,0
qZG3g.jpg,qZG3g,aZGwJ,0
pR1iK.jpg,pR1iK,p84iK,0
D6Zz0.jpg,D6Zz0,D6Kau,0
T1D0o.jpg,T1D0o,7lD05,0
9A1SB.jpg,9A1SB,0m1SB,0
xHs2O.jpg,xHs2O,xH57C,0
rbtm5.jpg,rbtm5,rbtm3,0
MY532.jpg,MY532,HT5jZ,0
Gs2O2.jpg,Gs2O2,CsPNz,0
YS4DT.jpg,YS4DT,ySzAF,0
5mbJ5.jpg,5mbJ5,5mkj0,0
B0kyz.jpg,B0kyz,B0Iy3,0
nin3R.jpg,nin3R,ntO3A,0
8p89j.jpg,8p89j,8pZ91,0
T42Z5.jpg,T42Z5,T02Lb,0
2VP6J.jpg,2VP6J,2VE6J,0
7srZw.jpg,7srZw,PSiZw,0
7Rt01.jpg,7Rt01,7Rv0i,0
7W7TX.jpg,7W7TX,eu7TK,0
2bVZS.jpg,2bVZS,1KVZS,0
x2H7e.jpg,x2H7e,x2H7e,1
Z41M5.jpg,Z41M5,24jH5,0
32D2y.jpg,32D2y,3h0ZV,0
Amqf6.jpg,Amqf6,AVgf6,0
MVt0v.jpg,MVt0v,A2f0V,0
Byck9.jpg,Byck9,BJeM0,0
0i8Jn.jpg,0i8Jn,0l8Jm,0
zhlO8.jpg,zhlO8,Znl08,0
O0n15.jpg,O0n15,C0n15,0
3Bq0Y.jpg,3Bq0Y,7kg6V,0
NwX3H.jpg,NwX3H,NwX2f,0
Tlx00.jpg,Tlx00,TizQ8,0
LXjVX.jpg,LXjVX,LAjVo,0
sbxUm.jpg,sbxUm,sbXOm,0
75WDA.jpg,75WDA,73WDA,0
xs3zq.jpg,xs3zq,Ws3tG,0
fwY70.jpg,fwY70,EmY70,0
Mi8F1.jpg,Mi8F1,H08Ey,0
bNbHx.jpg,bNbHx,pAjHx,0
Da1jJ.jpg,Da1jJ,O51F3,0
MPp62.jpg,MPp62,AFp62,0
L4Z9t.jpg,L4Z9t,L4Z0t,0
O0eV0.jpg,O0eV0,mJsVo,0
6jt11.jpg,6jt11,5jw7U,0
0IJxF.jpg,0IJxF,07AxC,0
B8s8r.jpg,B8s8r,D8sWr,0
PvVk3.jpg,PvVk3,FeUk3,0
JE2CH.jpg,JE2CH,JF2CH,0
55qWc.jpg,55qWc,5IqHc,0
S47vl.jpg,S47vl,547vI,0
0roBW.jpg,0roBW,0r2RM,0
RKzUq.jpg,RKzUq,BK2Uo,0
0dAwj.jpg,0dAwj,0SzwI,0
4aFKQ.jpg,4aFKQ,43PHC,0
2g0uE.jpg,2g0uE,2ghaE,0
1I438.jpg,1I438,1k43B,0
QE018.jpg,QE018,mE012,0
I4U0N.jpg,I4U0N,r4U0M,0
7l7Sg.jpg,7l7Sg,7tm5a,0
9W4cO.jpg,9W4cO,9WAzO,0
5Wv9T.jpg,5Wv9T,Fhv9j,0
2uipO.jpg,2uipO,2uipC,0
KX3EW.jpg,KX3EW,Ky3EV,0
drE4e.jpg,drE4e,dpE4V,0
K9xZ1.jpg,K9xZ1,E0XZ1,0
lW5h2.jpg,lW5h2,IW5h2,0
h3GAh.jpg,h3GAh,r3CAH,0
7J19i.jpg,7J19i,7iW5m,0
80u97.jpg,80u97,BQu97,0
8G9mi.jpg,8G9mi,5C9nj,0
8X2D3.jpg,8X2D3,8K1Dj,0
r0RCL.jpg,r0RCL,r0AC1,0
6S7PQ.jpg,6S7PQ,b312Q,0
x6XzG.jpg,x6XzG,r5KPO,0
Z0Z85.jpg,Z0Z85,z0Ka5,0
8BH78.jpg,8BH78,aBW75,0
pS99z.jpg,pS99z,D5qVi,0
GmtPd.jpg,GmtPd,GmtPJ,0
11gvQ.jpg,11gvQ,LJgv6,0
u8T94.jpg,u8T94,uBT94,0
9ohFw.jpg,9ohFw,0zhFV,0
hn5u9.jpg,hn5u9,Hn5J9,0
HY6lC.jpg,HY6lC,AV5iC,0
r3LwW.jpg,r3LwW,r3LwA,0
3ME2S.jpg,3ME2S,3ME2S,1
yaT85.jpg,yaT85,v4T85,0
30liu.jpg,30liu,30fmV,0
N9RND.jpg,N9RND,M3B1L,0
pIft2.jpg,pIft2,9IGxZ,0
HZ39A.jpg,HZ39A,HZ39n,0
vrfZ8.jpg,vrfZ8,vrf2B,0
Dyaxv.jpg,Dyaxv,Dj3KV,0
QmDKr.jpg,QmDKr,QmDKi,0
Sm2S9.jpg,Sm2S9,Sm2k9,0
0A9pS.jpg,0A9pS,0A9ps,0
q941m.jpg,q941m,c84jw,0
vwRF5.jpg,vwRF5,ywRO5,0
I5SX7.jpg,I5SX7,i59K7,0
0v8r6.jpg,0v8r6,Mu2rG,0
Z8Y9a.jpg,Z8Y9a,CBj9u,0
9Lc0V.jpg,9Lc0V,3jc0V,0
F4OJd.jpg,F4OJd,F4CJd,0
r7eok.jpg,r7eok,r7S0H,0
7zur7.jpg,7zur7,WxUE7,0
SvG9a.jpg,SvG9a,BVC9a,0
LQ3X8.jpg,LQ3X8,LQ3X8,1
if4ZA.jpg,if4ZA,if42W,0
7u342.jpg,7u342,jw342,0
93EAY.jpg,93EAY,o3EAY,0
3k1fA.jpg,3k1fA,3kYC4,0
e3YfT.jpg,e3YfT,02VET,0
4OQ0Y.jpg,4OQ0Y,4EQ0V,0
7sbPH.jpg,7sbPH,7sQEh,0
l6E8f.jpg,l6E8f,l0k8z,0
984o5.jpg,984o5,984v5,0
o75pW.jpg,o75pW,075p4,0
glueZ.jpg,glueZ,QFWeZ,0
RNpm1.jpg,RNpm1,Z9pm1,0
Bq2vY.jpg,Bq2vY,RcLvY,0
nKFDJ.jpg,nKFDJ,nKFD3,0
q0htr.jpg,q0htr,30htr,0
G0O9N.jpg,G0O9N,E0J3A,0
7UdM3.jpg,7UdM3,7UqM3,0
2rkFi.jpg,2rkFi,2rh5t,0
t1X84.jpg,t1X84,r1K84,0
xRK9n.jpg,xRK9n,zTK9n,0
5e3w4.jpg,5e3w4,5p3W4,0
lqO23.jpg,lqO23,IqC23,0
3RnBW.jpg,3RnBW,3KnDM,0
ICG9q.jpg,ICG9q,1vG3n,0
VR1x9.jpg,VR1x9,VRjx9,0
kpyMW.jpg,kpyMW,kp7MW,0
jS0Oz.jpg,jS0Oz,jS0vA,0
l6pud.jpg,l6pud,I6pxd,0
RvBHc.jpg,RvBHc,Rv2Ic,0
Rh1xt.jpg,Rh1xt,8b9xt,0
moBJa.jpg,moBJa,W0BJa,0
P8U12.jpg,P8U12,pSD1Z,0
n4UYC.jpg,n4UYC,n2U1C,0
NQu3S.jpg,NQu3S,M0v2S,0
KDFxd.jpg,KDFxd,KmEv9,0
Om96V.jpg,Om96V,Cm96V,0
221gk.jpg,221gk,72Vgk,0
4P8zu.jpg,4P8zu,GD8zU,0
0w930.jpg,0w930,6KP1D,0
8ea3f.jpg,8ea3f,8eu5f,0
9hf3Z.jpg,9hf3Z,9hf3U,0
Yzd4g.jpg,Yzd4g,Trd4g,0
7JoFa.jpg,7JoFa,7MoEn,0
OBs0t.jpg,OBs0t,DBsXt,0
i8Skh.jpg,i8Skh,yaSW1,0
40lUS.jpg,40lUS,40TU3,0
i1TOj.jpg,i1TOj,v1T0j,0
6Ntuv.jpg,6Ntuv,GMIuv,0
5mRA9.jpg,5mRA9,5wR49,0
6g64R.jpg,6g64R,6gj4R,0
T6cx7.jpg,T6cx7,V6eX7,0
vD60L.jpg,vD60L,yD5aL,0
7nm7s.jpg,7nm7s,1Rmye,0
E32Y8.jpg,E32Y8,E32T8,0
hQwuA.jpg,hQwuA,hQWuA,0
uvw7L.jpg,uvw7L,uVR7E,0
9kcdg.jpg,9kcdg,4KCJy,0
8P87A.jpg,8P87A,2Pq7A,0
696z0.jpg,696z0,53Az0,0
FYuyO.jpg,FYuyO,F3aYC,0
oJP2z.jpg,oJP2z,0JBWz,0
JgD3c.jpg,JgD3c,JgW3C,0
1MjpL.jpg,1MjpL,zKjpL,0
59mdd.jpg,59mdd,59m1d,0
4dhey.jpg,4dhey,4GbcY,0
aWz91.jpg,aWz91,aWZ91,0
yR4yA.jpg,yR4yA,yRdjA,0
3879e.jpg,3879e,38ZDc,0
fpdTx.jpg,fpdTx,tbdTK,0
qwXcl.jpg,qwXcl,gmXzI,0
YFKCn.jpg,YFKCn,YFxCm,0
59zGE.jpg,59zGE,59XQB,0
jU214.jpg,jU214,xUE19,0
xoI68.jpg,xoI68,xo1G3,0
FFJ4N.jpg,FFJ4N,TtJ4N,0
r9mN5.jpg,r9mN5,zOmN5,0
E1w20.jpg,E1w20,E1WZ0,0
7eS0m.jpg,7eS0m,1430W,0
s5kWb.jpg,s5kWb,s5KVB,0
rh7UB.jpg,rh7UB,rh7U8,0
TUSrF.jpg,TUSrF,XU8rF,0
oXO4i.jpg,oXO4i,uKG4I,0
7rLM3.jpg,7rLM3,7rBH8,0
7SaA5.jpg,7SaA5,1Sakb,0
08AlG.jpg,08AlG,pEA1Q,0
85b82.jpg,85b82,A5u92,0
6E6Mh.jpg,6E6Mh,dF5xh,0
lbXPB.jpg,lbXPB,1bKP3,0
3xSeT.jpg,3xSeT,3xScZ,0
692LX.jpg,692LX,697tK,0
1t6FJ.jpg,1t6FJ,Tw0FJ,0
gpS9J.jpg,gpS9J,ghX3L,0
C7JF5.jpg,C7JF5,C7jF3,0
TxZG0.jpg,TxZG0,TKZ6u,0
Z1QAh.jpg,Z1QAh,21OA5,0
suMH2.jpg,suMH2,8uMT2,0
c1w9L.jpg,c1w9L,cjw8L,0
gA8iX.jpg,gA8iX,gASiV,0
TJm46.jpg,TJm46,TJz46,0
3Nmv4.jpg,3Nmv4,2HGV4,0
g2SSS.jpg,g2SSS,jM9aO,0
HbWBW.jpg,HbWBW,Hb48V,0
3Zb28.jpg,3Zb28,JLh28,0
IyRCI.jpg,IyRCI,fg80j,0
3i3r5.jpg,3i3r5,3fQr5,0
9z0fO.jpg,9z0fO,9zmfO,0
81WIL.jpg,81WIL,61WsL,0
pF67W.jpg,pF67W,pra7W,0
Brm2V.jpg,Brm2V,Bfm2M,0
fcekr.jpg,fcekr,1Sekr,0
Xk9Vo.jpg,Xk9Vo,Xh3V0,0
UNHzs.jpg,UNHzs,OKT2S,0
593ah.jpg,593ah,59Jah,0
QY1dw.jpg,QY1dw,CV1du,0
Nq4c1.jpg,Nq4c1,Mqwpz,0
vZQD7.jpg,vZQD7,vzQD7,0
Cj343.jpg,Cj343,Cjx48,0
Ohwl4.jpg,Ohwl4,0bwI4,0
VTHhR.jpg,VTHhR,v7Hb2,0
PToG7.jpg,PToG7,PiaC7,0
8UAog.jpg,8UAog,3UAoE,0
L0iJr.jpg,L0iJr,18c3F,0
5vCit.jpg,5vCit,2VZjt,0
ZaFyD.jpg,ZaFyD,ZaFvD,0
Y34z1.jpg,Y34z1,Y34z1,1
MdB3W.jpg,MdB3W,Adf3Y,0
6X5kP.jpg,6X5kP,0A5hP,0
OnZ44.jpg,OnZ44,OnZj1,0
QoSH7.jpg,QoSH7,CaSH7,0
k9529.jpg,k9529,HY52o,0
0Zzf5.jpg,0Zzf5,0XJt5,0
JS6BL.jpg,JS6BL,JS0BL,0
H2EfF.jpg,H2EfF,H2elF,0
uQFLN.jpg,uQFLN,h05LX,0
aR5ig.jpg,aR5ig,aK5i9,0
RicX0.jpg,RicX0,B1cX0,0
Xr4au.jpg,Xr4au,Kr4ow,0
Lg2IC.jpg,Lg2IC,WaxJC,0
F1AJ1.jpg,F1AJ1,EhXJ4,0
u0SV3.jpg,u0SV3,mLSV3,0
htbA1.jpg,htbA1,mtoAV,0
7esdU.jpg,7esdU,7psdU,0
Zg2Wr.jpg,Zg2Wr,Zq3Hr,0
EO5h0.jpg,EO5h0,EP3h0,0
B573j.jpg,B573j,R573j,0
1pC5N.jpg,1pC5N,1aC5H,0
a2147.jpg,a2147,a21W7,0
02DCm.jpg,02DCm,02fKm,0
VR55Q.jpg,VR55Q,VR3fQ,0
eW07k.jpg,eW07k,cV07K,0
vrkFZ.jpg,vrkFZ,VrKF2,0
PO6Ow.jpg,PO6Ow,PL6kv,0
KuWA6.jpg,KuWA6,FJwA5,0
xSg02.jpg,xSg02,K5g02,0
6lAOe.jpg,6lAOe,6IAOx,0
7jn48.jpg,7jn48,7jm46,0
bT5qw.jpg,bT5qw,h15qw,0
JcP0s.jpg,JcP0s,JqPAs,0
n3DXE.jpg,n3DXE,m1PXL,0
mY4xI.jpg,mY4xI,mV4x1,0
j4eg0.jpg,j4eg0,j4cuW,0
TUv66.jpg,TUv66,1UxQ6,0
1PzM6.jpg,1PzM6,1PZH5,0
9Yb2W.jpg,9Yb2W,9Tb2W,0
z2xz0.jpg,z2xz0,T2xL0,0
07E24.jpg,07E24,0Ti2w,0
UF93j.jpg,UF93j,wFg3j,0
8goK6.jpg,8goK6,8giHf,0
c82pr.jpg,c82pr,x82nF,0
5zRF1.jpg,5zRF1,5CRp1,0
5Fkox.jpg,5Fkox,3FK0x,0
d5779.jpg,d5779,d5ZN9,0
fP6k6.jpg,fP6k6,jVak6,0
J5TXG.jpg,J5TXG,J51XC,0
XQ4Q4.jpg,XQ4Q4,XC5F1,0
rR1cZ.jpg,rR1cZ,nR1yZ,0
f8zqv.jpg,f8zqv,F8zGV,0
m9Bl1.jpg,m9Bl1,m9BI4,0
b9a4g.jpg,b9a4g,BYM4c,0
cWYog.jpg,cWYog,SAYug,0
rqmcU.jpg,rqmcU,FgwCU,0
z727h.jpg,z727h,zJ8Qh,0
ZatJL.jpg,ZatJL,ZntJ1,0
5vT2n.jpg,5vT2n,5v12n,0
D014I.jpg,D014I,P0k2S,0
1pT4p.jpg,1pT4p,1wF45,0
r031g.jpg,r031g,r03V4,0
7f16Q.jpg,7f16Q,7f150,0
s0cU9.jpg,s0cU9,k0fH9,0
768S8.jpg,768S8,169SB,0
Xxvf7.jpg,Xxvf7,Bxof7,0
d0Of0.jpg,d0Of0,dUwf9,0
3fU83.jpg,3fU83,JfHeA,0
9ewx5.jpg,9ewx5,PewX5,0
NwNMi.jpg,NwNMi,NoTMi,0
pTv06.jpg,pTv06,pTx06,0
sIC9z.jpg,sIC9z,sIC9z,1
95p1g.jpg,95p1g,9sn1K,0
MaVw7.jpg,MaVw7,Apyw7,0
nkI9E.jpg,nkI9E,mXi9E,0
XqA29.jpg,XqA29,VaA29,0
EzRka.jpg,EzRka,E2Tk0,0
B4C2M.jpg,B4C2M,F1C2M,0
02JmI.jpg,02JmI,02Jmt,0
CLrym.jpg,CLrym,C3ryR,0
w2t9F.jpg,w2t9F,W2tGE,0
1x964.jpg,1x964,1v964,0
g6tFg.jpg,g6tFg,q6xEn,0
3N66L.jpg,3N66L,2MbeL,0
k4p3T.jpg,k4p3T,K4p3I,0
B7HJg.jpg,B7HJg,B7Hjg,0
WacHB.jpg,WacHB,warHB,0
THB04.jpg,THB04,7H804,0
qXb4B.jpg,qXb4B,jKb4B,0
rq333.jpg,rq333,rqAsM,0
p9wCV.jpg,p9wCV,pjwCU,0
gZQ2N.jpg,gZQ2N,uLC2A,0
3pi22.jpg,3pi22,3Pi2M,0
slLGU.jpg,slLGU,3fm6U,0
xsy9o.jpg,xsy9o,XsU9a,0
7WJ5C.jpg,7WJ5C,7Wd5c,0
gw1V6.jpg,gw1V6,gmiV6,0
WlHFj.jpg,WlHFj,wlHFj,0
u3T76.jpg,u3T76,u3H76,0
95UXQ.jpg,95UXQ,9sHKO,0
k8F7F.jpg,k8F7F,MdP7z,0
tRHI3.jpg,tRHI3,tBwj2,0
27Ss2.jpg,27Ss2,zTSub,0
158E5.jpg,158E5,1c8E9,0
9z95m.jpg,9z95m,D195m,0
ICvnN.jpg,ICvnN,ICupA,0
G9916.jpg,G9916,CM916,0
2BL0z.jpg,2BL0z,2BL04,0
93Oa3.jpg,93Oa3,9jOas,0
0T16Y.jpg,0T16Y,0T35V,0
1u7e8.jpg,1u7e8,1u7c3,0
0sFnu.jpg,0sFnu,6sEny,0
fd76v.jpg,fd76v,fd26v,0
QiWvb.jpg,QiWvb,CjHvE,0
CH0fm.jpg,CH0fm,cH0fm,0
6x9GI.jpg,6x9GI,6X9CI,0
nFUt0.jpg,nFUt0,xEUi0,0
rc186.jpg,rc186,mo136,0
22Ljy.jpg,22Ljy,62LTW,0
ylRj4.jpg,ylRj4,ViRj4,0
357hn.jpg,357hn,2Q7hm,0
ZkS0o.jpg,ZkS0o,2H3vo,0
h6K93.jpg,h6K93,bfK93,0
9j32g.jpg,9j32g,O132q,0
zIU22.jpg,zIU22,qT09P,0
8vcRB.jpg,8vcRB,3VcKD,0
UEW9x.jpg,UEW9x,UFW7x,0
w1qx7.jpg,w1qx7,b1gx2,0
nZpM3.jpg,nZpM3,qZPHi,0
xln5i.jpg,xln5i,X1o5V,0
677HQ.jpg,677HQ,5a7NO,0
gbA9C.jpg,gbA9C,ybA9C,0
Jrw82.jpg,Jrw82,Jrw82,1
09n6S.jpg,09n6S,02heS,0
d9qzw.jpg,d9qzw,d9qEK,0
ErxVS.jpg,ErxVS,ErAM3,0
t69sb.jpg,t69sb,t69sb,1
e1U0L.jpg,e1U0L,s2B9L,0
tE217.jpg,tE217,tE2N7,0
27XTK.jpg,27XTK,2sXTR,0
DSrE5.jpg,DSrE5,DSrCb,0
G2CnR.jpg,G2CnR,02thB,0
9Dqq4.jpg,9Dqq4,9Buw4,0
8GD86.jpg,8GD86,8wh36,0
j402Q.jpg,j402Q,i4u2C,0
YZI3y.jpg,YZI3y,YZi3u,0
N76Ay.jpg,N76Ay,H754v,0
h981n.jpg,h981n,H9sYm,0
AS6R1.jpg,AS6R1,M36F1,0
8I36g.jpg,8I36g,8W36y,0
i59XN.jpg,i59XN,C59X1,0
16Dsa.jpg,16Dsa,16Dxa,0
G662y.jpg,G662y,Cr62v,0
1BfO8.jpg,1BfO8,1ErW8,0
5J66r.jpg,5J66r,5JwGN,0
G1Odf.jpg,G1Odf,G1DaF,0
Ex4S6.jpg,Ex4S6,Ex4j6,0
w6cf1.jpg,w6cf1,M6cF1,0
x0VSq.jpg,x0VSq,X6v7a,0
ZZX9Q.jpg,ZZX9Q,jZXuQ,0
N4VsB.jpg,N4VsB,M4YsB,0
1o31A.jpg,1o31A,1c3zA,0
rE28c.jpg,rE28c,Nlz8u,0
MZQCy.jpg,MZQCy,M20EY,0
a1fdu.jpg,a1fdu,e7fJm,0
AQr2H.jpg,AQr2H,nGr2H,0
xLn7a.jpg,xLn7a,XLu26,0
a2zin.jpg,a2zin,Q2yjn,0
hpeaR.jpg,hpeaR,h9CaR,0
bHPpv.jpg,bHPpv,bHFrq,0
U109N.jpg,U109N,UfD9A,0
d9ti3.jpg,d9ti3,d4tj3,0
rNsK3.jpg,rNsK3,rNsY2,0
v660Y.jpg,v660Y,zZ5DT,0
P6mT3.jpg,P6mT3,F6mj3,0
NV3Qm.jpg,NV3Qm,ND5Zm,0
1At6U.jpg,1At6U,TAtoU,0
z6d94.jpg,z6d94,xmG94,0
2J42g.jpg,2J42g,bJ4zg,0
7L8mY.jpg,7L8mY,7L8mV,0
76ofF.jpg,76ofF,76w1E,0
V3BTk.jpg,V3BTk,M2Bck,0
7KHec.jpg,7KHec,7XHdr,0
oX4oz.jpg,oX4oz,cK4Bz,0
o4aD5.jpg,o4aD5,o4zD5,0
R19t4.jpg,R19t4,B1oC4,0
L5S94.jpg,L5S94,l5Xo4,0
5p7QO.jpg,5p7QO,5p7A0,0
0Qgew.jpg,0Qgew,RQg2w,0
xXD6o.jpg,xXD6o,xXD6p,0
YNd6y.jpg,YNd6y,TMd5j,0
09pDO.jpg,09pDO,63pEQ,0
W00ao.jpg,W00ao,Wibq8,0
C7q16.jpg,C7q16,CMa16,0
s875j.jpg,s875j,ed15W,0
DywkZ.jpg,DywkZ,DywkZ,1
3tkz5.jpg,3tkz5,3tKZ5,0
7fZ33.jpg,7fZ33,Yf230,0
k8sAY.jpg,k8sAY,K3sAT,0
2k2yd.jpg,2k2yd,XK6vJ,0
q4gXz.jpg,q4gXz,m49Kz,0
YJFFo.jpg,YJFFo,YtkFo,0
MHcWB.jpg,MHcWB,M1Cw3,0
qsdXd.jpg,qsdXd,qsDXd,0
AX5Ba.jpg,AX5Ba,4K5Da,0
0N2kH.jpg,0N2kH,0M2kj,0
KEd2P.jpg,KEd2P,KEJ2P,0
5Mv5D.jpg,5Mv5D,3Ny6D,0
O8g0j.jpg,O8g0j,C8g4I,0
O10ip.jpg,O10ip,SX0ip,0
DvFva.jpg,DvFva,D6FVa,0
bd4HP.jpg,bd4HP,bd4HF,0
1JecK.jpg,1JecK,7JgCA,0
34snF.jpg,34snF,X45mC,0
7UePX.jpg,7UePX,7UsPK,0
5qa3L.jpg,5qa3L,5gp3I,0
9R1ID.jpg,9R1ID,9AvfD,0
0PD1E.jpg,0PD1E,qPD1k,0
2IAlZ.jpg,2IAlZ,3VAi7,0
57QB1.jpg,57QB1,57qR1,0
44oNh.jpg,44oNh,43vMb,0
82ynj.jpg,82ynj,84Ymi,0
q9NMz.jpg,q9NMz,u9nMz,0
3GJ1q.jpg,3GJ1q,2Cd1r,0
vCnx4.jpg,vCnx4,VCn34,0
CN482.jpg,CN482,CH482,0
021MM.jpg,021MM,021h4,0
NFKPJ.jpg,NFKPJ,NtKPJ,0
jW1Lr.jpg,jW1Lr,gM4LF,0
uOGZT.jpg,uOGZT,n962T,0
0r7SX.jpg,0r7SX,0h7SK,0
Q5OhV.jpg,Q5OhV,QsphV,0
dr6BX.jpg,dr6BX,dI6BA,0
9HGZH.jpg,9HGZH,8r6ZH,0
2e05j.jpg,2e05j,2eU5j,0
OY9a5.jpg,OY9a5,CY9a5,0
MjUs4.jpg,MjUs4,KiUs4,0
INO2W.jpg,INO2W,jNO2W,0
gsZMV.jpg,gsZMV,qjZNV,0
Da52u.jpg,Da52u,Oak2U,0
54Axx.jpg,54Axx,54Ay2,0
3uTkF.jpg,3uTkF,3uYKF,0
xMs2C.jpg,xMs2C,x4s2C,0
xP5r0.jpg,xP5r0,XP5i0,0
2R61H.jpg,2R61H,2R61H,1
3E51T.jpg,3E51T,3C51m,0
1S3ls.jpg,1S3ls,jSwLs,0
x8Lqj.jpg,x8Lqj,W3Egj,0
05MRE.jpg,05MRE,0jMRE,0
j95Ik.jpg,j95Ik,zw5Jk,0
1nBZJ.jpg,1nBZJ,1m62J,0
6oO3b.jpg,6oO3b,6vU3h,0
s5UjZ.jpg,s5UjZ,sRVj2,0
VO3AC.jpg,VO3AC,V03At,0
6D0Fw.jpg,6D0Fw,6D0FM,0
VKSR4.jpg,VKSR4,VKSp4,0
1OZnR.jpg,1OZnR,1OZnK,0
uXdbj.jpg,uXdbj,mKd5j,0
cbNQ2.jpg,cbNQ2,ebxQ2,0
565jR.jpg,565jR,w0vIK,0
2m4f6.jpg,2m4f6,Zy4f6,0
FTolG.jpg,FTolG,FT0tG,0
I48lB.jpg,I48lB,r48yD,0
ywRc6.jpg,ywRc6,y7Kl6,0
YFwF3.jpg,YFwF3,YruR3,0
WaCqA.jpg,WaCqA,WaFgA,0
BP78U.jpg,BP78U,BP1aU,0
N9omo.jpg,N9omo,NZer5,0
6V06p.jpg,6V06p,6M0zp,0
zq7ea.jpg,zq7ea,zq7Cd,0
q75V1.jpg,q75V1,gZ6V1,0
g6Xi2.jpg,g6Xi2,g6XiD,0
I73BX.jpg,I73BX,I73BK,0
PGp35.jpg,PGp35,ICpX5,0
3vhEG.jpg,3vhEG,3vhkG,0
VvuIC.jpg,VvuIC,MonTC,0
g2ccC.jpg,g2ccC,g2rfC,0
7A342.jpg,7A342,7v34z,0
4csd4.jpg,4csd4,TCsd4,0
3utJc.jpg,3utJc,2utTc,0
pbMpx.jpg,pbMpx,ohMjX,0
Cknrs.jpg,Cknrs,CkATs,0
snO49.jpg,snO49,sm0A9,0
V6SuI.jpg,V6SuI,V45nI,0
fL4oy.jpg,fL4oy,fL4oy,1
0jEZm.jpg,0jEZm,0jEzm,0
uDT7x.jpg,uDT7x,upS7x,0
QP3J2.jpg,QP3J2,jP3Jk,0
o7z9O.jpg,o7z9O,p7x9C,0
wnEMD.jpg,wnEMD,WrSKD,0
2i67e.jpg,2i67e,2i6Yg,0
b4jwT.jpg,b4jwT,b4jwX,0
zdwOO.jpg,zdwOO,ZdvCP,0
SjMdN.jpg,SjMdN,51m0N,0
wnpUz.jpg,wnpUz,KnpHZ,0
44856.jpg,44856,4X85G,0
8SUx7.jpg,8SUx7,8SUX7,0
7050R.jpg,7050R,705ek,0
ZvWkp.jpg,ZvWkp,ZvVkj,0
14wGi.jpg,14wGi,19wGp,0
10R18.jpg,10R18,1wRje,0
5A904.jpg,5A904,EA904,0
2I65M.jpg,2I65M,2T65K,0
d256v.jpg,d256v,d2h6V,0
Z1tHu.jpg,Z1tHu,P1tHq,0
5p28X.jpg,5p28X,5pz8X,0
K4u4b.jpg,K4u4b,KTu45,0
eyld0.jpg,eyld0,cXId0,0
udc5J.jpg,udc5J,udC51,0
7o42P.jpg,7o42P,7042r,0
8JA60.jpg,8JA60,8JAw0,0
Fa81p.jpg,Fa81p,Eav1p,0
FFMQ9.jpg,FFMQ9,FiAC9,0
Hr4b4.jpg,Hr4b4,Vrf54,0
sk0aH.jpg,sk0aH,sk9aH,0
Wmgj9.jpg,Wmgj9,WmdI5,0
58B0M.jpg,58B0M,58F0A,0
7kmzD.jpg,7kmzD,yHmzD,0
CJOjJ.jpg,CJOjJ,CTohd,0
6S125.jpg,6S125,69lzF,0
freFY.jpg,freFY,8xe1Y,0
419d9.jpg,419d9,m1pd9,0
d1kzR.jpg,d1kzR,d1k2P,0
B17M5.jpg,B17M5,8t7H5,0
Ak6GF.jpg,Ak6GF,4x5CF,0
Q8TA1.jpg,Q8TA1,oxTAl,0
I9FWw.jpg,I9FWw,32FMu,0
Czw1Z.jpg,Czw1Z,CxM1Z,0
k70MP.jpg,k70MP,k3SMP,0
xx4K7.jpg,xx4K7,si6K7,0
k95rD.jpg,k95rD,k95rD,1
FW38P.jpg,FW38P,fMj6P,0
1gIJ6.jpg,1gIJ6,Tgt36,0
2x326.jpg,2x326,7x3Z6,0
UVqyJ.jpg,UVqyJ,LVqyd,0
44hh9.jpg,44hh9,aJwR9,0
q5ver.jpg,q5ver,q5Mer,0
i9zdG.jpg,i9zdG,M9xd6,0
1R5Qv.jpg,1R5Qv,1R5OV,0
ZtO66.jpg,ZtO66,2iQ69,0
wh8Io.jpg,wh8Io,Wh2Ic,0
DK020.jpg,DK020,TFa2c,0
TXA16.jpg,TXA16,Txn46,0
t38zw.jpg,t38zw,Fj6zK,0
8XaIy.jpg,8XaIy,6Kalv,0
40M3X.jpg,40M3X,40v3K,0
9tpPu.jpg,9tpPu,9tpFu,0
Z6FzP.jpg,Z6FzP,Z6haD,0
487fD.jpg,487fD,487tD,0
FeJ0j.jpg,FeJ0j,Tnd8k,0
Ogfk7.jpg,Ogfk7,Cgfwz,0
cIZcp.jpg,cIZcp,Wi2cB,0
p58q8.jpg,p58q8,75X43,0
vaT2o.jpg,vaT2o,vaT29,0
PHZ7Z.jpg,PHZ7Z,PHCqz,0
HumM4.jpg,HumM4,E6nM4,0
AX0sM.jpg,AX0sM,AX0SP,0
C34fF.jpg,C34fF,C34Kp,0
Lb83V.jpg,Lb83V,Lhp3V,0
6ILKm.jpg,6ILKm,5hLK3,0
iRjqf.jpg,iRjqf,VAjqf,0
29Z8D.jpg,29Z8D,29f6D,0
H6LH7.jpg,H6LH7,A6LV7,0
6aaeo.jpg,6aaeo,Gu7Fo,0
9040Y.jpg,9040Y,9AzuY,0
0Adq5.jpg,0Adq5,07i45,0
Qn2dO.jpg,Qn2dO,Kh2J0,0
4lIdX.jpg,4lIdX,4bT8K,0
WdyMc.jpg,WdyMc,wdjMc,0
69Kv0.jpg,69Kv0,69Kva,0
cawl7.jpg,cawl7,CaWk7,0
ddDec.jpg,ddDec,diDxc,0
UlrsX.jpg,UlrsX,U1r3K,0
uTpQd.jpg,uTpQd,uZpCY,0
60LR2.jpg,60LR2,50wB2,0
80su9.jpg,80su9,80zu9,0
lWA4j.jpg,lWA4j,rVN4j,0
2Uzq5.jpg,2Uzq5,PLzq5,0
6ZQFd.jpg,6ZQFd,6ZQFa,0
FrrK2.jpg,FrrK2,TtOAz,0
axb7U.jpg,axb7U,ex57U,0
82Y49.jpg,82Y49,R2w49,0
359eP.jpg,359eP,3b4cP,0
97415.jpg,97415,Q74i5,0
94XBl.jpg,94XBl,94Z8I,0
a0u7i.jpg,a0u7i,8Ou7k,0
qa6Cu.jpg,qa6Cu,gx5PU,0
0CN2k.jpg,0CN2k,0CM2k,0
15VS2.jpg,15VS2,15W82,0
69nh2.jpg,69nh2,69mh2,0
95K04.jpg,95K04,S7K04,0
lf1R4.jpg,lf1R4,lfyB4,0
Ed4Wl.jpg,Ed4Wl,5a4Kj,0
4VsM2.jpg,4VsM2,4VsM2,1
Ja406.jpg,Ja406,Lx40R,0
Bq8V2.jpg,Bq8V2,5GMVz,0
39QdN.jpg,39QdN,3yOwN,0
n9o4p.jpg,n9o4p,h9E4p,0
BERW8.jpg,BERW8,DtRM3,0
z47vn.jpg,z47vn,a47Vb,0
1VLb4.jpg,1VLb4,1VGb4,0
AjB00.jpg,AjB00,XiHDu,0
JaHyP.jpg,JaHyP,JeHvP,0
X870v.jpg,X870v,X370V,0
7c5mO.jpg,7c5mO,7c5m0,0
x7hxZ.jpg,x7hxZ,SqheZ,0
m0wbN.jpg,m0wbN,r0x5A,0
xTEHu.jpg,xTEHu,x1CHu,0
9qfW1.jpg,9qfW1,3arMj,0
8Y9SY.jpg,8Y9SY,8l4Sw,0
HvjVT.jpg,HvjVT,HvjaT,0
VexOF.jpg,VexOF,VexCE,0
519px.jpg,519px,519mX,0
ihKOs.jpg,ihKOs,ihKO3,0
H55vL.jpg,H55vL,H9zvL,0
hpu1h.jpg,hpu1h,4Py3h,0
9t20Y.jpg,9t20Y,9t20T,0
82uul.jpg,82uul,8JynL,0
6bz9Q.jpg,6bz9Q,6h29Q,0
5a9Hy.jpg,5a9Hy,5aOHv,0
Y4c82.jpg,Y4c82,T4C82,0
7R5Wl.jpg,7R5Wl,Q25Wf,0
848U2.jpg,848U2,84pG2,0
88PVe.jpg,88PVe,63fVc,0
YM1Eu.jpg,YM1Eu,YM1Eu,1
soLO3.jpg,soLO3,soIQX,0
N3hZ7.jpg,N3hZ7,M3hZT,0
Or6G2.jpg,Or6G2,0rbG2,0
3G3K3.jpg,3G3K3,367Ky,0
w97k1.jpg,w97k1,Q87Ej,0
5WL0m.jpg,5WL0m,5ML0y,0
3iMzI.jpg,3iMzI,3OMzF,0
j5zwF.jpg,j5zwF,j5zWf,0
8kijt.jpg,8kijt,9kcjp,0
ooY9y.jpg,ooY9y,EqX9j,0
zV0xS.jpg,zV0xS,zU0XS,0
10Y98.jpg,10Y98,loY48,0
oeKne.jpg,oeKne,y4K1c,0
166vv.jpg,166vv,1Gbv3,0
1U7s4.jpg,1U7s4,1U7s4,1
v3L6G.jpg,v3L6G,V2l6C,0
61F8y.jpg,61F8y,61E3v,0
B2PaX.jpg,B2PaX,B2PqK,0
szy25.jpg,szy25,scy2D,0
zr03z.jpg,zr03z,zr03j,0
7Z11F.jpg,7Z11F,q21uP,0
bLE7e.jpg,bLE7e,hiR7a,0
H98qE.jpg,H98qE,H9B4f,0
2Q1di.jpg,2Q1di,2GVdi,0
Q886m.jpg,Q886m,0HXtm,0
CNFdL.jpg,CNFdL,CN241,0
Xv8f8.jpg,Xv8f8,XV3Fk,0
c2E5J.jpg,c2E5J,cZE5J,0
tAU10.jpg,tAU10,tAU1o,0
m18nN.jpg,m18nN,p1ZuN,0
gy6Pb.jpg,gy6Pb,qY6Fb,0
FBv5i.jpg,FBv5i,P0v5i,0
PM90c.jpg,PM90c,DM8jc,0
O6Is1.jpg,O6Is1,O6Ls1,0
9Wr5k.jpg,9Wr5k,9Vr5k,0
pR5IN.jpg,pR5IN,j2sDN,0
IRFRp.jpg,IRFRp,1QCRg,0
d3FsU.jpg,d3FsU,q2FeU,0
9OG7M.jpg,9OG7M,9t61K,0
1tdxW.jpg,1tdxW,1tdxW,1
E7ft1.jpg,E7ft1,Eagt1,0
bDA3M.jpg,bDA3M,bO43H,0
E8Ngb.jpg,E8Ngb,E8Ngb,1
d7h55.jpg,d7h55,d7H95,0
3eEuO.jpg,3eEuO,3eEu0,0
npBxM.jpg,npBxM,npBsA,0
90jV2.jpg,90jV2,9ciV2,0
vUkFE.jpg,vUkFE,vUhFC,0
V83bv.jpg,V83bv,M8sDy,0
6Y14u.jpg,6Y14u,6Y14u,1
c0ZnK.jpg,c0ZnK,c02nK,0
0TS4a.jpg,0TS4a,0IS42,0
52588.jpg,52588,q258V,0
867Kh.jpg,867Kh,2c7wh,0
Uf915.jpg,Uf915,mrg15,0
l4l1s.jpg,l4l1s,i4PJ5,0
c1LUS.jpg,c1LUS,cjLU8,0
qrrZh.jpg,qrrZh,9rw2b,0
5B2SB.jpg,5B2SB,7AiSb,0
15sxg.jpg,15sxg,16sXq,0
5u1J8.jpg,5u1J8,5WfJ8,0
Vlm43.jpg,Vlm43,V1m43,0
hBN6l.jpg,hBN6l,h3N6L,0
2336c.jpg,2336c,Z39WC,0
1WdDT.jpg,1WdDT,sWdCT,0
glS13.jpg,glS13,gUS12,0
cVoUm.jpg,cVoUm,cYaUR,0
b7x8B.jpg,b7x8B,b7x8E,0
UU6UQ.jpg,UU6UQ,d15AC,0
x44l1.jpg,x44l1,xW9Cl,0
ZyH54.jpg,ZyH54,ZyH5d,0
IuoXD.jpg,IuoXD,iu9XD,0
T89F1.jpg,T89F1,Ya9k1,0
t10La.jpg,t10La,c10jz,0
qz3OI.jpg,qz3OI,gz3EI,0
qsXS2.jpg,qsXS2,0sKS2,0
8v39a.jpg,8v39a,8Vf9a,0
rDTHx.jpg,rDTHx,i0THx,0
9ijLA.jpg,9ijLA,9PyLM,0
GC94k.jpg,GC94k,mC94K,0
f70vq.jpg,f70vq,37CVg,0
3944i.jpg,3944i,3c4m1,0
6hZD1.jpg,6hZD1,5hZD1,0
9Oi9I.jpg,9Oi9I,GQjoT,0
VgE8f.jpg,VgE8f,VcE8t,0
1RNq3.jpg,1RNq3,LBM03,0
c0Z8l.jpg,c0Z8l,m0Z3H,0
EiJZC.jpg,EiJZC,RuJZ0,0
8b2qA.jpg,8b2qA,8b2uW,0
55kH6.jpg,55kH6,SnkV0,0
pXp01.jpg,pXp01,nKP01,0
54fGJ.jpg,54fGJ,5AxGJ,0
1N2H6.jpg,1N2H6,lN2K6,0
GI290.jpg,GI290,GI290,1
loo4S.jpg,loo4S,Ipu43,0
PmWEC.jpg,PmWEC,PmV5C,0
be5j0.jpg,be5j0,b45j0,0
znW0Q.jpg,znW0Q,ZaW9C,0
9Pk56.jpg,9Pk56,9PK56,0
088lw.jpg,088lw,08sIw,0
6o6RJ.jpg,6o6RJ,6vcKI,0
YFbIr.jpg,YFbIr,YEbjz,0
Q5z3X.jpg,Q5z3X,C5i3K,0
eNFbV.jpg,eNFbV,eNfbV,0
o1KFZ.jpg,o1KFZ,01WE2,0
K860L.jpg,K860L,K5p4I,0
l9IIs.jpg,l9IIs,j0D43,0
Fxlej.jpg,Fxlej,FXioj,0
2xmTj.jpg,2xmTj,28mTj,0
4Hbqv.jpg,4Hbqv,4HEov,0
S04Tc.jpg,S04Tc,S04Ty,0
2df60.jpg,2df60,2wf60,0
82Ker.jpg,82Ker,B2Kei,0
Pp45x.jpg,Pp45x,Dg45X,0
83FJO.jpg,83FJO,9XFjC,0
XJmx0.jpg,XJmx0,MJms0,0
0j9SW.jpg,0j9SW,ui9RW,0
Xj4Y2.jpg,Xj4Y2,Ki4V2,0
qx9Ui.jpg,qx9Ui,AX9Hi,0
x650Q.jpg,x650Q,x6HdA,0
j320s.jpg,j320s,j7z0W,0
xmO4S.jpg,xmO4S,Km045,0
pw6Za.jpg,pw6Za,DM62a,0
01Ao0.jpg,01Ao0,C1XaD,0
08qh3.jpg,08qh3,08ghz,0
hBNN6.jpg,hBNN6,hBNU6,0
vd794.jpg,vd794,vd7z4,0
B52YF.jpg,B52YF,B52VF,0
FxBif.jpg,FxBif,HyQzf,0
2Ijho.jpg,2Ijho,2Vjh0,0
m5t2G.jpg,m5t2G,m5t2Q,0
40trc.jpg,40trc,40trS,0
Qe60Z.jpg,Qe60Z,maS02,0
I295K.jpg,I295K,129bK,0
066b7.jpg,066b7,m6Kb1,0
y8i6D.jpg,y8i6D,YNr6D,0
7UB70.jpg,7UB70,7Us50,0
dMaBX.jpg,dMaBX,jMaBX,0
qwO5p.jpg,qwO5p,qWO3p,0
7m78C.jpg,7m78C,4m78C,0
0V55b.jpg,0V55b,GVArb,0
y52Fx.jpg,y52Fx,W52Fx,0
39s1g.jpg,39s1g,3Pxlg,0
wKolp.jpg,wKolp,wXqlp,0
yG6eE.jpg,yG6eE,yW5eD,0
Q8h10.jpg,Q8h10,Q8H7o,0
P95z2.jpg,P95z2,P9bk2,0
J7GOc.jpg,J7GOc,k7GBc,0
oZBSN.jpg,oZBSN,07PSA,0
ka8pb.jpg,ka8pb,E73pC,0
sV3P8.jpg,sV3P8,yV1E8,0
Qlvk3.jpg,Qlvk3,Civk3,0
es597.jpg,es597,esh97,0
SN8Yk.jpg,SN8Yk,5N8Yk,0
5kN50.jpg,5kN50,3kAFO,0
TtbOn.jpg,TtbOn,7tb0a,0
Yi619.jpg,Yi619,Wp619,0
U060y.jpg,U060y,MA5dy,0
ev6sq.jpg,ev6sq,eV63q,0
IRM9a.jpg,IRM9a,iHM2n,0
yWNgN.jpg,yWNgN,yWnoj,0
Z3IKz.jpg,Z3IKz,Z5IKy,0
S1bAT.jpg,S1bAT,9jbAt,0
3HB61.jpg,3HB61,aHB61,0
R3QB0.jpg,R3QB0,K3yB0,0
U7173.jpg,U7173,CTtA3,0
29qdK.jpg,29qdK,2AqfK,0
A77Oj.jpg,A77Oj,A7w0j,0
htR3u.jpg,htR3u,hfF3u,0
g1J4D.jpg,g1J4D,gTJ4D,0
5dM7V.jpg,5dM7V,5jK7V,0
dwu2c.jpg,dwu2c,dW12C,0
yZlA2.jpg,yZlA2,vGIA2,0
11C84.jpg,11C84,1rC34,0
CpY49.jpg,CpY49,CpT49,0
Wu0k5.jpg,Wu0k5,Wufk5,0
nR60b.jpg,nR60b,mRS01,0
jpQVg.jpg,jpQVg,1rOVg,0
mYx99.jpg,mYx99,CTx28,0
64NLd.jpg,64NLd,64MIa,0
tEI06.jpg,tEI06,1EXa8,0
K8JZ1.jpg,K8JZ1,K8TZi,0
C4h7n.jpg,C4h7n,C4b7R,0
Mosd6.jpg,Mosd6,MjsdE,0
T0E1b.jpg,T0E1b,r0E1b,0
I2QLy.jpg,I2QLy,I20sv,0
4Q0it.jpg,4Q0it,ZQ9iV,0
0sRD9.jpg,0sRD9,0XrI5,0
2N524.jpg,2N524,ywSp4,0
dpav1.jpg,dpav1,dPzv1,0
7VTU2.jpg,7VTU2,7VTd2,0
Zs50m.jpg,Zs50m,Z150m,0
H9rKD.jpg,H9rKD,u9rKO,0
qfe4E.jpg,qfe4E,yTc4B,0
5759q.jpg,5759q,51E9u,0
s5669.jpg,s5669,xTt59,0
E8Aoq.jpg,E8Aoq,E6Awy,0
I6Tly.jpg,I6Tly,L8TPy,0
y7b7Q.jpg,y7b7Q,vjb7C,0
srUNY.jpg,srUNY,sruNY,0
XytBB.jpg,XytBB,K7t2R,0
lFy3A.jpg,lFy3A,iFY3A,0
ITcs0.jpg,ITcs0,L7c50,0
DX9m9.jpg,DX9m9,DKs19,0
t8f2h.jpg,t8f2h,v8fZh,0
JiS1U.jpg,JiS1U,Ji31u,0
v7oCj.jpg,v7oCj,v76Cj,0
mJoxD.jpg,mJoxD,mJ6xD,0
naS78.jpg,naS78,ha578,0
D9ePZ.jpg,D9ePZ,09erZ,0
k2E66.jpg,k2E66,M2Eu6,0
V5IA7.jpg,V5IA7,U5pA7,0
2dnal.jpg,2dnal,2dmxI,0
2aVKV.jpg,2aVKV,ZawKt,0
SodTq.jpg,SodTq,30jT4,0
9X97V.jpg,9X97V,gKn1V,0
wP77z.jpg,wP77z,WR7j2,0
R5z59.jpg,R5z59,BJZh0,0
1T7n6.jpg,1T7n6,13ZnQ,0
mX413.jpg,mX413,mK4t2,0
hpFJa.jpg,hpFJa,hpEJa,0
Uws3I.jpg,Uws3I,Uws31,0
m7CJC.jpg,m7CJC,m7GsU,0
zxFS9.jpg,zxFS9,ZwF39,0
38vKX.jpg,38vKX,36uHX,0
9j2v2.jpg,9j2v2,9I7Vz,0
Wu3y2.jpg,Wu3y2,WiSy2,0
6FL66.jpg,6FL66,6F1gn,0
S842m.jpg,S842m,Sk4Pm,0
Clzt4.jpg,Clzt4,Cjzt4,0
Cw3UG.jpg,Cw3UG,Cm3U6,0
72i6u.jpg,72i6u,72i6u,1
4hq2N.jpg,4hq2N,4lS2R,0
48Ccc.jpg,48Ccc,48CSr,0
xirDA.jpg,xirDA,xjrQh,0
C4pD1.jpg,C4pD1,C4RD1,0
LX172.jpg,LX172,EK17o,0
B3E3P.jpg,B3E3P,B3tZF,0
oyxrp.jpg,oyxrp,OyMEp,0
iK40v.jpg,iK40v,3K40v,0
1Q8Es.jpg,1Q8Es,1Q8Ev,0
58v64.jpg,58v64,58vC4,0
X24S2.jpg,X24S2,XgqvJ,0
b4nU9.jpg,b4nU9,b4nU9,1
s2Xb4.jpg,s2Xb4,S2Xb4,0
h92dx.jpg,h92dx,h9Cdx,0
X1jKx.jpg,X1jKx,QtjBx,0
G5w1J.jpg,G5w1J,C5W1J,0
83nfe.jpg,83nfe,R3nfc,0
oS65c.jpg,oS65c,oS6Mr,0
4p47T.jpg,4p47T,4pQxT,0
GYGqI.jpg,GYGqI,pWCar,0
jE25n.jpg,jE25n,VC25m,0
i8dGP.jpg,i8dGP,h34GD,0
smLVb.jpg,smLVb,3m1Vb,0
521yS.jpg,521yS,521YQ,0
MD4l6.jpg,MD4l6,KP4i5,0
VQQ28.jpg,VQQ28,Vfd28,0
3u2S5.jpg,3u2S5,x0ZSB,0
yfqS4.jpg,yfqS4,Jfm34,0
OG0Yz.jpg,OG0Yz,Ch8Yz,0
76e25.jpg,76e25,76v2W,0
3Cb68.jpg,3Cb68,jCb62,0
6gvAk.jpg,6gvAk,3gV4E,0
G965f.jpg,G965f,Cgw5r,0
MkG02.jpg,MkG02,MkG0j,0
I9Lt1.jpg,I9Lt1,T0L4A,0
Znom2.jpg,Znom2,Ln6H3,0
0dXx0.jpg,0dXx0,cJKnO,0
wfuCw.jpg,wfuCw,RfJ0y,0
TzM0L.jpg,TzM0L,T2A0L,0
sQ5Pa.jpg,sQ5Pa,8Q5PM,0
y6cv6.jpg,y6cv6,7PZv6,0
wSyPE.jpg,wSyPE,w3YFL,0
66kQO.jpg,66kQO,BSHQU,0
0ogW2.jpg,0ogW2,QcyW2,0
sU7Wt.jpg,sU7Wt,3D7Wt,0
r7E7f.jpg,r7E7f,w45Yf,0
sred0.jpg,sred0,s7ed0,0
03h3y.jpg,03h3y,08h2Y,0
fJSoz.jpg,fJSoz,fJCoz,0
xG235.jpg,xG235,K0235,0
ThQQ2.jpg,ThQQ2,yHmC2,0
qJ3fC.jpg,qJ3fC,gJ3rC,0
tZ418.jpg,tZ418,vZ418,0
CxR9G.jpg,CxR9G,DXR9G,0
bSanV.jpg,bSanV,bSznV,0
0eN5y.jpg,0eN5y,0eH3v,0
2OVDK.jpg,2OVDK,2CVDK,0
0dcl5.jpg,0dcl5,0ac15,0
872fT.jpg,872fT,6y2kT,0
0O5gD.jpg,0O5gD,ut5gD,0
6sRb4.jpg,6sRb4,63Xb4,0
2qGc2.jpg,2qGc2,7hGe2,0
8TDLF.jpg,8TDLF,aTDLF,0
9YvTd.jpg,9YvTd,9Xtjd,0
QM47x.jpg,QM47x,OR47x,0
7v1hN.jpg,7v1hN,7v1eH,0
FXcNu.jpg,FXcNu,FXCHu,0
k460L.jpg,k460L,K45PI,0
17jXW.jpg,17jXW,1Zj3W,0
n2DJi.jpg,n2DJi,m2BTk,0
p6rlf.jpg,p6rlf,u6rjf,0
SI0ww.jpg,SI0ww,Sj0ym,0
NvIY5.jpg,NvIY5,Au1Y2,0
sjw7E.jpg,sjw7E,3jW7B,0
7Uc38.jpg,7Uc38,7Uc30,0
i5OIO.jpg,i5OIO,x5CIg,0
41ozW.jpg,41ozW,41Cam,0
79o80.jpg,79o80,7fp8u,0
S1Fx3.jpg,S1Fx3,SYFx2,0
O635I.jpg,O635I,O6Z5l,0
n13zW.jpg,n13zW,m13ZW,0
Cy148.jpg,Cy148,CyT48,0
3a1U6.jpg,3a1U6,3q1U6,0
0iaiR.jpg,0iaiR,0saiR,0
nZ3rw.jpg,nZ3rw,6Z3tM,0
6P202.jpg,6P202,6FJ0X,0
73Aj1.jpg,73Aj1,Z5Rc1,0
n0P5k.jpg,n0P5k,n0P3H,0
VX444.jpg,VX444,VXaL6,0
P33P6.jpg,P33P6,DXdn6,0
5Ir2V.jpg,5Ir2V,51n2U,0
rKsI6.jpg,rKsI6,rH3J6,0
0Kl8Y.jpg,0Kl8Y,0Ki8Y,0
UbJVd.jpg,UbJVd,Uh3WA,0
u1Mt6.jpg,u1Mt6,U1Az6,0
MLBMi.jpg,MLBMi,wC8Xj,0
3589C.jpg,3589C,35B9C,0
rbJ14.jpg,rbJ14,zbu1M,0
4F1Qi.jpg,4F1Qi,4E3Cv,0
V8IfM.jpg,V8IfM,y3lfA,0
2O3AP.jpg,2O3AP,2C9AY,0
8D0os.jpg,8D0os,4E0av,0
KzEXg.jpg,KzEXg,h2sXG,0
328Me.jpg,328Me,32FMc,0
xI9A4.jpg,xI9A4,xE9m4,0
QYrbG.jpg,QYrbG,4Yrbd,0
DRn01.jpg,DRn01,D8hv1,0
K5G5G.jpg,K5G5G,A9v3C,0
GmOsi.jpg,GmOsi,Em031,0
A7M14.jpg,A7M14,o9mi4,0
RA8I8.jpg,RA8I8,K40y2,0
L2Kf6.jpg,L2Kf6,d3Kr6,0
EacuV.jpg,EacuV,EA6uM,0
n1cf7.jpg,n1cf7,h1Gf7,0
W3j62.jpg,W3j62,W3j62,1
eSAJ7.jpg,eSAJ7,c54J7,0
jx490.jpg,jx490,IX4c0,0
C75ST.jpg,C75ST,Cz5SI,0
KWEE3.jpg,KWEE3,KwiE3,0
nE6V2.jpg,nE6V2,nF6V2,0
Y4Nrw.jpg,Y4Nrw,Y4Ncu,0
KlNrk.jpg,KlNrk,KJArb,0
Y8t7F.jpg,Y8t7F,V3Cxp,0
AGjYU.jpg,AGjYU,AGjYu,0
GjSb9.jpg,GjSb9,CeSbN,0
NU9yV.jpg,NU9yV,NL9rV,0
Jrf63.jpg,Jrf63,Wnf63,0
kebF9.jpg,kebF9,kebF3,0
a57y4.jpg,a57y4,mS7v4,0
3w40Q.jpg,3w40Q,3w4bC,0
XZcGy.jpg,XZcGy,XLoGy,0
4IpFi.jpg,4IpFi,4IpFx,0
BhT1J.jpg,BhT1J,chT1d,0
Z3S9B.jpg,Z3S9B,L3E9B,0
vpgK5.jpg,vpgK5,vp2K5,0
6jxdw.jpg,6jxdw,5jXdW,0
Yo3q6.jpg,Yo3q6,V03g6,0
x1v5e.jpg,x1v5e,XTV20,0
xp8b1.jpg,xp8b1,KP8bT,0
x7UBR.jpg,x7UBR,x70wR,0
bmR0d.jpg,bmR0d,tmB0a,0
ax42P.jpg,ax42P,ax42T,0
6VFHB.jpg,6VFHB,oV7HB,0
11089.jpg,11089,4Fm8g,0
NduxV.jpg,NduxV,NPbfV,0
TO1J5.jpg,TO1J5,TQia5,0
67CY3.jpg,67CY3,67uW3,0
QXAH3.jpg,QXAH3,CXAH3,0
sP83u.jpg,sP83u,sF63u,0
n2SSF.jpg,n2SSF,mgVck,0
26V2P.jpg,26V2P,56vzF,0
k1GP3.jpg,k1GP3,x1GP3,0
Q124b.jpg,Q124b,Q1zYb,0
9fz7g.jpg,9fz7g,9hx7y,0
u2TH7.jpg,u2TH7,u2DH7,0
6brac.jpg,6brac,6hTXc,0
0jx5n.jpg,0jx5n,Gjx5m,0
1170U.jpg,1170U,W1Z0E,0
2z8z9.jpg,2z8z9,Amwz9,0
x8MzL.jpg,x8MzL,x5A2L,0
H2804.jpg,H2804,H280t,0
Ec5Sz.jpg,Ec5Sz,Fc5Y7,0
Epvzl.jpg,Epvzl,8pv3I,0
23uzH.jpg,23uzH,23urH,0
0cH0R.jpg,0cH0R,3rX0R,0
q4Jgc.jpg,q4Jgc,mAIxC,0
Kxh0y.jpg,Kxh0y,H3n0v,0
cQY2G.jpg,cQY2G,sCV2B,0
78pdn.jpg,78pdn,72Ddn,0
HkmK4.jpg,HkmK4,Hkmy4,0
LMMN1.jpg,LMMN1,LXmnT,0
KM3xU.jpg,KM3xU,RhexU,0
558K7.jpg,558K7,ba8H1,0
yDPM7.jpg,yDPM7,vLPM9,0
4g747.jpg,4g747,agF47,0
pe7Ct.jpg,pe7Ct,ne2Ct,0
hlD58.jpg,hlD58,hID58,0
X6Srq.jpg,X6Srq,263rq,0
DwoNP.jpg,DwoNP,DucNF,0
1mc8R.jpg,1mc8R,1wc8D,0
z3fy1.jpg,z3fy1,z3fyL,0
p7M1j.jpg,p7M1j,p7M1k,0
VdQZF.jpg,VdQZF,WsQZF,0
Az5nF.jpg,Az5nF,Az5wP,0
yL42M.jpg,yL42M,vt42M,0
K34Gs.jpg,K34Gs,KJ4C5,0
0yR9n.jpg,0yR9n,OVB7n,0
DU083.jpg,DU083,rUoX3,0
IbqBU.jpg,IbqBU,3fyBY,0
57iFl.jpg,57iFl,37LPj,0
328cn.jpg,328cn,3ZHry,0
0qAIs.jpg,0qAIs,0qAIS,0
lE79D.jpg,lE79D,nE79D,0
O7lFj.jpg,O7lFj,c7uKj,0
kK25N.jpg,kK25N,hw25j,0
0Wkcz.jpg,0Wkcz,0Vkfz,0
ArQ1J.jpg,ArQ1J,wcA1J,0
m7q40.jpg,m7q40,W7yk0,0
82150.jpg,82150,8X150,0
25T5L.jpg,25T5L,2DT5W,0
T2O3d.jpg,T2O3d,IhC3d,0
1jJ08.jpg,1jJ08,1EU08,0
DR5r7.jpg,DR5r7,DK5r7,0
4bcsh.jpg,4bcsh,4bCxn,0
5LCK8.jpg,5LCK8,5UCK8,0
X5Ar4.jpg,X5Ar4,K5Ar4,0
lKbYW.jpg,lKbYW,LK3Ym,0
zfIK0.jpg,zfIK0,ZAIN0,0
P4Zxo.jpg,P4Zxo,P4Zxo,1
3R7t8.jpg,3R7t8,um7t6,0
9oaWe.jpg,9oaWe,9oaWQ,0
6D3Wo.jpg,6D3Wo,6D3Wg,0
PGhb0.jpg,PGhb0,PGWb0,0
6G8yU.jpg,6G8yU,fG37U,0
dyOL8.jpg,dyOL8,d7Ci2,0
eZV3l.jpg,eZV3l,eZV8i,0
Pu64V.jpg,Pu64V,2h64V,0
3gEB1.jpg,3gEB1,3gCBl,0
7X1RV.jpg,7X1RV,7eiBU,0
RSCX1.jpg,RSCX1,R5CX1,0
LjD3C.jpg,LjD3C,LjB3C,0
9j53w.jpg,9j53w,9I53M,0
87i16.jpg,87i16,87rYG,0
81dh2.jpg,81dh2,81dm2,0
7aE1e.jpg,7aE1e,7aG1e,0
xui4P.jpg,xui4P,Kui42,0
CkOzk.jpg,CkOzk,CKDaW,0
aNq69.jpg,aNq69,xAy69,0
6xQ0u.jpg,6xQ0u,6xC9u,0
6Op2q.jpg,6Op2q,6Oh2a,0
qxJzx.jpg,qxJzx,qYD2k,0
zBe5G.jpg,zBe5G,7Re5C,0
uF3f9.jpg,uF3f9,uRXt9,0
59Gja.jpg,59Gja,K9Gja,0
SMwxm.jpg,SMwxm,5M0Xn,0
8O1gU.jpg,8O1gU,3E7zU,0
tIb8D.jpg,tIb8D,t1n3D,0
m7vFK.jpg,m7vFK,m36fK,0
Q7aKb.jpg,Q7aKb,C7aEb,0
Jbic6.jpg,Jbic6,W5iZ6,0
ujBjc.jpg,ujBjc,uXBlc,0
L8I9O.jpg,L8I9O,I8T90,0
2GlRF.jpg,2GlRF,2CxPw,0
LIzQH.jpg,LIzQH,yI2QH,0
UZ431.jpg,UZ431,UZ43j,0
cO1CM.jpg,cO1CM,cO1pM,0
52ogQ.jpg,52ogQ,51cy0,0
nWS9r.jpg,nWS9r,hMJ0r,0
AqoSr.jpg,AqoSr,4qp3r,0
u84z3.jpg,u84z3,w04z3,0
1Wyd7.jpg,1Wyd7,1Wvd7,0
b6oGk.jpg,b6oGk,b6aTX,0
7Xt6t.jpg,7Xt6t,7Ku6E,0
btavJ.jpg,btavJ,5taWJ,0
15blz.jpg,15blz,15pQZ,0
hdEXt.jpg,hdEXt,hdEX1,0
Uj2cc.jpg,Uj2cc,UI2gs,0
OSCOh.jpg,OSCOh,057wh,0
785TP.jpg,785TP,785TP,1
0DoCE.jpg,0DoCE,4DeCE,0
0s9Ot.jpg,0s9Ot,059Cf,0
Yr9sJ.jpg,Yr9sJ,Yr9sJ,1
jWGJi.jpg,jWGJi,IMC3z,0
Z73Sx.jpg,Z73Sx,473SK,0
6pWXA.jpg,6pWXA,6pUXa,0
4E1C3.jpg,4E1C3,4E1O3,0
0T5z0.jpg,0T5z0,0T5xW,0
3U9Z5.jpg,3U9Z5,3U9Z5,1
1yY2c.jpg,1yY2c,ixY2R,0
CbFs7.jpg,CbFs7,CbKs7,0
vQ1S6.jpg,vQ1S6,VD136,0
Ebtdl.jpg,Ebtdl,85zdl,0
PC32V.jpg,PC32V,BCq2M,0
58T9k.jpg,58T9k,z8T9k,0
h978K.jpg,h978K,h9Z8K,0
VVtAl.jpg,VVtAl,NvtAz,0
SlMtF.jpg,SlMtF,6LMyE,0
25499.jpg,25499,254gO,0
BsZCb.jpg,BsZCb,8a2Cb,0
17VQZ.jpg,17VQZ,47V02,0
uVuN5.jpg,uVuN5,zVIA3,0
xMr97.jpg,xMr97,xAr97,0
Y3257.jpg,Y3257,Q3Z57,0
6VQ3K.jpg,6VQ3K,6VCjK,0
7GV47.jpg,7GV47,FRU4f,0
VfkHU.jpg,VfkHU,vfEA0,0
6aW43.jpg,6aW43,6rK43,0
ROAFF.jpg,ROAFF,R04zE,0
0R6Yi.jpg,0R6Yi,026Vi,0
IX2j9.jpg,IX2j9,IK2C0,0
hqUy3.jpg,hqUy3,NqUy3,0
SyZqy.jpg,SyZqy,3y207,0
It34t.jpg,It34t,Fb34p,0
3V054.jpg,3V054,3vQ54,0
HwZ68.jpg,HwZ68,Hm7G8,0
eWJ0Y.jpg,eWJ0Y,cWIBk,0
61Ek5.jpg,61Ek5,61Dks,0
z6l67.jpg,z6l67,xhi87,0
W206l.jpg,W206l,VZ06I,0
scU9S.jpg,scU9S,xrU95,0
FKNp3.jpg,FKNp3,PKNp3,0
WP54g.jpg,WP54g,WP54g,1
8g7WZ.jpg,8g7WZ,3gTVZ,0
xLMS2.jpg,xLMS2,vLA32,0
5r7q9.jpg,5r7q9,5rjq9,0
zsPlm.jpg,zsPlm,X321m,0
Q3TCB.jpg,Q3TCB,Q3Tch,0
rxy35.jpg,rxy35,rkV35,0
2a1YB.jpg,2a1YB,2a1WB,0
7f57c.jpg,7f57c,7f5z0,0
03d19.jpg,03d19,0MZt4,0
IS35Y.jpg,IS35Y,fC35V,0
ERen7.jpg,ERen7,EKem7,0
eZ6f5.jpg,eZ6f5,pZNi5,0
SoFus.jpg,SoFus,SoFUx,0
4j5kG.jpg,4j5kG,4i5KC,0
d0b8U.jpg,d0b8U,d0k3U,0
69ObT.jpg,69ObT,69QhT,0
rKto4.jpg,rKto4,jKto4,0
q7SYy.jpg,q7SYy,arCXw,0
NG2Oc.jpg,NG2Oc,AG20c,0
es6GK.jpg,es6GK,e3BLK,0
3Ta89.jpg,3Ta89,21w69,0
1lpd2.jpg,1lpd2,xIpd2,0
7RSU4.jpg,7RSU4,7B3U4,0
UIp3X.jpg,UIp3X,Glp3K,0
bh6pF.jpg,bh6pF,b4CaF,0
r92zC.jpg,r92zC,r03zW,0
27PTp.jpg,27PTp,27WJn,0
MR8V5.jpg,MR8V5,MP015,0
t5v01.jpg,t5v01,Z5W01,0
96HIV.jpg,96HIV,96MiV,0
fmv3w.jpg,fmv3w,fnv2N,0
807OR.jpg,807OR,8G7VH,0
RUgR7.jpg,RUgR7,AUgRz,0
6W2E4.jpg,6W2E4,6H2E4,0
aD46N.jpg,aD46N,aD16M,0
4lOkU.jpg,4lOkU,41oKp,0
7800a.jpg,7800a,7B0Sa,0
LEUWG.jpg,LEUWG,jEUX6,0
imUj2.jpg,imUj2,snUj2,0
bxIU9.jpg,bxIU9,bXFU9,0
7BwK3.jpg,7BwK3,76mK2,0
w94x6.jpg,w94x6,m9jX5,0
fRS66.jpg,fRS66,lA3Gw,0
Tzmq0.jpg,Tzmq0,j2mqU,0
ujb2x.jpg,ujb2x,Gjb2x,0
5dwg4.jpg,5dwg4,5Lwg4,0
9K3uD.jpg,9K3uD,9K2uB,0
YZxI2.jpg,YZxI2,UZxi2,0
L9ASP.jpg,L9ASP,L94sP,0
DwfjU.jpg,DwfjU,EWcj0,0
Xesz5.jpg,Xesz5,KCsz6,0
6Tn28.jpg,6Tn28,bTv28,0
9rw31.jpg,9rw31,Drw31,0
yB4Ks.jpg,yB4Ks,gF4K3,0
76Eqv.jpg,76Eqv,76Eqv,1
RH14O.jpg,RH14O,AFjzC,0
mqh51.jpg,mqh51,mgh51,0
eK3cF.jpg,eK3cF,p73cJ,0
I6sRJ.jpg,I6sRJ,r6sRJ,0
10DcH.jpg,10DcH,10Pck,0
nlzLk.jpg,nlzLk,mf2LK,0
6IZ5h.jpg,6IZ5h,6V2Sh,0
T23uH.jpg,T23uH,t230H,0
YPAyj.jpg,YPAyj,VF4zi,0
9qUa1.jpg,9qUa1,SqHaf,0
o11n0.jpg,o11n0,SVfmD,0
1W7Ke.jpg,1W7Ke,1W2Ka,0
Oef12.jpg,Oef12,0ef12,0
m71Bv.jpg,m71Bv,mz1Bv,0
z507J.jpg,z507J,z5w7J,0
ZtrvH.jpg,ZtrvH,2trvH,0
BKqF2.jpg,BKqF2,BXcJ3,0
1Qc2g.jpg,1Qc2g,1Cr2g,0
M7HBP.jpg,M7HBP,47Hdp,0
JLg6v.jpg,JLg6v,3Lg6V,0
J94Mg.jpg,J94Mg,JVtBo,0
j6BXu.jpg,j6BXu,I6BXu,0
FUfY5.jpg,FUfY5,FdzV5,0
OV5K3.jpg,OV5K3,CVbK3,0
05p3I.jpg,05p3I,05p2I,0
W3AP7.jpg,W3AP7,u3AP7,0
RsvNE.jpg,RsvNE,Tu7ME,0
Tbx2n.jpg,Tbx2n,TBx2m,0
aZ0IU.jpg,aZ0IU,aZ6TW,0
LL5LE.jpg,LL5LE,Ia9yc,0
2BXt3.jpg,2BXt3,2bXt9,0
8L6Ea.jpg,8L6Ea,816Fn,0
jk5F4.jpg,jk5F4,jKoF4,0
qbGi1.jpg,qbGi1,gbCr4,0
0rTV6.jpg,0rTV6,0s7M2,0
PrOYT.jpg,PrOYT,RrOYT,0
3YAgO.jpg,3YAgO,3T4g0,0
0G603.jpg,0G603,0jny3,0
7v3P8.jpg,7v3P8,7v5P6,0
gJH7w.jpg,gJH7w,gGH7w,0
nRWoj.jpg,nRWoj,mBUei,0
370uB.jpg,370uB,370uH,0
3s6wj.jpg,3s6wj,3Z6Wj,0
09fWf.jpg,09fWf,P9tWv,0
1j4y9.jpg,1j4y9,1PZy9,0
12Rsz.jpg,12Rsz,12Bwz,0
8KXDp.jpg,8KXDp,8CXDp,0
M57T9.jpg,M57T9,M5yTQ,0
j7Tu6.jpg,j7Tu6,j3Wa5,0
RkZVx.jpg,RkZVx,BtZVx,0
1uT8m.jpg,1uT8m,1CX2m,0
TiWMW.jpg,TiWMW,TiXMu,0
w3q72.jpg,w3q72,vH072,0
DYd0a.jpg,DYd0a,B7J0a,0
2qILW.jpg,2qILW,2qTLM,0
4sst8.jpg,4sst8,45CtR,0
JCFoS.jpg,JCFoS,JCFaS,0
Wr6KH.jpg,Wr6KH,Ur5kD,0
W1Nm7.jpg,W1Nm7,Wjno7,0
X5hC0.jpg,X5hC0,X5hC0,1
S8D6n.jpg,S8D6n,3kD6m,0
U2x3h.jpg,U2x3h,UPy3b,0
LdJST.jpg,LdJST,La237,0
qS2fy.jpg,qS2fy,082fW,0
k8Y4k.jpg,k8Y4k,k3Y4j,0
kewJ1.jpg,kewJ1,KoW51,0
a8Iwe.jpg,a8Iwe,a8IMC,0
g94Zr.jpg,g94Zr,g94jr,0
IrUfo.jpg,IrUfo,jrUX6,0
59ejc.jpg,59ejc,3Wrj0,0
glUh9.jpg,glUh9,ziUh9,0
vcFC2.jpg,vcFC2,ushC2,0
6aR0I.jpg,6aR0I,6aW01,0
8WO72.jpg,8WO72,6HCT2,0
67c5H.jpg,67c5H,67vnH,0
4RK48.jpg,4RK48,rTK48,0
375hL.jpg,375hL,375KL,0
2hXhj.jpg,2hXhj,2AQuj,0
Pw53B.jpg,Pw53B,DwL3H,0
2GU0q.jpg,2GU0q,2cM0q,0
zdCgx.jpg,zdCgx,7dc9K,0
F8759.jpg,F8759,r6750,0
rDe1h.jpg,rDe1h,vQeTH,0
2Lt6o.jpg,2Lt6o,2LFwp,0
sm79G.jpg,sm79G,sm79C,0
R9KN6.jpg,R9KN6,T9kdf,0
a8r45.jpg,a8r45,aCr45,0
bAJx5.jpg,bAJx5,LATXS,0
7zp7F.jpg,7zp7F,Tzp0H,0
bMI06.jpg,bMI06,bM196,0
2s8C3.jpg,2s8C3,ZwWC3,0
yECpN.jpg,yECpN,VEOpA,0
8vNYM.jpg,8vNYM,3vk1A,0
HyjQn.jpg,HyjQn,HvjOn,0
m8P61.jpg,m8P61,m8P01,0
c2QsK.jpg,c2QsK,c2DrH,0
6xVZM.jpg,6xVZM,63ujA,0
z0M9X.jpg,z0M9X,zQH5X,0
2Z8aV.jpg,2Z8aV,2L8nV,0
29i9M.jpg,29i9M,29iYM,0
uD7e4.jpg,uD7e4,uB7e4,0
H6fdm.jpg,H6fdm,36fdm,0
t9L49.jpg,t9L49,idLAg,0
JpPPC.jpg,JpPPC,dpRPC,0
NAqWb.jpg,NAqWb,NZgYb,0
80EHL.jpg,80EHL,3QEHL,0
I995f.jpg,I995f,Y92bf,0
340gJ.jpg,340gJ,340yT,0
3q26e.jpg,3q26e,3g26h,0
C6802.jpg,C6802,CT80K,0
h58rm.jpg,h58rm,458rm,0
2ci16.jpg,2ci16,2Fm16,0
I6Z5z.jpg,I6Z5z,V67Kx,0
8KQby.jpg,8KQby,3HOiv,0
0NvEq.jpg,0NvEq,0NxEy,0
X45jc.jpg,X45jc,K4BjC,0
lXvjb.jpg,lXvjb,LKVr6,0
H3Us7.jpg,H3Us7,m3Vc7,0
3uw8J.jpg,3uw8J,2qw8Y,0
v76a6.jpg,v76a6,v7fab,0
CsT5o.jpg,CsT5o,Cs1h0,0
a4M69.jpg,a4M69,a4HE9,0
bo3Vk.jpg,bo3Vk,Ro7Vr,0
411R9.jpg,411R9,41CB9,0
XzjWy.jpg,XzjWy,XcjWy,0
72wkB.jpg,72wkB,72mKB,0
361Bt.jpg,361Bt,3o1BU,0
88Ztb.jpg,88Ztb,GRZtm,0
y13pU.jpg,y13pU,yt3PU,0
U2Fa5.jpg,U2Fa5,U2Fa5,1
bhV3d.jpg,bhV3d,ohV3d,0
HkF80.jpg,HkF80,VKP30,0
M170i.jpg,M170i,K1Z0i,0
CKq14.jpg,CKq14,CKg14,0
T16Nk.jpg,T16Nk,r10ma,0
8mK99.jpg,8mK99,3jKv9,0
jYwX4.jpg,jYwX4,jvBK4,0
3sSKd.jpg,3sSKd,3pSHd,0
kVS2G.jpg,kVS2G,kVs2C,0
69452.jpg,69452,t9N52,0
0Te0w.jpg,0Te0w,oTz4w,0
dVPh9.jpg,dVPh9,dU2h9,0
A650L.jpg,A650L,A63OI,0
97g1J.jpg,97g1J,97u1H,0
u72re.jpg,u72re,w12r6,0
8RkTj.jpg,8RkTj,3AkTj,0
7YLB0.jpg,7YLB0,7VL50,0
dH8M8.jpg,dH8M8,dHzx3,0
3Pod6.jpg,3Pod6,3FodG,0
KPyl7.jpg,KPyl7,Kpvi7,0
0N6h3.jpg,0N6h3,0A6h3,0
qe9Cm.jpg,qe9Cm,je8CM,0
BJ78B.jpg,BJ78B,kJzdB,0
DJBQA.jpg,DJBQA,D78QA,0
jeU3H.jpg,jeU3H,ycn3H,0
nDwx1.jpg,nDwx1,hEWz1,0
82c1g.jpg,82c1g,82C1g,0
Sy8pl.jpg,Sy8pl,Sykpl,0
dwTmO.jpg,dwTmO,dxTmC,0
B5X8c.jpg,B5X8c,b5X3C,0
5zmKa.jpg,5zmKa,5zmKa,1
v4jbt.jpg,v4jbt,V4jbt,0
Z8766.jpg,Z8766,L8769,0
T8Aa7.jpg,T8Aa7,v5Aq7,0
U66Ti.jpg,U66Ti,URb3i,0
Rr7Af.jpg,Rr7Af,RG70f,0
hZcK2.jpg,hZcK2,bLGK2,0
5mU2G.jpg,5mU2G,5mH2C,0
2W3by.jpg,2W3by,2WTby,0
87Yw7.jpg,87Yw7,3LYm7,0
aCFIb.jpg,aCFIb,aCKT5,0
bvp54.jpg,bvp54,bVPS4,0
8Whjb.jpg,8Whjb,2VHj5,0
B2x8j.jpg,B2x8j,D2q8i,0
P3D0g.jpg,P3D0g,P3i0a,0
Ov1gb.jpg,Ov1gb,0V1Zb,0
SH9BD.jpg,SH9BD,xH9Ba,0
fZoxt.jpg,fZoxt,H20xt,0
lN0Q8.jpg,lN0Q8,lN7Q8,0
T2B98.jpg,T2B98,T2D98,0
Ei4Sh.jpg,Ei4Sh,Ei43H,0
327ps.jpg,327ps,q2INs,0
ELYLX.jpg,ELYLX,EOVjX,0
649A8.jpg,649A8,649A3,0
iwyQp.jpg,iwyQp,IMYAp,0
aY4N9.jpg,aY4N9,aT4B9,0
m5T19.jpg,m5T19,m5r10,0
tkEQu.jpg,tkEQu,txEOn,0
v0ex0.jpg,v0ex0,VJex0,0
PsH7l.jpg,PsH7l,05H7i,0
nPrR7.jpg,nPrR7,nPrK7,0
m2c1K.jpg,m2c1K,m2c1k,0
5MCMb.jpg,5MCMb,3M0xb,0
07Eh5.jpg,07Eh5,07Eh5,1
2beB8.jpg,2beB8,7uOBX,0
25Wf7.jpg,25Wf7,25Mf7,0
qBx1O.jpg,qBx1O,aHx1O,0
i1b2b.jpg,i1b2b,iTM2o,0
3qHrt.jpg,3qHrt,2QHrt,0
U3tMA.jpg,U3tMA,U3cxA,0
S7jq4.jpg,S7jq4,S7jw4,0
kbcV9.jpg,kbcV9,RDeV9,0
Il595.jpg,Il595,Vr50x,0
3N684.jpg,3N684,TAC84,0
U1Bia.jpg,U1Bia,U98Ia,0
uk9ti.jpg,uk9ti,uk9fY,0
3mtFE.jpg,3mtFE,2m1jL,0
GlJ01.jpg,GlJ01,C2y91,0
M3LQf.jpg,M3LQf,M3LQp,0
2Mh98.jpg,2Mh98,2Mh98,1
212H8.jpg,212H8,41CH6,0
7AvgK.jpg,7AvgK,2AvgK,0
S3D4o.jpg,S3D4o,S3R4g,0
4016E.jpg,4016E,4016E,1
B0TvT.jpg,B0TvT,B0TvZ,0
96e8x.jpg,96e8x,9be8X,0
hY5qn.jpg,hY5qn,kY5Om,0
0C5DL.jpg,0C5DL,0CXBL,0
EgZQN.jpg,EgZQN,592OH,0
v32hx.jpg,v32hx,V3ZHX,0
p7UW0.jpg,p7UW0,B7UKC,0
Jwmfa.jpg,Jwmfa,USmfa,0
nybUb.jpg,nybUb,mYMfb,0
IaezB.jpg,IaezB,laGzB,0
5J45Y.jpg,5J45Y,5J4oV,0
5NSvy.jpg,5NSvy,5AevZ,0
ae1Wl.jpg,ae1Wl,a67Wl,0
2VZtq.jpg,2VZtq,3VZtg,0
z1ohf.jpg,z1ohf,z3ohf,0
I3s16.jpg,I3s16,F3w16,0
ULlCb.jpg,ULlCb,9EfC6,0
A53Uv.jpg,A53Uv,Nf3Uv,0
KMK2i.jpg,KMK2i,UnKej,0
0wh12.jpg,0wh12,0vhT2,0
4Gj4g.jpg,4Gj4g,46In8,0
fN059.jpg,fN059,lN05m,0
99FOT.jpg,99FOT,GYpL7,0
JPs92.jpg,JPs92,JPx92,0
loCY6.jpg,loCY6,M3CT6,0
DT789.jpg,DT789,DTZ89,0
E108B.jpg,E108B,r1wP5,0
qhaV4.jpg,qhaV4,yhaU4,0
G2ZXx.jpg,G2ZXx,G2pXx,0
276oO.jpg,276oO,276nO,0
Psx3x.jpg,Psx3x,Fcx3h,0
Y5Pp6.jpg,Y5Pp6,73Pp4,0
3tR6m.jpg,3tR6m,3iK6m,0
0WHd9.jpg,0WHd9,QwH82,0
eV3mW.jpg,eV3mW,kV3mK,0
62c91.jpg,62c91,62e91,0
SS726.jpg,SS726,hsM20,0
gQ08E.jpg,gQ08E,g108E,0
92NO5.jpg,92NO5,92MOE,0
xl5L6.jpg,xl5L6,xT3L0,0
uoeZs.jpg,uoeZs,qDeZ5,0
doWID.jpg,doWID,dcM1D,0
7eM42.jpg,7eM42,TcM42,0
IvjZa.jpg,IvjZa,Uvj2A,0
p5xJ2.jpg,p5xJ2,p5WJ2,0
Q5S7J.jpg,Q5S7J,05xTJ,0
4FnIk.jpg,4FnIk,9FmYk,0
0h3id.jpg,0h3id,0h3fd,0
6a3a8.jpg,6a3a8,C43z8,0
m8x54.jpg,m8x54,m8x54,1
Br3Od.jpg,Br3Od,Br2Od,0
t1PaF.jpg,t1PaF,tWPaj,0
T7xp1.jpg,T7xp1,T7KBi,0
wgEvF.jpg,wgEvF,wgL35,0
F6ZPR.jpg,F6ZPR,r04PW,0
52b7l.jpg,52b7l,52b7t,0
R3VJx.jpg,R3VJx,A3VLx,0
svX4g.jpg,svX4g,sVP4g,0
vUL4H.jpg,vUL4H,xUt4H,0
YHE4U.jpg,YHE4U,yAE4U,0
08olm.jpg,08olm,D8c1M,0
NQ4Oa.jpg,NQ4Oa,MQ4E3,0
6px09.jpg,6px09,5PKU9,0
1cG45.jpg,1cG45,ICK45,0
7BdI2.jpg,7BdI2,fBuy2,0
qp8bW.jpg,qp8bW,qp3bU,0
gXkTD.jpg,gXkTD,cXkTD,0
5Ct5Q.jpg,5Ct5Q,5LMJQ,0
GwdAP.jpg,GwdAP,CwdA2,0
w1fo6.jpg,w1fo6,K1f05,0
hnX1A.jpg,hnX1A,fxX12,0
q3RzQ.jpg,q3RzQ,d3RZw,0
K8mpq.jpg,K8mpq,KAYp9,0
0668v.jpg,0668v,0AE2Y,0
6HTJg.jpg,6HTJg,6A7J9,0
0C2M3.jpg,0C2M3,0C2Aj,0
4c6oV.jpg,4c6oV,Ac62U,0
4CaaC.jpg,4CaaC,4Cdmj,0
s0XAO.jpg,s0XAO,sqXAC,0
F90t9.jpg,F90t9,E20zS,0
v1z25.jpg,v1z25,v1a25,0
16Df3.jpg,16Df3,1GDr2,0
1S19h.jpg,1S19h,J8z0M,0
i6k50.jpg,i6k50,j8K50,0
Zpo1s.jpg,Zpo1s,Zbo1W,0
DuZ63.jpg,DuZ63,RnL63,0
e2L74.jpg,e2L74,c2LY4,0
7LVtB.jpg,7LVtB,9jUtB,0
p5Ve2.jpg,p5Ve2,pSVe2,0
13klR.jpg,13klR,13KOP,0
G1ZJ1.jpg,G1ZJ1,6hZv3,0
04084.jpg,04084,G493K,0
4Q8eM.jpg,4Q8eM,4Q8cM,0
51yiM.jpg,51yiM,54yiM,0
8ypb8.jpg,8ypb8,Txnb8,0
LwsjK.jpg,LwsjK,L0STK,0
48U2I.jpg,48U2I,48uzI,0
3h5C7.jpg,3h5C7,3hpC7,0
3GoCh.jpg,3GoCh,3GorH,0
a90E8.jpg,a90E8,zY0E8,0
ro2e1.jpg,ro2e1,r02e1,0
d9h5u.jpg,d9h5u,Y2h5a,0
Xs2rh.jpg,Xs2rh,KS2rb,0
D4Q16.jpg,D4Q16,maQ16,0
9y9H3.jpg,9y9H3,Cv9H2,0
v5jj6.jpg,v5jj6,v5IP6,0
p54eU.jpg,p54eU,PE4CL,0
BwY69.jpg,BwY69,PmT63,0
tSPKU.jpg,tSPKU,fSPK0,0
X4h2M.jpg,X4h2M,X4hsC,0
QhqjG.jpg,QhqjG,vhg3G,0
g8sUw.jpg,g8sUw,qAsUW,0
739Cj.jpg,739Cj,739Cj,1
u6NeF.jpg,u6NeF,u6A3F,0
9IxGK.jpg,9IxGK,9IxuK,0
x8URA.jpg,x8URA,x8URA,1
Y25yF.jpg,Y25yF,O25jF,0
z9we1.jpg,z9we1,2Pwo1,0
lgp3d.jpg,lgp3d,Igp3d,0
vZ1qa.jpg,vZ1qa,vZ1Ge,0
Z66pX.jpg,Z66pX,7t6PK,0
0Guok.jpg,0Guok,oSw4K,0
PY88M.jpg,PY88M,jYBxM,0
oKy1e.jpg,oKy1e,SKy1e,0
EeiPf.jpg,EeiPf,UdjPf,0
SxJJG.jpg,SxJJG,kvJAG,0
PH4Bi.jpg,PH4Bi,Py48i,0
ZA3ui.jpg,ZA3ui,ZA3ul,0
0FoB2.jpg,0FoB2,UFcm2,0
SZBe2.jpg,SZBe2,SLBuA,0
8el70.jpg,8el70,2nj70,0
G4748.jpg,G4748,w1758,0
gn71S.jpg,gn71S,gw7lS,0
XOKBf.jpg,XOKBf,XCh31,0
GJrj6.jpg,GJrj6,G3Zjp,0
Ql40g.jpg,Ql40g,QL49y,0
KUnyv.jpg,KUnyv,KLmgv,0
dcSD1.jpg,dcSD1,dCxD1,0
aFs33.jpg,aFs33,0Fk83,0
0m2y3.jpg,0m2y3,0R2y3,0
1XyXu.jpg,1XyXu,fX9du,0
2ROK9.jpg,2ROK9,2RCr8,0
B8I1o.jpg,B8I1o,m3k1c,0
23836.jpg,23836,k3846,0
F3eI9.jpg,F3eI9,b2eI0,0
M8dF9.jpg,M8dF9,MxQr9,0
Tv622.jpg,Tv622,Fw62t,0
fscwm.jpg,fscwm,f3Ovp,0
7qudW.jpg,7qudW,7Qa5H,0
s9Xt4.jpg,s9Xt4,e5XI4,0
iFkoE.jpg,iFkoE,iTH05,0
etnNK.jpg,etnNK,6fmNB,0
8446k.jpg,8446k,8z4CK,0
eRJJq.jpg,eRJJq,cBJVq,0
0Xrpp.jpg,0Xrpp,CX1gP,0
K0i42.jpg,K0i42,K0i42,1
Woq6p.jpg,Woq6p,Ha46p,0
xQMfH.jpg,xQMfH,xOWfH,0
57X0d.jpg,57X0d,57K0d,0
9wpL3.jpg,9wpL3,9WpL3,0
Xx3A6.jpg,Xx3A6,Yx3A6,0
Ml4hh.jpg,Ml4hh,WP4hB,0
c5g9q.jpg,c5g9q,t5p7a,0
s10HE.jpg,s10HE,xtmHG,0
qOSPB.jpg,qOSPB,QM1Pb,0
L0u6B.jpg,L0u6B,I9w6B,0
P39KR.jpg,P39KR,P39WR,0
dlg2u.jpg,dlg2u,dle20,0
s57sZ.jpg,s57sZ,s5jmZ,0
M21nY.jpg,M21nY,A210Y,0
yJCTk.jpg,yJCTk,ydmTK,0
9SUm7.jpg,9SUm7,93Um7,0
dT0pH.jpg,dT0pH,dT0pH,1
H34l1.jpg,H34l1,F34zQ,0
csy0n.jpg,csy0n,c3Y0h,0
k2xbz.jpg,k2xbz,H2X6j,0
glSp9.jpg,glSp9,g1Sp9,0
550e1.jpg,550e1,F20e1,0
RaWcU.jpg,RaWcU,RaWcU,1
do29t.jpg,do29t,YuP9r,0
uDc9m.jpg,uDc9m,aDf2m,0
zkvW6.jpg,zkvW6,zKjW5,0
n7A6a.jpg,n7A6a,m7A5a,0
a3i6u.jpg,a3i6u,e3i6u,0
Tr1PS.jpg,Tr1PS,TrUP5,0
xH2LU.jpg,xH2LU,xH2fu,0
ey257.jpg,ey257,wN257,0
k4RFx.jpg,k4RFx,b4BIx,0
vea91.jpg,vea91,veX91,0
G92NQ.jpg,G92NQ,vpzNQ,0
mx01e.jpg,mx01e,mx01c,0
4z5L0.jpg,4z5L0,hv5L0,0
E60x7.jpg,E60x7,E50v7,0
x8IMr.jpg,x8IMr,Q3lAc,0
QPhr4.jpg,QPhr4,CPbr4,0
2801H.jpg,2801H,j801H,0
m7UWW.jpg,m7UWW,p7UAy,0
0uLhM.jpg,0uLhM,0sEhM,0
V1xfn.jpg,V1xfn,V1sDg,0
1dRbb.jpg,1dRbb,YdRbM,0
4X6St.jpg,4X6St,4K6St,0
S8nA0.jpg,S8nA0,Szm40,0
8SGg8.jpg,8SGg8,V5QjX,0
7JWwO.jpg,7JWwO,2Jhw0,0
7pDuj.jpg,7pDuj,7pOur,0
jCl9h.jpg,jCl9h,jCf9a,0
A81Db.jpg,A81Db,A81Db,1
YKEg2.jpg,YKEg2,TH5g2,0
471t8.jpg,471t8,4Z1c8,0
T1UD8.jpg,T1UD8,74UQ5,0
HRzAA.jpg,HRzAA,lPZAO,0
0Kc2Q.jpg,0Kc2Q,nKr2Q,0
wp3B0.jpg,wp3B0,Wp3R0,0
DbbWe.jpg,DbbWe,7h5Ka,0
hi8sY.jpg,hi8sY,Ai2sX,0
7qr9Q.jpg,7qr9Q,74rsQ,0
Dk7c1.jpg,Dk7c1,DK761,0
I312J.jpg,I312J,i3T2J,0
4nQAw.jpg,4nQAw,LpOAw,0
lrupO.jpg,lrupO,1rup0,0
9ia1N.jpg,9ia1N,9Cu1N,0
ExtSa.jpg,ExtSa,PX13a,0
z4k1q.jpg,z4k1q,zAKPq,0
NM3tH.jpg,NM3tH,nM3tT,0
3o7CJ.jpg,3o7CJ,3b7kH,0
9Se24.jpg,9Se24,ySr24,0
529AX.jpg,529AX,c29AY,0
Qw6W1.jpg,Qw6W1,CZ5WI,0
vY60s.jpg,vY60s,vT603,0
0L3N2.jpg,0L3N2,0LTM2,0
nV8AY.jpg,nV8AY,nvz0Y,0
FcW47.jpg,FcW47,BcK47,0
8r4N2.jpg,8r4N2,8r4N2,1
hM4yD.jpg,hM4yD,iM4Y0,0
L1mym.jpg,L1mym,8imy6,0
goj8v.jpg,goj8v,gQi8v,0
0H861.jpg,0H861,0H864,0
xg4r9.jpg,xg4r9,XB4r9,0
gQbEH.jpg,gQbEH,G2btH,0
wkj1G.jpg,wkj1G,WKj15,0
sZe84.jpg,sZe84,sZO84,0
5RS07.jpg,5RS07,kmS07,0
Xo2LK.jpg,Xo2LK,402LH,0
mNrjg.jpg,mNrjg,m4rj9,0
9u6OY.jpg,9u6OY,9u6OY,1
8g6S3.jpg,8g6S3,8ghX3,0
1T4HQ.jpg,1T4HQ,1m4HQ,0
TVMS8.jpg,TVMS8,7vMs8,0
517sH.jpg,517sH,5j7sW,0
52pf0.jpg,52pf0,52pf0,1
8v3w2.jpg,8v3w2,8zjm2,0
49c0D.jpg,49c0D,19cuB,0
uvj86.jpg,uvj86,hVj36,0
2M4FD.jpg,2M4FD,2M4FC,0
mDn16.jpg,mDn16,mDa16,0
Yh7I9.jpg,Yh7I9,wb7f0,0
3H98l.jpg,3H98l,aK9v1,0
NAlW2.jpg,NAlW2,NAIV2,0
aIWLS.jpg,aIWLS,afWLS,0
5opB7.jpg,5opB7,5cp87,0
6mY71.jpg,6mY71,5mMZt,0
0bTFI.jpg,0bTFI,0BWrI,0
CG1SR.jpg,CG1SR,0m1SK,0
O4V0e.jpg,O4V0e,j4T0c,0
cCV3I.jpg,cCV3I,eQVAI,0
4Yp6n.jpg,4Yp6n,4TP5m,0
4J8Zb.jpg,4J8Zb,4T8Zb,0
j0u08.jpg,j0u08,jWuC8,0
ze6Zg.jpg,ze6Zg,xe62H,0
dR4x1.jpg,dR4x1,0B4xI,0
I220I.jpg,I220I,TRx0n,0
K2Onb.jpg,K2Onb,H2Opv,0
rPgQ6.jpg,rPgQ6,zYAd6,0
A6tUO.jpg,A6tUO,A51U0,0
5h7IL.jpg,5h7IL,5h7IL,1
ceU14.jpg,ceU14,yeU14,0
z32dC.jpg,z32dC,r32dC,0
U03O1.jpg,U03O1,U03r1,0
9z591.jpg,9z591,925m1,0
eobsv.jpg,eobsv,eIbxV,0
IZbl2.jpg,IZbl2,fZuD3,0
gqB38.jpg,gqB38,gwD26,0
1RYjp.jpg,1RYjp,1KYLo,0
uOU15.jpg,uOU15,aCU15,0
yFiL1.jpg,yFiL1,wFzL1,0
8DONe.jpg,8DONe,8VONt,0
83sD8.jpg,83sD8,b3uD9,0
oyyNL.jpg,oyyNL,0TyNE,0
crFYF.jpg,crFYF,urBWj,0
01dED.jpg,01dED,01dEp,0
i5La5.jpg,i5La5,rYLa5,0
flD22.jpg,flD22,C1Dv2,0
1j0v3.jpg,1j0v3,1P0v3,0
X2E2W.jpg,X2E2W,xjEpW,0
c55qk.jpg,c55qk,cR3qh,0
p6f26.jpg,p6f26,pQfZ6,0
PjIuf.jpg,PjIuf,PjIuf,1
qM5q6.jpg,qM5q6,aM3y6,0
KlHrh.jpg,KlHrh,Kl8rh,0
E3J1Z.jpg,E3J1Z,CoJ1z,0
j16Kw.jpg,j16Kw,j15Hm,0
CpiP5.jpg,CpiP5,Cp1W5,0
D1evL.jpg,D1evL,D16Vk,0
LGncF.jpg,LGncF,Y69zF,0
S8yc4.jpg,S8yc4,3K7i4,0
1Kdxz.jpg,1Kdxz,jHd3Z,0
FB4l4.jpg,FB4l4,F84VQ,0
RLUH8.jpg,RLUH8,RjY93,0
7Cl7H.jpg,7Cl7H,x0l2H,0
oQZl4.jpg,oQZl4,cQ2I4,0
63L40.jpg,63L40,62I4v,0
Wu564.jpg,Wu564,Va5t4,0
68QT5.jpg,68QT5,n8O15,0
051Ld.jpg,051Ld,057Ld,0
RmHA9.jpg,RmHA9,Kn1J9,0
96eXD.jpg,96eXD,96zKD,0
dDXxJ.jpg,dDXxJ,djAxt,0
8L59Q.jpg,8L59Q,8Iw9Q,0
j26W5.jpg,j26W5,i26W5,0
8ncFu.jpg,8ncFu,8mcFV,0
600BN.jpg,600BN,5d43A,0
yk9xr.jpg,yk9xr,Yb0xr,0
uVfz8.jpg,uVfz8,nVfz8,0
x0J8I.jpg,x0J8I,xcO81,0
2Kyev.jpg,2Kyev,2KjeV,0
djVUP.jpg,djVUP,drVLR,0
ApH36.jpg,ApH36,4pH36,0
80H9C.jpg,80H9C,8u19C,0
7V50T.jpg,7V50T,7MsOT,0
P88Cf.jpg,P88Cf,P8cQf,0
Mu25f.jpg,Mu25f,Mq34f,0
V3y4e.jpg,V3y4e,U2L4c,0
CwLm2.jpg,CwLm2,CW1r2,0
9nQc4.jpg,9nQc4,9nCs4,0
iDzBM.jpg,iDzBM,iT2bA,0
n3384.jpg,n3384,mx9E4,0
2YY6j.jpg,2YY6j,2Tn0i,0
JW6IK.jpg,JW6IK,3V6lK,0
l9yZK.jpg,l9yZK,i9y7K,0
3hWAY.jpg,3hWAY,3bWAY,0
99ZgX.jpg,99ZgX,5BLgK,0
h57Mv.jpg,h57Mv,bS7Kv,0
Q7LZg.jpg,Q7LZg,APlzg,0
Bx8tr.jpg,Bx8tr,DX81r,0
A2Cgt.jpg,A2Cgt,M2C9l,0
Y6Rmd.jpg,Y6Rmd,Y62md,0
RbGxx.jpg,RbGxx,FbCxt,0
FSTV3.jpg,FSTV3,rSnv3,0
t3XZa.jpg,t3XZa,t3KZe,0
c2046.jpg,c2046,t3046,0
V1fc1.jpg,V1fc1,Vfkc1,0
030zH.jpg,030zH,D36ZH,0
S0D25.jpg,S0D25,80Dw5,0
lwf0a.jpg,lwf0a,lMr0a,0
HA0L6.jpg,HA0L6,H30LS,0
02qmM.jpg,02qmM,02gmM,0
6mltY.jpg,6mltY,5m2tK,0
b69LS.jpg,b69LS,m69I3,0
53XXw.jpg,53XXw,E3pXg,0
l23Md.jpg,l23Md,I23Wd,0
06JDf.jpg,06JDf,06JBf,0
W37wZ.jpg,W37wZ,WSTxZ,0
sels9.jpg,sels9,scIh9,0
7GnI4.jpg,7GnI4,7Gni4,0
xCsH0.jpg,xCsH0,xC5H7,0
US2DO.jpg,US2DO,H52DQ,0
01QRB.jpg,01QRB,u1QxB,0
9bbWn.jpg,9bbWn,3L04r,0
78SxG.jpg,78SxG,78oxC,0
cN6Z6.jpg,cN6Z6,cH02S,0
0wjfD.jpg,0wjfD,0w3fD,0
H8B0U.jpg,H8B0U,H3B0t,0
jpFmE.jpg,jpFmE,jp5mC,0
1qyx9.jpg,1qyx9,1qWx9,0
TXAKA.jpg,TXAKA,TKecA,0
4j4aR.jpg,4j4aR,JC6xR,0
C15Cj.jpg,C15Cj,C15wn,0
4TgQE.jpg,4TgQE,4730B,0
7d5mT.jpg,7d5mT,jd5mT,0
0R535.jpg,0R535,0P53y,0
LA3Ky.jpg,LA3Ky,I4SKy,0
SH5M1.jpg,SH5M1,PH5Mi,0
rQ8aR.jpg,rQ8aR,1C9aK,0
6cLWg.jpg,6cLWg,6cIWg,0
V8Xjw.jpg,V8Xjw,D6X1v,0
yFY2w.jpg,yFY2w,YEh2m,0
9Y9Jl.jpg,9Y9Jl,9W8Jt,0
Z05pz.jpg,Z05pz,205mx,0
4S55C.jpg,4S55C,4Sm5C,0
iTuCt.jpg,iTuCt,2TuQt,0
N7X5N.jpg,N7X5N,Q7x5X,0
u5rJC.jpg,u5rJC,u5rJC,1
aJrC5.jpg,aJrC5,AJnC5,0
Y4j2K.jpg,Y4j2K,V4j2K,0
rlB21.jpg,rlB21,eiB21,0
2nAbK.jpg,2nAbK,2qAbH,0
mU0v4.jpg,mU0v4,mUGv4,0
NE5f8.jpg,NE5f8,MC5f8,0
43Myy.jpg,43Myy,45Mvj,0
jPXFf.jpg,jPXFf,j2M5t,0
7EQe6.jpg,7EQe6,7FOa6,0
IK0hL.jpg,IK0hL,TK0hL,0
jm23X.jpg,jm23X,jm23X,1
wa81J.jpg,wa81J,Ma51J,0
01j2H.jpg,01j2H,01r2H,0
7bMVN.jpg,7bMVN,3bmVx,0
16oC5.jpg,16oC5,16aC5,0
GgWIV.jpg,GgWIV,6aKiv,0
0Oqjf.jpg,0Oqjf,0CqjP,0
i4F11.jpg,i4F11,v4gs1,0
374W9.jpg,374W9,374U9,0
FDgHF.jpg,FDgHF,SOyHr,0
aI2RT.jpg,aI2RT,uHZXT,0
s87nN.jpg,s87nN,v27nM,0
aiKQi.jpg,aiKQi,27HC1,0
MU7qW.jpg,MU7qW,At7gW,0
4TrJw.jpg,4TrJw,4TrJW,0
hddJp.jpg,hddJp,bdwTp,0
j6394.jpg,j6394,jAs9u,0
I85gM.jpg,I85gM,185gM,0
xSyol.jpg,xSyol,x3H0I,0
c4v2C.jpg,c4v2C,cAV2L,0
5c4o1.jpg,5c4o1,5CMa1,0
l263l.jpg,l263l,H26Sm,0
MoJ2W.jpg,MoJ2W,1cJ2W,0
Sf0F7.jpg,Sf0F7,8L0FY,0
wCpPL.jpg,wCpPL,mCsP1,0
26lBE.jpg,26lBE,26Idm,0
R0z7Y.jpg,R0z7Y,R0a7L,0
gR0R6.jpg,gR0R6,aB2Tr,0
sVDQq.jpg,sVDQq,3VLCq,0
eD475.jpg,eD475,em475,0
7KVtJ.jpg,7KVtJ,7KUtS,0
5W087.jpg,5W087,5HO87,0
rZleo.jpg,rZleo,r2VQo,0
W6FlD.jpg,W6FlD,W6E10,0
035Qk.jpg,035Qk,0J5Qk,0
5NMQO.jpg,5NMQO,3NwQo,0
3QCo5.jpg,3QCo5,3WCoh,0
P79CK.jpg,P79CK,F79CK,0
zd2G7.jpg,zd2G7,xd2GT,0
tLw6z.jpg,tLw6z,TLM52,0
19IJG.jpg,19IJG,zw4hG,0
5B7La.jpg,5B7La,5B7i0,0
zrUWJ.jpg,zrUWJ,2rUKJ,0
UMonN.jpg,UMonN,LM0nF,0
8eNLR.jpg,8eNLR,3aMIR,0
WsM6e.jpg,WsM6e,Wx76q,0
lfQk7.jpg,lfQk7,180E7,0
Q6A5p.jpg,Q6A5p,C6A3i,0
dqfl4.jpg,dqfl4,RqPl6,0
3eYFm.jpg,3eYFm,2eUFm,0
d0ogq.jpg,d0ogq,dVoFq,0
l516O.jpg,l516O,P51cQ,0
9x4Q5.jpg,9x4Q5,9xAU5,0
1K4K5.jpg,1K4K5,1wzZ3,0
eRH13.jpg,eRH13,cPH12,0
Q1MW7.jpg,Q1MW7,0t8H7,0
Im11e.jpg,Im11e,Fm2ye,0
z399h.jpg,z399h,Z370K,0
EBPKF.jpg,EBPKF,C0PKf,0
4I3or.jpg,4I3or,4I3ow,0
5Bw5M.jpg,5Bw5M,5Pa1M,0
raRID.jpg,raRID,raK4D,0
z3bWz.jpg,z3bWz,Z8bWc,0
l3lGX.jpg,l3lGX,13rGK,0
84jSL.jpg,84jSL,84jSr,0
H257Y.jpg,H257Y,Qp5zY,0
4Xxip.jpg,4Xxip,4QxjP,0
195wo.jpg,195wo,19Sxe,0
3R62r.jpg,3R62r,uT62r,0
49dYf.jpg,49dYf,A9GVF,0
pM082.jpg,pM082,vH082,0
tKG3C.jpg,tKG3C,tH63C,0
WNwHd.jpg,WNwHd,ZjwRd,0
5rQei.jpg,5rQei,3EQvj,0
7WJBS.jpg,7WJBS,7MiBs,0
c41N3.jpg,c41N3,c41M2,0
jrL86.jpg,jrL86,JrLP5,0
8vS5C.jpg,8vS5C,8M15C,0
jDgfc.jpg,jDgfc,jDgfb,0
74B94.jpg,74B94,71B9n,0
o6B55.jpg,o6B55,a6iD5,0
LF88P.jpg,LF88P,LHw8P,0
0869v.jpg,0869v,6jE3v,0
fQRaX.jpg,fQRaX,I0B3M,0
bB29g.jpg,bB29g,mBI9a,0
eCfpI.jpg,eCfpI,eGrn1,0
282jK.jpg,282jK,P6ziH,0
c2Wqs.jpg,c2Wqs,c2Mqs,0
0ZFVl.jpg,0ZFVl,025Vj,0
217UV.jpg,217UV,2A7dv,0
lrr70.jpg,lrr70,lrw70,0
77LRM.jpg,77LRM,2TLQw,0
092Fe.jpg,092Fe,U92Tw,0
S7v7X.jpg,S7v7X,57vpX,0
d8Iu7.jpg,d8Iu7,0SLw7,0
f9l20.jpg,f9l20,f81Z0,0
W8AFS.jpg,W8AFS,v8AI5,0
94tmK.jpg,94tmK,94tmH,0
XwLE2.jpg,XwLE2,Kw1E2,0
6y8gE.jpg,6y8gE,5W0nZ,0
e25Ma.jpg,e25Ma,e25Ha,0
2jv2r.jpg,2jv2r,Qjw2r,0
OuVPR.jpg,OuVPR,CuYp3,0
8NduE.jpg,8NduE,6MJuE,0
pjPlq.jpg,pjPlq,prw1G,0
jBZ5O.jpg,jBZ5O,j6Z5D,0
0UBqv.jpg,0UBqv,0LBg7,0
3tR42.jpg,3tR42,SrK42,0
5x35I.jpg,5x35I,5w3El,0
5xMe8.jpg,5xMe8,5xUc8,0
3kyk9.jpg,3kyk9,3smk9,0
fFdli.jpg,fFdli,fRdbv,0
Y522r.jpg,Y522r,V52ar,0
VxPcd.jpg,VxPcd,MxPcd,0
uLwv4.jpg,uLwv4,uj3Y4,0
JpD8l.jpg,JpD8l,TgD8t,0
7lotv.jpg,7lotv,7HotW,0
A6Ou9.jpg,A6Ou9,Aj0uS,0
46k5m.jpg,46k5m,46k7m,0
cLwI6.jpg,cLwI6,C3WI5,0
8871L.jpg,8871L,Sn7jL,0
55KF8.jpg,55KF8,D4Kf6,0
T69kW.jpg,T69kW,I6gkW,0
2p2Jz.jpg,2p2Jz,7pOHz,0
iX3VW.jpg,iX3VW,rX36h,0
07573.jpg,07573,0zkY3,0
0lDvJ.jpg,0lDvJ,0fRs7,0
s5NH6.jpg,s5NH6,x5jH0,0
SVAcG.jpg,SVAcG,3VAzG,0
yJ6Yq.jpg,yJ6Yq,xJ5Yq,0
E8kTB.jpg,E8kTB,F0xYS,0
7LD3D.jpg,7LD3D,7LQ3D,0
dvqAv.jpg,dvqAv,Jzq2V,0
37d0Y.jpg,37d0Y,37g0K,0
8rQhr.jpg,8rQhr,6nCXf,0
1HtWS.jpg,1HtWS,1HCw8,0
0vU8D.jpg,0vU8D,0vU3D,0
2Z7HW.jpg,2Z7HW,2StHq,0
9uvWz.jpg,9uvWz,AdrW2,0
8lwN5.jpg,8lwN5,81vA5,0
rN1K1.jpg,rN1K1,cN9GT,0
9UXZ3.jpg,9UXZ3,9UAz3,0
0S3au.jpg,0S3au,697aU,0
m9yvM.jpg,m9yvM,m9jvH,0
2S0LU.jpg,2S0LU,2SniQ,0
KQrLC.jpg,KQrLC,HQrL9,0
3qD23.jpg,3qD23,BnW28,0
c7Z6k.jpg,c7Z6k,0TZ6K,0
rze4e.jpg,rze4e,rLxAe,0
OwpqB.jpg,OwpqB,0Mpq5,0
lBort.jpg,lBort,1B9xt,0
smaF1.jpg,smaF1,3WaEU,0
vkazR.jpg,vkazR,vbnzW,0
VVYj1.jpg,VVYj1,m9Kp1,0
4F0Av.jpg,4F0Av,ZE0AV,0
3YY8S.jpg,3YY8S,3Yi8S,0
X1kc7.jpg,X1kc7,X1h07,0
lQg06.jpg,lQg06,1xgO6,0
iH5s9.jpg,iH5s9,iHax9,0
vf4PE.jpg,vf4PE,Vf4jB,0
2pREQ.jpg,2pREQ,2pREO,0
67UD1.jpg,67UD1,67UD1,1
zo5bU.jpg,zo5bU,zc3bV,0
6p03X.jpg,6p03X,6p9mX,0
ljh39.jpg,ljh39,rjh29,0
1cx9A.jpg,1cx9A,JCxWK,0
mMt9f.jpg,mMt9f,nAt5F,0
eDk5K.jpg,eDk5K,aDh5X,0
BU5n8.jpg,BU5n8,KC5n3,0
yJe4f.jpg,yJe4f,yJe4f,1
Qbw77.jpg,Qbw77,Obm9i,0
c83Um.jpg,c83Um,eB3Uj,0
9g5lv.jpg,9g5lv,9pbIV,0
Hw6AE.jpg,Hw6AE,HW57E,0
SPmDx.jpg,SPmDx,SFmOx,0
6hl7d.jpg,6hl7d,5ni7a,0
jenqk.jpg,jenqk,jemqK,0
RAZ03.jpg,RAZ03,K4f02,0
2yhX6.jpg,2yhX6,2yhK6,0
9IwXP.jpg,9IwXP,91CKP,0
UUitp.jpg,UUitp,TGxt2,0
P67r3.jpg,P67r3,P6Zr3,0
Z1rQ5.jpg,Z1rQ5,Z1r03,0
QzNVl.jpg,QzNVl,CzNvI,0
qQzK6.jpg,qQzK6,9OzK6,0
4v5U3.jpg,4v5U3,4v5T3,0
rNy1N.jpg,rNy1N,c0g1N,0
JUfZ6.jpg,JUfZ6,JwrZ6,0
qvSA5.jpg,qvSA5,0VTA5,0
1ogc7.jpg,1ogc7,UOgx7,0
2dpiq.jpg,2dpiq,2Wptg,0
m6075.jpg,m6075,mk075,0
65K5E.jpg,65K5E,03HFC,0
88Onu.jpg,88Onu,280nI,0
so3Zv.jpg,so3Zv,ip3LV,0
OnB0l.jpg,OnB0l,QxB2I,0
sOO1y.jpg,sOO1y,3Ad1y,0
ed2aB.jpg,ed2aB,cW2aB,0
jMqcN.jpg,jMqcN,7wqCM,0
reX71.jpg,reX71,reK71,0
49GEj.jpg,49GEj,496zi,0
0e5ur.jpg,0e5ur,NQ3UI,0
ti5Uv.jpg,ti5Uv,mi5Uv,0
1fpbS.jpg,1fpbS,1fmbS,0
P0MR6.jpg,P0MR6,P0Mz5,0
2hjz1.jpg,2hjz1,2b0r1,0
R8O13.jpg,R8O13,F801z,0
3BqJn.jpg,3BqJn,3BgUn,0
0fRBC.jpg,0fRBC,2kmBC,0
N7U09.jpg,N7U09,K7Uo5,0
8w4t1.jpg,8w4t1,8m4tT,0
YHc5V.jpg,YHc5V,THC2V,0
Bgk8i.jpg,Bgk8i,RyX81,0
86jP3.jpg,86jP3,M6ID3,0
N6820.jpg,N6820,M5ey0,0
csT64.jpg,csT64,g3T64,0
9XYm2.jpg,9XYm2,9xYm2,0
7MST9.jpg,7MST9,2ASi0,0
XZZQD.jpg,XZZQD,K4LOh,0
v3dLX.jpg,v3dLX,vCdlX,0
7cdUt.jpg,7cdUt,7odWt,0
6jCKj.jpg,6jCKj,5DZXj,0
2PVp5.jpg,2PVp5,ZPVa5,0
8HMlx.jpg,8HMlx,BCMlx,0
n2Ou3.jpg,n2Ou3,n2Cu3,0
l3Awo.jpg,l3Awo,F3Xwo,0
NF4j6.jpg,NF4j6,ME4j5,0
z74BV.jpg,z74BV,s74BV,0
tX7U8.jpg,tX7U8,tK7U3,0
Gyl90.jpg,Gyl90,Cv18b,0
Vc3Y6.jpg,Vc3Y6,MrA15,0
SrKgW.jpg,SrKgW,3rKpV,0
UCKUr.jpg,UCKUr,JCH9r,0
HLFom.jpg,HLFom,ALF0x,0
4tqa3.jpg,4tqa3,4TGa3,0
Ey6Bg.jpg,Ey6Bg,kv6Pa,0
S70c4.jpg,S70c4,3T0c4,0
Eh3d8.jpg,Eh3d8,EbXd8,0
8bA0P.jpg,8bA0P,3bWUP,0
t6olz.jpg,t6olz,4Koix,0
1WLjS.jpg,1WLjS,1WEj3,0
R862x.jpg,R862x,RU6jx,0
ob1s1.jpg,ob1s1,0Khsr,0
wSGW6.jpg,wSGW6,m3QY6,0
bUE23.jpg,bUE23,bmE2T,0
9Q2S7.jpg,9Q2S7,9C2E1,0
7d3zL.jpg,7d3zL,7w3zL,0
3Jk20.jpg,3Jk20,3TK20,0
1Wyq7.jpg,1Wyq7,D8vq7,0
7m8hy.jpg,7m8hy,7m8by,0
LrvU6.jpg,LrvU6,Lrv36,0
5Z4in.jpg,5Z4in,52Win,0
x3U1O.jpg,x3U1O,K3L1O,0
5dL1s.jpg,5dL1s,5Qf1x,0
NqENK.jpg,NqENK,YcI6K,0
iPd15.jpg,iPd15,vPa45,0
5N76e.jpg,5N76e,5A16a,0
42AHu.jpg,42AHu,4rAHu,0
PzIfU.jpg,PzIfU,B2lf0,0
E1V44.jpg,E1V44,E1va9,0
9KDn0.jpg,9KDn0,9KB4C,0
kIx4R.jpg,kIx4R,bfz4B,0
n99Pi.jpg,n99Pi,u6VPj,0
1W51u.jpg,1W51u,1M5fu,0
eoJIF.jpg,eoJIF,e23lE,0
TDLdQ.jpg,TDLdQ,7Dk8Q,0
53IC7.jpg,53IC7,53fC7,0
5eoeV.jpg,5eoeV,5LozV,0
i23ux.jpg,i23ux,jZ3ux,0
5J5eH.jpg,5J5eH,SJnCH,0
AXq4B.jpg,AXq4B,tXc4B,0
VF2so.jpg,VF2so,ME2s0,0
kp74g.jpg,kp74g,KD74g,0
QP9h4.jpg,QP9h4,QDSb4,0
r53J9.jpg,r53J9,r5aJ9,0
U3IxG.jpg,U3IxG,U3IX6,0
266Pd.jpg,266Pd,2C4Td,0
H4I9Q.jpg,H4I9Q,H4r3C,0
3osBo.jpg,3osBo,7msBd,0
3j2kh.jpg,3j2kh,3jZKh,0
8Lh5G.jpg,8Lh5G,8LH5C,0
S7Ey1.jpg,S7Ey1,37ku1,0
sYXSe.jpg,sYXSe,zWX80,0
2qkUa.jpg,2qkUa,20kYa,0
jmody.jpg,jmody,1Rody,0
sGrc5.jpg,sGrc5,AGre5,0
ibMHb.jpg,ibMHb,ibMk3,0
c28T5.jpg,c28T5,C28T5,0
L15I1.jpg,L15I1,Cm3T1,0
XSXf5.jpg,XSXf5,Y9xf5,0
XOVOF.jpg,XOVOF,xGVDE,0
nbv8Z.jpg,nbv8Z,nbV37,0
m3a7w.jpg,m3a7w,m3q7v,0
GOwN7.jpg,GOwN7,6DvN7,0
1Ap8i.jpg,1Ap8i,TAp8i,0
2X9fa.jpg,2X9fa,2K9fu,0
pDh03.jpg,pDh03,pDNw3,0
PR8Vd.jpg,PR8Vd,FR8Md,0
BcWOH.jpg,BcWOH,2Cm0H,0
9hsSl.jpg,9hsSl,9mc3f,0
WVT51.jpg,WVT51,WUP51,0
4VGh4.jpg,4VGh4,fUEh4,0
tlOD6.jpg,tlOD6,tjQpg,0
wF5L8.jpg,wF5L8,mP5LR,0
QjzcP.jpg,QjzcP,0ixSP,0
npo16.jpg,npo16,QP075,0
ha3Kf.jpg,ha3Kf,bo2Hf,0
BS883.jpg,BS883,EC8g1,0
88qH0.jpg,88qH0,2fyH0,0
tiIFb.jpg,tiIFb,t3VFM,0
P4djk.jpg,P4djk,D4ujK,0
7knrH.jpg,7knrH,7s0cH,0
pMzYE.jpg,pMzYE,nAzJE,0
OKfrf.jpg,OKfrf,0KJvf,0
R1JV5.jpg,R1JV5,R1JV5,1
szF1y.jpg,szF1y,6zEhQ,0
r88dg.jpg,r88dg,W85Jz,0
pgtK8.jpg,pgtK8,DgtK3,0
dKsbB.jpg,dKsbB,dKSbP,0
UQY7n.jpg,UQY7n,UQY2n,0
ta6zh.jpg,ta6zh,ta6zh,1
JHepl.jpg,JHepl,JHepx,0
1C12k.jpg,1C12k,yCT2K,0
xcg9J.jpg,xcg9J,x6Z9I,0
5s4d3.jpg,5s4d3,5v4Q3,0
iO8AY.jpg,iO8AY,i09AT,0
nzXZ7.jpg,nzXZ7,0zXBT,0
gd6F1.jpg,gd6F1,gd671,0
0mjGs.jpg,0mjGs,0Mj4s,0
kLwJj.jpg,kLwJj,kYw4c,0
Bvy3J.jpg,Bvy3J,BvXsj,0
e8o9k.jpg,e8o9k,e8D9k,0
l6KON.jpg,l6KON,i5K0A,0
LCJQc.jpg,LCJQc,Lw30c,0
rl845.jpg,rl845,rV645,0
NGPO2.jpg,NGPO2,AGPt2,0
t2vp3.jpg,t2vp3,fZwp3,0
cP155.jpg,cP155,cP1a5,0
oqyp8.jpg,oqyp8,oqyr8,0
K8u55.jpg,K8u55,M8u4r,0
5l3M2.jpg,5l3M2,bi3M2,0
4gw4w.jpg,4gw4w,4gkTw,0
YJGaO.jpg,YJGaO,WJGa0,0
IIEsh.jpg,IIEsh,7JHsn,0
Y6C55.jpg,Y6C55,76O5n,0
YIu46.jpg,YIu46,Yim45,0
tgE3A.jpg,tgE3A,tgF3A,0
EfFJK.jpg,EfFJK,Cj5JX,0
93w06.jpg,93w06,92wQ6,0
yq78D.jpg,yq78D,vm78D,0
V047z.jpg,V047z,V04Tz,0
gxAXM.jpg,gxAXM,grAXM,0
V6lz1.jpg,V6lz1,V6hZ1,0
W4M2F.jpg,W4M2F,v4M2F,0
7DM1V.jpg,7DM1V,7DbhV,0
64z24.jpg,64z24,64z2j,0
zDcpg.jpg,zDcpg,3Dcwq,0
586UR.jpg,586UR,53fUB,0
NA6Ip.jpg,NA6Ip,hd53u,0
s8x3r.jpg,s8x3r,Q6x3m,0
10cG1.jpg,10cG1,kMsCJ,0
CDGel.jpg,CDGel,ZAGa1,0
57nn2.jpg,57nn2,SYjy2,0
zAPjL.jpg,zAPjL,zAPjL,1
1b9BM.jpg,1b9BM,1n9Bx,0
98Zwj.jpg,98Zwj,98Zwj,1
wXCtA.jpg,wXCtA,WKClA,0
8p6V2.jpg,8p6V2,9p6V2,0
X9nv6.jpg,X9nv6,M9nv6,0
TH3QG.jpg,TH3QG,THsO6,0
2y1as.jpg,2y1as,2yTaS,0
m5Rr8.jpg,m5Rr8,m5Rr4,0
N86r0.jpg,N86r0,H3Ei0,0
6kwP1.jpg,6kwP1,9KwP1,0
JBExQ.jpg,JBExQ,J8LXC,0
y4eCg.jpg,y4eCg,Y4eCg,0
PK0HU.jpg,PK0HU,FA0HL,0
4N7L2.jpg,4N7L2,4MjL2,0
tQpF7.jpg,tQpF7,tOnF7,0
tt81t.jpg,tt81t,kQ81m,0
q082d.jpg,q082d,g08ZU,0
r8Mf2.jpg,r8Mf2,n9Hf2,0
9M0Vj.jpg,9M0Vj,9AEYj,0
sm2Gy.jpg,sm2Gy,sm2G9,0
WEEnd.jpg,WEEnd,WCsnd,0
0mjqi.jpg,0mjqi,0m3gi,0
2cL6v.jpg,2cL6v,2cL6H,0
NkS2Q.jpg,NkS2Q,NkS7O,0
m3DIH.jpg,m3DIH,m3DFH,0
2y175.jpg,2y175,2gt76,0
zusnp.jpg,zusnp,7USAb,0
5qBz9.jpg,5qBz9,5mPz9,0
4up54.jpg,4up54,jur5A,0
9Ozn0.jpg,9Ozn0,9Qzk6,0
bx5H0.jpg,bx5H0,bX5H0,0
00v0N.jpg,00v0N,o9v2K,0
i81DE.jpg,i81DE,iahDE,0
i7L7v.jpg,i7L7v,szbMo,0
58SfS.jpg,58SfS,wAxfg,0
T5q72.jpg,T5q72,T5a72,0
Jc3Oy.jpg,Jc3Oy,Jc2OV,0
vRtQD.jpg,vRtQD,vHtGp,0
tp1SL.jpg,tp1SL,MPTSL,0
n2CX9.jpg,n2CX9,h2CK9,0
7UdWX.jpg,7UdWX,7OpWX,0
0rjIG.jpg,0rjIG,0r3lG,0
SH39n.jpg,SH39n,jH30n,0
wPB49.jpg,wPB49,wIBA9,0
ZQQ0M.jpg,ZQQ0M,2DGsH,0
8VId6.jpg,8VId6,3VId5,0
Ta8N4.jpg,Ta8N4,Tc8m4,0
M5Ijh.jpg,M5Ijh,w5ziH,0
hyay9.jpg,hyay9,bUay3,0
WwLoi.jpg,WwLoi,HxL9j,0
J33x6.jpg,J33x6,J27x6,0
oFj67.jpg,oFj67,oFj67,1
7v6Wo.jpg,7v6Wo,7yEWp,0
o053K.jpg,o053K,eU53K,0
0x636.jpg,0x636,0Kl26,0
2DU4b.jpg,2DU4b,2mU4b,0
EP6u4.jpg,EP6u4,EPzw4,0
2w1n8.jpg,2w1n8,2W1r8,0
9k167.jpg,9k167,0k1a7,0
A25ne.jpg,A25ne,A25uC,0
ca1AV.jpg,ca1AV,c21AU,0
nsCwj.jpg,nsCwj,psCWj,0
R4R2O.jpg,R4R2O,R4s20,0
YsQ85.jpg,YsQ85,luO85,0
6V1ku.jpg,6V1ku,691ku,0
T8Vuh.jpg,T8Vuh,T8Vqh,0
w9q3L.jpg,w9q3L,wPq3E,0
dJnQm.jpg,dJnQm,gJsOm,0
zoyNh.jpg,zoyNh,zowMh,0
w36rA.jpg,w36rA,VJ5rA,0
H35K4.jpg,H35K4,N35K4,0
Fs9J4.jpg,Fs9J4,Ex9Y4,0
8O8Mi.jpg,8O8Mi,805A1,0
9w13h.jpg,9w13h,CW13b,0
479V8.jpg,479V8,h7qMB,0
meLOp.jpg,meLOp,WsI0B,0
x7U8d.jpg,x7U8d,x7UBd,0
247LX.jpg,247LX,247IK,0
p7437.jpg,p7437,pO45Y,0
5X74I.jpg,5X74I,5x74t,0
WAwCn.jpg,WAwCn,W2vCn,0
V19c1.jpg,V19c1,M19zA,0
b1XE0.jpg,b1XE0,b1AE0,0
3N0Vs.jpg,3N0Vs,2M0vS,0
cC997.jpg,cC997,cOh91,0
7c3mL.jpg,7c3mL,7e3mL,0
gr1Ci.jpg,gr1Ci,9r1Ck,0
ACc4p.jpg,ACc4p,AYc3m,0
uLqo0.jpg,uLqo0,wL7o0,0
93g8w.jpg,93g8w,93p8M,0
wW7vO.jpg,wW7vO,8A1vC,0
BsJ2K.jpg,BsJ2K,8s12K,0
x95bv.jpg,x95bv,Xj5bW,0
2oC20.jpg,2oC20,A9C1W,0
340qQ.jpg,340qQ,240yQ,0
0Ij5x.jpg,0Ij5x,0l75X,0
4EaJs.jpg,4EaJs,4EaIx,0
Z7cYb.jpg,Z7cYb,ZPCV5,0
g78vO.jpg,g78vO,g78vC,0
y9021.jpg,y9021,v9D21,0
EL4jg.jpg,EL4jg,BL4jg,0
kwlav.jpg,kwlav,zmEay,0
94NGH.jpg,94NGH,3inCK,0
azLN3.jpg,azLN3,ozbH3,0
59bw8.jpg,59bw8,19DM8,0
Ubh4V.jpg,Ubh4V,UpK4T,0
rpt15.jpg,rpt15,rpt75,0
OR7AA.jpg,OR7AA,CK72n,0
K822R.jpg,K822R,K6aZA,0
451za.jpg,451za,Q512u,0
sYzS1.jpg,sYzS1,sVrSA,0
5ez2m.jpg,5ez2m,5ex2m,0
O3RRJ.jpg,O3RRJ,O3rkJ,0
93Pm0.jpg,93Pm0,93Em0,0
ymRWS.jpg,ymRWS,jm3WS,0
uwV89.jpg,uwV89,uwVj9,0
nnWSW.jpg,nnWSW,pbt3W,0
E797d.jpg,E797d,EA9jd,0
fu1yk.jpg,fu1yk,fu39K,0
I7uCl.jpg,I7uCl,T7u6k,0
x7b8i.jpg,x7b8i,K7b3i,0
1KlyW.jpg,1KlyW,1KfeV,0
6Vx96.jpg,6Vx96,8Ur95,0
FElf8.jpg,FElf8,NE1v8,0
W8R0j.jpg,W8R0j,W8K0j,0
LFGXZ.jpg,LFGXZ,LFGK7,0
zrorQ.jpg,zrorQ,Z70rX,0
b163J.jpg,b163J,b163J,1
8V00i.jpg,8V00i,BVOdj,0
a17jb.jpg,a17jb,a17N5,0
Dqr2V.jpg,Dqr2V,Dqr2V,1
Z068N.jpg,Z068N,Z058M,0
WWlMA.jpg,WWlMA,mvIzA,0
jy9Mi.jpg,jy9Mi,Ju9Mr,0
MgD59.jpg,MgD59,MGW59,0
Wdxjb.jpg,Wdxjb,Udxi5,0
7NCZ4.jpg,7NCZ4,THC24,0
9NPki.jpg,9NPki,9NPkr,0
907z4.jpg,907z4,S07x4,0
N9N3D.jpg,N9N3D,M9jzB,0
8z3Yl.jpg,8z3Yl,8m2Yl,0
4D50A.jpg,4D50A,1DS0A,0
mZW4m.jpg,mZW4m,DZWsm,0
5d0a5.jpg,5d0a5,FXCa3,0
y2QOH.jpg,y2QOH,y2n0H,0
J1rQl.jpg,J1rQl,JSaGf,0
p1yf6.jpg,p1yf6,D1yK6,0
8426y.jpg,8426y,Kh26V,0
73v3E.jpg,73v3E,7Vc5E,0
e7Bx1.jpg,e7Bx1,c7Bvl,0
V0xUd.jpg,V0xUd,Y0ZUd,0
EnRem.jpg,EnRem,E7K9m,0
a4zt5.jpg,a4zt5,n42t5,0
4WTTx.jpg,4WTTx,4WrTx,0
EAJsX.jpg,EAJsX,Fn7sX,0
z3mI0.jpg,z3mI0,sXml0,0
otJ0T.jpg,otJ0T,6tJQw,0
9E61s.jpg,9E61s,9E61a,0
u14X4.jpg,u14X4,uDfK4,0
zo780.jpg,zo780,ZoT3U,0
nIUIg.jpg,nIUIg,mJUZg,0
6oBXE.jpg,6oBXE,6oBXk,0
720VI.jpg,720VI,7a0Vt,0
hz80t.jpg,hz80t,Hz80j,0
axmHU.jpg,axmHU,4xmNU,0
eo867.jpg,eo867,en8G1,0
Nzxb3.jpg,Nzxb3,HZX03,0
FddWd.jpg,FddWd,FpCW4,0
muxuv.jpg,muxuv,muX59,0
G2WsF.jpg,G2WsF,C7VsF,0
zLLJw.jpg,zLLJw,z1LJW,0
TocUk.jpg,TocUk,T9cUx,0
p4cV7.jpg,p4cV7,p4cvZ,0
Xy6b5.jpg,Xy6b5,KV6h3,0
FI3E6.jpg,FI3E6,FJvS6,0
1v34u.jpg,1v34u,1V34u,0
IzoQ7.jpg,IzoQ7,IxcK7,0
fPl64.jpg,fPl64,fHY64,0
tlME2.jpg,tlME2,TyMc2,0
Vdc3z.jpg,Vdc3z,Wdchz,0
7cD7t.jpg,7cD7t,NcD4x,0
1741b.jpg,1741b,W7x1b,0
36FX1.jpg,36FX1,a6EKU,0
y5Xdx.jpg,y5Xdx,y5Mdk,0
54gUH.jpg,54gUH,54pUk,0
2JR31.jpg,2JR31,2Jms1,0
zBpZY.jpg,zBpZY,a8nZV,0
0ZPiv.jpg,0ZPiv,0m2IV,0
cqi5o.jpg,cqi5o,CNI5p,0
yvbW7.jpg,yvbW7,gv8A2,0
81awA.jpg,81awA,2IaMA,0
3Pd75.jpg,3Pd75,3Fu75,0
cW4d9.jpg,cW4d9,cA4d2,0
03Ox4.jpg,03Ox4,u3Cr4,0
wkE55.jpg,wkE55,WkC0S,0
iPA73.jpg,iPA73,iP472,0
CqPMV.jpg,CqPMV,CgPMV,0
xYsp0.jpg,xYsp0,x7SP0,0
V2IWU.jpg,V2IWU,G2IM0,0
gkET6.jpg,gkET6,gKPT5,0
R6xP7.jpg,R6xP7,G8xP7,0
2L4tJ.jpg,2L4tJ,2L4KJ,0
g1eRf.jpg,g1eRf,g1wB6,0
kkUIo.jpg,kkUIo,WkU7o,0
XEO3t.jpg,XEO3t,KuO3t,0
Z74vf.jpg,Z74vf,z7s0t,0
idR7z.jpg,idR7z,idR7e,0
8Iul1.jpg,8Iul1,8Zml1,0
9kjYb.jpg,9kjYb,9KJY5,0
5Ah2B.jpg,5Ah2B,54h2B,0
9ko1P.jpg,9ko1P,9Wc1P,0
wwyuj.jpg,wwyuj,W2y8j,0
7hnUt.jpg,7hnUt,7bmUt,0
ejp7s.jpg,ejp7s,cjp73,0
A4685.jpg,A4685,m4Gu5,0
vk2vi.jpg,vk2vi,8E2vj,0
D1xLQ.jpg,D1xLQ,D4XiG,0
KMcp7.jpg,KMcp7,kMcp7,0
EHjS5.jpg,EHjS5,EWjc5,0
zziL6.jpg,zziL6,xfmL0,0
3sAC3.jpg,3sAC3,asAC3,0
nhO29.jpg,nhO29,mLx29,0
COx2W.jpg,COx2W,c0s2V,0
1m46w.jpg,1m46w,1R48w,0
l4AC7.jpg,l4AC7,I4AC3,0
28hOV.jpg,28hOV,28hCM,0
kHnL8.jpg,kHnL8,kTnC3,0
Pk7Ob.jpg,Pk7Ob,PK7Qb,0
77zb9.jpg,77zb9,7K2b9,0
Lc47K.jpg,Lc47K,Lc4jR,0
q0aDp.jpg,q0aDp,y0kDp,0
GalLy.jpg,GalLy,CaFkV,0
u2Ziz.jpg,u2Ziz,uT4jx,0
B21P3.jpg,B21P3,Q21F3,0
D9Yy5.jpg,D9Yy5,mcVa5,0
2TZAa.jpg,2TZAa,5TZAu,0
c0P51.jpg,c0P51,c0PX1,0
4S4Hv.jpg,4S4Hv,251HV,0
KvcYU.jpg,KvcYU,kwc7D,0
2K65x.jpg,2K65x,2H6Sx,0
LVfTi.jpg,LVfTi,LV6Tj,0
Q578F.jpg,Q578F,O578x,0
32zy7.jpg,32zy7,32rwT,0
9oJJ1.jpg,9oJJ1,9cxL7,0
cK4L7.jpg,cK4L7,sK4L7,0
GhuaP.jpg,GhuaP,6HuX2,0
IV9U6.jpg,IV9U6,IW9D6,0
qlr1u.jpg,qlr1u,gIr4u,0
4ipDF.jpg,4ipDF,4jyDF,0
SXl0q.jpg,SXl0q,SKl0g,0
RkZ6q.jpg,RkZ6q,BY7tq,0
02bZ9.jpg,02bZ9,0JhZ5,0
6Kwpe.jpg,6Kwpe,7AwE8,0
bhFy3.jpg,bhFy3,oHEY3,0
l73be.jpg,l73be,L29bc,0
794BV.jpg,794BV,794BM,0
V0M4e.jpg,V0M4e,V0K4E,0
537Qq.jpg,537Qq,531Kd,0
4bZPA.jpg,4bZPA,4oZPA,0
VNsRI.jpg,VNsRI,VNsPI,0
6CXdk.jpg,6CXdk,6P3dk,0
l6goV.jpg,l6goV,I6qoM,0
P4MUu.jpg,P4MUu,P4NUo,0
Cr59c.jpg,Cr59c,CjM0b,0
ln6fu.jpg,ln6fu,Ln6fu,0
JQ8Xn.jpg,JQ8Xn,308Kh,0
d2Sl6.jpg,d2Sl6,d2SI6,0
8hhhv.jpg,8hhhv,8fyh2,0
0RMmk.jpg,0RMmk,OPWul,0
nTq0q.jpg,nTq0q,hFv0q,0
58hR5.jpg,58hR5,58vK4,0
erEM8.jpg,erEM8,erEM3,0
jRXHJ.jpg,jRXHJ,iBMn4,0
P7tfL.jpg,P7tfL,B7txw,0
Mv1Cl.jpg,Mv1Cl,MvzCl,0
5r7pH.jpg,5r7pH,5r7PH,0
YYHs9.jpg,YYHs9,YrHp9,0
7QJfX.jpg,7QJfX,7GJfK,0
P0dCb.jpg,P0dCb,x0RCb,0
iUkZ9.jpg,iUkZ9,iUAZ9,0
a6Y14.jpg,a6Y14,a6W24,0
5G0q5.jpg,5G0q5,4G0wS,0
pwRZf.jpg,pwRZf,pW5Zf,0
eV0g4.jpg,eV0g4,cMDj4,0
8OFD2.jpg,8OFD2,80tD2,0
2TOXl.jpg,2TOXl,250Y1,0
GbLpz.jpg,GbLpz,T6LPz,0
37g97.jpg,37g97,2Zm9l,0
Mo0BA.jpg,Mo0BA,Ks6B7,0
mG4gM.jpg,mG4gM,rC1dH,0
Qg1wG.jpg,Qg1wG,P91v6,0
CcG36.jpg,CcG36,Cy026,0
kNhqT.jpg,kNhqT,kAjgT,0
0SNnz.jpg,0SNnz,0SMn2,0
a7j7c.jpg,a7j7c,aAjYc,0
l1US9.jpg,l1US9,rTWSp,0
f71I5.jpg,f71I5,r7XL5,0
4lxH6.jpg,4lxH6,4Ix76,0
Pd6U7.jpg,Pd6U7,Pa5U7,0
IxPrL.jpg,IxPrL,Ta9ri,0
Q1294.jpg,Q1294,C1294,0
F1Y61.jpg,F1Y61,5My61,0
QU12v.jpg,QU12v,Qb12v,0
U645Q.jpg,U645Q,U675Q,0
J19w5.jpg,J19w5,J19w5,1
9JiA8.jpg,9JiA8,qJF48,0
6w9ab.jpg,6w9ab,6M9ap,0
u7pJF.jpg,u7pJF,v7pJE,0
uN7z4.jpg,uN7z4,wN7C4,0
35SEo.jpg,35SEo,35SE0,0
08736.jpg,08736,0xT36,0
NRWNm.jpg,NRWNm,wB49n,0
PJVO8.jpg,PJVO8,PJWG8,0
XwoZF.jpg,XwoZF,xwcZF,0
EiiKo.jpg,EiiKo,EjLH0,0
4GK3W.jpg,4GK3W,46K3v,0
qFpuT.jpg,qFpuT,gEpwT,0
qkly8.jpg,qkly8,ckfy8,0
Jjo3Q.jpg,Jjo3Q,JfgxC,0
tZ4dB.jpg,tZ4dB,r24dB,0
428iB.jpg,428iB,4ZwiB,0
0Zu80.jpg,0Zu80,G2w39,0
I5sy5.jpg,I5sy5,7K3V5,0
Ompj8.jpg,Ompj8,CWp18,0
L2ij0.jpg,L2ij0,T2vf0,0
gELgZ.jpg,gELgZ,mbtg2,0
g854o.jpg,g854o,yR540,0
PGDO9.jpg,PGDO9,rtZO3,0
823cS.jpg,823cS,82JcW,0
PXh5n.jpg,PXh5n,PXW3n,0
EDb36.jpg,EDb36,EDh36,0
yL8k9.jpg,yL8k9,yI3K9,0
S5o8e.jpg,S5o8e,S5o2e,0
LX3ut.jpg,LX3ut,LK3uf,0
JG45j.jpg,JG45j,JG4ti,0
ALkJz.jpg,ALkJz,mLkVo,0
dIWx9.jpg,dIWx9,dIWx0,0
jWBOB.jpg,jWBOB,jMgCB,0
4E4eb.jpg,4E4eb,9Pme5,0
2o1nM.jpg,2o1nM,So1nH,0
qWpow.jpg,qWpow,qHr2u,0
wcHt2.jpg,wcHt2,w0Ht2,0
uL1Ym.jpg,uL1Ym,uL4YA,0
3i088.jpg,3i088,3h0gE,0
c45xn.jpg,c45xn,C45xm,0
3L6nT.jpg,3L6nT,2L6mT,0
JtPnb.jpg,JtPnb,JtPmb,0
uX7B6.jpg,uX7B6,oX1Et,0
266R8.jpg,266R8,26qN8,0
I6Z8i.jpg,I6Z8i,W6Z3i,0
67dDY.jpg,67dDY,62dDx,0
96cnm.jpg,96cnm,95caW,0
81cT9.jpg,81cT9,84cT9,0
seMNg.jpg,seMNg,3OWNy,0
jTbsA.jpg,jTbsA,jTbSA,0
ZI3Q0.jpg,ZI3Q0,zH3m0,0
e0uCI.jpg,e0uCI,eXuCI,0
1rXxw.jpg,1rXxw,32Xyw,0
475Z4.jpg,475Z4,Q7SZt,0
00Ck5.jpg,00Ck5,d9CH3,0
Gbixb.jpg,Gbixb,CaNzb,0
1jh2C.jpg,1jh2C,1jK2C,0
5z4gG.jpg,5z4gG,5z4em,0
WFNW4.jpg,WFNW4,WFNo4,0
VvFEn.jpg,VvFEn,Wo2Es,0
Q44ZN.jpg,Q44ZN,C48ZN,0
YECrR.jpg,YECrR,7ECrA,0
E7B4N.jpg,E7B4N,L7R4N,0
lS7ND.jpg,lS7ND,i57MD,0
439Sd.jpg,439Sd,4395J,0
G59H8.jpg,G59H8,G57h8,0
86655.jpg,86655,8C65K,0
gObvJ.jpg,gObvJ,gC5vJ,0
Y535t.jpg,Y535t,YDaSt,0
Ut8Hl.jpg,Ut8Hl,Uz3Hi,0
g7qJ8.jpg,g7qJ8,97qJ6,0
Qm4aO.jpg,Qm4aO,Cm4zI,0
8Zj55.jpg,8Zj55,82i5w,0
j7HdL.jpg,j7HdL,j7H0s,0
WaUCn.jpg,WaUCn,MzDCn,0
HaXw3.jpg,HaXw3,EeKm3,0
BF61n.jpg,BF61n,BF61m,0
7Y5ML.jpg,7Y5ML,PY5ME,0
2V93m.jpg,2V93m,ZV93p,0
6TB3s.jpg,6TB3s,67R3e,0
57KDV.jpg,57KDV,57HDV,0
3LolM.jpg,3LolM,3Lp1M,0
C0e8x.jpg,C0e8x,C0Z8K,0
509W2.jpg,509W2,5O9W2,0
uF669.jpg,uF669,UEA63,0
UiGpg.jpg,UiGpg,UiCPq,0
8Ac78.jpg,8Ac78,8Ab7O,0
mtWtU.jpg,mtWtU,m4WlU,0
7120L.jpg,7120L,m120L,0
7NtLW.jpg,7NtLW,7MfLD,0
2t123.jpg,2t123,2tTG3,0
qJ1r5.jpg,qJ1r5,qJTr5,0
RSFpk.jpg,RSFpk,B9fph,0
OeDDn.jpg,OeDDn,QeD9n,0
2wjA1.jpg,2wjA1,2wjh1,0
FX3hj.jpg,FX3hj,PX3bj,0
MbnbI.jpg,MbnbI,NbwsT,0
1olR7.jpg,1olR7,jelA7,0
Hb17x.jpg,Hb17x,H517a,0
YWF1g.jpg,YWF1g,YME1g,0
d000G.jpg,d000G,JoW7C,0
Qn6jP.jpg,Qn6jP,Qm6jP,0
8bv26.jpg,8bv26,8bV2G,0
FjcE4.jpg,FjcE4,PjzE4,0
6800p.jpg,6800p,5xWOp,0
8x5Ln.jpg,8x5Ln,3XFLm,0
062V1.jpg,062V1,05ZY1,0
PFkW8.jpg,PFkW8,DFkW8,0
0B95I.jpg,0B95I,0B951,0
1D4VQ.jpg,1D4VQ,1u3Vc,0
CQe6n.jpg,CQe6n,LQe3n,0
3X5Dt.jpg,3X5Dt,3K5pf,0
652cf.jpg,652cf,65Xcf,0
F2B0J.jpg,F2B0J,E2w0J,0
t1fDD.jpg,t1fDD,L1fDK,0
hNwn3.jpg,hNwn3,lMxa2,0
8ZcGE.jpg,8ZcGE,37vGE,0
Wg88q.jpg,Wg88q,Vr8xq,0
EZJ7A.jpg,EZJ7A,EvJ7A,0
4KOP4.jpg,4KOP4,vKO24,0
9q7NM.jpg,9q7NM,9qfnM,0
B3KJ1.jpg,B3KJ1,63Kd1,0
BMY91.jpg,BMY91,BMY9f,0
ob4o9.jpg,ob4o9,0b1r8,0
34iEG.jpg,34iEG,34jEG,0
cX28w.jpg,cX28w,cK28w,0
7Msw7.jpg,7Msw7,7ASmi,0
5h48x.jpg,5h48x,5m48X,0
fTbeb.jpg,fTbeb,FYbex,0
l577x.jpg,l577x,t507K,0
IbsnS.jpg,IbsnS,Ybzm3,0
l0VHO.jpg,l0VHO,i0VHs,0
9LSaX.jpg,9LSaX,7L5aK,0
pFIm4.jpg,pFIm4,3EYm4,0
QIa1P.jpg,QIa1P,GLa4P,0
R23gT.jpg,R23gT,Bw3gI,0
5QyuB.jpg,5QyuB,5QYuK,0
8b1l8.jpg,8b1l8,gm1fx,0
iGwWY.jpg,iGwWY,26xWT,0
DFO67.jpg,DFO67,nFQ62,0
7P20F.jpg,7P20F,7P20H,0
aRT80.jpg,aRT80,aR760,0
g0Q3x.jpg,g0Q3x,g0L3x,0
69aVj.jpg,69aVj,59aMI,0
h2J46.jpg,h2J46,h2i45,0
hWfHP.jpg,hWfHP,bwsTP,0
a78jy.jpg,a78jy,z76jv,0
gT0m7.jpg,gT0m7,ek0m7,0
4azTs.jpg,4azTs,4ozT9,0
RgbS4.jpg,RgbS4,KybS4,0
3Jkd5.jpg,3Jkd5,3Jkm5,0
xk3ns.jpg,xk3ns,KE3nC,0
Sl8W4.jpg,Sl8W4,OI2W4,0
fVHPM.jpg,fVHPM,fy3PM,0
vGz4Q.jpg,vGz4Q,Ver4Q,0
Swz0f.jpg,Swz0f,5Mz0f,0
5I0hD.jpg,5I0hD,3f0hD,0
q2uBz.jpg,q2uBz,g2wFi,0
CFJOe.jpg,CFJOe,CFJ02,0
sPR14.jpg,sPR14,sPMLd,0
0AQrp.jpg,0AQrp,0AQrp,1
MQE03.jpg,MQE03,MOE42,0
841gO.jpg,841gO,841n0,0
4J88B.jpg,4J88B,4J28D,0
KGg9a.jpg,KGg9a,KCy3a,0
97qMw.jpg,97qMw,97zHv,0
J8TIw.jpg,J8TIw,J6NIw,0
3xznK.jpg,3xznK,3xLnK,0
dD8ay.jpg,dD8ay,dD2nV,0
g90Cw.jpg,g90Cw,J30Ew,0
3vvz0.jpg,3vvz0,3Kvz0,0
69LiR.jpg,69LiR,69L1A,0
T4a98.jpg,T4a98,74a98,0
0zM0x.jpg,0zM0x,bZM9n,0
2IT4h.jpg,2IT4h,2iTwH,0
ZQGyp.jpg,ZQGyp,20Syp,0
2ONMv.jpg,2ONMv,20hMv,0
omJZt.jpg,omJZt,om12t,0
rpw61.jpg,rpw61,ZpwG1,0
9mo58.jpg,9mo58,9Mc58,0
FFJcK.jpg,FFJcK,7Z3oA,0
259eR.jpg,259eR,Z596H,0
5pI6p.jpg,5pI6p,5mi4p,0
9K23Z.jpg,9K23Z,qHp3Z,0
U98kj.jpg,U98kj,U98Kj,0
i6lhT.jpg,i6lhT,c6IAT,0
4g8s1.jpg,4g8s1,4y8xi,0
y0chw.jpg,y0chw,y0cAW,0
Idv6M.jpg,Idv6M,Iav5H,0
4915F.jpg,4915F,4915F,1
E91wW.jpg,E91wW,E81wA,0
6K862.jpg,6K862,6H8v2,0
cbkzw.jpg,cbkzw,q5kZT,0
Nob8H.jpg,Nob8H,Nxb8U,0
Bj16l.jpg,Bj16l,By4al,0
Ae4jA.jpg,Ae4jA,ic4yH,0
b91DI.jpg,b91DI,bAzwT,0
3Q6u2.jpg,3Q6u2,3Q6uZ,0
VTa5j.jpg,VTa5j,vTa5j,0
37Tbh.jpg,37Tbh,37Cbw,0
dbyTj.jpg,dbyTj,4bVTi,0
UE9wc.jpg,UE9wc,UE8Xe,0
5ak6h.jpg,5ak6h,3aK6U,0
ul2e7.jpg,ul2e7,wtZc3,0
Yo0YY.jpg,Yo0YY,ScAjV,0
94M51.jpg,94M51,94K51,0
kzT9E.jpg,kzT9E,Ka79E,0
tLy5L.jpg,tLy5L,rGq5P,0
FBAN5.jpg,FBAN5,FvaH5,0
12vJH.jpg,12vJH,12vJH,1
43sKZ.jpg,43sKZ,43sK7,0
F26yD.jpg,F26yD,F26uO,0
Ao8bQ.jpg,Ao8bQ,A0BLi,0
19pJ1.jpg,19pJ1,t9pdj,0
9chG4.jpg,9chG4,9cAGx,0
nfrHh.jpg,nfrHh,ufrHh,0
UZ5Z7.jpg,UZ5Z7,UC52m,0
MiY9m.jpg,MiY9m,HiY3n,0
HCd0H.jpg,HCd0H,J3e0N,0
bSY26.jpg,bSY26,hSV26,0
GsH20.jpg,GsH20,GsH20,1
5M8t1.jpg,5M8t1,5A8t1,0
dzKQy.jpg,dzKQy,d2HQV,0
zNP6G.jpg,zNP6G,2KP5C,0
zYZSf.jpg,zYZSf,aVZ3f,0
jx736.jpg,jx736,iw736,0
6Pf7L.jpg,6Pf7L,6Pf7L,1
3vd3J.jpg,3vd3J,zvR5I,0
5557x.jpg,5557x,Bcg1K,0
Kdl5s.jpg,Kdl5s,KdI5s,0
3wNOz.jpg,3wNOz,3mNCZ,0
Ioyhg.jpg,Ioyhg,lCYRg,0
HgA26.jpg,HgA26,HvA26,0
a3U15.jpg,a3U15,u8M16,0
w2HsO.jpg,w2HsO,V2hSD,0
gl6yt.jpg,gl6yt,mE6W2,0
N3H4g.jpg,N3H4g,M3F4g,0
iyE8B.jpg,iyE8B,hqt8U,0
92bXd.jpg,92bXd,92DKd,0
8w0mt.jpg,8w0mt,2w0H1,0
3PUtN.jpg,3PUtN,2PUiA,0
UV4pu.jpg,UV4pu,DV2rn,0
47dzm.jpg,47dzm,47dzm,1
j2QgY.jpg,j2QgY,L2BcY,0
6OMe6.jpg,6OMe6,5lMcj,0
9gS6e.jpg,9gS6e,2yS6w,0
rzK5L.jpg,rzK5L,jzH0L,0
a7RRP.jpg,a7RRP,aYmKp,0
6hfVT.jpg,6hfVT,0hEVm,0
aG56w.jpg,aG56w,aC58v,0
5v3Lf.jpg,5v3Lf,eV3Lf,0
YTU61.jpg,YTU61,xTU04,0
HN60m.jpg,HN60m,Ia69m,0
jzZt4.jpg,jzZt4,jmZs4,0
5nsx0.jpg,5nsx0,5mexQ,0
mQ2DT.jpg,mQ2DT,mCzbT,0
UXDYP.jpg,UXDYP,uKD7P,0
de22Q.jpg,de22Q,dvkjQ,0
2HPi2.jpg,2HPi2,5HFi7,0
l32ce.jpg,l32ce,I32Ga,0
07Ed5.jpg,07Ed5,01Kd5,0
0D7pV.jpg,0D7pV,6B7pV,0
1SF57.jpg,1SF57,18Fb7,0
93C5a.jpg,93C5a,93C5n,0
72H0E.jpg,72H0E,73N0E,0
82U6m.jpg,82U6m,92U6T,0
7WJaJ.jpg,7WJaJ,7Vla3,0
P9949.jpg,P9949,FSb1u,0
VBatW.jpg,VBatW,VBafm,0
z3gke.jpg,z3gke,23gH6,0
JQWE9.jpg,JQWE9,JQWE9,1
VFVJO.jpg,VFVJO,9E43C,0
66qoy.jpg,66qoy,5hqov,0
UD6L8.jpg,UD6L8,VDGZ8,0
amPmA.jpg,amPmA,amFWA,0
X36V3.jpg,X36V3,ra6U9,0
9k0rV.jpg,9k0rV,5k0rV,0
u08eM.jpg,u08eM,u08eA,0
mAz4L.jpg,mAz4L,mMx4L,0
v09j4.jpg,v09j4,wU9jA,0
20o4C.jpg,20o4C,20s4C,0
j1XS9.jpg,j1XS9,p1Xs9,0
72sP9.jpg,72sP9,72sP9,1
Xs2s9.jpg,Xs2s9,Ks2t9,0
6fdO0.jpg,6fdO0,6IdOW,0
GX0nZ.jpg,GX0nZ,CK9n2,0
8808g.jpg,8808g,69DMy,0
nol81.jpg,nol81,mol3K,0
LNkGS.jpg,LNkGS,IAvC3,0
a6455.jpg,a6455,a045n,0
B7HkR.jpg,B7HkR,D7iKQ,0
E4v89.jpg,E4v89,E4V89,0
9pEAG.jpg,9pEAG,9pFxC,0
RaBOm.jpg,RaBOm,Xa5Om,0
Q5j96.jpg,Q5j96,05jV6,0
XMa4L.jpg,XMa4L,KWs4E,0
637aK.jpg,637aK,63vaH,0
QoZL0.jpg,QoZL0,CS2kN,0
SleO0.jpg,SleO0,3I4m0,0
H1kYw.jpg,H1kYw,H3kYw,0
rmftC.jpg,rmftC,rmj4C,0
2272w.jpg,2272w,x81CW,0
f3974.jpg,f3974,k3D74,0
L9gj6.jpg,L9gj6,L9a76,0
2O5xd.jpg,2O5xd,2Q5xd,0
2X8lw.jpg,2X8lw,2X81m,0
PsMp3.jpg,PsMp3,P6Mp3,0
P90I0.jpg,P90I0,NxCI6,0
F1mrj.jpg,F1mrj,E1mzX,0
P2fbA.jpg,P2fbA,PzfuA,0
nRZrn.jpg,nRZrn,g3ZYh,0
H4Mzf.jpg,H4Mzf,H4Mzf,1
ytbaI.jpg,ytbaI,ytb8X,0
C06U9.jpg,C06U9,Cn6j7,0
45p2q.jpg,45p2q,45v2Q,0
o3mIq.jpg,o3mIq,03mI4,0
XiMh7.jpg,XiMh7,ormb7,0
2zYfB.jpg,2zYfB,2xVfB,0
mz4FD.jpg,mz4FD,N24FD,0
C31nn.jpg,C31nn,C31Ph,0
MLh6e.jpg,MLh6e,MIh8e,0
1lTDc.jpg,1lTDc,3lF0s,0
12jBr.jpg,12jBr,x2i8c,0
93x6m.jpg,93x6m,g3xEm,0
0W329.jpg,0W329,0H329,0
lEF5x.jpg,lEF5x,0Ej5X,0
KaSu0.jpg,KaSu0,E2SuO,0
TcAnC.jpg,TcAnC,TeknG,0
94Zx1.jpg,94Zx1,94ZKI,0
25NPz.jpg,25NPz,26MDi,0
rH0JW.jpg,rH0JW,rH0Jw,0
OkupE.jpg,OkupE,cKUpt,0
QH88Q.jpg,QH88Q,tH89Q,0
BM8qB.jpg,BM8qB,DM3qh,0
X6077.jpg,X6077,N50M7,0
LZS76.jpg,LZS76,yZaV6,0
tGfVG.jpg,tGfVG,tRjVo,0
j1tsu.jpg,j1tsu,j1t50,0
Rf9c5.jpg,Rf9c5,AIxC5,0
dB7MT.jpg,dB7MT,dBtW9,0
apQe1.jpg,apQe1,WEQu1,0
g00Zn.jpg,g00Zn,d0CZr,0
S98x0.jpg,S98x0,598x0,0
TT99j.jpg,TT99j,mX20j,0
7pFb4.jpg,7pFb4,7pV54,0
557cB.jpg,557cB,hS7cB,0
BNobg.jpg,BNobg,EMob7,0
5gJCb.jpg,5gJCb,SaJCb,0
BoLCi.jpg,BoLCi,BXkCi,0
RR3l0.jpg,RR3l0,hR3i0,0
1hMBE.jpg,1hMBE,1NUDc,0
HZ971.jpg,HZ971,H2w71,0
GDu9k.jpg,GDu9k,GDu9k,1
XOgu7.jpg,XOgu7,x0gu7,0
e9ZQO.jpg,e9ZQO,e3kmB,0
76820.jpg,76820,76820,1
rX1jE.jpg,rX1jE,rA1jE,0
tY5g5.jpg,tY5g5,tMZg5,0
4eERs.jpg,4eERs,4eEKS,0
IxDb8.jpg,IxDb8,IwDb8,0
56LgT.jpg,56LgT,56LqX,0
t9viL.jpg,t9viL,t3viL,0
R20n8.jpg,R20n8,VZ0t8,0
3b2O0.jpg,3b2O0,3L2m0,0
j3I0p.jpg,j3I0p,U3T0B,0
eK5LL.jpg,eK5LL,0K5Lh,0
RISD3.jpg,RISD3,RtXD3,0
W5v6S.jpg,W5v6S,HFx69,0
dF0t5.jpg,dF0t5,dE01y,0
m90I6.jpg,m90I6,m9REj,0
83Z6J.jpg,83Z6J,n3Z6j,0
QCkZW.jpg,QCkZW,QCK2W,0
FW4D4.jpg,FW4D4,Ew3D4,0
lO8Y1.jpg,lO8Y1,tQ3K1,0
Myd07.jpg,Myd07,MVa97,0
E04RD.jpg,E04RD,E0XvT,0
8IM13.jpg,8IM13,RIMO2,0
UUxbt.jpg,UUxbt,dVK5f,0
C78M9.jpg,C78M9,C78H5,0
3cSYG.jpg,3cSYG,2pSV0,0
3KpzM.jpg,3KpzM,3hjzM,0
5f72k.jpg,5f72k,wfZ3G,0
bKwKq.jpg,bKwKq,5ZmK9,0
8l20Z.jpg,8l20Z,8l20Z,1
0zvhT.jpg,0zvhT,02whT,0
4gjyi.jpg,4gjyi,491yr,0
W7ImE.jpg,W7ImE,W7lmE,0
81GVC.jpg,81GVC,81oVC,0
3PR30.jpg,3PR30,3PKS0,0
LoHR9.jpg,LoHR9,LahR9,0
A0E0A.jpg,A0E0A,AoEY1,0
SXJhL.jpg,SXJhL,SXJhL,1
N5708.jpg,N5708,M57q8,0
3Is1g.jpg,3Is1g,3Ks1q,0
kYvsc.jpg,kYvsc,A7w5C,0
p86b9.jpg,p86b9,p8Ch7,0
UD6xk.jpg,UD6xk,UD6Xk,0
r985N.jpg,r985N,i085A,0
keC9W.jpg,keC9W,KjC3W,0
q1Awn.jpg,q1Awn,G1Awn,0
l759c.jpg,l759c,l7K0C,0
75hQ4.jpg,75hQ4,75nC4,0
HCF2U.jpg,HCF2U,HCP2U,0
Gg2yN.jpg,Gg2yN,Go2vN,0
MN9xy.jpg,MN9xy,MR9zy,0
j3NcJ.jpg,j3NcJ,i3Ncg,0
c7128.jpg,c7128,cZ128,0
J9wR6.jpg,J9wR6,13WA6,0
cekA5.jpg,cekA5,iekAT,0
wQ7kQ.jpg,wQ7kQ,Ve7k0,0
CZ5P4.jpg,CZ5P4,6zXP4,0
5MF03.jpg,5MF03,5MF0X,0
XtIrq.jpg,XtIrq,XVir9,0
3b0yI.jpg,3b0yI,3bOyT,0
F7Ioe.jpg,F7Ioe,F7t8c,0
whXEo.jpg,whXEo,Wh4E6,0
W0722.jpg,W0722,W0j2J,0
59Vg8.jpg,59Vg8,59Mc8,0
eDqIz.jpg,eDqIz,eDmjx,0
DGaHj.jpg,DGaHj,D6aHj,0
4Jtbo.jpg,4Jtbo,XJtbu,0
75Oy9.jpg,75Oy9,M5Qy9,0
98WD2.jpg,98WD2,98VD2,0
eqQ95.jpg,eqQ95,eqU95,0
g66iH.jpg,g66iH,aA6iH,0
7wQ8U.jpg,7wQ8U,1wQ8b,0
UHkN2.jpg,UHkN2,UTKA2,0
r2I5h.jpg,r2I5h,v2lSn,0
zk47o.jpg,zk47o,zk47o,1
LXl6e.jpg,LXl6e,DXl6e,0
Qn2j5.jpg,Qn2j5,Kn2Jt,0
z2vl4.jpg,z2vl4,2Bvj4,0
Y5w5T.jpg,Y5w5T,YsMZj,0
w6qTm.jpg,w6qTm,W6g1r,0
7W6Ds.jpg,7W6Ds,1H6DS,0
d9TIC.jpg,d9TIC,d9s21,0
ErZ50.jpg,ErZ50,C4ZS0,0
7GGNm.jpg,7GGNm,2diMm,0
i0CKa.jpg,i0CKa,T0CK3,0
EO708.jpg,EO708,EOX43,0
7yCSt.jpg,7yCSt,7yO5k,0
9e2py.jpg,9e2py,Gk2mY,0
dy04v.jpg,dy04v,dFC2V,0
6rRjq.jpg,6rRjq,6rKjq,0
6u7zu.jpg,6u7zu,Bv7zK,0
ce0VY.jpg,ce0VY,re0Vk,0
IP06N.jpg,IP06N,1k0sN,0
Ms8k4.jpg,Ms8k4,NcOk4,0
cXHiG.jpg,cXHiG,CXHiq,0
LBjzY.jpg,LBjzY,LB12Y,0
pkmp2.jpg,pkmp2,vKwc2,0
4A0Tk.jpg,4A0Tk,4X6Tk,0
tjA6c.jpg,tjA6c,73A6c,0
26N7N.jpg,26N7N,26YFN,0
R7Qi4.jpg,R7Qi4,B70i4,0
70L3h.jpg,70L3h,70LSK,0
1GuXD.jpg,1GuXD,16vXD,0
S1Y75.jpg,S1Y75,S1w7b,0
lAC9L.jpg,lAC9L,jpc9L,0
6uPP5.jpg,6uPP5,6uDY3,0
m99Oi.jpg,m99Oi,mYF3i,0
Ojjm5.jpg,Ojjm5,0iJM3,0
P5QZT.jpg,P5QZT,n5021,0
FX93a.jpg,FX93a,fKG2q,0
x1Rz5.jpg,x1Rz5,w1B25,0
N74v5.jpg,N74v5,H7Lv5,0
Uk5T1.jpg,Uk5T1,Uk5T4,0
R8BNU.jpg,R8BNU,G3pNU,0
KoZr8.jpg,KoZr8,KoZr8,1
yUznL.jpg,yUznL,YM2nt,0
L1HD6.jpg,L1HD6,ixHD5,0
MpOyT.jpg,MpOyT,M20YT,0
4mdEi.jpg,4mdEi,4m0Ex,0
L8vMg.jpg,L8vMg,I3vAg,0
5AP46.jpg,5AP46,5MP4G,0
Ma64e.jpg,Ma64e,Ka64c,0
312Dk.jpg,312Dk,312DH,0
qQKso.jpg,qQKso,76Mso,0
a6AoL.jpg,a6AoL,9mweY,0
0ED4q.jpg,0ED4q,0kD4y,0
Qruf1.jpg,Qruf1,OruE1,0
H062p.jpg,H062p,H052p,0
5Nhtr.jpg,5Nhtr,5Hktr,0
i6br4.jpg,i6br4,jSbr4,0
89Q6A.jpg,89Q6A,P9GjM,0
61J4f.jpg,61J4f,61v4f,0
Gug3Z.jpg,Gug3Z,GuxAZ,0
bUfC1.jpg,bUfC1,5UfC1,0
Ow79U.jpg,Ow79U,CW78U,0
Q3k96.jpg,Q3k96,U7k96,0
7K13r.jpg,7K13r,7K02r,0
17lMv.jpg,17lMv,i7LA8,0
CVXoH.jpg,CVXoH,iVXcH,0
u8Pcr.jpg,u8Pcr,u3PCr,0
9GOIj.jpg,9GOIj,9G0ip,0
0faaR.jpg,0faaR,0fpaR,0
94v5f.jpg,94v5f,94V5I,0
3YB9T.jpg,3YB9T,3VB9f,0
QfQ16.jpg,QfQ16,QfX36,0
iz222.jpg,iz222,izQ2g,0
3YboD.jpg,3YboD,3VkcD,0
motv3.jpg,motv3,m0IVA,0
8cJSV.jpg,8cJSV,BC15W,0
3fN53.jpg,3fN53,3iN6X,0
7xeo4.jpg,7xeo4,7xeD5,0
322za.jpg,322za,3H2im,0
F90oG.jpg,F90oG,F94oG,0
8RtCe.jpg,8RtCe,8K1Ce,0
1tHVW.jpg,1tHVW,jtRVh,0
4HyQP.jpg,4HyQP,4HvCB,0
Bpp2R.jpg,Bpp2R,bVp2K,0
76h7S.jpg,76h7S,z6HDS,0
82793.jpg,82793,8k793,0
16858.jpg,16858,m685g,0
jRW7L.jpg,jRW7L,j2V7L,0
3BGWj.jpg,3BGWj,9BGWj,0
304Y8.jpg,304Y8,k04Y8,0
U9zKm.jpg,U9zKm,U3jKm,0
vDric.jpg,vDric,VArjC,0
4p7JP.jpg,4p7JP,8uZJE,0
3Uz3u.jpg,3Uz3u,4HzSu,0
y22rR.jpg,y22rR,v2lMG,0
RIqQG.jpg,RIqQG,xlyQS,0
Z47yP.jpg,Z47yP,2K9yP,0
B3jVH.jpg,B3jVH,G3rYM,0
03K8Z.jpg,03K8Z,03Hsz,0
45E3L.jpg,45E3L,45m3L,0
55NO0.jpg,55NO0,r5NOq,0
YxSxa.jpg,YxSxa,TK3mp,0
Mcp92.jpg,Mcp92,Mip92,0
lSz2H.jpg,lSz2H,lSx2H,0
g86HH.jpg,g86HH,q3tkm,0
KN29g.jpg,KN29g,Km29y,0
li9Oj.jpg,li9Oj,1x9Oj,0
V70yU.jpg,V70yU,W70xU,0
2iMYQ.jpg,2iMYQ,2iMYC,0
ukg2a.jpg,ukg2a,uKg2i,0
y34Ov.jpg,y34Ov,Y340v,0
4ChQE.jpg,4ChQE,4cuQF,0
Frb4a.jpg,Frb4a,Djb4a,0
n3J81.jpg,n3J81,n3K91,0
mPAw0.jpg,mPAw0,qEAW0,0
Es0D5.jpg,Es0D5,Lx0D5,0
uX1u8.jpg,uX1u8,aK1C6,0
2SLG2.jpg,2SLG2,FSLm2,0
hlUMo.jpg,hlUMo,hL2Vo,0
a5slr.jpg,a5slr,W5aly,0
8W29x.jpg,8W29x,8W29k,0
HDSPg.jpg,HDSPg,AD3Pq,0
8rAXW.jpg,8rAXW,6IAxV,0
6eSko.jpg,6eSko,67JHe,0
lIW8u.jpg,lIW8u,bTW3O,0
XRxO1.jpg,XRxO1,ZB301,0
fp3mc.jpg,fp3mc,fX3mC,0
g1Q4b.jpg,g1Q4b,gfO4b,0
10YwI.jpg,10YwI,19Xwz,0
r4Vru.jpg,r4Vru,E4V7o,0
04nP7.jpg,04nP7,04wP7,0
i3VL0.jpg,i3VL0,j3Ht0,0
doR87.jpg,doR87,dpA87,0
jG9D3.jpg,jG9D3,jG9D3,1
7M7xO.jpg,7M7xO,7MJxo,0
LI74E.jpg,LI74E,uI74B,0
4bNoM.jpg,4bNoM,4b7oM,0
A07z2.jpg,A07z2,A07x2,0
5SnnV.jpg,5SnnV,f31mV,0
f9NHT.jpg,f9NHT,ioAdT,0
084nC.jpg,084nC,031nC,0
W83B4.jpg,W83B4,Wx5R4,0
EAGM3.jpg,EAGM3,BAGM3,0
2Jz3o.jpg,2Jz3o,7Vr3O,0
730kJ.jpg,730kJ,730kU,0
54Cmk.jpg,54Cmk,54CmK,0
nJjY4.jpg,nJjY4,mFiV4,0
998So.jpg,998So,97AED,0
mpXuL.jpg,mpXuL,m5Xu1,0
ny569.jpg,ny569,nY56Z,0
UI3Y4.jpg,UI3Y4,UixY4,0
cc3x1.jpg,cc3x1,or3x1,0
E9Agt.jpg,E9Agt,E3Ayt,0
q21Aw.jpg,q21Aw,q21Aw,1
Ox33H.jpg,Ox33H,0xu2H,0
eCA74.jpg,eCA74,eCk74,0
wO80h.jpg,wO80h,wt30j,0
OnaNa.jpg,OnaNa,Onzje,0
b6bT3.jpg,b6bT3,b6wT2,0
H50J6.jpg,H50J6,HgQJ6,0
X08qB.jpg,X08qB,XCPq5,0
mYow3.jpg,mYow3,mXew3,0
KZCu6.jpg,KZCu6,A2ta0,0
xfIYw.jpg,xfIYw,zFATm,0
5XFmM.jpg,5XFmM,6XipH,0
g9rOS.jpg,g9rOS,a9fU5,0
zaH90.jpg,zaH90,ZiHS0,0
69wFk.jpg,69wFk,69wTk,0
Zn5jb.jpg,Zn5jb,2wGjb,0
OnxBw.jpg,OnxBw,CmK94,0
cY2DM.jpg,cY2DM,sY2DA,0
tL234.jpg,tL234,fL2n4,0
7qUFJ.jpg,7qUFJ,7qMEJ,0
4ITP0.jpg,4ITP0,slyB0,0
IW90x.jpg,IW90x,IW9Cx,0
THGM7.jpg,THGM7,THCw2,0
3CAde.jpg,3CAde,2Lhdc,0
1Wqk3.jpg,1Wqk3,fWnk3,0
sFe2Q.jpg,sFe2Q,yFe2Q,0
w9W1V.jpg,w9W1V,m9W7Y,0
92UO7.jpg,92UO7,9aHC7,0
RWu57.jpg,RWu57,KWu57,0
BI1D9.jpg,BI1D9,RIw0q,0
LU5Qd.jpg,LU5Qd,lw5Qy,0
wD7Oq.jpg,wD7Oq,Kp7C9,0
JKcUH.jpg,JKcUH,jKcUH,0
znecU.jpg,znecU,7n8CU,0
yYeNI.jpg,yYeNI,ZV6Ai,0
yNz0z.jpg,yNz0z,aNZ01,0
w4Ub6.jpg,w4Ub6,W4UDG,0
H7A08.jpg,H7A08,Wz4G3,0
NIza4.jpg,NIza4,NiZ04,0
Qm06i.jpg,Qm06i,Cn26I,0
140aM.jpg,140aM,140sM,0
s9CA7.jpg,s9CA7,x9CK1,0
34C14.jpg,34C14,3KCI4,0
Drv59.jpg,Drv59,Drvb9,0
oGsQ0.jpg,oGsQ0,pGsQ0,0
LTdBu.jpg,LTdBu,CTJ5w,0
aqE30.jpg,aqE30,vgE36,0
Jka95.jpg,Jka95,Jka9Q,0
XenBv.jpg,XenBv,XenEv,0
jex5P.jpg,jex5P,IcX5P,0
4173R.jpg,4173R,4i73B,0
VH6ri.jpg,VH6ri,VK0rj,0
0L422.jpg,0L422,0I4PZ,0
vLxoL.jpg,vLxoL,ViKSh,0
L47IJ.jpg,L47IJ,Le7KJ,0
k2OcQ.jpg,k2OcQ,h2DcQ,0
m2jVn.jpg,m2jVn,R2jUu,0
5bLBm.jpg,5bLBm,5KLBm,0
xT2ej.jpg,xT2ej,KT2ci,0
p0um5.jpg,p0um5,p0tW3,0
7E693.jpg,7E693,7E693,1
Nheqt.jpg,Nheqt,Xbeqt,0
2DtfY.jpg,2DtfY,2DTey,0
0stQy.jpg,0stQy,0sFWy,0
F7ruj.jpg,F7ruj,BXxuj,0
1aoXD.jpg,1aoXD,1r6KB,0
kBJ08.jpg,kBJ08,kBTcA,0
0HdpM.jpg,0HdpM,0TdrM,0
ok7Et.jpg,ok7Et,0K7Bt,0
mC90f.jpg,mC90f,RC3bj,0
81GUN.jpg,81GUN,81CUh,0
9Yy21.jpg,9Yy21,9Qv21,0
7Fjl7.jpg,7Fjl7,JmstZ,0
Rj1MW.jpg,Rj1MW,8jtMC,0
Ai78Z.jpg,Ai78Z,AiT32,0
LxU60.jpg,LxU60,LKU50,0
gyO32.jpg,gyO32,gvO3Z,0
4ZL7B.jpg,4ZL7B,4ztYB,0
qRPUc.jpg,qRPUc,ykPUj,0
AVYTg.jpg,AVYTg,AUXTg,0
gKd39.jpg,gKd39,gKd3v,0
4r1R4.jpg,4r1R4,acYB4,0
2VocU.jpg,2VocU,2VucK,0
zLqjP.jpg,zLqjP,zLqNP,0
3Q44i.jpg,3Q44i,20T4i,0
omFa3.jpg,omFa3,CmEa3,0
JWQyp.jpg,JWQyp,J4Cyp,0
38uUZ.jpg,38uUZ,18mUZ,0
e2bmK.jpg,e2bmK,e25TA,0
zCYzy.jpg,zCYzy,h0RgY,0
3OGqU.jpg,3OGqU,3CkgU,0
8lnN4.jpg,8lnN4,81nK4,0
GQ9EN.jpg,GQ9EN,tO9lA,0
OwU4C.jpg,OwU4C,OmU4Z,0
Rcs9E.jpg,Rcs9E,AUs9E,0
AEj6D.jpg,AEj6D,aLj62,0
qFOtU.jpg,qFOtU,gF6tU,0
tPga5.jpg,tPga5,tPg45,0
3TE8i.jpg,3TE8i,3wE6j,0
06f0G.jpg,06f0G,mbF0x,0
4U1s9.jpg,4U1s9,KU1s9,0
582vn.jpg,582vn,582Vn,0
9G6s4.jpg,9G6s4,9QBj4,0
6wTq1.jpg,6wTq1,6MTaj,0
obUei.jpg,obUei,okUxi,0
8aGx8.jpg,8aGx8,X0DyP,0
Qp6Ny.jpg,Qp6Ny,0P6Mv,0
quYj7.jpg,quYj7,quXj8,0
U4Xt3.jpg,U4Xt3,U4yt3,0
7q71O.jpg,7q71O,xn71C,0
9MMtC.jpg,9MMtC,2H4tC,0
e9QTi.jpg,e9QTi,c98Tj,0
rmfw8.jpg,rmfw8,cmzV3,0
ne09a.jpg,ne09a,KcU9a,0
a146g.jpg,a146g,mL4Kg,0
4itD5.jpg,4itD5,4jtD5,0
1jlRL.jpg,1jlRL,4pjBL,0
320Yo.jpg,320Yo,320Wu,0
kk841.jpg,kk841,px841,0
5xHWl.jpg,5xHWl,5xHWi,0
qS6Rz.jpg,qS6Rz,qSbHx,0
5Iq7i.jpg,5Iq7i,5ta7i,0
8V385.jpg,8V385,KV7gc,0
o0q1w.jpg,o0q1w,e0y1V,0
KFoP2.jpg,KFoP2,Wf0P2,0
0atbo.jpg,0atbo,QXfbS,0
2l9S4.jpg,2l9S4,2i0S4,0
24qWd.jpg,24qWd,24gKd,0
k2HRi.jpg,k2HRi,K3dBi,0
Dl211.jpg,Dl211,Dv2jT,0
TBpdU.jpg,TBpdU,TBedM,0
uXZpZ.jpg,uXZpZ,uK3DZ,0
kwVD8.jpg,kwVD8,K4VD3,0
dmzZo.jpg,dmzZo,dWxZ9,0
2gcOv.jpg,2gcOv,4gcOV,0
WJNYH.jpg,WJNYH,L3NYB,0
Zw62R.jpg,Zw62R,7V63P,0
6F3a3.jpg,6F3a3,6FYo3,0
PJ92S.jpg,PJ92S,m1923,0
Q9e1E.jpg,Q9e1E,G96jL,0
ye964.jpg,ye964,7e364,0
941Qq.jpg,941Qq,9A1Cq,0
5tE0x.jpg,5tE0x,5tu0x,0
SW9up.jpg,SW9up,8A7up,0
FBhj5.jpg,FBhj5,EBhj5,0
x9hm9.jpg,x9hm9,X5hmo,0
16z8X.jpg,16z8X,1Gz8X,0
uRC62.jpg,uRC62,uFC62,0
c0t4q.jpg,c0t4q,S0t4q,0
3V30N.jpg,3V30N,oV36N,0
QpV5J.jpg,QpV5J,CPVSA,0
83qfp.jpg,83qfp,R3qtp,0
n6kpJ.jpg,n6kpJ,h6KpJ,0
lkmfK.jpg,lkmfK,lsm3H,0
yTrKW.jpg,yTrKW,yTeBW,0
89Ftn.jpg,89Ftn,Z9Ftm,0
5i6eD.jpg,5i6eD,316aB,0
TuaL8.jpg,TuaL8,7v4E3,0
3G1k7.jpg,3G1k7,3Q1k7,0
8QDOW.jpg,8QDOW,2rDOM,0
9MsqK.jpg,9MsqK,YLsqK,0
35yps.jpg,35yps,3TVpk,0
a2QcV.jpg,a2QcV,a2QLV,0
7Re1O.jpg,7Re1O,7Rai0,0
9QCSm.jpg,9QCSm,20C5T,0
7L1Qn.jpg,7L1Qn,7L1Ca,0
7HdZf.jpg,7HdZf,vHqZf,0
LQP0y.jpg,LQP0y,LQ2Ny,0
sk2OP.jpg,sk2OP,sK2OF,0
qMbkD.jpg,qMbkD,aM5kD,0
Ole9T.jpg,Ole9T,0Ke91,0
9z9mq.jpg,9z9mq,9k3mQ,0
H039R.jpg,H039R,U0z9B,0
vM0jr.jpg,vM0jr,vM9lp,0
yu8Mg.jpg,yu8Mg,yu8Ks,0
y1gNm.jpg,y1gNm,Y1GDm,0
sOn8b.jpg,sOn8b,yCn8b,0
5t57D.jpg,5t57D,5iK7D,0
HrzVJ.jpg,HrzVJ,hraVJ,0
fBcVq.jpg,fBcVq,4BrVg,0
l7Y8X.jpg,l7Y8X,H7u2x,0
h29XR.jpg,h29XR,h29XR,1
F3RpB.jpg,F3RpB,F3QoB,0
2A7Ok.jpg,2A7Ok,2AT0H,0
e31I0.jpg,e31I0,w31E0,0
0dwSH.jpg,0dwSH,0dw31,0
Wzd11.jpg,Wzd11,MzdLT,0
8yYeV.jpg,8yYeV,8zXrw,0
5H9q0.jpg,5H9q0,5M9q0,0
8MC8W.jpg,8MC8W,8MCJV,0
eq1wP.jpg,eq1wP,cq1WP,0
VIUEn.jpg,VIUEn,X1UEm,0
34JTM.jpg,34JTM,e4JTM,0
7y39s.jpg,7y39s,7m29s,0
pXpJR.jpg,pXpJR,PMu1R,0
6crE3.jpg,6crE3,6clE3,0
vTjPQ.jpg,vTjPQ,v7iP0,0
45i37.jpg,45i37,45i37,1
nqXX5.jpg,nqXX5,mjZK5,0
qfj3h.jpg,qfj3h,gCjxh,0
16McU.jpg,16McU,16msU,0
1B37Y.jpg,1B37Y,1B97v,0
6CeG6.jpg,6CeG6,6tam4,0
xxqmp.jpg,xxqmp,X9Uhe,0
5snz2.jpg,5snz2,5yn2U,0
jw4G7.jpg,jw4G7,jw4C7,0
eBYO2.jpg,eBYO2,nBTO2,0
CpieA.jpg,CpieA,CD1eA,0
52559.jpg,52559,5MRf9,0
aFjSo.jpg,aFjSo,4r1So,0
UuJgG.jpg,UuJgG,UdjRc,0
1Famc.jpg,1Famc,YEamC,0
D3m8u.jpg,D3m8u,D3h6v,0
3I1k2.jpg,3I1k2,3y1Kz,0
Rm3Ng.jpg,Rm3Ng,Bm2Mg,0
TPBRf.jpg,TPBRf,YzBkf,0
avy9j.jpg,avy9j,avM6f,0
45piP.jpg,45piP,M5piY,0
mFc40.jpg,mFc40,mFc40,1
K1W6U.jpg,K1W6U,K1V5L,0
fM3OF.jpg,fM3OF,zM30E,0
H37f2.jpg,H37f2,w37f2,0
3JnYL.jpg,3JnYL,2dnVE,0
JqaB1.jpg,JqaB1,JQaB1,0
X05WO.jpg,X05WO,K95WC,0
cE1J7.jpg,cE1J7,cB1x7,0
uIbBG.jpg,uIbBG,yIbBC,0
8Rniq.jpg,8Rniq,SKnLq,0
NJNT7.jpg,NJNT7,MakT7,0
EhJG1.jpg,EhJG1,5MF61,0
0DVz1.jpg,0DVz1,0mVzh,0
VAY5W.jpg,VAY5W,vAC5W,0
5h1R5.jpg,5h1R5,zh1B5,0
xWM9C.jpg,xWM9C,TWMSC,0
S9I4a.jpg,S9I4a,59I4a,0
pXQAB.jpg,pXQAB,pXvJE,0
L76Dw.jpg,L76Dw,L76DW,0
gfP0d.jpg,gfP0d,yfR0d,0
8zTGi.jpg,8zTGi,8xTGk,0
X66U2.jpg,X66U2,jf8V2,0
4D7hY.jpg,4D7hY,4BznV,0
nbQ3x.jpg,nbQ3x,mb03K,0
8Hd3M.jpg,8Hd3M,6Hd3w,0
Cr9b9.jpg,Cr9b9,Cx4bA,0
vOlX1.jpg,vOlX1,VGlXs,0
77o4F.jpg,77o4F,Jyc3K,0
KifE7.jpg,KifE7,HifE7,0
6UstH.jpg,6UstH,6DstH,0
74AQu.jpg,74AQu,r4ACy,0
ml0fR.jpg,ml0fR,uj0ER,0
L1BJa.jpg,L1BJa,LTRya,0
1O7i8.jpg,1O7i8,1O7k5,0
B9p59.jpg,B9p59,H0nt8,0
shO06.jpg,shO06,xHQ06,0
v7zza.jpg,v7zza,VPZsa,0
Po5QT.jpg,Po5QT,Pa5jY,0
5c28A.jpg,5c28A,5CV34,0
27glY.jpg,27glY,27qbV,0
rdBN2.jpg,rdBN2,fd8M2,0
MD8TZ.jpg,MD8TZ,M08TZ,0
wkN3i.jpg,wkN3i,w2N3i,0
4PMlC.jpg,4PMlC,42K1C,0
Y30nv.jpg,Y30nv,Y30Hv,0
CDu57.jpg,CDu57,CDuK2,0
VLr96.jpg,VLr96,MLn35,0
swapm.jpg,swapm,sVaPA,0
7vXbf.jpg,7vXbf,7wXbC,0
lHbSh.jpg,lHbSh,iHbSh,0
azGHZ.jpg,azGHZ,azGH7,0
O9p46.jpg,O9p46,K9a46,0
zUh5S.jpg,zUh5S,70h5c,0
e3wkL.jpg,e3wkL,63WkI,0
HfFPz.jpg,HfFPz,NfEPa,0
3LTv4.jpg,3LTv4,3ETv4,0
MmJ3B.jpg,MmJ3B,MwjzB,0
1eRg2.jpg,1eRg2,1eAgZ,0
DfH28.jpg,DfH28,DfH28,1
7X13z.jpg,7X13z,CKT3z,0
osFfA.jpg,osFfA,gvTl4,0
85QYS.jpg,85QYS,3h0VE,0
0JSGL.jpg,0JSGL,OMSRf,0
5Uw34.jpg,5Uw34,FDW34,0
V17X7.jpg,V17X7,U1CKB,0
6A235.jpg,6A235,6Av3S,0
exGQb.jpg,exGQb,e3E05,0
O3UAN.jpg,O3UAN,O3uAk,0
A1uJP.jpg,A1uJP,41uJP,0
H6HfH.jpg,H6HfH,wo1fm,0
E5FU6.jpg,E5FU6,MjFU6,0
A2Gi9.jpg,A2Gi9,A26i9,0
IiEKZ.jpg,IiEKZ,TrEA2,0
XdeZ2.jpg,XdeZ2,KmcL2,0
ox0L4.jpg,ox0L4,cxPI4,0
Mpbq2.jpg,Mpbq2,Mp6q2,0
KWG30.jpg,KWG30,kWG30,0
d647G.jpg,d647G,d542C,0
7t7gD.jpg,7t7gD,7txgD,0
712Ef.jpg,712Ef,yu2Ef,0
Yrg5U.jpg,Yrg5U,Yrg5U,1
PHGBf.jpg,PHGBf,PHw5f,0
lKK2B.jpg,lKK2B,lKw9B,0
86o8c.jpg,86o8c,N6m9t,0
AV3ZC.jpg,AV3ZC,AU3ZC,0
jmaGY.jpg,jmaGY,jma6V,0
t7LlS.jpg,t7LlS,t2L0K,0
BF6iT.jpg,BF6iT,RM5xT,0
MjMAb.jpg,MjMAb,MjF25,0
59YuR.jpg,59YuR,591aA,0
VLK8Q.jpg,VLK8Q,vLK8Q,0
148U7.jpg,148U7,x48U7,0
ypFi5.jpg,ypFi5,ydFi3,0
GIm41.jpg,GIm41,Clm43,0
lk9yU.jpg,lk9yU,fKSYU,0
7ID2X.jpg,7ID2X,7iD2K,0
yxBL9.jpg,yxBL9,VKBL0,0
1r6zU.jpg,1r6zU,1F52u,0
u51bZ.jpg,u51bZ,wF1bZ,0
9o6bx.jpg,9o6bx,3m6DK,0
Zz5J5.jpg,Zz5J5,CzNJ5,0
geiZ4.jpg,geiZ4,geiZ4,1
j0Xbx.jpg,j0Xbx,j0X5r,0
8v2ET.jpg,8v2ET,8w2ET,0
mg6h7.jpg,mg6h7,mx6h7,0
RkV44.jpg,RkV44,BkV4O,0
9rpWA.jpg,9rpWA,9FBVA,0
ZmMHv.jpg,ZmMHv,2mbHv,0
O0y2R.jpg,O0y2R,QbV2R,0
y7blw.jpg,y7blw,g75im,0
53kZ4.jpg,53kZ4,53w74,0
GxO72.jpg,GxO72,6xO72,0
WvTb1.jpg,WvTb1,WaTb1,0
6RxjL.jpg,6RxjL,5HxjL,0
dmwEw.jpg,dmwEw,dTv53,0
BVI6Y.jpg,BVI6Y,BVL6T,0
m89F9.jpg,m89F9,m6UF9,0
f4HbY.jpg,f4HbY,f4HBX,0
u3PTr.jpg,u3PTr,u3PTr,1
9km0w.jpg,9km0w,9kjdm,0
6A7TI.jpg,6A7TI,6A7Yi,0
I5Q5I.jpg,I5Q5I,C5yRF,0
P78J1.jpg,P78J1,P76JQ,0
yT36s.jpg,yT36s,wT36t,0
33UyG.jpg,33UyG,3ZDyc,0
vX4vQ.jpg,vX4vQ,jT4v0,0
6skLz.jpg,6skLz,69K1e,0
n2Z5t.jpg,n2Z5t,NPZ5I,0
4ik2W.jpg,4ik2W,9ik2V,0
B6TjN.jpg,B6TjN,B6TjA,0
6gTyi.jpg,6gTyi,0aTvi,0
E7EDN.jpg,E7EDN,f1soA,0
7Xv7p.jpg,7Xv7p,7Kv1p,0
poI41.jpg,poI41,poY4x,0
P57b0.jpg,P57b0,P5780,0
J089K.jpg,J089K,J7s9K,0
7zP66.jpg,7zP66,1vP6h,0
HMe4S.jpg,HMe4S,jAp73,0
OEcL4.jpg,OEcL4,QEcl4,0
e2D5v.jpg,e2D5v,mZD5v,0
4O6ah.jpg,4O6ah,4D6ah,0
Za2hv.jpg,Za2hv,zqPbV,0
y84yR.jpg,y84yR,y34vB,0
iX7n7.jpg,iX7n7,CK9nA,0
9O89W.jpg,9O89W,7D851,0
5FSjF.jpg,5FSjF,5tG0Z,0
Lid66.jpg,Lid66,LP35s,0
M7S78.jpg,M7S78,MyGJ8,0
46JfR.jpg,46JfR,46JtR,0
YNy5C.jpg,YNy5C,TAj2C,0
hFc6T.jpg,hFc6T,h2vpT,0
0G17R.jpg,0G17R,u612R,0
8ung2.jpg,8ung2,3ung2,0
1o2xt.jpg,1o2xt,To2xt,0
7dQb9.jpg,7dQb9,7dHb9,0
Ue41E.jpg,Ue41E,Ue4YE,0
2ZHI1.jpg,2ZHI1,oZwv1,0
0K7A2.jpg,0K7A2,0H7A2,0
zFYBs.jpg,zFYBs,4FY9s,0
X0598.jpg,X0598,K0h98,0
3Th2g.jpg,3Th2g,3Th2g,1
2WX36.jpg,2WX36,pWX36,0
jCT1T.jpg,jCT1T,p6q1T,0
FlBEb.jpg,FlBEb,P13cb,0
53eC9.jpg,53eC9,5WeC9,0
j80ki.jpg,j80ki,f30Ki,0
F7xL5.jpg,F7xL5,F7XL5,0
3F62P.jpg,3F62P,3f6nB,0
7ky16.jpg,7ky16,2ky16,0
9jli6.jpg,9jli6,qLVx6,0
q1YrA.jpg,q1YrA,g1YEA,0
Fk7SZ.jpg,Fk7SZ,Fk78Z,0
d92F9.jpg,d92F9,My2FD,0
1r4VT.jpg,1r4VT,jr4wT,0
UhAY1.jpg,UhAY1,UhATs,0
RPFV1.jpg,RPFV1,R0cU1,0
9VLOR.jpg,9VLOR,9V1DA,0
uhd2y.jpg,uhd2y,uhO2y,0
W43c0.jpg,W43c0,Wf3c0,0
8uu0G.jpg,8uu0G,8JuAG,0
E05Z8.jpg,E05Z8,E05z8,0
voRhy.jpg,voRhy,VcRb7,0
3DYAb.jpg,3DYAb,3DYAb,1
sZM6B.jpg,sZM6B,s2M6B,0
QBKjs.jpg,QBKjs,QBLj3,0
8L1UH.jpg,8L1UH,8LiyH,0
xuRzD.jpg,xuRzD,XuBzD,0
b9R5z.jpg,b9R5z,b9K21,0
3f1cB.jpg,3f1cB,3fYcD,0
w6nz5.jpg,w6nz5,W6h13,0
3YMg6.jpg,3YMg6,3mNg6,0
YNb4g.jpg,YNb4g,YNk2q,0
s2TmF.jpg,s2TmF,s2Ymf,0
3nKCu.jpg,3nKCu,3zKCu,0
76PkU.jpg,76PkU,76PKU,0
lb00U.jpg,lb00U,75aGU,0
Od2Ka.jpg,Od2Ka,6d2Hs,0
f209i.jpg,f209i,f20wJ,0
LskDS.jpg,LskDS,LsADo,0
8o3qo.jpg,8o3qo,8o3qh,0
Fpr2x.jpg,Fpr2x,Hur24,0
YM9em.jpg,YM9em,YMqem,0
Ntq29.jpg,Ntq29,Afaz5,0
34pqa.jpg,34pqa,24pGa,0
MF7FU.jpg,MF7FU,MT3Cb,0
36me1.jpg,36me1,36mP1,0
8582d.jpg,8582d,85K2m,0
JSyp3.jpg,JSyp3,JSvp3,0
noHN3.jpg,noHN3,nclN2,0
goU4s.jpg,goU4s,yoUA2,0
CZo8F.jpg,CZo8F,V7u8E,0
1OR5J.jpg,1OR5J,zCX5J,0
7mckE.jpg,7mckE,7mok5,0
752BF.jpg,752BF,v52Rf,0
8U2LV.jpg,8U2LV,8UzkY,0
4TtgU.jpg,4TtgU,4mfgU,0
Go7WS.jpg,Go7WS,C07W5,0
9bjwS.jpg,9bjwS,0biw3,0
JK930.jpg,JK930,JKW4o,0
0V6HF.jpg,0V6HF,0VsHP,0
YXnoY.jpg,YXnoY,jKmcv,0
DiIe6.jpg,DiIe6,BjTa8,0
5SHlo.jpg,5SHlo,5SVlm,0
3ovi9.jpg,3ovi9,3cmi9,0
sN7gs.jpg,sN7gs,aA7qv,0
7Zlfv.jpg,7Zlfv,A2lro,0
YE6Ro.jpg,YE6Ro,YEsHa,0
104h4.jpg,104h4,702b4,0
5ZmSR.jpg,5ZmSR,5ZmtR,0
Ix5c2.jpg,Ix5c2,1X5c2,0
48jPz.jpg,48jPz,43jPz,0
wONbY.jpg,wONbY,wcNbY,0
SW3y9.jpg,SW3y9,PW3y0,0
D5SO2.jpg,D5SO2,I5g02,0
YHZv0.jpg,YHZv0,YA2s0,0
ZfUU6.jpg,ZfUU6,2TDw6,0
ru9T5.jpg,ru9T5,ru9T5,1
5q2PW.jpg,5q2PW,5q2FH,0
f7Zv9.jpg,f7Zv9,f7Cv9,0
nKc74.jpg,nKc74,mKc74,0
XPonK.jpg,XPonK,ZF0nH,0
Cof9B.jpg,Cof9B,CaI9B,0
V7dGO.jpg,V7dGO,V7a6Q,0
7xD1Y.jpg,7xD1Y,AxD1Y,0
Wu3LT.jpg,Wu3LT,Wu8LT,0
nf8Hq.jpg,nf8Hq,wf3Hq,0
rv0lA.jpg,rv0lA,rvalA,0
mF5re.jpg,mF5re,WZ3re,0
SxIT7.jpg,SxIT7,8xbT2,0
1D8t4.jpg,1D8t4,1D6v4,0
8516e.jpg,8516e,8s16e,0
a6I9t.jpg,a6I9t,a6F9t,0
4dpT4.jpg,4dpT4,4GpTV,0
jEn1B.jpg,jEn1B,jZuYB,0
34LNE.jpg,34LNE,34LMF,0
NJ00C.jpg,NJ00C,As0bZ,0
1rtT9.jpg,1rtT9,hvtT8,0
9IPkT.jpg,9IPkT,0tFzY,0
Ne32d.jpg,Ne32d,Hj3Zd,0
U4Y2x.jpg,U4Y2x,U4Y2k,0
x54Ef.jpg,x54Ef,x50Cf,0
2RYoh.jpg,2RYoh,2RYob,0
fUjcb.jpg,fUjcb,fH3e7,0
PYnEf.jpg,PYnEf,DYa5i,0
sGGa1.jpg,sGGa1,bGKd1,0
2Bf0A.jpg,2Bf0A,2BF0A,0
T4bhY.jpg,T4bhY,z4bpV,0
KT0am.jpg,KT0am,Kf0am,0
n9bS4.jpg,n9bS4,m9LF4,0
Wb0w1.jpg,Wb0w1,W5ze1,0
a3699.jpg,a3699,aXh97,0
hL3Or.jpg,hL3Or,nL30P,0
82XDY.jpg,82XDY,82KDv,0
UgIg3.jpg,UgIg3,Qwfg5,0
yoQkn.jpg,yoQkn,JcQkn,0
s8Q7P.jpg,s8Q7P,s6C7P,0
WhN9g.jpg,WhN9g,YlM9a,0
3tcxR.jpg,3tcxR,9toxR,0
KG470.jpg,KG470,KG4y0,0
pMVv2.jpg,pMVv2,pNFu2,0
84eOy.jpg,84eOy,84eQX,0
8k43x.jpg,8k43x,6Lj2x,0
R5v4W.jpg,R5v4W,R5xjW,0
h1D3g.jpg,h1D3g,h7D3g,0
6W5Mm.jpg,6W5Mm,6VjAT,0
9d0yJ.jpg,9d0yJ,R4VxJ,0
dRrY4.jpg,dRrY4,0Rr74,0
18pN0.jpg,18pN0,1SZN0,0
aKpD8.jpg,aKpD8,zXpV8,0
B4n4G.jpg,B4n4G,57neG,0
2yafL.jpg,2yafL,2WaTL,0
cGBI3.jpg,cGBI3,zGBlN,0
9K6gP.jpg,9K6gP,9K0Gp,0
jM4DI.jpg,jM4DI,jMeDr,0
k204E.jpg,k204E,K2n4E,0
Cb8Vx.jpg,Cb8Vx,Cb8Vx,1
36fz8.jpg,36fz8,3GTzB,0
kv64r.jpg,kv64r,kVf4T,0
e8hrC.jpg,e8hrC,e3ArC,0
vg8Cb.jpg,vg8Cb,Vq3Cb,0
789C7.jpg,789C7,xB9C7,0
8A8nT.jpg,8A8nT,jA3wT,0
T8xXT.jpg,T8xXT,G64K7,0
m9Szf.jpg,m9Szf,m9BzF,0
EJ7Hx.jpg,EJ7Hx,C47Hx,0
G6iDN.jpg,G6iDN,G5iDX,0
nVBSm.jpg,nVBSm,hV2Sm,0
k1gSO.jpg,k1gSO,K1gSC,0
A5Ee1.jpg,A5Ee1,A5Eey,0
2aoSC.jpg,2aoSC,2aDSC,0
DQ2h4.jpg,DQ2h4,L02h4,0
uSdLN.jpg,uSdLN,vSdLH,0
07X0K.jpg,07X0K,m7Y0k,0
uS41v.jpg,uS41v,u84Tv,0
8144m.jpg,8144m,3I47m,0
yGNz1.jpg,yGNz1,aGN21,0
tqPjv.jpg,tqPjv,td2jV,0
pDfp5.jpg,pDfp5,Jmfb5,0
yG7Z7.jpg,yG7Z7,W6AZj,0
oCUO4.jpg,oCUO4,xEjo4,0
4zHx5.jpg,4zHx5,4ZHw5,0
RVeXX.jpg,RVeXX,BVcA4,0
2rKQG.jpg,2rKQG,2rVQL,0
68l9K.jpg,68l9K,C819A,0
f712U.jpg,f712U,f712U,1
5647C.jpg,5647C,5R47C,0
0062l.jpg,0062l,qW62l,0
T5150.jpg,T5150,mk150,0
84Iz9.jpg,84Iz9,B4jZ9,0
RgE4f.jpg,RgE4f,Rgv4f,0
bcKfo.jpg,bcKfo,brK1o,0
U0uN9.jpg,U0uN9,E0uH3,0
wMA00.jpg,wMA00,vM4i0,0
38Tfa.jpg,38Tfa,3a7fu,0
pencY.jpg,pencY,p4hCV,0
6uTDN.jpg,6uTDN,6z1LA,0
9PsP9.jpg,9PsP9,9PxH3,0
j10fO.jpg,j10fO,j2ufO,0
p60Al.jpg,p60Al,p60AI,0
X2jB0.jpg,X2jB0,K2JE0,0
vFr1p.jpg,vFr1p,uKs1D,0
GE9ia.jpg,GE9ia,CF9ia,0
c3YX4.jpg,c3YX4,c3YKh,0
7XsGI.jpg,7XsGI,7AsQf,0
oh43F.jpg,oh43F,0b43E,0
hNB44.jpg,hNB44,hmB4Q,0
ASl9s.jpg,ASl9s,ASt9z,0
SyaD6.jpg,SyaD6,31aD6,0
q5015.jpg,q5015,y4015,0
lxJ96.jpg,lxJ96,1XJ96,0
l0S7x.jpg,l0S7x,l0SZx,0
6gd3q.jpg,6gd3q,6Kd3q,0
5nEkf.jpg,5nEkf,9mO1F,0
yPm57.jpg,yPm57,XPm5i,0
g4CpH.jpg,g4CpH,q4CpH,0
bsSh5.jpg,bsSh5,be3W5,0
WQTXZ.jpg,WQTXZ,yOFXc,0
ZN8Zo.jpg,ZN8Zo,FK8Lo,0
K19ub.jpg,K19ub,KT9ab,0
K789j.jpg,K789j,K789j,1
rjkQg.jpg,rjkQg,mjK0g,0
p4v91.jpg,p4v91,p4v91,1
jvj29.jpg,jvj29,NVj29,0
Z8nwG.jpg,Z8nwG,2jhMC,0
4889H.jpg,4889H,408ZK,0
GL056.jpg,GL056,YI05N,0
1tk0r.jpg,1tk0r,1BK0r,0
Rhjw4.jpg,Rhjw4,Rhjw4,1
O533o.jpg,O533o,Q5m3o,0
o7pt4.jpg,o7pt4,o7pt4,1
UJixU.jpg,UJixU,qeIKL,0
i3P5E.jpg,i3P5E,i3P5e,0
ToQh2.jpg,ToQh2,ToQb2,0
7QD31.jpg,7QD31,XQD8i,0
Mca6z.jpg,Mca6z,Acn52,0
FZRVa.jpg,FZRVa,i2AMa,0
05UW6.jpg,05UW6,05UM6,0
94G95.jpg,94G95,v4GX5,0
t5hBT.jpg,t5hBT,t5n87,0
SxnPb.jpg,SxnPb,SxnPb,1
G046X.jpg,G046X,GDz6X,0
k2KX3.jpg,k2KX3,k2FX3,0
algET.jpg,algET,ulgEW,0
7YuY7.jpg,7YuY7,7Xa8N,0
5tdu2.jpg,5tdu2,5tdmP,0
1vSm4.jpg,1vSm4,lVSnX,0
1Ro66.jpg,1Ro66,1AaU6,0
622v4.jpg,622v4,6z3V4,0
dg7N9.jpg,dg7N9,dr7M9,0
KHy51.jpg,KHy51,KHY5j,0
04C86.jpg,04C86,04C36,0
Q3TcM.jpg,Q3TcM,021cM,0
1Xfzv.jpg,1Xfzv,1XF2v,0
20RNm.jpg,20RNm,20RMm,0
h09nw.jpg,h09nw,k02pw,0
18WGb.jpg,18WGb,18WCb,0
4As11.jpg,4As11,9AvTY,0
6655Q.jpg,6655Q,bZj3V,0
13ZT1.jpg,13ZT1,13ZTc,0
942TE.jpg,942TE,9421E,0
Ri5g1.jpg,Ri5g1,X75gI,0
iaMbU.jpg,iaMbU,iaM50,0
dM2aE.jpg,dM2aE,dV28E,0
Sqiyp.jpg,Sqiyp,3Qixp,0
hNkFs.jpg,hNkFs,bAkF3,0
91xM2.jpg,91xM2,91xM2,1
11g5J.jpg,11g5J,0Yg3J,0
wp22n.jpg,wp22n,VpZjh,0
RQkX2.jpg,RQkX2,T0Ea2,0
pfKO2.jpg,pfKO2,rfK02,0
9Wvc5.jpg,9Wvc5,9WvET,0
oKAcP.jpg,oKAcP,bK7cP,0
jRHm7.jpg,jRHm7,xR9qC,0
FaLU3.jpg,FaLU3,FefU3,0
wxDPA.jpg,wxDPA,WXLF4,0
6B5F8.jpg,6B5F8,4Myl8,0
K3MH0.jpg,K3MH0,K2MH0,0
BmLoC.jpg,BmLoC,BmI4C,0
4B6K8.jpg,4B6K8,4BCK3,0
Cqwd2.jpg,Cqwd2,C1wJ2,0
76IEf.jpg,76IEf,26VEf,0
V414x.jpg,V414x,V4jox,0
1TE30.jpg,1TE30,jTE30,0
3u5bG.jpg,3u5bG,7usbG,0
5RNPU.jpg,5RNPU,5RxpU,0
k7O8g.jpg,k7O8g,k7O6g,0
QT9bK.jpg,QT9bK,Q19bH,0
H4UjR.jpg,H4UjR,340iR,0
R6mgk.jpg,R6mgk,K6myk,0
yFxMf.jpg,yFxMf,y5aAC,0
J7SE2.jpg,J7SE2,J7SE2,1
u9rFN.jpg,u9rFN,u3zEA,0
E6xY1.jpg,E6xY1,E5aV1,0
LD3ep.jpg,LD3ep,LD3wp,0
6q88p.jpg,6q88p,6qX8p,0
PJ1RJ.jpg,PJ1RJ,PJtKa,0
bZXW0.jpg,bZXW0,pZSW0,0
6iaWE.jpg,6iaWE,6iaME,0
L9FU8.jpg,L9FU8,iyFU6,0
g7Z8Q.jpg,g7Z8Q,n7Z30,0
j9otn.jpg,j9otn,iVoMn,0
QCJrp.jpg,QCJrp,OKJrp,0
k1EF7.jpg,k1EF7,k18Y0,0
TJw3N.jpg,TJw3N,TJWSN,0
xATaD.jpg,xATaD,xAjqD,0
2nYFx.jpg,2nYFx,2nVFx,0
25vwP.jpg,25vwP,2bvmP,0
3c76n.jpg,3c76n,Xe7Qh,0
eRLdD.jpg,eRLdD,9BldV,0
XRnkO.jpg,XRnkO,XRntO,0
kw0q6.jpg,kw0q6,kw0g5,0
DEcro.jpg,DEcro,DEqx3,0
z5YFk.jpg,z5YFk,a5YPK,0
c0924.jpg,c0924,C0y24,0
E90Fr.jpg,E90Fr,B30Pn,0
L5bo2.jpg,L5bo2,L5Mo2,0
O4Nlm.jpg,O4Nlm,D4Njm,0
wH5Zh.jpg,wH5Zh,wH5Z0,0
oO6pK.jpg,oO6pK,a76jK,0
g8n9W.jpg,g8n9W,g6r3H,0
GjTd4.jpg,GjTd4,6jTu4,0
8eJ92.jpg,8eJ92,8ej92,0
nNYPz.jpg,nNYPz,uMYFz,0
13o8V.jpg,13o8V,1Jn8V,0
aI16z.jpg,aI16z,mlV6Z,0
9bf6j.jpg,9bf6j,9br4V,0
u1f1q.jpg,u1f1q,M3C1q,0
39YG6.jpg,39YG6,3NYCk,0
5XNO7.jpg,5XNO7,5XHC7,0
BZc52.jpg,BZc52,BxC52,0
0nSA3.jpg,0nSA3,0mSk1,0
WlP4z.jpg,WlP4z,MkB4z,0
S7PbL.jpg,S7PbL,G7WuL,0
x1MaA.jpg,x1MaA,xTmaA,0
ee6J1.jpg,ee6J1,em531,0
SP1wB.jpg,SP1wB,SF1vB,0
UTCpu.jpg,UTCpu,UTCpq,0
Sd7Mk.jpg,Sd7Mk,3d7AL,0
T0Kdm.jpg,T0Kdm,50Kim,0
0Nog5.jpg,0Nog5,Q1ay3,0
eql8M.jpg,eql8M,ey18M,0
XFoc3.jpg,XFoc3,XFnc3,0
ucgl2.jpg,ucgl2,uCg12,0
jXvl6.jpg,jXvl6,jKwL6,0
66n97.jpg,66n97,dWx97,0
tN7Aa.jpg,tN7Aa,tH9ha,0
8odK3.jpg,8odK3,Eo4K3,0
tpDQ7.jpg,tpDQ7,tpH07,0
7Ns2Q.jpg,7Ns2Q,THs20,0
l4480.jpg,l4480,T4h80,0
20gB7.jpg,20gB7,2jeK7,0
Y11gF.jpg,Y11gF,X31eE,0
JobtR.jpg,JobtR,jobt8,0
UvI00.jpg,UvI00,Uv1Qc,0
Itv16.jpg,Itv16,Tkvj6,0
1J64X.jpg,1J64X,tJ64K,0
T4058.jpg,T4058,m4058,0
u7N4u.jpg,u7N4u,67N4u,0
X4l2f.jpg,X4l2f,K4j2S,0
b8SMD.jpg,b8SMD,b3FMD,0
Qz7ZP.jpg,Qz7ZP,Qr76P,0
6pbYE.jpg,6pbYE,6pu7E,0
l80W1.jpg,l80W1,l8ow7,0
Ufxbp.jpg,Ufxbp,Qfx5p,0
tu7D7.jpg,tu7D7,taZDj,0
egIin.jpg,egIin,eg7Um,0
G343y.jpg,G343y,634Xv,0
A3CAe.jpg,A3CAe,43vME,0
oexXj.jpg,oexXj,0e4Xj,0
9G2eQ.jpg,9G2eQ,9G2aQ,0
4L369.jpg,4L369,4L369,1
UXY52.jpg,UXY52,UxY62,0
4EquT.jpg,4EquT,4BguP,0
aLUAu.jpg,aLUAu,oTUAy,0
4qBWc.jpg,4qBWc,4JBWc,0
Gt725.jpg,Gt725,Gi72X,0
ov7EC.jpg,ov7EC,9V7EQ,0
5Ny72.jpg,5Ny72,5Nv72,0
ojwoV.jpg,ojwoV,ojm3V,0
5r734.jpg,5r734,5K734,0
191B2.jpg,191B2,1v4B2,0
MXd77.jpg,MXd77,DXdj7,0
0J4B9.jpg,0J4B9,nJ4B9,0
qO265.jpg,qO265,Nt265,0
KPi07.jpg,KPi07,KEi07,0
Y7nyv.jpg,Y7nyv,k7nYv,0
5eai5.jpg,5eai5,kCaY5,0
2H8eq.jpg,2H8eq,2H8ey,0
4P3EA.jpg,4P3EA,uP3bA,0
JRcH0.jpg,JRcH0,3KCH0,0
tK15S.jpg,tK15S,tKT58,0
8eJYY.jpg,8eJYY,6eJKY,0
3Pf7Z.jpg,3Pf7Z,3Pt7Z,0
VDaD6.jpg,VDaD6,XPaH5,0
340IN.jpg,340IN,240EM,0
ZFBA3.jpg,ZFBA3,ZFjA3,0
31Sxm.jpg,31Sxm,3I6zW,0
yGuwZ.jpg,yGuwZ,y6hw2,0
ltyLb.jpg,ltyLb,TeyLb,0
59549.jpg,59549,5QT4N,0
47GiU.jpg,47GiU,42CiU,0
Sg7qh.jpg,Sg7qh,Sg7mh,0
2mLVw.jpg,2mLVw,2RiVw,0
BsO5e.jpg,BsO5e,BsV5e,0
3JbBq.jpg,3JbBq,3JLKQ,0
q1wje.jpg,q1wje,qTwke,0
MHKOg.jpg,MHKOg,2NKCy,0
3szoJ.jpg,3szoJ,3sZQI,0
Mhrb4.jpg,Mhrb4,wHr54,0
2dYOV.jpg,2dYOV,zHTOV,0
mkG21.jpg,mkG21,mKC2f,0
358UA.jpg,358UA,1z8Uw,0
916V3.jpg,916V3,916W3,0
BGLI4.jpg,BGLI4,8CLj4,0
2Wvp2.jpg,2Wvp2,AWxp2,0
zjD99.jpg,zjD99,2jDo9,0
OP1ui.jpg,OP1ui,0B3ui,0
G4S5e.jpg,G4S5e,C4w5e,0
e5z2e.jpg,e5z2e,e5i2U,0
j57I4.jpg,j57I4,L57w4,0
FitY6.jpg,FitY6,Eu1Y5,0
py2n8.jpg,py2n8,DYZm3,0
0E0Ki.jpg,0E0Ki,05pK1,0
LGtH9.jpg,LGtH9,L6xH3,0
yg7Oz.jpg,yg7Oz,K9702,0
335yn.jpg,335yn,345Ym,0
9kC3Y.jpg,9kC3Y,9k63T,0
4wAXO.jpg,4wAXO,4wNX0,0
0EW4t.jpg,0EW4t,05K4t,0
O7Lr2.jpg,O7Lr2,Q5fy3,0
bAF7s.jpg,bAF7s,bAF7s,1
4R7Q3.jpg,4R7Q3,4R7Q3,1
ols36.jpg,ols36,oIS36,0
4di9w.jpg,4di9w,4Bi9m,0
Ug5LZ.jpg,Ug5LZ,Uu5iX,0
FRf72.jpg,FRf72,TRt72,0
qpGAt.jpg,qpGAt,awZAt,0
3lA93.jpg,3lA93,8tA95,0
5KA0Y.jpg,5KA0Y,5K40V,0
94R59.jpg,94R59,94R5Q,0
aY52D.jpg,aY52D,aY52D,1
YJE5l.jpg,YJE5l,VaC5i,0
z9JEy.jpg,z9JEy,z9JEu,0
3MejB.jpg,3MejB,3Mclh,0
YQrdN.jpg,YQrdN,ZCrdH,0
mY074.jpg,mY074,mY074,1
aA2y8.jpg,aA2y8,a4ZV6,0
eJuHS.jpg,eJuHS,eJuHZ,0
VuCj2.jpg,VuCj2,VqC12,0
n1MSD.jpg,n1MSD,njMSD,0
le22L.jpg,le22L,Tex2L,0
dZTs8.jpg,dZTs8,dZTs8,1
aA9Js.jpg,aA9Js,aA9Js,1
X2OKZ.jpg,X2OKZ,X20ht,0
wmDLQ.jpg,wmDLQ,me3LG,0
b0nHJ.jpg,b0nHJ,b0xHJ,0
e7203.jpg,e7203,yiZ03,0
4xYlr.jpg,4xYlr,43VLr,0
z69oM.jpg,z69oM,zG5oM,0
2LJ02.jpg,2LJ02,SLT02,0
Bc78v.jpg,Bc78v,Dc78V,0
1U6Tm.jpg,1U6Tm,1H63m,0
q87i7.jpg,q87i7,q8Ai7,0
3aFUu.jpg,3aFUu,XaEWu,0
rulZ8.jpg,rulZ8,rW1Z3,0
5VlNB.jpg,5VlNB,SviNp,0
p3S3i.jpg,p3S3i,mHS21,0
yf6T9.jpg,yf6T9,vk6T9,0
Z3Jx3.jpg,Z3Jx3,ZGdn3,0
eA32k.jpg,eA32k,Oy321,0
a43F1.jpg,a43F1,a4sE1,0
0a5Jz.jpg,0a5Jz,0a5YZ,0
J3s79.jpg,J3s79,J3e79,0
0h2MC.jpg,0h2MC,0h2xC,0
m0j4d.jpg,m0j4d,m0F4o,0
idgob.jpg,idgob,idgzb,0
2IiYo.jpg,2IiYo,2F4V0,0
qhkNW.jpg,qhkNW,qjkN2,0
6K71c.jpg,6K71c,6K7lc,0
38dvP.jpg,38dvP,k8dVD,0
15WAJ.jpg,15WAJ,13WAd,0
ocy87.jpg,ocy87,0smB7,0
I51Bc.jpg,I51Bc,V54RC,0
66OK8.jpg,66OK8,Ge7Kj,0
0oMbe.jpg,0oMbe,0qK5e,0
36Y83.jpg,36Y83,xGVBJ,0
Jc7b5.jpg,Jc7b5,Je7l5,0
bmx3h.jpg,bmx3h,6mx3N,0
5g3yq.jpg,5g3yq,5p3vq,0
W63u5.jpg,W63u5,W63y5,0
r10kc.jpg,r10kc,m1Dkc,0
7cw4j.jpg,7cw4j,70m4j,0
6Exo7.jpg,6Exo7,0Exo7,0
IzpF6.jpg,IzpF6,1xgE0,0
03wKZ.jpg,03wKZ,D3wKZ,0
XjfIO.jpg,XjfIO,KjfT0,0
z84qc.jpg,z84qc,z34qC,0
IdzWb.jpg,IdzWb,1dxWb,0
R7xvE.jpg,R7xvE,R7xWb,0
1so32.jpg,1so32,1so3R,0
V4e1H.jpg,V4e1H,Y4E7H,0
077Zs.jpg,077Zs,0mFLs,0
h3hJJ.jpg,h3hJJ,h8w7j,0
U57Bf.jpg,U57Bf,U57Bf,1
sIaY9.jpg,sIaY9,3f0M4,0
ydfsa.jpg,ydfsa,YOfsa,0
8220T.jpg,8220T,R2k01,0
QwV9M.jpg,QwV9M,0wV2M,0
MDKNc.jpg,MDKNc,MDF3c,0
ETyWk.jpg,ETyWk,CayWK,0
ZZTbA.jpg,ZZTbA,e7TbA,0
1Q02R.jpg,1Q02R,1G02B,0
6Aopj.jpg,6Aopj,5AvpI,0
T7cIJ.jpg,T7cIJ,T76ka,0
drXwO.jpg,drXwO,BFX4C,0
t6Nfw.jpg,t6Nfw,16Afy,0
G54x4.jpg,G54x4,GP0x4,0
RUSyF.jpg,RUSyF,RU3yf,0
hp5r7.jpg,hp5r7,ba5c7,0
9CX7B.jpg,9CX7B,9CK7B,0
h4o9n.jpg,h4o9n,hC29U,0
etIRL.jpg,etIRL,9vYAL,0
AeJMi.jpg,AeJMi,noTMi,0
23JMy.jpg,23JMy,Z3fHV,0
3a9zM.jpg,3a9zM,3uGrK,0
p07bG.jpg,p07bG,pA15C,0
vRrGa.jpg,vRrGa,yRrGu,0
sJZpM.jpg,sJZpM,SJ2pA,0
U6R8X.jpg,U6R8X,UjFsX,0
PfFJR.jpg,PfFJR,PzFJK,0
3hREL.jpg,3hREL,3hBoC,0
3c387.jpg,3c387,3mMK7,0
bA033.jpg,bA033,bACzJ,0
GO629.jpg,GO629,LO62g,0
23J8r.jpg,23J8r,25JGr,0
PXpIs.jpg,PXpIs,FKbLS,0
W029K.jpg,W029K,W03Cj,0
nPWo6.jpg,nPWo6,hDYo6,0
o7102.jpg,o7102,R7102,0
8J460.jpg,8J460,8l4KO,0
VkayP.jpg,VkayP,UKayD,0
cY9L6.jpg,cY9L6,CY918,0
xH9jf.jpg,xH9jf,XA9jf,0
eG8FN.jpg,eG8FN,vG3FA,0
2r3mb.jpg,2r3mb,2f3my,0
NGMyA.jpg,NGMyA,NGZy4,0
32yq2.jpg,32yq2,32YGA,0
OqAnD.jpg,OqAnD,Cg4wB,0
e89Gw.jpg,e89Gw,e8qCw,0
GZoCT.jpg,GZoCT,qkpCT,0
1902C.jpg,1902C,190ZC,0
OAGI5.jpg,OAGI5,OAvI5,0
i9V1j.jpg,i9V1j,i9Mzj,0
16DIe.jpg,16DIe,75Diw,0
j2CVB.jpg,j2CVB,jZCVB,0
8vD8G.jpg,8vD8G,B1D2C,0
eJML8.jpg,eJML8,QJMt2,0
s0VB5.jpg,s0VB5,u0VX5,0
JPmDX.jpg,JPmDX,JPmCX,0
Nr141.jpg,Nr141,Mp261,0
5W2yt.jpg,5W2yt,5M2yr,0
Go15Z.jpg,Go15Z,GaH52,0
991an.jpg,991an,qP1ar,0
V7g4k.jpg,V7g4k,V7g4h,0
ls4Pl.jpg,ls4Pl,lsXRG,0
aOjRj.jpg,aOjRj,aO4Kj,0
l18yi.jpg,l18yi,CX6nj,0
rgV7t.jpg,rgV7t,rgM71,0
0fFRx.jpg,0fFRx,0tFKz,0
jd78n.jpg,jd78n,jd78m,0
lwvU4.jpg,lwvU4,IWsU4,0
C0T6c.jpg,C0T6c,J0X6t,0
PhqD0.jpg,PhqD0,21gOW,0
Nxax6.jpg,Nxax6,Nkay6,0
lA13y.jpg,lA13y,LAf3y,0
ZBHeU.jpg,ZBHeU,ZBNaU,0
dm66U.jpg,dm66U,yscAY,0
ZyVII.jpg,ZyVII,Zyw5N,0
467r9.jpg,467r9,u57r9,0
AEJ5E.jpg,AEJ5E,AZJ5H,0
EXJaX.jpg,EXJaX,EVJ4X,0
bANO7.jpg,bANO7,54KCz,0
FG5s4.jpg,FG5s4,EG5v4,0
6X9rU.jpg,6X9rU,6X9jU,0
F2ouz.jpg,F2ouz,F8Quz,0
yWku2.jpg,yWku2,jWku2,0
Lt14C.jpg,Lt14C,krT4Q,0
V1VRK.jpg,V1VRK,u1WpK,0
vN5FB.jpg,vN5FB,aA5P1,0
nN69C.jpg,nN69C,iA52C,0
NKw0D.jpg,NKw0D,JKwtP,0
nYihL.jpg,nYihL,eYthE,0
9V80K.jpg,9V80K,3Uz0K,0
w9Uhf.jpg,w9Uhf,w3Uhf,0
Q2HTJ.jpg,Q2HTJ,02HTJ,0
JFmp8.jpg,JFmp8,JEWp8,0
0j7PH.jpg,0j7PH,0ix2H,0
3zl3o.jpg,3zl3o,92lho,0
slL2T.jpg,slL2T,qjL2V,0
33FOy.jpg,33FOy,34FGY,0
7QbqT.jpg,7QbqT,7Gbar,0
Y2b77.jpg,Y2b77,VeBFG,0
kl4vL.jpg,kl4vL,KP4M1,0
9t0io.jpg,9t0io,VLDi2,0
T3Q0X.jpg,T3Q0X,P2GpK,0
68h6M.jpg,68h6M,g8hvM,0
XdoOc.jpg,XdoOc,KdnDc,0
SY238.jpg,SY238,SW236,0
1796g.jpg,1796g,t796e,0
oqA5s.jpg,oqA5s,OyAF3,0
Kry96.jpg,Kry96,Krj96,0
u7vEc.jpg,u7vEc,u7xEc,0
O7A7x.jpg,O7A7x,0SA7s,0
B7Vb4.jpg,B7Vb4,B7VC4,0
Crv28.jpg,Crv28,CHv28,0
9Dolq.jpg,9Dolq,9D21v,0
1G594.jpg,1G594,ICF94,0
j92uH.jpg,j92uH,i92uH,0
21psM.jpg,21psM,21nSM,0
8jjJb.jpg,8jjJb,8jPq6,0
r6WO6.jpg,r6WO6,i4VDe,0
7841N.jpg,7841N,784PM,0
ri6Cz.jpg,ri6Cz,rl6Ca,0
pgbbb.jpg,pgbbb,P9LKs,0
3RFlH.jpg,3RFlH,2QFLH,0
Cr4Qy.jpg,Cr4Qy,cr40V,0
61175.jpg,61175,01mZ5,0
yK978.jpg,yK978,aH978,0
61cp6.jpg,61cp6,01CWZ,0
5s5ms.jpg,5s5ms,5rXms,0
i2981.jpg,i2981,r2081,0
5Vs4B.jpg,5Vs4B,KVs4B,0
egOd9.jpg,egOd9,cg04Y,0
rFWw7.jpg,rFWw7,8EWu1,0
iMFjB.jpg,iMFjB,iMFyB,0
1xN9Y.jpg,1xN9Y,1xn6V,0
8RmW9.jpg,8RmW9,8FjM9,0
Rb72P.jpg,Rb72P,Ab72O,0
hcAT4.jpg,hcAT4,WcXT4,0
ON6u9.jpg,ON6u9,OM5u9,0
07B6F.jpg,07B6F,02R6F,0
cFY46.jpg,cFY46,eFY46,0
gWx3v.jpg,gWx3v,gWX2v,0
0ubjR.jpg,0ubjR,0u5jB,0
2L09x.jpg,2L09x,210Sx,0
oGMY2.jpg,oGMY2,oGMY2,1
P3WJ3.jpg,P3WJ3,CSMj8,0
876e6.jpg,876e6,37Cv6,0
z5fE5.jpg,z5fE5,2wfH5,0
8lny0.jpg,8lny0,3ImY0,0
QRgTp.jpg,QRgTp,0RyIp,0
0O8LR.jpg,0O8LR,0w81F,0
cVfHe.jpg,cVfHe,cVjNa,0
HJ1HO.jpg,HJ1HO,HJ1K0,0
7NPcG.jpg,7NPcG,3APeG,0
8NcJX.jpg,8NcJX,8NCJx,0
3m1na.jpg,3m1na,3WlnX,0
wL4oz.jpg,wL4oz,WlA02,0
N08M7.jpg,N08M7,h05m1,0
DHIWw.jpg,DHIWw,BHfWs,0
h10VP.jpg,h10VP,kT0V2,0
ZwFx8.jpg,ZwFx8,ZVFj8,0
gx527.jpg,gx527,pw527,0
YDv8P.jpg,YDv8P,1Dv6F,0
J950h.jpg,J950h,j9sQh,0
Xa50t.jpg,Xa50t,Ka50f,0
3a96S.jpg,3a96S,7a96S,0
Ojhyh.jpg,Ojhyh,0iNY5,0
vu0hv.jpg,vu0hv,Vs0hX,0
RFlvr.jpg,RFlvr,AfLyr,0
g4PIt.jpg,g4PIt,g4wjt,0
ftoc5.jpg,ftoc5,7toC5,0
5DaNO.jpg,5DaNO,5TaH0,0
28G24.jpg,28G24,28Cr4,0
rEKlW.jpg,rEKlW,rEKIU,0
qKjB8.jpg,qKjB8,qkjR9,0
NGzcb.jpg,NGzcb,AG2c5,0
cY5Cb.jpg,cY5Cb,cy3Qb,0
7aOsc.jpg,7aOsc,7aCse,0
C1UmK.jpg,C1UmK,C13mK,0
48RW0.jpg,48RW0,43RV0,0
6O6K5.jpg,6O6K5,i06H5,0
c08ob.jpg,c08ob,cQ3qb,0
M40V0.jpg,M40V0,Ms2j0,0
3jA2c.jpg,3jA2c,3JA2c,0
Y0o37.jpg,Y0o37,Vme3Z,0
XQvSQ.jpg,XQvSQ,XduSq,0
T346X.jpg,T346X,F240K,0
184yb.jpg,184yb,124yb,0
gk1gq.jpg,gk1gq,ZK1dn,0
A0IqN.jpg,A0IqN,A0IcH,0
360S3.jpg,360S3,26mSi,0
Az4K7.jpg,Az4K7,Ac1KG,0
sy5wJ.jpg,sy5wJ,8y5mT,0
oXJ0x.jpg,oXJ0x,c7JUx,0
kuYxp.jpg,kuYxp,EhTxp,0
Im6TK.jpg,Im6TK,Jm63K,0
yoi73.jpg,yoi73,Weh73,0
7Txw9.jpg,7Txw9,7Txm9,0
P664V.jpg,P664V,PsbjV,0
m1D3G.jpg,m1D3G,Kfb36,0
god8V.jpg,god8V,gndkV,0
rlB1R.jpg,rlB1R,rlo3A,0
65fgI.jpg,65fgI,65rqI,0
2oR3p.jpg,2oR3p,zvk3p,0
41716.jpg,41716,4N7Ln,0
X3QKA.jpg,X3QKA,H3CKA,0
8Ai7I.jpg,8Ai7I,34i7r,0
WP6sS.jpg,WP6sS,HP013,0
uzRJ4.jpg,uzRJ4,u2BJ4,0
usunW.jpg,usunW,vsgpW,0
HF91n.jpg,HF91n,HE91a,0
5rcNI.jpg,5rcNI,3pCA1,0
Ry2jt.jpg,Ry2jt,Ku2j6,0
Q51cl.jpg,Q51cl,z50uk,0
7GGc0.jpg,7GGc0,7Gdr0,0
UR4y3.jpg,UR4y3,UP4Y3,0
227SU.jpg,227SU,29TSU,0
0h6mp.jpg,0h6mp,0N5je,0
BSudq.jpg,BSudq,BSwdg,0
7aj7e.jpg,7aj7e,Za1Vc,0
syN5l.jpg,syN5l,3yAof,0
zr2Dg.jpg,zr2Dg,LF2D6,0
3FUuu.jpg,3FUuu,3FOhe,0
HtpI9.jpg,HtpI9,HvpI9,0
1ZfZ2.jpg,1ZfZ2,1zr69,0
iIh6m.jpg,iIh6m,zYh6m,0
IQ8qM.jpg,IQ8qM,lO8qM,0
S7SJ3.jpg,S7SJ3,67RUa,0
V8tqi.jpg,V8tqi,W2fqj,0
4HYQj.jpg,4HYQj,4KTCi,0
sMz2F.jpg,sMz2F,QMx2F,0
1yOOv.jpg,1yOOv,1zcPM,0
8z2Sc.jpg,8z2Sc,Wz290,0
XwG5Q.jpg,XwG5Q,Kwc5O,0
48YK5.jpg,48YK5,42TK5,0
kkC48.jpg,kkC48,ksC48,0
W4RKD.jpg,W4RKD,W4RFD,0
Jwqal.jpg,Jwqal,JK62t,0
zCW8y.jpg,zCW8y,ZCN3y,0
3q1F9.jpg,3q1F9,3GLF9,0
WPTJ6.jpg,WPTJ6,K2Ta5,0
H1kb0.jpg,H1kb0,HYke0,0
f5muQ.jpg,f5muQ,f5mvQ,0
0eCE9.jpg,0eCE9,XzCF9,0
F7ilr.jpg,F7ilr,R7jIn,0
1gy8x.jpg,1gy8x,1gm8K,0
uv3Mb.jpg,uv3Mb,uy2Mb,0
o3F5R.jpg,o3F5R,u3j5K,0
MzVI7.jpg,MzVI7,MgTf9,0
8d1jC.jpg,8d1jC,8dVzC,0
rZNEt.jpg,rZNEt,n2WE1,0
RZ05d.jpg,RZ05d,N203d,0
7oCI3.jpg,7oCI3,7oGk3,0
kJNlp.jpg,kJNlp,kJACo,0
gM5Oh.jpg,gM5Oh,g450h,0
g64PS.jpg,g64PS,g6zDS,0
7gRu2.jpg,7gRu2,YgRw2,0
9FBFz.jpg,9FBFz,9JBTx,0
1uNjm.jpg,1uNjm,TaKim,0
2fwTA.jpg,2fwTA,2CmTA,0
9LUZO.jpg,9LUZO,9iWXC,0
v2T8Z.jpg,v2T8Z,v2T87,0
38Umq.jpg,38Umq,A8Lrq,0
EbyyS.jpg,EbyyS,E0Wys,0
E5epT.jpg,E5epT,E5aM7,0
JMiq1.jpg,JMiq1,DMig7,0
u1kw7.jpg,u1kw7,u1kW7,0
qkZhF.jpg,qkZhF,Qk2hF,0
o6Pfx.jpg,o6Pfx,o4PfK,0
ed6C6.jpg,ed6C6,edQYb,0
rY5BN.jpg,rY5BN,c1k8M,0
n3hUe.jpg,n3hUe,R3hUc,0
G16kE.jpg,G16kE,C1nMP,0
cb7S7.jpg,cb7S7,CbJ8W,0
846Wh.jpg,846Wh,34EVh,0
3bGvC.jpg,3bGvC,3bGVf,0
74phF.jpg,74phF,z4PWf,0
y0Aei.jpg,y0Aei,7D4c3,0
w6tk1.jpg,w6tk1,W6tK1,0
a1sPU.jpg,a1sPU,a75PU,0
av567.jpg,av567,aV5G7,0
Xv4ht.jpg,Xv4ht,2V4hC,0
71sTq.jpg,71sTq,71sDq,0
3gM6n.jpg,3gM6n,2yV6r,0
b0SFG.jpg,b0SFG,b03FC,0
wkcmr.jpg,wkcmr,vkSmf,0
Mm06G.jpg,Mm06G,Ar06C,0
fpD49.jpg,fpD49,fvD47,0
k07Jp.jpg,k07Jp,KQ7Uo,0
y2uZv.jpg,y2uZv,y2uSt,0
0QuzA.jpg,0QuzA,0QuzA,1
925mW.jpg,925mW,923RW,0
6eAW3.jpg,6eAW3,6eAV3,0
AN0gF.jpg,AN0gF,4w0gE,0
I38oM.jpg,I38oM,fx8pM,0
R57F1.jpg,R57F1,R3ZF1,0
K24UT.jpg,K24UT,Gc4ur,0
29JGM.jpg,29JGM,z9IGM,0
62Tva.jpg,62Tva,621ua,0
BHR1F.jpg,BHR1F,6HQLF,0
Ums1X.jpg,Ums1X,Um87A,0
XU3P9.jpg,XU3P9,MG5Fn,0
O48FF.jpg,O48FF,048YF,0
x193S.jpg,x193S,w193p,0
v3eSb.jpg,v3eSb,V3zcb,0
1Zmkp.jpg,1Zmkp,1zmKp,0
TmfFQ.jpg,TmfFQ,TmfkQ,0
C7x9i.jpg,C7x9i,C7x3i,0
BjZhb.jpg,BjZhb,8j2Hb,0
Ap1gf.jpg,Ap1gf,Apxqf,0
9Blu0.jpg,9Blu0,9Kjs0,0
M2vk8.jpg,M2vk8,W2vk8,0
3AEs7.jpg,3AEs7,2NEe7,0
7i2YP.jpg,7i2YP,7i2vD,0
h0aj9.jpg,h0aj9,H0sf9,0
6f1cT.jpg,6f1cT,6fjaT,0
rZg99.jpg,rZg99,rZH9V,0
3Wb8N.jpg,3Wb8N,JvD6A,0
efi4g.jpg,efi4g,uFj4g,0
iqHz2.jpg,iqHz2,iqHJP,0
cgT4d.jpg,cgT4d,CgR2U,0
yeIrT.jpg,yeIrT,VakrT,0
31K21.jpg,31K21,3NK21,0
k6s71.jpg,k6s71,m6s71,0
c2yJn.jpg,c2yJn,c214n,0
iq4D6.jpg,iq4D6,iq4D6,1
ecfh6.jpg,ecfh6,z9TA6,0
14yHt.jpg,14yHt,14yHC,0
pTC0S.jpg,pTC0S,jTG0s,0
rZ2y8.jpg,rZ2y8,rz2V8,0
M7774.jpg,M7774,HGp7a,0
Z9EVA.jpg,Z9EVA,29FwA,0
ZVup3.jpg,ZVup3,2Mup3,0
51B1O.jpg,51B1O,5xRlC,0
A75Ai.jpg,A75Ai,475Ai,0
6dEPl.jpg,6dEPl,6dxF1,0
3K255.jpg,3K255,AK7t5,0
6u5c9.jpg,6u5c9,6Ukr9,0
j7yst.jpg,j7yst,A7q5t,0
rx4z7.jpg,rx4z7,rU4S7,0
60y11.jpg,60y11,50w21,0
7F4F8.jpg,7F4F8,7i4K6,0
n1b5w.jpg,n1b5w,m1bSv,0
g8ZS1.jpg,g8ZS1,n8Z51,0
OqTA3.jpg,OqTA3,CgIh3,0
hIm0M.jpg,hIm0M,him0M,0
8a905.jpg,8a905,8A905,0
VWOfN.jpg,VWOfN,VKOfh,0
lzTi1.jpg,lzTi1,WzOj9,0
075W6.jpg,075W6,075Kt,0
wh62j.jpg,wh62j,wh62j,1
k2fGK.jpg,k2fGK,v2f6K,0
1e83h.jpg,1e83h,7c63h,0
6Zo43.jpg,6Zo43,hZaj3,0
PKDy9.jpg,PKDy9,FHBz3,0
Nis0d.jpg,Nis0d,Hf3Qd,0
tUjh7.jpg,tUjh7,twjb7,0
vTJ1s.jpg,vTJ1s,vTJh5,0
434US.jpg,434US,4jrUS,0
3obT0.jpg,3obT0,2ch1Q,0
9Pw06.jpg,9Pw06,3FW0c,0
22501.jpg,22501,w2s0j,0
cyIqs.jpg,cyIqs,6Y1q3,0
vCk0L.jpg,vCk0L,vGH0L,0
6P8p9.jpg,6P8p9,618p9,0
TUOV5.jpg,TUOV5,TUCws,0
yf92k.jpg,yf92k,vf02K,0
86b3e.jpg,86b3e,R6LXa,0
1Jlk4.jpg,1Jlk4,TUoK4,0
lh3DU.jpg,lh3DU,7b3mU,0
474k0.jpg,474k0,47WK0,0
EBgqj.jpg,EBgqj,CBgxj,0
30Cv2.jpg,30Cv2,S0Cv2,0
1hz4u.jpg,1hz4u,Lh2Vu,0
vHJ88.jpg,vHJ88,vHJ6S,0
50hB1.jpg,50hB1,3znPj,0
dRooE.jpg,dRooE,jRs0E,0
H9F67.jpg,H9F67,Har67,0
yKyX8.jpg,yKyX8,uHyX0,0
sEnj6.jpg,sEnj6,sEm1Q,0
nay6K.jpg,nay6K,m2y5H,0
VOS68.jpg,VOS68,VjXZ8,0
243t4.jpg,243t4,2v5t4,0
lB18E.jpg,lB18E,IR48b,0
Td102.jpg,Td102,Twh02,0
9Ro75.jpg,9Ro75,WN015,0
W3iP0.jpg,W3iP0,W3iE0,0
VH3M5.jpg,VH3M5,yF2AG,0
xe0fR.jpg,xe0fR,xe0fH,0
mnl9Q.jpg,mnl9Q,mxI9C,0
y96FA.jpg,y96FA,V06F3,0
fqurg.jpg,fqurg,fqbzp,0
QEQUC.jpg,QEQUC,05mHC,0
761ln.jpg,761ln,76VLm,0
MuYQ2.jpg,MuYQ2,MuT02,0
KjUTW.jpg,KjUTW,KidTW,0
XoGuL.jpg,XoGuL,AeGul,0
sEiM4.jpg,sEiM4,5PiK4,0
6tV78.jpg,6tV78,bnV73,0
rLkn3.jpg,rLkn3,cUKm3,0
CtUrQ.jpg,CtUrQ,6tHrR,0
BG8Ls.jpg,BG8Ls,HC87s,0
77R6D.jpg,77R6D,v1RcD,0
rgdeD.jpg,rgdeD,kyJeB,0
IXJOk.jpg,IXJOk,fX30h,0
rog3E.jpg,rog3E,m0g3k,0
ox4C3.jpg,ox4C3,ey4C2,0
7C7tE.jpg,7C7tE,JoztE,0
Rut0D.jpg,Rut0D,Rw10D,0
BKn1z.jpg,BKn1z,BKm1z,0
0BFu8.jpg,0BFu8,CTky8,0
SnVBW.jpg,SnVBW,SrYBw,0
LUkTd.jpg,LUkTd,jUKt9,0
a2MjD.jpg,a2MjD,a2MjO,0
WLcb4.jpg,WLcb4,WLcb4,1
h719b.jpg,h719b,k7i9B,0
53j2X.jpg,53j2X,53I2K,0
7t4lm.jpg,7t4lm,7t4jm,0
l0UCP.jpg,l0UCP,jaUCP,0
rh79w.jpg,rh79w,rh79w,1
ACe74.jpg,ACe74,ACo24,0
gui04.jpg,gui04,u2i04,0
zd0Ip.jpg,zd0Ip,2S0lp,0
7AS70.jpg,7AS70,TASy0,0
22UFs.jpg,22UFs,27UFs,0
8QAk6.jpg,8QAk6,30Ak5,0
Jf1YB.jpg,Jf1YB,JczVB,0
63IS5.jpg,63IS5,m3Ic5,0
q8COK.jpg,q8COK,g3cDH,0
Ff8Hl.jpg,Ff8Hl,F70Kl,0
FuWwm.jpg,FuWwm,Fd9xn,0
tjH15.jpg,tjH15,Ojw15,0
0y3e2.jpg,0y3e2,0VRe2,0
nti5E.jpg,nti5E,Atj3E,0
ba5BT.jpg,ba5BT,ba5RT,0
sM4ks.jpg,sM4ks,gm4KL,0
7p1NR.jpg,7p1NR,ZP1NR,0
OwRpk.jpg,OwRpk,OmXpb,0
GQ27q.jpg,GQ27q,EQ27n,0
GY3y5.jpg,GY3y5,Gr3yb,0
Rbr4Q.jpg,Rbr4Q,Rbf4Q,0
dKn8O.jpg,dKn8O,dkm30,0
0l1yv.jpg,0l1yv,0E7yV,0
0Mn0L.jpg,0Mn0L,8Mn0L,0
F9RvO.jpg,F9RvO,39Haj,0
5LYzm.jpg,5LYzm,5LTZm,0
z7w1c.jpg,z7w1c,a7M1C,0
J8H5X.jpg,J8H5X,J0H3K,0
ufRZk.jpg,ufRZk,ufmzk,0
QTd61.jpg,QTd61,Nwd61,0
WFsOo.jpg,WFsOo,ME3Co,0
pPmoP.jpg,pPmoP,5kmoP,0
6J5aX.jpg,6J5aX,6JTqX,0
F1808.jpg,F1808,E1X03,0
41k8l.jpg,41k8l,41H8L,0
dGTks.jpg,dGTks,dCTKS,0
e9mG4.jpg,e9mG4,e9mGk,0
PpJI7.jpg,PpJI7,Wo4i7,0
28KFA.jpg,28KFA,28KFA,1
0aTCp.jpg,0aTCp,0MTsP,0
S7Qh8.jpg,S7Qh8,YzOh8,0
bzYJm.jpg,bzYJm,bzYJm,1
fW4RU.jpg,fW4RU,fMaBL,0
7323H.jpg,7323H,7a2xH,0
3f57E.jpg,3f57E,ahsmE,0
kE69q.jpg,kE69q,HE69m,0
3I1gK.jpg,3I1gK,3htgK,0
4g6RA.jpg,4g6RA,896Dx,0
SC63X.jpg,SC63X,5C62K,0
5W0Lv.jpg,5W0Lv,3W0Lu,0
2270e.jpg,2270e,2g70x,0
u3D0S.jpg,u3D0S,13E0Y,0
tBp1e.jpg,tBp1e,tBm4a,0
vx2Yc.jpg,vx2Yc,vx2Tc,0
3MM08.jpg,3MM08,3vM08,0
u3dFC.jpg,u3dFC,M2dEC,0
qy86M.jpg,qy86M,uY35M,0
p5FBE.jpg,p5FBE,wsjRD,0
D9oDI.jpg,D9oDI,E9aQ1,0
DSn6e.jpg,DSn6e,DSn6a,0
P2H95.jpg,P2H95,P2H95,1
N4802.jpg,N4802,M4802,0
IrXYY.jpg,IrXYY,i6AKT,0
bbklr.jpg,bbklr,m5kjc,0
thU02.jpg,thU02,tNU02,0
63gkj.jpg,63gkj,G3gKj,0
7tqI7.jpg,7tqI7,2t0EW,0
3v47w.jpg,3v47w,3O4Zw,0
77Y2p.jpg,77Y2p,TjV2n,0
B3Da4.jpg,B3Da4,F2Dy4,0
H7z3Y.jpg,H7z3Y,HPz3Y,0
b9Hie.jpg,b9Hie,b2Wic,0
4bEg7.jpg,4bEg7,4bEm7,0
HF50q.jpg,HF50q,HFj9a,0
dK566.jpg,dK566,aK5D6,0
x3zlX.jpg,x3zlX,m2slK,0
2LUje.jpg,2LUje,2L0Tc,0
s98L8.jpg,s98L8,s9mL8,0
34Fo0.jpg,34Fo0,34EeU,0
E2nY9.jpg,E2nY9,E2nY9,1
dUVUW.jpg,dUVUW,at3DA,0
i5uVg.jpg,i5uVg,r5u7g,0
32K64.jpg,32K64,32Y64,0
6aJAq.jpg,6aJAq,6ajAg,0
TE78V.jpg,TE78V,Tmj8V,0
2DQ98.jpg,2DQ98,2IQ9x,0
5N3UH.jpg,5N3UH,5M3LP,0
7M00S.jpg,7M00S,1A6p3,0
NP0jo.jpg,NP0jo,AEQjc,0
0WtXI.jpg,0WtXI,0stKj,0
KI9di.jpg,KI9di,K49dr,0
Eb76k.jpg,Eb76k,ru76K,0
0RnJW.jpg,0RnJW,0EnJY,0
5kgFn.jpg,5kgFn,3KgFm,0
9jZv5.jpg,9jZv5,9j2u5,0
grE00.jpg,grE00,gxENG,0
7YqUG.jpg,7YqUG,7YgL6,0
NHiqu.jpg,NHiqu,Nkfqu,0
66h4V.jpg,66h4V,6Fh4U,0
L4r8E.jpg,L4r8E,t4m3E,0
56p5G.jpg,56p5G,86j5C,0
11zl3.jpg,11zl3,D1mk3,0
3iDSR.jpg,3iDSR,2IDSK,0
D25Zb.jpg,D25Zb,O2SYb,0
ml8kg.jpg,ml8kg,m73kz,0
Ba7oQ.jpg,Ba7oQ,B370G,0
Srm0J.jpg,Srm0J,5fm0J,0
KUn93.jpg,KUn93,KLn93,0
491o9.jpg,491o9,4N1x8,0
UX4sQ.jpg,UX4sQ,LK450,0
15QoQ.jpg,15QoQ,15VpQ,0
DrdG3.jpg,DrdG3,Dnd62,0
7hv3F.jpg,7hv3F,7hv3E,0
5WUrG.jpg,5WUrG,5wUiP,0
4DcTG.jpg,4DcTG,4BcNG,0
QT34f.jpg,QT34f,GT24f,0
l4u3S.jpg,l4u3S,L4u2S,0
Mqr3I.jpg,Mqr3I,K0r3l,0
9c6a9.jpg,9c6a9,9e6xA,0
Gw3aw.jpg,Gw3aw,Gz38w,0
7SxOV.jpg,7SxOV,75k0V,0
ag59u.jpg,ag59u,ayf2h,0
ibKk1.jpg,ibKk1,FeRx1,0
9K9te.jpg,9K9te,2H8ta,0
b3AR1.jpg,b3AR1,b3AB1,0
uZ9O6.jpg,uZ9O6,uZ9O1,0
220NO.jpg,220NO,Z56HC,0
qHSKX.jpg,qHSKX,ah9EX,0
0TQT5.jpg,0TQT5,0Wwj5,0
51Y0K.jpg,51Y0K,5iY0K,0
P0bvh.jpg,P0bvh,F05Xh,0
Bo0FJ.jpg,Bo0FJ,Bx0EJ,0
5gQ89.jpg,5gQ89,5jQ89,0
WI5S8.jpg,WI5S8,MIpSd,0
1Qy7e.jpg,1Qy7e,1RyZe,0
8mT93.jpg,8mT93,ZmT43,0
NgO75.jpg,NgO75,NgC7k,0
n5bI6.jpg,n5bI6,n5d1O,0
8yG9Z.jpg,8yG9Z,NyG9Z,0
Abd40.jpg,Abd40,Abd40,1
8gjZf.jpg,8gjZf,8gj2t,0
un3a7.jpg,un3a7,wpYx7,0
lWd22.jpg,lWd22,iWdzA,0
eG3wz.jpg,eG3wz,eG3Wz,0
4MxB0.jpg,4MxB0,4mXB0,0
b8yxx.jpg,b8yxx,b8yrO,0
LnRGk.jpg,LnRGk,IaPCx,0
Xqcp2.jpg,Xqcp2,Kqtp2,0
V5Mtn.jpg,V5Mtn,V5Mtm,0
Z88gB.jpg,Z88gB,Z36mD,0
1Z16e.jpg,1Z16e,1ZDKa,0
1GWUl.jpg,1GWUl,36WUj,0
xqVkV.jpg,xqVkV,xcYjD,0
MG5wZ.jpg,MG5wZ,A63v2,0
s3OsS.jpg,s3OsS,k7CuR,0
7xYk6.jpg,7xYk6,7XTh6,0
EbLv3.jpg,EbLv3,WhLv3,0
Q68mb.jpg,Q68mb,Ck3mb,0
A30V6.jpg,A30V6,43DV6,0
j7kyi.jpg,j7kyi,j7Kvr,0
65d2v.jpg,65d2v,65d2V,0
58y29.jpg,58y29,58v2O,0
0Sm2Q.jpg,0Sm2Q,u5AzU,0
938Ub.jpg,938Ub,o18Ub,0
8a2bp.jpg,8a2bp,Ra25v,0
Uq1Ak.jpg,Uq1Ak,Ug1Ak,0
5DJ0I.jpg,5DJ0I,5N20i,0
Wgkt9.jpg,Wgkt9,Wakt9,0
5S9W0.jpg,5S9W0,5SjW0,0
312rK.jpg,312rK,3nZlK,0
6j58G.jpg,6j58G,6jK8G,0
9p50F.jpg,9p50F,9a5QF,0
QV5CF.jpg,QV5CF,QV5p1,0
kf4EZ.jpg,kf4EZ,kf4i2,0
m8HI5.jpg,m8HI5,m0HY5,0
ya273.jpg,ya273,Vm278,0
u0o0b.jpg,u0o0b,uP7Gb,0
DYLIn.jpg,DYLIn,Q9L1a,0
8mFPI.jpg,8mFPI,8mFDj,0
AfAam.jpg,AfAam,0E4Vm,0
hSeF1.jpg,hSeF1,h9eE1,0
63ltT.jpg,63ltT,62jtT,0
lYzMm.jpg,lYzMm,lY2Mm,0
g4k30.jpg,g4k30,y4K20,0
rtiWd.jpg,rtiWd,rt3Wd,0
5ykyV.jpg,5ykyV,5uhyV,0
eeLU6.jpg,eeLU6,meLV3,0
9msRK.jpg,9msRK,0ysPk,0
Vf6k4.jpg,Vf6k4,UP5K4,0
Foz0j.jpg,Foz0j,Fw2Uj,0
kDUm1.jpg,kDUm1,kDUa1,0
63Iim.jpg,63Iim,63Ikm,0
9u8UV.jpg,9u8UV,Zr8UV,0
43jgv.jpg,43jgv,Z3igv,0
rd1Vt.jpg,rd1Vt,rd19t,0
Iuc6b.jpg,Iuc6b,Jue6A,0
78pqR.jpg,78pqR,73pqR,0
Fms6Q.jpg,Fms6Q,FWs6O,0
npQ5c.jpg,npQ5c,mpO3c,0
jIc7T.jpg,jIc7T,h2wZT,0
dS63x.jpg,dS63x,dS6Dx,0
2rB8g.jpg,2rB8g,2rb8u,0
4848W.jpg,4848W,4c73W,0
f3vek.jpg,f3vek,f3veH,0
7L9ST.jpg,7L9ST,ML05T,0
k2E44.jpg,k2E44,j2E4W,0
F62rn.jpg,F62rn,F52tm,0
eb3Yj.jpg,eb3Yj,cb3VI,0
D9IdO.jpg,D9IdO,D9IaG,0
349mY.jpg,349mY,349mT,0
w8lzh.jpg,w8lzh,w81zh,0
pH2Uh.jpg,pH2Uh,pR2Uf,0
8od1w.jpg,8od1w,30d1M,0
1cJS8.jpg,1cJS8,1CJSB,0
5rGat.jpg,5rGat,5rGa1,0
U8xw3.jpg,U8xw3,L9KW3,0
8JYPd.jpg,8JYPd,8MYfd,0
8X7U5.jpg,8X7U5,6X7L5,0
PA927.jpg,PA927,PA9t7,0
oqLR0.jpg,oqLR0,cqiR2,0
f1gfI.jpg,f1gfI,Psgth,0
VKwrL.jpg,VKwrL,VKarL,0
9Ojps.jpg,9Ojps,9CYpk,0
fk2u3.jpg,fk2u3,fK2u3,0
m7tkw.jpg,m7tkw,m7tEv,0
3afT1.jpg,3afT1,Xef9H,0
keg7B.jpg,keg7B,kem78,0
QMd0Y.jpg,QMd0Y,CHdpT,0
14jJ4.jpg,14jJ4,LAjPG,0
zAb97.jpg,zAb97,xAb9V,0
r615P.jpg,r615P,rG15P,0
xkT0g.jpg,xkT0g,wkTOg,0
NUuyU.jpg,NUuyU,XUvzf,0
IIl52.jpg,IIl52,ICUS2,0
9lXQ2.jpg,9lXQ2,91XG2,0
0kGF5.jpg,0kGF5,0KGj5,0
81fe9.jpg,81fe9,81Cm9,0
8Vu60.jpg,8Vu60,8MuG0,0
7Dvh0.jpg,7Dvh0,7EVh0,0
vsngn.jpg,vsngn,vZK9n,0
4XBx7.jpg,4XBx7,4MBx7,0
qnQAo.jpg,qnQAo,qmVAe,0
Uj0mD.jpg,Uj0mD,Ui0mD,0
Kvz9G.jpg,Kvz9G,FVz9C,0
mz2ec.jpg,mz2ec,Wx2Bc,0
7FYb9.jpg,7FYb9,zEVb9,0
pXF66.jpg,pXF66,gXEh6,0
kwIhE.jpg,kwIhE,VzJbE,0
Duelk.jpg,Duelk,AyelV,0
4av60.jpg,4av60,4aV60,0
q1Wf1.jpg,q1Wf1,g4WPi,0
hg5yk.jpg,hg5yk,haSYK,0
qY9gN.jpg,qY9gN,qX5zA,0
F3V2H.jpg,F3V2H,EOV2H,0
mqDow.jpg,mqDow,mGDcv,0
9jp70.jpg,9jp70,3jw70,0
fU1Ma.jpg,fU1Ma,EUGXo,0
OpdC8.jpg,OpdC8,Opdk3,0
8sCFw.jpg,8sCFw,8sCEM,0
Ud90H.jpg,Ud90H,Ug9jh,0
2duWK.jpg,2duWK,2OuVE,0
ELx2Z.jpg,ELx2Z,Six3Z,0
qnZpZ.jpg,qnZpZ,qmYp2,0
Vb2cI.jpg,Vb2cI,Mb2cT,0
RJRi4.jpg,RJRi4,8JKr4,0
rEQj7.jpg,rEQj7,rE0j7,0
mHld1.jpg,mHld1,eMLu7,0
9H4U7.jpg,9H4U7,9H4v7,0
adCvT.jpg,adCvT,sd6vT,0
z1Ep3.jpg,z1Ep3,z1Ry3,0
gJ1N6.jpg,gJ1N6,aP1K6,0
XB34V.jpg,XB34V,XB34V,1
INBAM.jpg,INBAM,iNB4x,0
73scK.jpg,73scK,74SeK,0
ti0Eg.jpg,ti0Eg,tjUBg,0
oc9lK.jpg,oc9lK,0rS1A,0
Ydro7.jpg,Ydro7,Xdro7,0
R0gy0.jpg,R0gy0,KSzj0,0
9wQQa.jpg,9wQQa,TvQHa,0
Q71X4.jpg,Q71X4,071K4,0
5DRlX.jpg,5DRlX,50BjK,0
udeUl.jpg,udeUl,wdeUP,0
dpjID.jpg,dpjID,qx7VD,0
X8sj9.jpg,X8sj9,X8rj9,0
fDD8l.jpg,fDD8l,fmJ8y,0
50KEv.jpg,50KEv,30AEV,0
u2aH2.jpg,u2aH2,yzJK9,0
674lG.jpg,674lG,67AiC,0
RH3N1.jpg,RH3N1,E5SUi,0
o58LM.jpg,o58LM,o53LM,0
As0IW.jpg,As0IW,4S0IW,0
X83gl.jpg,X83gl,X83gl,1
8NBw2.jpg,8NBw2,6Hpv2,0
34YNQ.jpg,34YNQ,34vNQ,0
4Qi1c.jpg,4Qi1c,AQk1c,0
rC0Ru.jpg,rC0Ru,rc0Au,0
45HB8.jpg,45HB8,4rWB8,0
66p25.jpg,66p25,6Un2N,0
1Rvtv.jpg,1Rvtv,TB3tv,0
A41pI.jpg,A41pI,As1pP,0
N3wmq.jpg,N3wmq,A2Lmo,0
u003N.jpg,u003N,uZ03N,0
81651.jpg,81651,PW6m7,0
bjNb8.jpg,bjNb8,kjAb3,0
F7zb0.jpg,F7zb0,E7xh0,0
3uwCS.jpg,3uwCS,3bWCF,0
Uej43.jpg,Uej43,Uej23,0
RKA5p.jpg,RKA5p,eK4Sp,0
08i6A.jpg,08i6A,08I64,0
ZTe7e.jpg,ZTe7e,2Tcjn,0
m9TgQ.jpg,m9TgQ,m914C,0
X88tQ.jpg,X88tQ,K3nI0,0
Nktuv.jpg,Nktuv,Nktav,0
s2a7v.jpg,s2a7v,sfoTv,0
fMm10.jpg,fMm10,fZm19,0
5MlfD.jpg,5MlfD,2MjfD,0
y0LcR.jpg,y0LcR,V0IcB,0
vX3S6.jpg,vX3S6,mK5N6,0
wuf5L.jpg,wuf5L,z0f5D,0
fRTsY.jpg,fRTsY,NRj3V,0
Wc38S.jpg,Wc38S,Wc7uS,0
6na5O.jpg,6na5O,thp5O,0
Ork0X.jpg,Ork0X,Drk6X,0
B5hFJ.jpg,B5hFJ,R5AvJ,0
WdC27.jpg,WdC27,KdC27,0
9L3Bj.jpg,9L3Bj,9LQBv,0
KZbJN.jpg,KZbJN,K75JA,0
nM2e9.jpg,nM2e9,nMZe9,0
MNmQ1.jpg,MNmQ1,3NyCI,0
SWj9x.jpg,SWj9x,3Hjda,0
HPF21.jpg,HPF21,HDr21,0
RQITs.jpg,RQITs,A0jT3,0
gZBs4.jpg,gZBs4,gZRs4,0
1Ja82.jpg,1Ja82,1Dn82,0
Dyz9d.jpg,Dyz9d,DYz6d,0
5WVl5.jpg,5WVl5,FHvj6,0
g8lBt.jpg,g8lBt,y8XRt,0
Vic76.jpg,Vic76,MjG78,0
409mu.jpg,409mu,40TmL,0
N8csF.jpg,N8csF,A3Cx7,0
CX25j.jpg,CX25j,0K25I,0
JVxC2.jpg,JVxC2,JVXC2,0
R818R.jpg,R818R,Ha1Sx,0
74oRZ.jpg,74oRZ,V46BL,0
hEAd9.jpg,hEAd9,kEMd9,0
2CYm7.jpg,2CYm7,2jYm7,0
FDSlN.jpg,FDSlN,FDSzA,0
wRhzO.jpg,wRhzO,wRbz0,0
vbNd9.jpg,vbNd9,VbAd3,0
GDzHJ.jpg,GDzHJ,6DZHJ,0
3hJZz.jpg,3hJZz,3bVCz,0
EDYf0.jpg,EDYf0,EDV1a,0
o5cC0.jpg,o5cC0,P5iT0,0
Enwtm.jpg,Enwtm,BaQtm,0
JPLw9.jpg,JPLw9,JDLW9,0
Xdk9V.jpg,Xdk9V,Adf9U,0
q2784.jpg,q2784,y2j84,0
RoCro.jpg,RoCro,R6Cru,0
cQyJ7.jpg,cQyJ7,sCvH7,0
VP7AR.jpg,VP7AR,UD7AK,0
t3Nq2.jpg,t3Nq2,t3Ag2,0
K1rdR.jpg,K1rdR,K1rdA,0
4cGZv.jpg,4cGZv,4pGLV,0
Pgf46.jpg,Pgf46,Pgr45,0
96Q17.jpg,96Q17,96m17,0
xVkJj.jpg,xVkJj,a9Kdj,0
50uzg.jpg,50uzg,5AuZg,0
ZH9lb.jpg,ZH9lb,2H8tb,0
t8JIO.jpg,t8JIO,t8JF0,0
XlZr5.jpg,XlZr5,Ki2m5,0
61UON.jpg,61UON,67UON,0
9e838.jpg,9e838,9CUJR,0
0pE4B.jpg,0pE4B,0ry4B,0
1W2V3.jpg,1W2V3,fkZv3,0
qGXso.jpg,qGXso,qGKjo,0
Rsa8a.jpg,Rsa8a,KsL8a,0
49u7t.jpg,49u7t,45m7t,0
6Pb9y.jpg,6Pb9y,GFb9x,0
FW0RQ.jpg,FW0RQ,FV0eG,0
fVa5X.jpg,fVa5X,fVaSK,0
v1lzv.jpg,v1lzv,yJlRr,0
m96GW.jpg,m96GW,j2bCW,0
9k1nU.jpg,9k1nU,0k1mU,0
1czn9.jpg,1czn9,1cZm9,0
63som.jpg,63som,f3zom,0
r1Z3A.jpg,r1Z3A,c9Z3A,0
D1Cui.jpg,D1Cui,D1Gg3,0
x7L9z.jpg,x7L9z,K7j02,0
4m5ih.jpg,4m5ih,9m5Yh,0
h4kco.jpg,h4kco,b3Xr0,0
s9gWs.jpg,s9gWs,E9aHx,0
ZN6Zv.jpg,ZN6Zv,EN6jV,0
G0s3W.jpg,G0s3W,CDF2H,0
Ks910.jpg,Ks910,Ks910,1
4QYty.jpg,4QYty,4OYtw,0
g7c40.jpg,g7c40,g7C40,0
wDX1Z.jpg,wDX1Z,nDX15,0
rIiXQ.jpg,rIiXQ,rlpX0,0
FwwX1.jpg,FwwX1,cmaX1,0
NaMSU.jpg,NaMSU,QaM5L,0
91q2s.jpg,91q2s,91u2s,0
62045.jpg,62045,62V45,0
2OCk7.jpg,2OCk7,2vGkY,0
Hjkyt.jpg,Hjkyt,HJkgt,0
RL321.jpg,RL321,RL32j,0
N86P7.jpg,N86P7,Ma6P1,0
7hb8n.jpg,7hb8n,7ht8w,0
ok85G.jpg,ok85G,0X85m,0
r5x45.jpg,r5x45,C3w46,0
OXrAO.jpg,OXrAO,BKiAO,0
iOxYc.jpg,iOxYc,fDkT6,0
Q1B09.jpg,Q1B09,Q1Bp9,0
vX8tx.jpg,vX8tx,GX8fz,0
5CIm4.jpg,5CIm4,5CIm4,1
6765z.jpg,6765z,w7G5r,0
YsjT3.jpg,YsjT3,YcjT2,0
3Xy2W.jpg,3Xy2W,3ROeW,0
Mn3cU.jpg,Mn3cU,Km3CU,0
a2rKs.jpg,a2rKs,a2rH5,0
vh57V.jpg,vh57V,Cj5gV,0
5cW1U.jpg,5cW1U,5CW1U,0
X492l.jpg,X492l,K492I,0
BikUY.jpg,BikUY,PikUT,0
OtD0v.jpg,OtD0v,OfBav,0
T9IjI.jpg,T9IjI,T9Mjn,0
8HQ10.jpg,8HQ10,8HQ10,1
BkVBs.jpg,BkVBs,BAVpa,0
rrKF8.jpg,rrKF8,rzKE0,0
Zx4Z1.jpg,Zx4Z1,Zx0c1,0
cW1wG.jpg,cW1wG,iH4wG,0
vMMe2.jpg,vMMe2,V4kSj,0
5Y1qn.jpg,5Y1qn,5Y1qm,0
x2hVw.jpg,x2hVw,t2fYu,0
STFpJ.jpg,STFpJ,97KpJ,0
1N6J0.jpg,1N6J0,4K5J0,0
3N27G.jpg,3N27G,3M2jG,0
08U01.jpg,08U01,mxUc1,0
z655E.jpg,z655E,40NsE,0
0ee05.jpg,0ee05,0e4v3,0
eE36f.jpg,eE36f,eE25j,0
r0p97.jpg,r0p97,rdpW7,0
81Zaa.jpg,81Zaa,61Zue,0
ARhkF.jpg,ARhkF,ARhkE,0
0x16E.jpg,0x16E,0X16E,0
l62vR.jpg,l62vR,t62wR,0
aI19C.jpg,aI19C,aIY9C,0
78YmB.jpg,78YmB,i3YmR,0
LkbXy.jpg,LkbXy,Lk0Qg,0
7g3Re.jpg,7g3Re,7g3Rc,0
64d7R.jpg,64d7R,e4J7R,0
8902a.jpg,8902a,jX0zy,0
41xCe.jpg,41xCe,4TK0p,0
ht1MB.jpg,ht1MB,he1MB,0
Szd29.jpg,Szd29,Sxd29,0
a20Ss.jpg,a20Ss,a209s,0
82xDU.jpg,82xDU,3ZxDh,0
KKleT.jpg,KKleT,mkfoT,0
07OEa.jpg,07OEa,W7CEa,0
fEgw5.jpg,fEgw5,fEgW3,0
jN4Xf.jpg,jN4Xf,jN48f,0
Ubx2R.jpg,Ubx2R,Ubx2R,1
EMg6i.jpg,EMg6i,EM967,0
ipfD3.jpg,ipfD3,ip7D2,0
ad4M6.jpg,ad4M6,zd4M6,0
4u0aq.jpg,4u0aq,4uF2S,0
4xyxv.jpg,4xyxv,4rgRv,0
rASXB.jpg,rASXB,i4SMD,0
EnkjZ.jpg,EnkjZ,E0HJ2,0
G2Bh8.jpg,G2Bh8,C2Ph8,0
85sv3.jpg,85sv3,8hcVd,0
L94Il.jpg,L94Il,u34Tl,0
q916Q.jpg,q916Q,y9l6Q,0
nE460.jpg,nE460,mE430,0
6NMM8.jpg,6NMM8,fNbw3,0
LDowV.jpg,LDowV,LFowV,0
IcBdI.jpg,IcBdI,Fc5dj,0
T6CN1.jpg,T6CN1,T5CM3,0
0hn3l.jpg,0hn3l,0HnZ1,0
MtiIa.jpg,MtiIa,Mtyj3,0
ts62q.jpg,ts62q,is62q,0
diKs5.jpg,diKs5,0IHs5,0
8JWjr.jpg,8JWjr,8JQbr,0
4Me82.jpg,4Me82,4Mc8Z,0
CBJ0d.jpg,CBJ0d,CBj0d,0
tFH15.jpg,tFH15,xEH15,0
dNlWS.jpg,dNlWS,4NIY3,0
Sc2jc.jpg,Sc2jc,4r3hv,0
W74wd.jpg,W74wd,W74xg,0
fjXDk.jpg,fjXDk,fjA0k,0
390Mx.jpg,390Mx,3C0Mx,0
1ouhw.jpg,1ouhw,7ouNw,0
43yd2.jpg,43yd2,43ym2,0
3YS51.jpg,3YS51,3WK51,0
o4Gkv.jpg,o4Gkv,84Cku,0
62W3E.jpg,62W3E,62W3F,0
GMap6.jpg,GMap6,QMap6,0
jH2gt.jpg,jH2gt,jR2gt,0
qv3zB.jpg,qv3zB,0V3Zb,0
jouo5.jpg,jouo5,10ue5,0
3A1Os.jpg,3A1Os,2A10r,0
d40of.jpg,d40of,dXOeE,0
61wya.jpg,61wya,6Lmya,0
0xDtl.jpg,0xDtl,0XDS1,0
nSA8b.jpg,nSA8b,m342I,0
0D65J.jpg,0D65J,0D6x1,0
t7y4k.jpg,t7y4k,tPy4K,0
4s406.jpg,4s406,4xkO5,0
KwGPl.jpg,KwGPl,Ka621,0
171Xn.jpg,171Xn,j74Kn,0
t97c0.jpg,t97c0,k97cB,0
xN9Mu.jpg,xN9Mu,xN9Iu,0
155b7.jpg,155b7,4x6b7,0
oJ7YI.jpg,oJ7YI,eU7X1,0
24g19.jpg,24g19,R4er9,0
nrl5B.jpg,nrl5B,mCj78,0
DH4n5.jpg,DH4n5,DH4v5,0
JrCQG.jpg,JrCQG,3rCwB,0
uTM16.jpg,uTM16,uTM35,0
cWj41.jpg,cWj41,cWr41,0
Hvp13.jpg,Hvp13,HvD13,0
r9nks.jpg,r9nks,p9uKs,0
5ZjYY.jpg,5ZjYY,5Zj4N,0
l7s7R.jpg,l7s7R,ljaTA,0
fe51f.jpg,fe51f,le5T6,0
G9cOV.jpg,G9cOV,E9amV,0
SOhWo.jpg,SOhWo,SChWa,0
G7339.jpg,G7339,C7p3W,0
Kij1M.jpg,Kij1M,KCj90,0
11G8N.jpg,11G8N,T7C5A,0
aau2U.jpg,aau2U,aryZU,0
zHw5C.jpg,zHw5C,aHm5C,0
lihLG.jpg,lihLG,fz5LG,0
k8Wwy.jpg,k8Wwy,k34my,0
x9kf2.jpg,x9kf2,x0kf2,0
lua5C.jpg,lua5C,lyA5G,0
A36LJ.jpg,A36LJ,A361j,0
e0P3E.jpg,e0P3E,e0P3E,1
7kW1A.jpg,7kW1A,EKW1o,0
4EQO8.jpg,4EQO8,4EqO6,0
UhTM5.jpg,UhTM5,vhTM5,0
q3QPK.jpg,q3QPK,g30FK,0
iPzTl.jpg,iPzTl,jBzTU,0
6592V.jpg,6592V,f592H,0
FA5X1.jpg,FA5X1,P45K1,0
mgT03.jpg,mgT03,mgI03,0
t0995.jpg,t0995,inWY3,0
1Gdtc.jpg,1Gdtc,1CdzD,0
JgZXt.jpg,JgZXt,J92xt,0
CLJ1G.jpg,CLJ1G,wLa1G,0
Lfb0e.jpg,Lfb0e,ifb0a,0
w6wZx.jpg,w6wZx,X6HZk,0
i8V5i.jpg,i8V5i,h0V5i,0
6Ns32.jpg,6Ns32,GNr32,0
dunIy.jpg,dunIy,8UmlY,0
l0SC5.jpg,l0SC5,M08C5,0
oMULR.jpg,oMULR,6MUrB,0
yS3yQ.jpg,yS3yQ,gS3vL,0
2v2mr.jpg,2v2mr,zV4mS,0
R99G8.jpg,R99G8,H9cf3,0
u7B8X.jpg,u7B8X,u7E8X,0
3YHwP.jpg,3YHwP,3QHwP,0
f6YYD.jpg,f6YYD,f6YKD,0
1P9K9.jpg,1P9K9,1PuK9,0
zf5uj.jpg,zf5uj,zf5uj,1
Pl02U.jpg,Pl02U,Fiq2U,0
6NVyi.jpg,6NVyi,5AU7i,0
6B0ww.jpg,6B0ww,E304w,0
VV4LT.jpg,VV4LT,9x4ET,0
2LTyQ.jpg,2LTyQ,2VTjQ,0
lLbx3.jpg,lLbx3,iDbQ2,0
76W7N.jpg,76W7N,76WrN,0
LSkIm.jpg,LSkIm,L3K70,0
DpCyU.jpg,DpCyU,DpCyu,0
wwRgk.jpg,wwRgk,wQRgL,0
kT072.jpg,kT072,kr012,0
AmtBe.jpg,AmtBe,Am7FS,0
D538m.jpg,D538m,D53hm,0
wR1u2.jpg,wR1u2,WPju2,0
U1x6E.jpg,U1x6E,UTX5E,0
vKrzv.jpg,vKrzv,wKrz9,0
60FGF.jpg,60FGF,4WFGt,0
Ej9FR.jpg,Ej9FR,2i9FA,0
nhO26.jpg,nhO26,yh026,0
aK94J.jpg,aK94J,zK94J,0
L8pc3.jpg,L8pc3,L8pO2,0
D61i7.jpg,D61i7,m61Cz,0
s3W70.jpg,s3W70,E3W70,0
fi3f5.jpg,fi3f5,fi2K5,0
m6B01.jpg,m6B01,m6BV1,0
5f4YK.jpg,5f4YK,5f40K,0
Ltb6e.jpg,Ltb6e,L4M6e,0
nu7y0.jpg,nu7y0,huTX0,0
92zDp.jpg,92zDp,9wZNp,0
4eVHl.jpg,4eVHl,4cVRF,0
p67dE.jpg,p67dE,v5HdE,0
GwGJ8.jpg,GwGJ8,OWr18,0
BwOd7.jpg,BwOd7,AWOa1,0
BQPvA.jpg,BQPvA,BOPvA,0
e2Vfz.jpg,e2Vfz,n2VfG,0
b2z5c.jpg,b2z5c,h2w5c,0
T49QQ.jpg,T49QQ,Tx90m,0
5Pz9y.jpg,5Pz9y,5Pk9y,0
1r3R5.jpg,1r3R5,1r3w5,0
B8JTp.jpg,B8JTp,R8JTw,0
B0bdp.jpg,B0bdp,B0tdn,0
5K6P8.jpg,5K6P8,5HCD8,0
RG27W.jpg,RG27W,R62TW,0
AnoF6.jpg,AnoF6,AycFL,0
TZjvh.jpg,TZjvh,O2jvh,0
0p7r1.jpg,0p7r1,057r1,0
T61S4.jpg,T61S4,P6x54,0
qkIS0.jpg,qkIS0,mK150,0
1f5Kf.jpg,1f5Kf,1v5Kf,0
o5vxA.jpg,o5vxA,c5uKA,0
RYtj4.jpg,RYtj4,2Ytj4,0
i2VQj.jpg,i2VQj,b8VC1,0
XH3IB.jpg,XH3IB,XH3r6,0
f4XSB.jpg,f4XSB,f4KSB,0
mq63K.jpg,mq63K,mq63H,0
dHsIe.jpg,dHsIe,d1s7O,0
08iTV.jpg,08iTV,O3i1M,0
WOn4G.jpg,WOn4G,WDj4G,0
n32Ks.jpg,n32Ks,m32Ks,0
6vssX.jpg,6vssX,Cv87A,0
qJtXo.jpg,qJtXo,mJtK0,0
SX5eS.jpg,SX5eS,jAb0S,0
216GI.jpg,216GI,216wj,0
2kh1H.jpg,2kh1H,2kh1W,0
Q8rcV.jpg,Q8rcV,RXIc9,0
q294l.jpg,q294l,d29MI,0
oGey8.jpg,oGey8,oG413,0
Y281q.jpg,Y281q,Y261q,0
dkvkS.jpg,dkvkS,0Tvk8,0
1Nh9X.jpg,1Nh9X,1Nb9x,0
r14Fc.jpg,r14Fc,mV4Ec,0
Gy5Wl.jpg,Gy5Wl,Cz5M1,0
FX1J9.jpg,FX1J9,FX1J9,1
qJ685.jpg,qJ685,Q1M85,0
8S83Z.jpg,8S83Z,BGh32,0
MB9U0.jpg,MB9U0,MF9j0,0
b9u1Z.jpg,b9u1Z,B9m1Z,0
456s3.jpg,456s3,456w3,0
2544d.jpg,2544d,p34fu,0
Gy799.jpg,Gy799,Cv79H,0
sFap8.jpg,sFap8,s1ap3,0
7e05Y.jpg,7e05Y,7e05V,0
Mqh7T.jpg,Mqh7T,Mq8zY,0
NAA2t.jpg,NAA2t,mAq2t,0
7f579.jpg,7f579,ZtbV9,0
eOo6g.jpg,eOo6g,eOT5g,0
xRw2q.jpg,xRw2q,xEw2q,0
hTdW3.jpg,hTdW3,bTdW3,0
1qD7v.jpg,1qD7v,1mD6v,0
GgF3c.jpg,GgF3c,GaF3r,0
3a60H.jpg,3a60H,3re0H,0
4wzUk.jpg,4wzUk,4wgDk,0
0hP6f.jpg,0hP6f,0h2zf,0
7UFM8.jpg,7UFM8,7LrM6,0
OODcD.jpg,OODcD,04WcJ,0
h5Ak3.jpg,h5Ak3,H50kJ,0
6Hwli.jpg,6Hwli,6HuTj,0
Au6an.jpg,Au6an,Ak67n,0
QP2Ow.jpg,QP2Ow,LF20v,0
Y1xVv.jpg,Y1xVv,51aVr,0
MBEJF.jpg,MBEJF,M8CYF,0
SiY1O.jpg,SiY1O,s7Yh0,0
e9Pja.jpg,e9Pja,m9P1a,0
72lGm.jpg,72lGm,72jSm,0
Jqxtq.jpg,Jqxtq,JRXtg,0
xqEEv.jpg,xqEEv,XHBcv,0
r1ChA.jpg,r1ChA,r3CbA,0
rMgI0.jpg,rMgI0,r2g10,0
78I31.jpg,78I31,Z3rw1,0
DVYxg.jpg,DVYxg,DVU4g,0
14xLi.jpg,14xLi,24NLi,0
Q9qa5.jpg,Q9qa5,O9am5,0
qN6p0.jpg,qN6p0,qA3p0,0
klufQ.jpg,klufQ,KIuS0,0
bEA6A.jpg,bEA6A,BT36M,0
mIDnG.jpg,mIDnG,m3DaC,0
ys8et.jpg,ys8et,VSAbt,0
I40a2.jpg,I40a2,I4Gs2,0
e075G.jpg,e075G,4wr5G,0
8kT1M.jpg,8kT1M,3KTjm,0
j8N8l.jpg,j8N8l,J4M5b,0
xn972.jpg,xn972,KmU72,0
2n73l.jpg,2n73l,2m73I,0
u9585.jpg,u9585,w9E8j,0
v6N7R.jpg,v6N7R,wgN7B,0
H8DKi.jpg,H8DKi,F8OMr,0
2kv91.jpg,2kv91,2kv91,1
44eON.jpg,44eON,4jeCH,0
46XxD.jpg,46XxD,4S2rD,0
N1f8v.jpg,N1f8v,N1EZv,0
S793a.jpg,S793a,57WJn,0
ZJ39R.jpg,ZJ39R,Lu39B,0
9ZqM3.jpg,9ZqM3,9ZnH3,0
6Wpgw.jpg,6Wpgw,6Apgx,0
3eF11.jpg,3eF11,26ELH,0
lpb2i.jpg,lpb2i,Ip62y,0
Uq9N9.jpg,Uq9N9,Lq3K9,0
lnC1r.jpg,lnC1r,lnC3r,0
8H6Y1.jpg,8H6Y1,Rkcy1,0
P1pvk.jpg,P1pvk,P1pwK,0
jobwj.jpg,jobwj,J9bWr,0
fYN59.jpg,fYN59,fvA59,0
yA46r.jpg,yA46r,yA26r,0
21SBE.jpg,21SBE,21GmF,0
2kSDT.jpg,2kSDT,2K5UT,0
MoPy6.jpg,MoPy6,AaPYf,0
D4Ea2.jpg,D4Ea2,C4En2,0
f3h4y.jpg,f3h4y,f3h4y,1
14m70.jpg,14m70,12mxp,0
4QGkJ.jpg,4QGkJ,4NGkJ,0
FZUhU.jpg,FZUhU,E2whU,0
U776o.jpg,U776o,Hrj6a,0
P89SQ.jpg,P89SQ,F89Su,0
k60gd.jpg,k60gd,K60gJ,0
23uBf.jpg,23uBf,j3uBf,0
OKz5t.jpg,OKz5t,OKz5t,1
3929w.jpg,3929w,3g2im,0
2baYl.jpg,2baYl,2bqVf,0
OXN26.jpg,OXN26,0wM2b,0
3T6vk.jpg,3T6vk,3Y6vk,0
WO2i3.jpg,WO2i3,HO2iJ,0
uJpm4.jpg,uJpm4,u3pm4,0
g767C.jpg,g767C,g765C,0
2QPC7.jpg,2QPC7,2uPC7,0
Z1nOY.jpg,Z1nOY,21nCV,0
qr8mq.jpg,qr8mq,vi3hq,0
F4Ak0.jpg,F4Ak0,54nz0,0
9mgMs.jpg,9mgMs,9nyAs,0
Xnk0m.jpg,Xnk0m,Xe10m,0
nlx67.jpg,nlx67,ajx67,0
400dQ.jpg,400dQ,15kXC,0
LNJ91.jpg,LNJ91,EAJ91,0
f3x23.jpg,f3x23,F7w23,0
Pswl2.jpg,Pswl2,DeMf5,0
UVEPb.jpg,UVEPb,qVGPh,0
gL525.jpg,gL525,dLR25,0
jbe8v.jpg,jbe8v,1bc8v,0
kKgnz.jpg,kKgnz,hRjnz,0
N8JZb.jpg,N8JZb,M8TZb,0
TgW9q.jpg,TgW9q,IzW3q,0
964CL.jpg,964CL,9R4CI,0
6p949.jpg,6p949,6w213,0
l9H8X.jpg,l9H8X,I9H8Z,0
3KjPV.jpg,3KjPV,2AlP0,0
4oTuE.jpg,4oTuE,401uE,0
ugkE7.jpg,ugkE7,u8KF7,0
IjP6A.jpg,IjP6A,IsP6A,0
264k7.jpg,264k7,204kT,0
73qzI.jpg,73qzI,7Rqzl,0
U6Fq0.jpg,U6Fq0,X6Eq0,0
2IE7w.jpg,2IE7w,2tS7w,0
za58y.jpg,za58y,Zam8y,0
tVYXJ.jpg,tVYXJ,fVTx3,0
1N3c9.jpg,1N3c9,lM2C9,0
L93Tu.jpg,L93Tu,E93Np,0
o5tvh.jpg,o5tvh,05tvH,0
gW7Y6.jpg,gW7Y6,aW7Y6,0
l6b2J.jpg,l6b2J,i6h2T,0
M690t.jpg,M690t,M590t,0
35CaT.jpg,35CaT,350a1,0
u9nBC.jpg,u9nBC,w3rBC,0
DK6r4.jpg,DK6r4,DK6i4,0
6IZvu.jpg,6IZvu,bJZvp,0
BJN7p.jpg,BJN7p,BJXzu,0
3Ef39.jpg,3Ef39,1Ef30,0
J573R.jpg,J573R,J97HR,0
Yri82.jpg,Yri82,wF162,0
7nQRz.jpg,7nQRz,7nCKx,0
5TCgd.jpg,5TCgd,5TCyd,0
P7V0F.jpg,P7V0F,P7V0k,0
50eGs.jpg,50eGs,304Gx,0
UhF18.jpg,UhF18,LhZT8,0
bkc6F.jpg,bkc6F,hHmCP,0
0fb1Y.jpg,0fb1Y,0fb1w,0
872i2.jpg,872i2,872i4,0
9sh86.jpg,9sh86,9wh86,0
cigci.jpg,cigci,Cj98K,0
z9VTB.jpg,z9VTB,z9VTB,1
St11O.jpg,St11O,AeY1G,0
DTQ8V.jpg,DTQ8V,DTC2V,0
AV6g5.jpg,AV6g5,4Ub93,0
AufRw.jpg,AufRw,AgIBw,0
2R56G.jpg,2R56G,2K5tC,0
W8Rs7.jpg,W8Rs7,M9Rs7,0
XQP1v.jpg,XQP1v,X0F1v,0
D75X2.jpg,D75X2,C75K2,0
afy34.jpg,afy34,ufv3W,0
qW924.jpg,qW924,qW9z4,0
2L33z.jpg,2L33z,2m3Yz,0
1Kegu.jpg,1Kegu,1koxu,0
2rKGS.jpg,2rKGS,a7HCS,0
bfQCl.jpg,bfQCl,57QeL,0
Dc05y.jpg,Dc05y,Dc03V,0
emBKo.jpg,emBKo,eNE7o,0
bazS5.jpg,bazS5,WqiS5,0
SAFN1.jpg,SAFN1,3AEH1,0
Ov2wV.jpg,Ov2wV,Cv2m1,0
lndoX.jpg,lndoX,ImGeX,0
rH36I.jpg,rH36I,rH35l,0
8v2J4.jpg,8v2J4,8W2J4,0
L7q9L.jpg,L7q9L,K7u9L,0
sxiC0.jpg,sxiC0,3Xfv0,0
G4C0A.jpg,G4C0A,64L0R,0
OdN94.jpg,OdN94,OdN94,1
7euh8.jpg,7euh8,7euh3,0
4xg28.jpg,4xg28,4VoZ3,0
NdEeH.jpg,NdEeH,MdEek,0
ZG13L.jpg,ZG13L,Z61aL,0
o7nKp.jpg,o7nKp,gTnKp,0
W9JFj.jpg,W9JFj,M03p1,0
ILd8s.jpg,ILd8s,JL48z,0
b6S7F.jpg,b6S7F,u537k,0
0Nf50.jpg,0Nf50,vMf50,0
yq59X.jpg,yq59X,ya59K,0
oA8fX.jpg,oA8fX,uj3IK,0
20I5n.jpg,20I5n,ZQ15n,0
cK685.jpg,cK685,QKGv5,0
oqW0q.jpg,oqW0q,eJV0Z,0
Vkkca.jpg,Vkkca,VDkja,0
6cVR0.jpg,6cVR0,8cVA0,0
0FB1N.jpg,0FB1N,0EB1M,0
Clolc.jpg,Clolc,CkaJs,0
cc7TY.jpg,cc7TY,ac7RV,0
k318w.jpg,k318w,k31PW,0
9Q5w4.jpg,9Q5w4,oO5w4,0
94b0K.jpg,94b0K,94b0K,1
f4SX8.jpg,f4SX8,f4SM8,0
u3KMI.jpg,u3KMI,u3KhI,0
S2aMP.jpg,S2aMP,S2aHP,0
KewfH.jpg,KewfH,KcvfU,0
nyA1Y.jpg,nyA1Y,mg31Y,0
0bYLJ.jpg,0bYLJ,0pYkJ,0
fxHPp.jpg,fxHPp,fxUDp,0
z2E9x.jpg,z2E9x,d2FWx,0
Yn78a.jpg,Yn78a,YhD8a,0
mL01h.jpg,mL01h,mZ015,0
zu15l.jpg,zu15l,zm15j,0
2R57t.jpg,2R57t,2BS7t,0
2CNBA.jpg,2CNBA,2CVF4,0
yIY85.jpg,yIY85,yfWP5,0
cnPaR.jpg,cnPaR,cWPaA,0
2lM73.jpg,2lM73,2LA7S,0
PuM8j.jpg,PuM8j,Dv43j,0
q9Dal.jpg,q9Dal,c9Da1,0
2YJ4q.jpg,2YJ4q,2TJ4c,0
68uWq.jpg,68uWq,63u4q,0
3PDW0.jpg,3PDW0,2PtK0,0
ZNCW9.jpg,ZNCW9,ZMCy3,0
T9LOc.jpg,T9LOc,TxL0r,0
37pWu.jpg,37pWu,37pVu,0
iL35J.jpg,iL35J,mt351,0
TJDiW.jpg,TJDiW,FJZsw,0
74eG3.jpg,74eG3,74eC2,0
CaEKD.jpg,CaEKD,64EAP,0
CZK4o.jpg,CZK4o,i2h4e,0
Xr6yx.jpg,Xr6yx,WD6ux,0
h6P5x.jpg,h6P5x,N0P5X,0
0Mk44.jpg,0Mk44,0Nk4y,0
2BK9m.jpg,2BK9m,2BK9V,0
e0fZm.jpg,e0fZm,S0F2M,0
bTgob.jpg,bTgob,kTwpS,0
LHCye.jpg,LHCye,JHCy8,0
5Mm4I.jpg,5Mm4I,5Mm4f,0
a2QAP.jpg,a2QAP,eZGAF,0
i4Cc7.jpg,i4Cc7,i4GS7,0
k4ycD.jpg,k4ycD,k4YcD,0
UPpu6.jpg,UPpu6,UP3w6,0
NZ9r5.jpg,NZ9r5,A29r5,0
O9Anv.jpg,O9Anv,Q9Anv,0
ZTS08.jpg,ZTS08,ZTS0w,0
Ydt94.jpg,Ydt94,Tmk94,0
3gCXC.jpg,3gCXC,3g6KQ,0
h6Gbv.jpg,h6Gbv,H6C2V,0
FVGVZ.jpg,FVGVZ,FyCU3,0
s5pAQ.jpg,s5pAQ,s5pAC,0
aH3su.jpg,aH3su,rH3sU,0
53vnx.jpg,53vnx,53VmK,0
AFTY0.jpg,AFTY0,AEmVu,0
IQ6K9.jpg,IQ6K9,IO6K9,0
W39A4.jpg,W39A4,L26A4,0
usPj9.jpg,usPj9,u4Pj9,0
4spJq.jpg,4spJq,4sDIq,0
GWCkN.jpg,GWCkN,GWcFN,0
156E3.jpg,156E3,15ME3,0
f1VKg.jpg,f1VKg,C1VBg,0
RvvxH.jpg,RvvxH,PoYxH,0
26IpI.jpg,26IpI,x6Vp1,0
IlwY5.jpg,IlwY5,fAmT5,0
38ksG.jpg,38ksG,26HsC,0
95I2w.jpg,95I2w,05Izw,0
THE80.jpg,THE80,1ME20,0
6tvxi.jpg,6tvxi,5tpXj,0
99hbp.jpg,99hbp,Q9nLz,0
mMKoH.jpg,mMKoH,mMK9H,0
gnk40.jpg,gnk40,gnK40,0
M3pbM.jpg,M3pbM,W3PLK,0
6qKl0.jpg,6qKl0,cTKl0,0
ue5cs.jpg,ue5cs,VpTts,0
Y8YdH.jpg,Y8YdH,t8TcH,0
0s1Z1.jpg,0s1Z1,0wLZ3,0
M6xMP.jpg,M6xMP,N6x4P,0
u33e2.jpg,u33e2,u1Bc2,0
d9adD.jpg,d9adD,j9aGD,0
HcsFM.jpg,HcsFM,hCsFM,0
hP92E.jpg,hP92E,hP92E,1
XBbM2.jpg,XBbM2,XBtVz,0
vEXTS.jpg,vEXTS,VBKT3,0
37D3X.jpg,37D3X,97D3H,0
8y72P.jpg,8y72P,8Y72P,0
6S4l5.jpg,6S4l5,09AV5,0
anUAs.jpg,anUAs,2rLA5,0
wyoh1.jpg,wyoh1,wV0bT,0
1ZVKE.jpg,1ZVKE,j29AE,0
zKqfT.jpg,zKqfT,2Hcp1,0
Xx3Zf.jpg,Xx3Zf,Xn32F,0
Atq49.jpg,Atq49,Rtu40,0
MxR31.jpg,MxR31,M6RSj,0
N0oZ4.jpg,N0oZ4,N0sZj,0
WtAZE.jpg,WtAZE,vtAZ5,0
VT4Us.jpg,VT4Us,W74Lc,0
kMUoa.jpg,kMUoa,h7God,0
08dsh.jpg,08dsh,0BJxh,0
70KV1.jpg,70KV1,70KV1,1
oFIeR.jpg,oFIeR,AvLcR,0
yl0d0.jpg,yl0d0,ylwc5,0
k6xfm.jpg,k6xfm,k63im,0
08O6R.jpg,08O6R,08lzR,0
695e9.jpg,695e9,695eM,0
31nC4.jpg,31nC4,3jm04,0
R4cQx.jpg,R4cQx,P4cQx,0
s3qu4.jpg,s3qu4,xPqu4,0
UeEG5.jpg,UeEG5,MeEC3,0
15MpW.jpg,15MpW,15CpV,0
94vyv.jpg,94vyv,94wJH,0
i717Y.jpg,i717Y,i78oY,0
j05SA.jpg,j05SA,1Q5cX,0
47qag.jpg,47qag,47m29,0
X5GeR.jpg,X5GeR,M5CeR,0
d9tS4.jpg,d9tS4,d3tSV,0
W8615.jpg,W8615,W26Ia,0
c3816.jpg,c3816,QKx16,0
0cLi7.jpg,0cLi7,0SLj3,0
07BcY.jpg,07BcY,afBCV,0
oO79M.jpg,oO79M,eQ79A,0
Ym6Vm.jpg,Ym6Vm,7N0Pp,0
XUmmp.jpg,XUmmp,K0mqp,0
3Jja6.jpg,3Jja6,3Ura0,0
xt5uX.jpg,xt5uX,xf5uZ,0
3b06T.jpg,3b06T,2b0GT,0
c7HsI.jpg,c7HsI,C7H51,0
mqK0R.jpg,mqK0R,rql2R,0
00kiZ.jpg,00kiZ,DmkjZ,0
02TF5.jpg,02TF5,u21E5,0
1hTz8.jpg,1hTz8,jKF26,0
iEYxS.jpg,iEYxS,LZYx5,0
IZ012.jpg,IZ012,L80jP,0
91lJl.jpg,91lJl,81i7f,0
pnYUD.jpg,pnYUD,en7LD,0
tD1Pl.jpg,tD1Pl,zGAPl,0
Ahobi.jpg,Ahobi,Ajob1,0
f8v31.jpg,f8v31,F6u31,0
u67R3.jpg,u67R3,u67B3,0
KZs1G.jpg,KZs1G,NZ3tG,0
ioewL.jpg,ioewL,A0zWL,0
a86x0.jpg,a86x0,a85Y0,0
UI4H5.jpg,UI4H5,OI4H3,0
7Q07g.jpg,7Q07g,YR0jg,0
6i07C.jpg,6i07C,6i07e,0
U3zOj.jpg,U3zOj,U3zQj,0
Ci8Aa.jpg,Ci8Aa,CjBXa,0
88gCV.jpg,88gCV,82TcV,0
0e8EH.jpg,0e8EH,0z8EH,0
g4UcG.jpg,g4UcG,yhWsG,0
KwdZX.jpg,KwdZX,R5S2X,0
2D6Dn.jpg,2D6Dn,2V6On,0
ILwu6.jpg,ILwu6,TFwp8,0
7yzdg.jpg,7yzdg,7ykBg,0
VO17n.jpg,VO17n,VOiZn,0
H4h0d.jpg,H4h0d,BY10d,0
Uv4sV.jpg,Uv4sV,Uv4sY,0
4BEgC.jpg,4BEgC,48FyC,0
zbxBy.jpg,zbxBy,Zhj8Y,0
1580a.jpg,1580a,1k8mo,0
q1Fdf.jpg,q1Fdf,q1Fdp,0
4xF74.jpg,4xF74,AxF76,0
i06G0.jpg,i06G0,iP6S0,0
jUKIV.jpg,jUKIV,j0xtV,0
M7212.jpg,M7212,M7S12,0
UsG0f.jpg,UsG0f,L2G0f,0
g4b73.jpg,g4b73,qib72,0
GYxpa.jpg,GYxpa,6YxDa,0
1UeB8.jpg,1UeB8,1wcB8,0
6lCwh.jpg,6lCwh,8ICWh,0
Qjr4w.jpg,Qjr4w,0jr4w,0
Wf8P6.jpg,Wf8P6,Ht8Pb,0
ph69g.jpg,ph69g,p163g,0
BMF71.jpg,BMF71,Bmx71,0
l3GuL.jpg,l3GuL,136uW,0
443H5.jpg,443H5,473H5,0
aIBmC.jpg,aIBmC,aTBmC,0
AQLZs.jpg,AQLZs,MC5Es,0
4448B.jpg,4448B,4qxTB,0
O15NY.jpg,O15NY,015AY,0
cQd2I.jpg,cQd2I,vQd21,0
7ibig.jpg,7ibig,7xbma,0
nL5gk.jpg,nL5gk,m73gk,0
pJ53t.jpg,pJ53t,pJG3s,0
LR2W3.jpg,LR2W3,LRZwj,0
86K5n.jpg,86K5n,36Hzn,0
Jl66b.jpg,Jl66b,JlQ6b,0
19224.jpg,19224,10az4,0
bBkYF.jpg,bBkYF,h6jXF,0
3QXOy.jpg,3QXOy,3bK0g,0
7WVGT.jpg,7WVGT,7WpCT,0
zTO85.jpg,zTO85,xTw85,0
jfJ7r.jpg,jfJ7r,JCMwr,0
23sZF.jpg,23sZF,23uMF,0
BuaK2.jpg,BuaK2,BuaK2,1
nc3y0.jpg,nc3y0,nc3vQ,0
0aaLe.jpg,0aaLe,0sALc,0
2NF21.jpg,2NF21,qMFzs,0
54jGx.jpg,54jGx,54jGx,1
Pr7dc.jpg,Pr7dc,PrWd0,0
5VDub.jpg,5VDub,5VDab,0
RJF4X.jpg,RJF4X,BJc4X,0
VKHi6.jpg,VKHi6,vZHio,0
Q0i3b.jpg,Q0i3b,G0i2h,0
3aWa9.jpg,3aWa9,3rWt9,0
Xe01S.jpg,Xe01S,XC01S,0
5L5b6.jpg,5L5b6,5iYbm,0
2l2T5.jpg,2l2T5,RL2TS,0
yrawh.jpg,yrawh,yPdMh,0
7RG2O.jpg,7RG2O,7mS20,0
Q1T99.jpg,Q1T99,QiTp9,0
lWFD5.jpg,lWFD5,1WFD5,0
Hn4k6.jpg,Hn4k6,Hm4k6,0
H3jKO.jpg,H3jKO,H3jKO,1
9fbjM.jpg,9fbjM,9fbJA,0
2PNm0.jpg,2PNm0,5FHm0,0
F9us1.jpg,F9us1,F9us1,1
9pyD4.jpg,9pyD4,9pxD4,0
WJnlG.jpg,WJnlG,M3nk6,0
sk92U.jpg,sk92U,sK92U,0
I5R33.jpg,I5R33,i5Pq3,0
PYhgQ.jpg,PYhgQ,PVkg0,0
2sB1U.jpg,2sB1U,2sb1O,0
Z2ol9.jpg,Z2ol9,C2Nt9,0
6iGxX.jpg,6iGxX,51QnK,0
1YFIk.jpg,1YFIk,1YFLK,0
4ghAB.jpg,4ghAB,4ghYB,0
IRf2E.jpg,IRf2E,JK79E,0
B7z7p.jpg,B7z7p,87z4P,0
Y4awk.jpg,Y4awk,Y6awk,0
uu8Oo.jpg,uu8Oo,JF8Co,0
ijjKA.jpg,ijjKA,s7rkA,0
0WmaK.jpg,0WmaK,0WnaE,0
Dd6w5.jpg,Dd6w5,Dd6W3,0
a3We7.jpg,a3We7,a3Wc7,0
Luw2J.jpg,Luw2J,CrwX1,0
11h2u.jpg,11h2u,1xhZu,0
00bwb.jpg,00bwb,Cg1Mb,0
beN0n.jpg,beN0n,bEX3n,0
SN4Vv.jpg,SN4Vv,SM4Uj,0
r3DAz.jpg,r3DAz,r3DAZ,0
7lAA4.jpg,7lAA4,ylQB4,0
cJx1o.jpg,cJx1o,cjX40,0
P1OCn.jpg,P1OCn,PlozN,0
FPfts.jpg,FPfts,EmG13,0
thRW8.jpg,thRW8,Thpw3,0
7YADp.jpg,7YADp,7XADs,0
jCKGY.jpg,jCKGY,i0AsY,0
8Qh7X.jpg,8Qh7X,jdh7X,0
R7tYD.jpg,R7tYD,K2tYD,0
9MToe.jpg,9MToe,9MTne,0
7DE1r.jpg,7DE1r,7D54v,0
C04yV.jpg,C04yV,CB4xV,0
vOD9n.jpg,vOD9n,v4J0m,0
5Z948.jpg,5Z948,329hU,0
mVIDv.jpg,mVIDv,m9jDx,0
1L6hI.jpg,1L6hI,3L0hF,0
1Ui81.jpg,1Ui81,XUr6I,0
b8IHK.jpg,b8IHK,b8IAK,0
RH7Cf.jpg,RH7Cf,BH7Cs,0
V8o0s.jpg,V8o0s,H6p03,0
o69A3.jpg,o69A3,o69A3,1
qz810.jpg,qz810,gZ31D,0
lD5eb.jpg,lD5eb,1DSwx,0
5NHv4.jpg,5NHv4,3KjV4,0
m1Awb.jpg,m1Awb,r1Au5,0
r71DY.jpg,r71DY,c740V,0
nbGyR.jpg,nbGyR,n2CyB,0
T6e41.jpg,T6e41,TCe4J,0
95r0H.jpg,95r0H,95r0H,1
71QlA.jpg,71QlA,zpVfm,0
93jQR.jpg,93jQR,92I0A,0
2s9ss.jpg,2s9ss,2U9ey,0
PnG1b.jpg,PnG1b,2a61b,0
KKSe3.jpg,KKSe3,ZWSe3,0
LomcZ.jpg,LomcZ,U0wS2,0
0OZv8.jpg,0OZv8,0CZV3,0
6835f.jpg,6835f,G835l,0
7lAma.jpg,7lAma,7tAma,0
W2mY1.jpg,W2mY1,M20y1,0
MDUp4.jpg,MDUp4,M7dp4,0
qA8BV.jpg,qA8BV,aj8EV,0
Fz87c.jpg,Fz87c,Wz87C,0
IZYzd.jpg,IZYzd,iZYe0,0
2K06J.jpg,2K06J,2H06J,0
CvA42.jpg,CvA42,6VA42,0
F30S0.jpg,F30S0,F1Gg4,0
0n7wK.jpg,0n7wK,2p7uK,0
YY5kd.jpg,YY5kd,vYDkd,0
F7p5l.jpg,F7p5l,H7wsi,0
0z6KD.jpg,0z6KD,0i6Am,0
u5E2X.jpg,u5E2X,u5jDX,0
TwK9E.jpg,TwK9E,TwK9C,0
Z1Fw7.jpg,Z1Fw7,Z1EW9,0
80Qa6.jpg,80Qa6,87Qn6,0
wMw8t.jpg,wMw8t,ZAx3f,0
Oqxw1.jpg,Oqxw1,Opx21,0
ydqdQ.jpg,ydqdQ,UdaFQ,0
bLpAR.jpg,bLpAR,5IpaR,0
0UE4l.jpg,0UE4l,0MFx1,0
n1ReN.jpg,n1ReN,n1PcM,0
MKz2B.jpg,MKz2B,MYt2B,0
CAWBu.jpg,CAWBu,C4YBu,0
CvvcJ.jpg,CvvcJ,C1wjJ,0
mX0e0.jpg,mX0e0,mXjc0,0
WLVuf.jpg,WLVuf,4sVuf,0
S5E93.jpg,S5E93,SmE4J,0
lgN6w.jpg,lgN6w,I2N6v,0
28gh3.jpg,28gh3,26yhJ,0
12jni.jpg,12jni,V2jwr,0
kDGeg.jpg,kDGeg,KDC8g,0
XN19F.jpg,XN19F,Xmu5E,0
ECX44.jpg,ECX44,BCKu4,0
5o0L4.jpg,5o0L4,5aGL4,0
59xH7.jpg,59xH7,59XH7,0
14g53.jpg,14g53,I4xZ3,0
UCotH.jpg,UCotH,VCgtA,0
DcQQH.jpg,DcQQH,PcXqH,0
jmUa9.jpg,jmUa9,jmUa9,1
GbjQW.jpg,GbjQW,6b1a4,0
eHpN0.jpg,eHpN0,aLrN0,0
BE929.jpg,BE929,BL9zs,0
TJq2o.jpg,TJq2o,TJq2w,0
F77HY.jpg,F77HY,F76MY,0
2Nsru.jpg,2Nsru,2ASru,0
eSiGp.jpg,eSiGp,hslGP,0
29zCl.jpg,29zCl,29xCN,0
i7M32.jpg,i7M32,u7m32,0
H2Y68.jpg,H2Y68,H2J69,0
0w1rh.jpg,0w1rh,0Wirh,0
xUTY6.jpg,xUTY6,aUTy6,0
105NM.jpg,105NM,I05YM,0
946NM.jpg,946NM,946YM,0
ISRHG.jpg,ISRHG,I5RH6,0
75z5p.jpg,75z5p,75z8n,0
M7N71.jpg,M7N71,vzH91,0
kK3i5.jpg,kK3i5,vK3ic,0
o60h4.jpg,o60h4,v6Vh4,0
IsL6X.jpg,IsL6X,fsL0K,0
Fv91B.jpg,Fv91B,Fv01B,0
Zf6eD.jpg,Zf6eD,ZfGaD,0
KHsy1.jpg,KHsy1,KGev1,0
t8U2H.jpg,t8U2H,t8u2H,0
462TI.jpg,462TI,462Ti,0
30fhe.jpg,30fhe,30fhe,1
cRD6Z.jpg,cRD6Z,gND6Z,0
VqGt6.jpg,VqGt6,V4Zj6,0
QhmtJ.jpg,QhmtJ,OhmtJ,0
hAi54.jpg,hAi54,hArS4,0
xM8yi.jpg,xM8yi,xM6Yi,0
6gPUv.jpg,6gPUv,6gPUx,0
X5u60.jpg,X5u60,KFuG0,0
850iB.jpg,850iB,X5miP,0
2vC9d.jpg,2vC9d,2VC9a,0
B8Y80.jpg,B8Y80,B8Yc0,0
RORST.jpg,RORST,a0R31,0
Y2LWF.jpg,Y2LWF,YzfWF,0
nz5sK.jpg,nz5sK,nzTsK,0
Y8YpL.jpg,Y8YpL,W83gL,0
5A2UF.jpg,5A2UF,wA2Uf,0
962vJ.jpg,962vJ,962VJ,0
4IF4U.jpg,4IF4U,5lFAu,0
pC0u6.jpg,pC0u6,pL0h5,0
ofb6s.jpg,ofb6s,mIb6s,0
ZUke8.jpg,ZUke8,ZVkc3,0
2U3Z6.jpg,2U3Z6,2Lam6,0
C591w.jpg,C591w,C591w,1
YsUYE.jpg,YsUYE,YsU9R,0
DIdUO.jpg,DIdUO,Wj3UO,0
95r27.jpg,95r27,03F2u,0
iqs9a.jpg,iqs9a,iW59a,0
2bPL1.jpg,2bPL1,26PE1,0
ZvYGb.jpg,ZvYGb,ZvYGj,0
72qPt.jpg,72qPt,Y2qRt,0
8PLju.jpg,8PLju,8DLju,0
U7QXM.jpg,U7QXM,U7cKN,0
1y69B.jpg,1y69B,1mdgB,0
hK23P.jpg,hK23P,nKZ3P,0
UTEFk.jpg,UTEFk,UTFak,0
74bU1.jpg,74bU1,74BU1,0
6a8Jx.jpg,6a8Jx,6adIK,0
nMoJa.jpg,nMoJa,nACJa,0
BQ493.jpg,BQ493,BQ493,1
q95T5.jpg,q95T5,gw31E,0
rZNEV.jpg,rZNEV,pzA5v,0
YI4HL.jpg,YI4HL,VtaHC,0
6I0yc.jpg,6I0yc,6J0y3,0
UxZi6.jpg,UxZi6,UwZi6,0
2DM16.jpg,2DM16,2DM16,1
39136.jpg,39136,391s6,0
g02nG.jpg,g02nG,gT2nC,0
51ljt.jpg,51ljt,54kjt,0
F5v6u.jpg,F5v6u,E3W6a,0
Dj479.jpg,Dj479,Cj478,0
Ys96i.jpg,Ys96i,Vs46i,0
g182w.jpg,g182w,E132W,0
7bdsP.jpg,7bdsP,7bd3F,0
7C7Zm.jpg,7C7Zm,3UtZN,0
mqeQR.jpg,mqeQR,mgjQR,0
UOb00.jpg,UOb00,UOjng,0
60Ibd.jpg,60Ibd,801hd,0
qf85j.jpg,qf85j,qI05W,0
whH5m.jpg,whH5m,vhH5m,0
tlLlE.jpg,tlLlE,tWwjE,0
BqCa6.jpg,BqCa6,Hqt26,0
DMqQL.jpg,DMqQL,DKgQ1,0
9mhQD.jpg,9mhQD,3m1CD,0
8z995.jpg,8z995,819W5,0
90Mg4.jpg,90Mg4,9DMj4,0
LD5hs.jpg,LD5hs,VD5hx,0
666sL.jpg,666sL,WG5sI,0
hnD68.jpg,hnD68,hmD58,0
8201G.jpg,8201G,8201G,1
OvFRp.jpg,OvFRp,CYfAn,0
2r81X.jpg,2r81X,2r61K,0
YpWpe.jpg,YpWpe,ipHIe,0
z5jS7.jpg,z5jS7,ksjSM,0
qBJ6O.jpg,qBJ6O,gR16O,0
7OD7m.jpg,7OD7m,30sim,0
xhK6Z.jpg,xhK6Z,xhK92,0
341u4.jpg,341u4,361mA,0
ST7Q4.jpg,ST7Q4,S17Q4,0
oVSHq.jpg,oVSHq,pVjAq,0
yeL48.jpg,yeL48,YQI43,0
91Rw5.jpg,91Rw5,91Qw8,0
M580X.jpg,M580X,m5R02,0
184xD.jpg,184xD,12NxD,0
1E3xZ.jpg,1E3xZ,1E3KQ,0
lo1r1.jpg,lo1r1,MgXrT,0
5huP2.jpg,5huP2,SfuK2,0
TBUon.jpg,TBUon,7BUam,0
Q9Y6H.jpg,Q9Y6H,Agz6H,0
NHRRM.jpg,NHRRM,0l2GM,0
RiC4p.jpg,RiC4p,BiC4p,0
o20yX.jpg,o20yX,ej9yX,0
16HFE.jpg,16HFE,16AfE,0
cuJ5p.jpg,cuJ5p,Cw45p,0
3It4c.jpg,3It4c,3jt4c,0
K4PrR.jpg,K4PrR,w4PtR,0
JFVs6.jpg,JFVs6,JEWs6,0
WEcbm.jpg,WEcbm,VFcbm,0
5sWM6.jpg,5sWM6,2rWM6,0
v70u8.jpg,v70u8,V70a2,0
tppvh.jpg,tppvh,t9pv3,0
qD72D.jpg,qD72D,nb72D,0
jxwS6.jpg,jxwS6,jzWS6,0
VsMMl.jpg,VsMMl,US4Ni,0
jf406.jpg,jf406,jf406,1
u8poi.jpg,u8poi,h8Zoi,0
Ad5hX.jpg,Ad5hX,Hd5uK,0
EDfG3.jpg,EDfG3,EDfG3,1
LO3JC.jpg,LO3JC,LO3yw,0
0ox61.jpg,0ox61,uRX61,0
NuTJW.jpg,NuTJW,RuC3W,0
HPEAz.jpg,HPEAz,HpcAX,0
UTPs3.jpg,UTPs3,U7Pk3,0
582AH.jpg,582AH,58zA1,0
B5BKE.jpg,B5BKE,Qh8KE,0
9b9n2.jpg,9b9n2,obQw2,0
wOQ44.jpg,wOQ44,x9N7b,0
65OOI.jpg,65OOI,8FO7W,0
Nu8q5.jpg,Nu8q5,Au8q5,0
VWQ40.jpg,VWQ40,VWq4D,0
Noy43.jpg,Noy43,A6yf2,0
8rM6c.jpg,8rM6c,2jAbc,0
5Vhc5.jpg,5Vhc5,8VhcR,0
Xx8P9.jpg,Xx8P9,MiAD9,0
yE214.jpg,yE214,yE214,1
v40jv.jpg,v40jv,W30EK,0
pfDhz.jpg,pfDhz,nfVkz,0
501bB.jpg,501bB,501bR,0
498QT.jpg,498QT,4v3OI,0
Tvo0P.jpg,Tvo0P,1xe6P,0
v9YS0.jpg,v9YS0,vA730,0
C9H1o.jpg,C9H1o,C3H4o,0
7vpxY.jpg,7vpxY,7upxY,0
5d4nq.jpg,5d4nq,5z4mQ,0
66Jz7.jpg,66Jz7,bwJxP,0
kggAt.jpg,kggAt,kSuAT,0
4b0pW.jpg,4b0pW,4jTnM,0
8Fe45.jpg,8Fe45,8Fu45,0
W3ifH.jpg,W3ifH,WSafK,0
pbtfi.jpg,pbtfi,mHzfq,0
HwNd5.jpg,HwNd5,1rMd5,0
HHeN5.jpg,HHeN5,HDeN5,0
zZClR.jpg,zZClR,s7OlB,0
H1I53.jpg,H1I53,HC1w2,0
EAl1r.jpg,EAl1r,EAiYz,0
346ei.jpg,346ei,34Kei,0
640Eu.jpg,640Eu,540Eu,0
YnmrM.jpg,YnmrM,YnOtH,0
0xllw.jpg,0xllw,0zIbM,0
66TRY.jpg,66TRY,ofhKV,0
T85r0.jpg,T85r0,T3kr0,0
0lqCH.jpg,0lqCH,DfgSH,0
0sZiH.jpg,0sZiH,0xZiH,0
2xmY2.jpg,2xmY2,6KmYS,0
nX6vW.jpg,nX6vW,nX6vW,1
3Uo2F.jpg,3Uo2F,3Uo2E,0
cyPD2.jpg,cyPD2,6vF02,0
8xD7o.jpg,8xD7o,8XD7o,0
76cKD.jpg,76cKD,15gKD,0
ar515.jpg,ar515,urZj5,0
sv4xj.jpg,sv4xj,su4Xj,0
eaUhO.jpg,eaUhO,e4UhC,0
tqD7a.jpg,tqD7a,tgB76,0
hrqJ6.jpg,hrqJ6,MrSJ6,0
090Q4.jpg,090Q4,p9uQk,0
2sNe7.jpg,2sNe7,45Ae7,0
Srzgp.jpg,Srzgp,9i20b,0
hSEKc.jpg,hSEKc,13EXc,0
4W0tV.jpg,4W0tV,4KotV,0
nBGby.jpg,nBGby,nBt6V,0
D7ql6.jpg,D7ql6,D7gi6,0
inZ1k.jpg,inZ1k,vmz1K,0
O62JH.jpg,O62JH,0e2JH,0
HRo7S.jpg,HRo7S,HR075,0
4ERDj.jpg,4ERDj,4ERoy,0
fiNj5.jpg,fiNj5,PuAj5,0
128F8.jpg,128F8,12mE8,0
0l8dV.jpg,0l8dV,c184M,0
8a2ng.jpg,8a2ng,6a1hg,0
7PZ3i.jpg,7PZ3i,4RZ3i,0
1ps1e.jpg,1ps1e,WpxJi,0
8p9E0.jpg,8p9E0,8m9kA,0
Ncs6F.jpg,Ncs6F,Ac36E,0
VPQwi.jpg,VPQwi,VPQmi,0
9zNlD.jpg,9zNlD,92AlD,0
1Nb5q.jpg,1Nb5q,1mkSQ,0
qILWn.jpg,qILWn,gTLWn,0
3zld8.jpg,3zld8,2zIu6,0
WLV98.jpg,WLV98,mLV58,0
39J2W.jpg,39J2W,srJ2W,0
aRiYW.jpg,aRiYW,gRifV,0
N4AfQ.jpg,N4AfQ,H42r0,0
CfR3z.jpg,CfR3z,ChK3z,0
jA81w.jpg,jA81w,iA61V,0
3cfWz.jpg,3cfWz,3cIWZ,0
U29Bb.jpg,U29Bb,i29Rb,0
b2G5d.jpg,b2G5d,h2G5d,0
YN194.jpg,YN194,YN10z,0
10p0a.jpg,10p0a,19pNa,0
aWfr2.jpg,aWfr2,aVfr2,0
mUgli.jpg,mUgli,nUx16,0
4f9G2.jpg,4f9G2,4F9G2,0
MvLAH.jpg,MvLAH,myLiX,0
uxFba.jpg,uxFba,iXFBe,0
W53Ea.jpg,W53Ea,H53Ce,0
Vf6f0.jpg,Vf6f0,Mr5L0,0
d6L3q.jpg,d6L3q,dWE3q,0
Nv8Xa.jpg,Nv8Xa,Nv8Xj,0
h9tit.jpg,h9tit,h3kjz,0
PCP6b.jpg,PCP6b,2Cmgh,0
u31Ry.jpg,u31Ry,u21KY,0
fPq4U.jpg,fPq4U,x2g4U,0
I503B.jpg,I503B,j50X8,0
5D6WF.jpg,5D6WF,3DGyT,0
Q9R1p.jpg,Q9R1p,Q9A1b,0
4cjs6.jpg,4cjs6,4cjx6,0
5KlW9.jpg,5KlW9,5klW9,0
lYm59.jpg,lYm59,iVm59,0
6Fso3.jpg,6Fso3,6Fyn2,0
pNrd1.jpg,pNrd1,pArd1,0
6IEw5.jpg,6IEw5,q1LM5,0
810o0.jpg,810o0,K1CaA,0
F5JKS.jpg,F5JKS,F2JK8,0
HcjgJ.jpg,HcjgJ,HCig3,0
CbpBh.jpg,CbpBh,CbpBW,0
rK73z.jpg,rK73z,rH73z,0
1bZdP.jpg,1bZdP,152wF,0
F5FPT.jpg,F5FPT,IsMP7,0
ca7zA.jpg,ca7zA,CaYxA,0
894D7.jpg,894D7,8r4D7,0
O3VPJ.jpg,O3VPJ,C3Wrg,0
Bp2FC.jpg,Bp2FC,4n2FO,0
f474F.jpg,f474F,Iw74S,0
D7zrz.jpg,D7zrz,076nz,0
qWssU.jpg,qWssU,mASzL,0
8mXX3.jpg,8mXX3,SmXk1,0
0ReW4.jpg,0ReW4,0BeV4,0
u6pvN.jpg,u6pvN,q6p7M,0
XjdRe.jpg,XjdRe,Xj4B6,0
Vbt6C.jpg,Vbt6C,9bfRC,0
yTLc6.jpg,yTLc6,yPAcn,0
bT06U.jpg,bT06U,p7q6U,0
Z7Ea8.jpg,Z7Ea8,W7Eq8,0
EQSbX.jpg,EQSbX,EqjbK,0
wmNWe.jpg,wmNWe,vntM2,0
fHfu6.jpg,fHfu6,PHfu6,0
mYTXr.jpg,mYTXr,mY3Ks,0
eidZe.jpg,eidZe,9jdEp,0
dfkvV.jpg,dfkvV,JfkmV,0
65DdR.jpg,65DdR,65DdH,0
ZJr0O.jpg,ZJr0O,KJrUD,0
65HrE.jpg,65HrE,65Hru,0
T4sr2.jpg,T4sr2,O4sr2,0
b8210.jpg,b8210,h621N,0
d0MPV.jpg,d0MPV,d0AF1,0
0Hskr.jpg,0Hskr,0USKr,0
y73bK.jpg,y73bK,w73bK,0
y940P.jpg,y940P,VS40F,0
5rFk5.jpg,5rFk5,4iEW6,0
b3TJm.jpg,b3TJm,62Tjm,0
rh5o0.jpg,rh5o0,rh5e0,0
tfeO7.jpg,tfeO7,traO7,0
C8EP2.jpg,C8EP2,C8EVz,0
0clF9.jpg,0clF9,UC1F3,0
RpnN1.jpg,RpnN1,RPoNl,0
u5NB4.jpg,u5NB4,u5AP4,0
v3B73.jpg,v3B73,V3h7e,0
A92q2.jpg,A92q2,NV2Gt,0
e484I.jpg,e484I,wH84j,0
OuMEH.jpg,OuMEH,OuM5H,0
y3ObM.jpg,y3ObM,v20bA,0
n8i0h.jpg,n8i0h,p3iQh,0
o0v8F.jpg,o0v8F,aUx3E,0
hLPgG.jpg,hLPgG,hXPaG,0
NhNxh.jpg,NhNxh,MhT2p,0
kHJcK.jpg,kHJcK,kTJcK,0
6e4tw.jpg,6e4tw,6e4Iw,0
P2cPY.jpg,P2cPY,BZcjV,0
atV12.jpg,atV12,atvj2,0
g1QTG.jpg,g1QTG,91wTC,0
P7I11.jpg,P7I11,27L46,0
07wva.jpg,07wva,02wya,0
jdI15.jpg,jdI15,qRz1o,0
i5UX9.jpg,i5UX9,iBWX9,0
T3X62.jpg,T3X62,tjX62,0
BQ64w.jpg,BQ64w,BQW4y,0
6w8d6.jpg,6w8d6,5K3Jg,0
0OOYX.jpg,0OOYX,zgcFX,0
j0Ic9.jpg,j0Ic9,jQxc8,0
4444W.jpg,4444W,eVz1E,0
imcyr.jpg,imcyr,1mCyr,0
pe8Q6.jpg,pe8Q6,p2XQ5,0
M1Vb9.jpg,M1Vb9,Mfyb9,0
dfW2e.jpg,dfW2e,dIM24,0
IyKns.jpg,IyKns,10KmS,0
D2pE5.jpg,D2pE5,OzpE5,0
75V4n.jpg,75V4n,7SM4h,0
2eNp2.jpg,2eNp2,2eAF6,0
9X8i2.jpg,9X8i2,mXBt2,0
3pW5L.jpg,3pW5L,3rWDf,0
2MFaW.jpg,2MFaW,2MFaW,1
7C7nH.jpg,7C7nH,zC9AH,0
2Ma1a.jpg,2Ma1a,2HuTr,0
N0tN0.jpg,N0tN0,Hp1K8,0
8k9Mv.jpg,8k9Mv,6k9mj,0
eA5Jt.jpg,eA5Jt,eA52t,0
koQwp.jpg,koQwp,k7OHp,0
7585V.jpg,7585V,7f85v,0
mB81e.jpg,mB81e,mk3Ic,0
0mRo7.jpg,0mRo7,UmRo7,0
3JTfa.jpg,3JTfa,8J1fa,0
CxfP2.jpg,CxfP2,CKfB2,0
4BRHW.jpg,4BRHW,4BxHw,0
eagY9.jpg,eagY9,Eam19,0
Um65D.jpg,Um65D,UwG5P,0
Rxt6o.jpg,Rxt6o,HXI49,0
HVtex.jpg,HVtex,HVtex,1
Vpqzn.jpg,Vpqzn,VjS2m,0
2FBzP.jpg,2FBzP,4f8zP,0
rob7j.jpg,rob7j,r0bXj,0
Jx07w.jpg,Jx07w,pxC7m,0
07lbs.jpg,07lbs,07Lh5,0
13Vzt.jpg,13Vzt,j3Vzt,0
1sn9e.jpg,1sn9e,jsM9C,0
Y84VR.jpg,Y84VR,YS4vp,0
B7Exp.jpg,B7Exp,H7EKo,0
5E18M.jpg,5E18M,5C1PM,0
kk7h5.jpg,kk7h5,kQ7w9,0
1FLR5.jpg,1FLR5,1rLB9,0
Z48IJ.jpg,Z48IJ,Z48tv,0
prD3l.jpg,prD3l,pr63L,0
lCDsH.jpg,lCDsH,jCuSH,0
ELqOP.jpg,ELqOP,SLnOA,0
F3Fak.jpg,F3Fak,t350K,0
fV6uX.jpg,fV6uX,FV6gX,0
58Q0z.jpg,58Q0z,58Yw2,0
8LDZT.jpg,8LDZT,8tVzT,0
8GW78.jpg,8GW78,RGM7e,0
qlijl.jpg,qlijl,q6Xsl,0
M04E3.jpg,M04E3,A04E2,0
Kf5l7.jpg,Kf5l7,KAolz,0
uRPXc.jpg,uRPXc,uH7xc,0
15p3A.jpg,15p3A,lor34,0
vo77I.jpg,vo77I,vgTfh,0
3M2gN.jpg,3M2gN,3WkqN,0
9X7lp.jpg,9X7lp,9X7tp,0
pAi8Y.jpg,pAi8Y,pAi3T,0
4096v.jpg,4096v,j096v,0
Dt63R.jpg,Dt63R,Dt62H,0
I77cf.jpg,I77cf,UZTok,0
6Vdj7.jpg,6Vdj7,6Mai7,0
oGU0a.jpg,oGU0a,OZYAx,0
v7oAK.jpg,v7oAK,U7oAK,0
4Txhx.jpg,4Txhx,4TCDX,0
AuTlY.jpg,AuTlY,Au1fV,0
QbgG7.jpg,QbgG7,ObgS7,0
2ZX5g.jpg,2ZX5g,2LW5g,0
aZy4b.jpg,aZy4b,aZv4b,0
IMN0Z.jpg,IMN0Z,TWtoZ,0
zI8nv.jpg,zI8nv,2D8pv,0
445H2.jpg,445H2,qd5H2,0
IQ0gk.jpg,IQ0gk,tS0zk,0
AoP93.jpg,AoP93,Ae793,0
6vVTn.jpg,6vVTn,5v3In,0
k0xvW.jpg,k0xvW,k0zyW,0
koLLk.jpg,koLLk,ZoTix,0
lFnfN.jpg,lFnfN,150fH,0
LZ036.jpg,LZ036,iZ03w,0
p1b3e.jpg,p1b3e,P1b3C,0
xuyp5.jpg,xuyp5,Xu7P5,0
m67G8.jpg,m67G8,m67K3,0
p98eb.jpg,p98eb,P78eb,0
9JIl1.jpg,9JIl1,6JfiW,0
r6oFo.jpg,r6oFo,r6wKo,0
722Zf.jpg,722Zf,72nbf,0
0AU3T.jpg,0AU3T,0AU3T,1
42V09.jpg,42V09,42N09,0
30kAg.jpg,30kAg,3oKAG,0
tW6nr.jpg,tW6nr,tV6hr,0
Mg6g7.jpg,Mg6g7,Kd6n7,0
6Rdug.jpg,6Rdug,6rHwg,0
0E5V3.jpg,0E5V3,mESU3,0
EFSHw.jpg,EFSHw,B79Am,0
Wx3G5.jpg,Wx3G5,Hr3C5,0
G62jY.jpg,G62jY,C521Y,0
7sEUj.jpg,7sEUj,XsE0i,0
oKS29.jpg,oKS29,oA329,0
S1tj6.jpg,S1tj6,S2tjB,0
86fDV.jpg,86fDV,36iDM,0
G4j8u.jpg,G4j8u,G413u,0
vKl2E.jpg,vKl2E,vK12c,0
hkDwL.jpg,hkDwL,jxDyi,0
gTW23.jpg,gTW23,gIM23,0
e2dMU.jpg,e2dMU,c2dKV,0
CdRG1.jpg,CdRG1,0dBG1,0
91ow3.jpg,91ow3,91RM3,0
pNceh.jpg,pNceh,RWcGh,0
7J3zr.jpg,7J3zr,7J8zr,0
pa7Ke.jpg,pa7Ke,pa7Kc,0
HjrLC.jpg,HjrLC,Hjr2C,0
9LS7q.jpg,9LS7q,vLS7a,0
82cEr.jpg,82cEr,82qEr,0
0k0k8.jpg,0k0k8,4TCk3,0
4n5n4.jpg,4n5n4,4i5nY,0
fpNn4.jpg,fpNn4,fPMv4,0
wr8dE.jpg,wr8dE,wr3dt,0
ldhIu.jpg,ldhIu,jd5Tv,0
hsD71.jpg,hsD71,hwB71,0
X8cMc.jpg,X8cMc,K8vHE,0
wobbl.jpg,wobbl,xORb1,0
9Ur9S.jpg,9Ur9S,aLTQ3,0
vA7ll.jpg,vA7ll,oKz0F,0
c81Cy.jpg,c81Cy,e3Iry,0
GpYz9.jpg,GpYz9,CpYZ5,0
aVQ7g.jpg,aVQ7g,aVC7g,0
v208o.jpg,v208o,y208c,0
7c18I.jpg,7c18I,7c18b,0
YtFwy.jpg,YtFwy,XtPwg,0
ppkC7.jpg,ppkC7,mjKC7,0
20niM.jpg,20niM,20miM,0
bSA9k.jpg,bSA9k,bSAPK,0
0T57Q.jpg,0T57Q,0TSzQ,0
i5fA2.jpg,i5fA2,jSfA2,0
5OC8v.jpg,5OC8v,5Oj8v,0
wRJt3.jpg,wRJt3,WRJt3,0
3g929.jpg,3g929,3gmZM,0
KuoDQ.jpg,KuoDQ,Ku4DQ,0
l6IW0.jpg,l6IW0,h5rW0,0
3W4pR.jpg,3W4pR,3V4PI,0
k2UJF.jpg,k2UJF,K2GJF,0
HqUA8.jpg,HqUA8,HqLA3,0
MsE3U.jpg,MsE3U,A7E2U,0
mDaz9.jpg,mDaz9,WDaZ9,0
a4hrs.jpg,a4hrs,a4lyS,0
QR6AK.jpg,QR6AK,Cp6DF,0
6w941.jpg,6w941,6w941,1
3Ba43.jpg,3Ba43,7Br4S,0
94bIB.jpg,94bIB,94niB,0
q48m2.jpg,q48m2,ct8m2,0
y6fjT.jpg,y6fjT,v6fkT,0
IG9XS.jpg,IG9XS,iC2K3,0
dLC3X.jpg,dLC3X,dICsK,0
7mAec.jpg,7mAec,7mAeC,0
Du7S1.jpg,Du7S1,Du731,0
OQNgQ.jpg,OQNgQ,621yU,0
R35Tu.jpg,R35Tu,H25ju,0
aT79K.jpg,aT79K,aTZ9A,0
f9zCS.jpg,f9zCS,fozC5,0
x216o.jpg,x216o,x21Go,0
1RZ6M.jpg,1RZ6M,1PZ9M,0
M738J.jpg,M738J,H7v6J,0
C2Jf1.jpg,C2Jf1,C2sF1,0
ePoMY.jpg,ePoMY,eP0AY,0
s39Zv.jpg,s39Zv,s3DLU,0
1KEJS.jpg,1KEJS,nMEJS,0
kmqvQ.jpg,kmqvQ,KmgVD,0
kDtJw.jpg,kDtJw,KDtJw,0
fBI6h.jpg,fBI6h,f216h,0
x1sJw.jpg,x1sJw,x189m,0
aOnIF.jpg,aOnIF,4CnYE,0
XCYGY.jpg,XCYGY,ACIB9,0
3Ry9e.jpg,3Ry9e,3Ry6i,0
Oth2G.jpg,Oth2G,Dth2q,0
l98Gi.jpg,l98Gi,U98GY,0
KXZ6N.jpg,KXZ6N,KX26A,0
Q8725.jpg,Q8725,087v5,0
P3z6n.jpg,P3z6n,PV76n,0
h6Zu9.jpg,h6Zu9,k4Zu3,0
u2og1.jpg,u2og1,u2oRT,0
nAmF6.jpg,nAmF6,n3TE6,0
YpX7S.jpg,YpX7S,YpK7S,0
z8Krz.jpg,z8Krz,z8Hru,0
WUQ6N.jpg,WUQ6N,WU25F,0
2k8Y1.jpg,2k8Y1,2K8V1,0
3r7m7.jpg,3r7m7,3r7u4,0
44rLN.jpg,44rLN,4urLH,0
J1ejE.jpg,J1ejE,dlejE,0
tot9v.jpg,tot9v,1pH9v,0
BoFL5.jpg,BoFL5,RarW5,0
ay0UL.jpg,ay0UL,ayORI,0
3fHtb.jpg,3fHtb,3FWtB,0
0UQjN.jpg,0UQjN,9CZjN,0
Hc7Qr.jpg,Hc7Qr,Hc7Or,0
C6q8x.jpg,C6q8x,C6qAx,0
0g3z3.jpg,0g3z3,0g24s,0
vTiNZ.jpg,vTiNZ,oTiMZ,0
UcgMU.jpg,UcgMU,Uc7N8,0
qSgpE.jpg,qSgpE,X3yDC,0
Os65j.jpg,Os65j,Ox651,0
4OamM.jpg,4OamM,403FM,0
449Rp.jpg,449Rp,ld9Fp,0
8bAKK.jpg,8bAKK,8b4zK,0
EL8ga.jpg,EL8ga,EiN9a,0
DT4Ri.jpg,DT4Ri,D14Ku,0
YhvWW.jpg,YhvWW,Zbc3W,0
E647z.jpg,E647z,E647z,1
7D1yn.jpg,7D1yn,7D1Qn,0
9x5l3.jpg,9x5l3,qK5l3,0
629Hz.jpg,629Hz,6D9HZ,0
EsXe3.jpg,EsXe3,EuXj3,0
7nDs1.jpg,7nDs1,7hPs1,0
gGfd7.jpg,gGfd7,gGrA7,0
Ob1h7.jpg,Ob1h7,0btH7,0
Xad1j.jpg,Xad1j,Kad4i,0
c6ScZ.jpg,c6ScZ,m6Fy7,0
hyvTI.jpg,hyvTI,bye3I,0
rKdh6.jpg,rKdh6,rK3h6,0
Y8XU6.jpg,Y8XU6,Y3AU6,0
8hTYw.jpg,8hTYw,3kFYM,0
O1JWZ.jpg,O1JWZ,01aH2,0
zsrTs.jpg,zsrTs,z4iTs,0
L6NFi.jpg,L6NFi,L4NFj,0
iAcoh.jpg,iAcoh,i4woh,0
ry43X.jpg,ry43X,ry43K,0
5795a.jpg,5795a,F79ba,0
ywSF3.jpg,ywSF3,jwCF3,0
k9V6i.jpg,k9V6i,n9V6l,0
096I4.jpg,096I4,03cIA,0
1D1S6.jpg,1D1S6,4mYS6,0
hPc9G.jpg,hPc9G,hPcY4,0
6RJ7j.jpg,6RJ7j,0KU7j,0
8QnnW.jpg,8QnnW,8CrjM,0
KVF2E.jpg,KVF2E,gV52E,0
Lo2As.jpg,Lo2As,Lq2A3,0
038yV.jpg,038yV,03AgV,0
G2k8C.jpg,G2k8C,JjX3C,0
5N9Yt.jpg,5N9Yt,5M0Yt,0
U8HHo.jpg,U8HHo,U3K4p,0
WBiXA.jpg,WBiXA,WBcxA,0
25m5p.jpg,25m5p,2Km5i,0
oD0Sj.jpg,oD0Sj,aD0Kh,0
UJE5W.jpg,UJE5W,Ujr5V,0
Qt7O7.jpg,Qt7O7,6tADZ,0
eEZ1l.jpg,eEZ1l,eBX4l,0
Wgz7a.jpg,Wgz7a,WCS7a,0
SS8W2.jpg,SS8W2,JG3Wf,0
nwXP0.jpg,nwXP0,nvK20,0
P6EZo.jpg,P6EZo,PGNZa,0
e3517.jpg,e3517,eVml7,0
CAa0A.jpg,CAa0A,C1a9A,0
3K6z7.jpg,3K6z7,3H6ZO,0
HmwIb.jpg,HmwIb,OmwIb,0
0m3Qt.jpg,0m3Qt,Amxet,0
wxo6u.jpg,wxo6u,WxoEu,0
D3PMw.jpg,D3PMw,D3FtW,0
gvxVz.jpg,gvxVz,AuNDz,0
4k82p.jpg,4k82p,4k8op,0
5pVZ2.jpg,5pVZ2,5pMC2,0
062mT.jpg,062mT,062mY,0
65RT3.jpg,65RT3,e5RId,0
yc2UV.jpg,yc2UV,mC2LV,0
uv0rW.jpg,uv0rW,hveFW,0
wz7Ej.jpg,wz7Ej,MeTBj,0
O3w5l.jpg,O3w5l,d3VRl,0
66lcE.jpg,66lcE,S0iwF,0
XQU5L.jpg,XQU5L,KQU5i,0
vvdIV.jpg,vvdIV,mvdIY,0
HxEsL.jpg,HxEsL,HXE9t,0
c77JJ.jpg,c77JJ,6FWhj,0
t3beo.jpg,t3beo,E3bzo,0
piJt7.jpg,piJt7,pwJt7,0
V43Xq.jpg,V43Xq,U43KG,0
0rCBE.jpg,0rCBE,uxCBk,0
E16yp.jpg,E16yp,E16YD,0
Ng5HL.jpg,Ng5HL,Mq3TI,0
zWKGt.jpg,zWKGt,zWKCf,0
WzIcj.jpg,WzIcj,0xTcj,0
JtIvH.jpg,JtIvH,38IVH,0
UnP1C.jpg,UnP1C,UnP1C,1
oRKPq.jpg,oRKPq,cBXfy,0
i72fN.jpg,i72fN,c72fM,0
zHi1n.jpg,zHi1n,2Hj1m,0
V1033.jpg,V1033,M108n,0
0Nc2p.jpg,0Nc2p,0Nc2p,1
5JYj4.jpg,5JYj4,5IYpa,0
46X9k.jpg,46X9k,16M9E,0
RBmcu.jpg,RBmcu,AEmcu,0
K08c3.jpg,K08c3,H0fc2,0
M7TrA.jpg,M7TrA,m7qcA,0
R9WiX.jpg,R9WiX,B9WiX,0
e13em.jpg,e13em,e13Em,0
fU39o.jpg,fU39o,fUX9a,0
8I9Yv.jpg,8I9Yv,Bk9Yw,0
49Lo8.jpg,49Lo8,49LnB,0
62P9C.jpg,62P9C,N2B9C,0
a5U9p.jpg,a5U9p,a5H9p,0
Hi9tP.jpg,Hi9tP,Hi9wZ,0
2bHDY.jpg,2bHDY,2bHOY,0
B2tCj.jpg,B2tCj,B2twj,0
J3oi1.jpg,J3oi1,j3cr1,0
b5M8a.jpg,b5M8a,L5W8a,0
mM671.jpg,mM671,nA571,0
0LrfF.jpg,0LrfF,0LxAF,0
UK82N.jpg,UK82N,UK8za,0
g3O1W.jpg,g3O1W,z3OfW,0
B7uji.jpg,B7uji,B7ujL,0
5haNM.jpg,5haNM,5haCM,0
31ZI9.jpg,31ZI9,3hzl9,0
442xO.jpg,442xO,24gxO,0
5CyFz.jpg,5CyFz,5CuPz,0
flrO3.jpg,flrO3,jleO3,0
WCmrN.jpg,WCmrN,WC5jN,0
oTfR4.jpg,oTfR4,oTtK4,0
N8Z07.jpg,N8Z07,N3r07,0
ZDag6.jpg,ZDag6,ZDag6,1
4S1X0.jpg,4S1X0,43TK0,0
bt8W3.jpg,bt8W3,bf8MJ,0
Exp1j.jpg,Exp1j,Ex01S,0
s4KR8.jpg,s4KR8,s4UR9,0
qTYaV.jpg,qTYaV,gDYkw,0
Xk3Zx.jpg,Xk3Zx,Xk3Cv,0
UNI0e.jpg,UNI0e,bXi0e,0
d0KkM.jpg,d0KkM,a0KhM,0
5QW8n.jpg,5QW8n,5QM8n,0
4sAsy.jpg,4sAsy,Z5RxJ,0
26ohH.jpg,26ohH,76ahW,0
Fi8Vd.jpg,Fi8Vd,FjXWd,0
h1AXV.jpg,h1AXV,HtAKV,0
n0N3F.jpg,n0N3F,n0A3F,0
9SfV9.jpg,9SfV9,9SfK4,0
8xw9m.jpg,8xw9m,6Xw9n,0
dh8xU.jpg,dh8xU,qH3XU,0
sU9ah.jpg,sU9ah,sU9ak,0
afGzB.jpg,afGzB,afW2B,0
pJ3gK.jpg,pJ3gK,DJ3yK,0
s86Kn.jpg,s86Kn,z86Kn,0
fJ62s.jpg,fJ62s,f162s,0
jo7zP.jpg,jo7zP,jo74P,0
6986H.jpg,6986H,yQ86H,0
G6naK.jpg,G6naK,Cbm3K,0
56JdP.jpg,56JdP,36La2,0
3FQ70.jpg,3FQ70,3FQMD,0
ZRc03.jpg,ZRc03,ABc03,0
7d1tI.jpg,7d1tI,7axcI,0
tOfj5.jpg,tOfj5,WOfj5,0
8sTPc.jpg,8sTPc,8x1PC,0
31Cf4.jpg,31Cf4,R1CFA,0
gPY6q.jpg,gPY6q,jDY5q,0
20Nst.jpg,20Nst,20mst,0
95th5.jpg,95th5,93tM5,0
13O7l.jpg,13O7l,13m20,0
4G9MO.jpg,4G9MO,zG9HD,0
9oXX3.jpg,9oXX3,0uRh3,0
YpM5C.jpg,YpM5C,VjN5C,0
2QB10.jpg,2QB10,2C81n,0
OzDJC.jpg,OzDJC,mxDJc,0
mkR3y.jpg,mkR3y,mtB3g,0
DFz8k.jpg,DFz8k,mFy8H,0
1r6bk.jpg,1r6bk,1rdbK,0
5FvoV.jpg,5FvoV,5fxcU,0
i42Ub.jpg,i42Ub,i42U5,0
D63qd.jpg,D63qd,D6x7d,0
m8RBg.jpg,m8RBg,m9Kbg,0
643ng.jpg,643ng,f43mq,0
x2hYL.jpg,x2hYL,x2hYj,0
q3SJ0.jpg,q3SJ0,g1SJ0,0
uRKYg.jpg,uRKYg,uRtYg,0
r7gCU.jpg,r7gCU,r7g6U,0
87erf.jpg,87erf,B7eiV,0
xFmc3.jpg,xFmc3,xFmc2,0
38xPT.jpg,38xPT,38xPT,1
LE96m.jpg,LE96m,1E96m,0
YWC90.jpg,YWC90,YKC9d,0
3N2nl.jpg,3N2nl,SK2m1,0
hmW2B.jpg,hmW2B,hQW2B,0
uhfq3.jpg,uhfq3,u1Fg3,0
HTSZY.jpg,HTSZY,HTSZv,0
zFP37.jpg,zFP37,zEP37,0
FXX5K.jpg,FXX5K,DaXeK,0
XCk62.jpg,XCk62,ACk62,0
vO7w5.jpg,vO7w5,x07w5,0
P2k3a.jpg,P2k3a,P2K3a,0
54uh3.jpg,54uh3,54uhY,0
9x54i.jpg,9x54i,9x5Wi,0
V15t9.jpg,V15t9,MT6t9,0
jB70q.jpg,jB70q,jB70g,0
prfhN.jpg,prfhN,2rfbM,0
7vMOV.jpg,7vMOV,fxAOY,0
94UQi.jpg,94UQi,94UQi,1
p8720.jpg,p8720,m8T20,0
i7LoV.jpg,i7LoV,j7CaW,0
Ci27l.jpg,Ci27l,Cj27h,0
Mb0pb.jpg,Mb0pb,A302b,0
WGccl.jpg,WGccl,MGgr1,0
f0ct5.jpg,f0ct5,T0yt3,0
gHRId.jpg,gHRId,9HPfd,0
P8y17.jpg,P8y17,D8yt7,0
29gyR.jpg,29gyR,2OdYF,0
g15Y6.jpg,g15Y6,g45Y6,0
T0w8M.jpg,T0w8M,10v3A,0
VFuch.jpg,VFuch,V2acb,0
g7SKU.jpg,g7SKU,p75KU,0
72k9B.jpg,72k9B,72H9B,0
0UZ4z.jpg,0UZ4z,pUZ4s,0
lZipS.jpg,lZipS,vZim3,0
7b5p6.jpg,7b5p6,7h5m6,0
Kp7z8.jpg,Kp7z8,KO7z6,0
v7ZMT.jpg,v7ZMT,u76AT,0
ReVZZ.jpg,ReVZZ,AcU4C,0
crnxc.jpg,crnxc,PrnKc,0
05y4m.jpg,05y4m,0Fy4m,0
386Rd.jpg,386Rd,18fAd,0
E02Pw.jpg,E02Pw,E02jW,0
WDOkc.jpg,WDOkc,WDCks,0
y561E.jpg,y561E,v261E,0
Lm6US.jpg,Lm6US,Lm6V3,0
E3Bd1.jpg,E3Bd1,E36d1,0
YFH1O.jpg,YFH1O,XEa40,0
aq1wS.jpg,aq1wS,pq1M3,0
58z7Q.jpg,58z7Q,58L7Q,0
1K0GL.jpg,1K0GL,1H0Sb,0
g89l2.jpg,g89l2,g8v12,0
2D58z.jpg,2D58z,7D56x,0
8CWhQ.jpg,8CWhQ,3LWhQ,0
88z7m.jpg,88z7m,8cx7m,0
fGZ7m.jpg,fGZ7m,bG27w,0
GLN3Q.jpg,GLN3Q,6iM3C,0
X4usL.jpg,X4usL,K4u3E,0
LEwcI.jpg,LEwcI,LBWeT,0
Uk623.jpg,Uk623,UK623,0
14anf.jpg,14anf,143mE,0
47NZl.jpg,47NZl,4SMZI,0
E61qg.jpg,E61qg,bC1Ag,0
1CC8M.jpg,1CC8M,10C8m,0
I8ZW5.jpg,I8ZW5,182M5,0
LgA30.jpg,LgA30,EgA3O,0
FR4ew.jpg,FR4ew,FR4CV,0
25XWN.jpg,25XWN,c5XWN,0
w76oG.jpg,w76oG,M76pq,0
k067V.jpg,k067V,KO57V,0
4X2DG.jpg,4X2DG,4K2DS,0
MgT1s.jpg,MgT1s,MRTio,0
E4283.jpg,E4283,E42w3,0
I8aA8.jpg,I8aA8,IDaA2,0
n6d89.jpg,n6d89,I6L3q,0
R13mG.jpg,R13mG,H42mG,0
Uz1XP.jpg,Uz1XP,6z1KP,0
QPE89.jpg,QPE89,QPka9,0
9w644.jpg,9w644,9wGd4,0
rx0o5.jpg,rx0o5,jXCe5,0
9KX02.jpg,9KX02,9AY02,0
kNma6.jpg,kNma6,tNm36,0
jV8wb.jpg,jV8wb,fU3mb,0
jg64F.jpg,jg64F,Jy64E,0
tTX31.jpg,tTX31,tFX31,0
siI88.jpg,siI88,5rLw8,0
q38WP.jpg,q38WP,c36HF,0
33E0U.jpg,33E0U,3YEmU,0
zHG1e.jpg,zHG1e,2H61e,0
y216y.jpg,y216y,rR16y,0
8ReMy.jpg,8ReMy,8FzMy,0
5mY1O.jpg,5mY1O,5mX1C,0
e1s0Q.jpg,e1s0Q,e7k9Q,0
XA33O.jpg,XA33O,KA3FC,0
iPxNr.jpg,iPxNr,jBxNr,0
kP9Uy.jpg,kP9Uy,kP8Uy,0
eLdc9.jpg,eLdc9,eLxy9,0
KNM6c.jpg,KNM6c,Bn436,0
H6TCi.jpg,H6TCi,N87Cv,0
LiA0X.jpg,LiA0X,LjA0x,0
Hxggo.jpg,Hxggo,Hx7gm,0
3hSYd.jpg,3hSYd,3HSVd,0
r7PcK.jpg,r7PcK,m7PGK,0
n9Pl4.jpg,n9Pl4,m0Bj4,0
VtUg6.jpg,VtUg6,VfDa6,0
j8wbo.jpg,j8wbo,78Wb0,0
nsq03.jpg,nsq03,msjOB,0
OW6iN.jpg,OW6iN,0W5iN,0
2660f.jpg,2660f,2w6Vf,0
w622K.jpg,w622K,w6ZpI,0
l6Kz1.jpg,l6Kz1,l6Kz9,0
6p9us.jpg,6p9us,6P9us,0
GZu34.jpg,GZu34,GZuY4,0
8vWch.jpg,8vWch,6vWjh,0
6LUi0.jpg,6LUi0,5LUho,0
aH5gd.jpg,aH5gd,aH59d,0
H5x04.jpg,H5x04,H5x04,1
7Q45Y.jpg,7Q45Y,Za45V,0
oWszX.jpg,oWszX,0hszA,0
axJ6b.jpg,axJ6b,aXJGl,0
huL0x.jpg,huL0x,huL0x,1
ru9th.jpg,ru9th,Eu3tH,0
2S44b.jpg,2S44b,VSafb,0
FLnqA.jpg,FLnqA,FimxA,0
3uNZt.jpg,3uNZt,Du0jt,0
lH5G9.jpg,lH5G9,iM5C0,0
T3Eae.jpg,T3Eae,T3Eup,0
48fG4.jpg,48fG4,4pfGd,0
5PsE0.jpg,5PsE0,52YE0,0
j0vxE.jpg,j0vxE,10yX5,0
Sf8PM.jpg,Sf8PM,5IdPw,0
bHQzN.jpg,bHQzN,5HC7A,0
b6826.jpg,b6826,wmS26,0
0E58W.jpg,0E58W,OEj8H,0
ESfM8.jpg,ESfM8,FcfM8,0
TcPAz.jpg,TcPAz,TcPAy,0
96zVt.jpg,96zVt,96mMt,0
Y99B7.jpg,Y99B7,Y54B7,0
aoBkG.jpg,aoBkG,40BkC,0
YVN9g.jpg,YVN9g,tUA9u,0
23lxX.jpg,23lxX,p3IxW,0
I0GQa.jpg,I0GQa,19SCx,0
q7juQ.jpg,q7juQ,s2jXO,0
7IAND.jpg,7IAND,7taND,0
3WJ4c.jpg,3WJ4c,3Wj4c,0
1SYwM.jpg,1SYwM,jSYzM,0
Me7XB.jpg,Me7XB,Nc7Y8,0
SOAQ5.jpg,SOAQ5,SPMQ8,0
yJ7Hp.jpg,yJ7Hp,YJZHp,0
yd7iF.jpg,yd7iF,Vd7iE,0
3QY39.jpg,3QY39,JQYs9,0
1L2py.jpg,1L2py,1C2Pv,0
PlW6M.jpg,PlW6M,FtY6H,0
g2U1l.jpg,g2U1l,R2Uyl,0
zT2Zq.jpg,zT2Zq,xF27m,0
gWnlb.jpg,gWnlb,gAn15,0
5TVg8.jpg,5TVg8,5TVs0,0
IC5Dp.jpg,IC5Dp,1C3Dx,0
86C68.jpg,86C68,96Q13,0
1qQZ0.jpg,1qQZ0,1uQ2B,0
uZZjm.jpg,uZZjm,qXCjM,0
noAd2.jpg,noAd2,NnTd2,0
gJ6Q5.jpg,gJ6Q5,x16O5,0
xWTxd.jpg,xWTxd,CWTrd,0
CR0Ql.jpg,CR0Ql,CKaw1,0
ALlYW.jpg,ALlYW,8LFTW,0
Ltps9.jpg,Ltps9,L1ps0,0
8V0hM.jpg,8V0hM,8V0jH,0
GVT5U.jpg,GVT5U,GVT30,0
9jU3M.jpg,9jU3M,9iU3w,0
2wsTN.jpg,2wsTN,2qsTN,0
Gk0n9.jpg,Gk0n9,GkDw9,0
UOCaA.jpg,UOCaA,UDcaA,0
176Ps.jpg,176Ps,176mx,0
3r57c.jpg,3r57c,3r57c,1
70vww.jpg,70vww,f0msW,0
5AAbF.jpg,5AAbF,5N1yC,0
sHTH1.jpg,sHTH1,sHrR1,0
HiriQ.jpg,HiriQ,8frhG,0
7uqm0.jpg,7uqm0,73gH0,0
OyV0P.jpg,OyV0P,CjYzR,0
4hc6U.jpg,4hc6U,4hc6U,1
A0vQl.jpg,A0vQl,4uyQI,0
6rvpF.jpg,6rvpF,4rvpT,0
nJ2QS.jpg,nJ2QS,hV205,0
fnM9G.jpg,fnM9G,InH9G,0
u2T0w.jpg,u2T0w,u2T0W,0
b1F73.jpg,b1F73,byF72,0
YdKwu.jpg,YdKwu,7dKpu,0
Am445.jpg,Am445,jmY95,0
hrR9m.jpg,hrR9m,hzR9m,0
3u9Vi.jpg,3u9Vi,3ugVf,0
X6ON5.jpg,X6ON5,K6DN3,0
1J3Jv.jpg,1J3Jv,1O2Dv,0
65y3D.jpg,65y3D,6Fy3D,0
1wyi9.jpg,1wyi9,1myr9,0
N54Uw.jpg,N54Uw,t5XUa,0
Q2w7N.jpg,Q2w7N,Qsx7h,0
qR4of.jpg,qR4of,SR40i,0
872Pt.jpg,872Pt,w72Bt,0
1By97.jpg,1By97,1DvSZ,0
3RUn9.jpg,3RUn9,3RLr9,0
34210.jpg,34210,34s1o,0
N3U7p.jpg,N3U7p,A4U7p,0
cCYnN.jpg,cCYnN,cfYBN,0
P0O1L.jpg,P0O1L,HaOsL,0
U0I11.jpg,U0I11,U6r31,0
Ls0il.jpg,Ls0il,E30rT,0
DUE52.jpg,DUE52,DuE5x,0
r37On.jpg,r37On,r370h,0
4M2y2.jpg,4M2y2,4MSY2,0
2sJSL.jpg,2sJSL,2sdWE,0
0BnCM.jpg,0BnCM,0BncX,0
M486t.jpg,M486t,H43Gt,0
15ph3.jpg,15ph3,1Rph2,0
5l3ze.jpg,5l3ze,5hK2q,0
923xv.jpg,923xv,0Z3KV,0
G3snj.jpg,G3snj,C3smj,0
b637g.jpg,b637g,h637m,0
Xpt9T.jpg,Xpt9T,Mpt9T,0
S2Qd0.jpg,S2Qd0,92Wd0,0
8s8py.jpg,8s8py,3xHpV,0
F1yCf.jpg,F1yCf,E3VGn,0
Ao90t.jpg,Ao90t,AsP0r,0
8rG8G.jpg,8rG8G,MiQ8u,0
c6VIY.jpg,c6VIY,c6wrY,0
1ty50.jpg,1ty50,1Lg50,0
9LDlo.jpg,9LDlo,0LNFy,0
0pn1U.jpg,0pn1U,0zR1U,0
lU498.jpg,lU498,mU493,0
6r82X.jpg,6r82X,6i32K,0
JH003.jpg,JH003,jHC02,0
xNU8p.jpg,xNU8p,t7U8p,0
3qUGz.jpg,3qUGz,3qU6Z,0
zhWY9.jpg,zhWY9,ZhwY9,0
dU7QK.jpg,dU7QK,dE7Qk,0
9i9v9.jpg,9i9v9,0isVZ,0
340k6.jpg,340k6,34Uk6,0
D4IVr.jpg,D4IVr,B4jVe,0
7pIqF.jpg,7pIqF,2pLQE,0
sSJRa.jpg,sSJRa,xS1R0,0
Kr14L.jpg,Kr14L,Krj4L,0
FTk4b.jpg,FTk4b,FTk4b,1
eSc3f.jpg,eSc3f,m5C2f,0
a3hri.jpg,a3hri,e3Nrl,0
5uPL1.jpg,5uPL1,5urk1,0
bF1Cz.jpg,bF1Cz,bF1Cz,1
Y3bPV.jpg,Y3bPV,9zbrU,0
Kufm2.jpg,Kufm2,KUfm2,0
n2zc9.jpg,n2zc9,h2xC9,0
jTNF1.jpg,jTNF1,aTK61,0
RUgeA.jpg,RUgeA,RVyeA,0
A3cB9.jpg,A3cB9,AxCB9,0
pMA91.jpg,pMA91,emX5j,0
xNlBa.jpg,xNlBa,xNCBJ,0
O3b86.jpg,O3b86,C3b86,0
tsQUz.jpg,tsQUz,fsAUz,0
96Z6i.jpg,96Z6i,0wZ6i,0
40IDE.jpg,40IDE,4ujQE,0
T5dl5.jpg,T5dl5,Tpdi5,0
N246O.jpg,N246O,N2450,0
cGP9W.jpg,cGP9W,cGP9W,1
Bs67M.jpg,Bs67M,Ba67M,0
4d71M.jpg,4d71M,4o7jM,0
Z9jjp.jpg,Z9jjp,Z9Yfp,0
lPB02.jpg,lPB02,IPEx2,0
mjD11.jpg,mjD11,miDs8,0
A594m.jpg,A594m,A5C4m,0
nsj03.jpg,nsj03,msj01,0
nWtSt.jpg,nWtSt,aW73t,0
crPIy.jpg,crPIy,6rPUy,0
rfT3P.jpg,rfT3P,rfT3B,0
4txeL.jpg,4txeL,4jXeD,0
EZS5A.jpg,EZS5A,EZ85A,0
7v6nr.jpg,7v6nr,7V6hr,0
r7e6X.jpg,r7e6X,r7e5K,0
pFYf2.jpg,pFYf2,pNYfZ,0
dqG2F.jpg,dqG2F,AgGzV,0
JGt8T.jpg,JGt8T,KCt8T,0
uSake.jpg,uSake,uSakc,0
u647D.jpg,u647D,u647D,1
cwcsr.jpg,cwcsr,oMdsr,0
AS5uz.jpg,AS5uz,A95U2,0
b0i4N.jpg,b0i4N,b0z4N,0
3hs73.jpg,3hs73,5hx73,0
4m70r.jpg,4m70r,4m70s,0
MGF53.jpg,MGF53,A0F51,0
o3BoC.jpg,o3BoC,g3BZC,0
67m5n.jpg,67m5n,t7v5h,0
ja7Og.jpg,ja7Og,iw7O9,0
Yb6Ig.jpg,Yb6Ig,YbG3g,0
v57E2.jpg,v57E2,V5Nc2,0
620YI.jpg,620YI,GR0Vi,0
3I069.jpg,3I069,21p69,0
wM40k.jpg,wM40k,yMf0k,0
nHS7X.jpg,nHS7X,pHS7X,0
5ZT0j.jpg,5ZT0j,5Zr01,0
S81Z3.jpg,S81Z3,w61Z3,0
ZQC9c.jpg,ZQC9c,2WC8c,0
evlCb.jpg,evlCb,evIC5,0
KZ5Jw.jpg,KZ5Jw,K76Jm,0
U0n8N.jpg,U0n8N,L0r3A,0
72I5C.jpg,72I5C,72W5C,0
8upcc.jpg,8upcc,8Wp0c,0
rh3c1.jpg,rh3c1,rb8c1,0
77oCy.jpg,77oCy,A7oCv,0
9oON7.jpg,9oON7,9sDMf,0
2L3Gg.jpg,2L3Gg,2L3wg,0
5QR17.jpg,5QR17,veR17,0
00cF8.jpg,00cF8,DoeE3,0
bSa6W.jpg,bSa6W,LSa6M,0
sKTON.jpg,sKTON,3K7Cm,0
2hX1K.jpg,2hX1K,2bM1R,0
q17J1.jpg,q17J1,cW2Uj,0
P9fcQ.jpg,P9fcQ,P9fcQ,1
eLX10.jpg,eLX10,evX10,0
CzXV7.jpg,CzXV7,CrKV7,0
JROQ9.jpg,JROQ9,1BCw9,0
WE079.jpg,WE079,MEa7g,0
N95HJ.jpg,N95HJ,M95UT,0
67Qr0.jpg,67Qr0,57wrD,0
e2Cjd.jpg,e2Cjd,eXChd,0
71wwH.jpg,71wwH,Y1wbS,0
r3UwY.jpg,r3UwY,r3kw7,0
pYu00.jpg,pYu00,EY4Qb,0
4dYKU.jpg,4dYKU,4a7KU,0
M12yA.jpg,M12yA,m12Y6,0
J19Y4.jpg,J19Y4,J1pV4,0
XBj91.jpg,XBj91,XGr91,0
7kK7B.jpg,7kK7B,7oKpB,0
bK6tj.jpg,bK6tj,5Hvtj,0
i1Tn4.jpg,i1Tn4,i1Tm4,0
0Q6pB.jpg,0Q6pB,tQ6pH,0
7a9L8.jpg,7a9L8,Zu9k8,0
Ai40O.jpg,Ai40O,ALr0C,0
5Aot2.jpg,5Aot2,5Act2,0
hV7x1.jpg,hV7x1,hWZx1,0
N1Qbz.jpg,N1Qbz,N1ObZ,0
O459S.jpg,O459S,C459j,0
r39nR.jpg,r39nR,i3OnK,0
9q7L9.jpg,9q7L9,9q7LB,0
D13gS.jpg,D13gS,D1xq5,0
17H8e.jpg,17H8e,1ZH3c,0
CS4M8.jpg,CS4M8,Cj4M6,0
YOs3K.jpg,YOs3K,Ycf3M,0
Q2Efd.jpg,Q2Efd,02BTJ,0
144ma.jpg,144ma,1P4pa,0
I5X1C.jpg,I5X1C,L5X70,0
j10p2.jpg,j10p2,j40p2,0
cY3tK.jpg,cY3tK,oy3tH,0
pr4l9.jpg,pr4l9,wr4lS,0
1p0Ur.jpg,1p0Ur,15oUr,0
iefv8.jpg,iefv8,rcfvR,0
xG58o.jpg,xG58o,KGj8e,0
9779G.jpg,9779G,nh79C,0
N1zP5.jpg,N1zP5,A1ZP5,0
7M6E8.jpg,7M6E8,7M6E3,0
cE4w2.jpg,cE4w2,cB4W2,0
9F6LC.jpg,9F6LC,9F6LC,1
6U607.jpg,6U607,695v7,0
qXjN5.jpg,qXjN5,qxiN2,0
69m61.jpg,69m61,O9m61,0
z731s.jpg,z731s,z7Kj5,0
sP35S.jpg,sP35S,vP359,0
XqNnH.jpg,XqNnH,xaMiE,0
3ngoG.jpg,3ngoG,2hyPC,0
u16UZ.jpg,u16UZ,u16NZ,0
Dhg4X.jpg,Dhg4X,Pbg4K,0
2M6Iw.jpg,2M6Iw,ZM6iv,0
z3P04.jpg,z3P04,z3P04,1
iF90I.jpg,iF90I,zFW0L,0
3yuZ5.jpg,3yuZ5,3vGZ5,0
brDn6.jpg,brDn6,biDac,0
XOuqJ.jpg,XOuqJ,XCuTJ,0
lT3vE.jpg,lT3vE,hT3VE,0
624Ll.jpg,624Ll,B24LT,0
5p04T.jpg,5p04T,5m047,0
NgX6m.jpg,NgX6m,Ngx6m,0
9gZ0Q.jpg,9gZ0Q,hg70G,0
71sav.jpg,71sav,71Rav,0
624N2.jpg,624N2,6b4N2,0
4f078.jpg,4f078,4f0z8,0
t3Zx5.jpg,t3Zx5,t3ZxH,0
EdZL6.jpg,EdZL6,Ea7U9,0
L05w7.jpg,L05w7,I05w7,0
FPo1N.jpg,FPo1N,ZPo1H,0
HhBgn.jpg,HhBgn,Vb8gm,0
Y2RIw.jpg,Y2RIw,Y2Rju,0
NRXEX.jpg,NRXEX,ATqcK,0
xb546.jpg,xb546,Kb546,0
9a7GZ.jpg,9a7GZ,9aT6Z,0
Kp14I.jpg,Kp14I,Hbv4I,0
5Z7Z3.jpg,5Z7Z3,5M1Z3,0
7bD03.jpg,7bD03,7bmG3,0
M45pS.jpg,M45pS,K45pS,0
670w8.jpg,670w8,570H3,0
3l5Pz.jpg,3l5Pz,3i5Pu,0
sY2Jw.jpg,sY2Jw,sX2Dw,0
Vh821.jpg,Vh821,Vh8Zt,0
3l5sA.jpg,3l5sA,3lQeA,0
d595d.jpg,d595d,j59xu,0
aSvg8.jpg,aSvg8,aF7g8,0
q6122.jpg,q6122,q61Z3,0
gH14q.jpg,gH14q,pf14q,0
0D505.jpg,0D505,QD5uN,0
39CaQ.jpg,39CaQ,7wCaD,0
RqmOM.jpg,RqmOM,BgmiH,0
qHCm5.jpg,qHCm5,q1Cx5,0
N29r6.jpg,N29r6,N29i6,0
EaB2U.jpg,EaB2U,EqB2U,0
O3ZdQ.jpg,O3ZdQ,03Zdm,0
fA1x0.jpg,fA1x0,EA1x0,0
4SuuR.jpg,4SuuR,45i0K,0
M8F11.jpg,M8F11,MdE1z,0
hr4u0.jpg,hr4u0,hT4u0,0
4N4Fm.jpg,4N4Fm,4H3Em,0
nmDNq.jpg,nmDNq,n7BMq,0
49TrU.jpg,49TrU,z9TpH,0
20VA6.jpg,20VA6,ZOVA5,0
IH9Gx.jpg,IH9Gx,jH9GX,0
3R4qI.jpg,3R4qI,2RwG1,0
hg4SO.jpg,hg4SO,bg4Sx,0
H6p48.jpg,H6p48,H6p43,0
Uyl0i.jpg,Uyl0i,UzK9i,0
6618t.jpg,6618t,6E13r,0
Qi982.jpg,Qi982,C1982,0
Qh3dc.jpg,Qh3dc,Ob2dc,0
4hwkz.jpg,4hwkz,4hwkP,0
62vxo.jpg,62vxo,62Txo,0
7v2w5.jpg,7v2w5,7vAW5,0
9MfJ3.jpg,9MfJ3,9MrJ5,0
5OELL.jpg,5OELL,3QKYj,0
49Q89.jpg,49Q89,19CBp,0
J3WvC.jpg,J3WvC,I8KzC,0
44aTr.jpg,44aTr,Y9aLr,0
TCfr7.jpg,TCfr7,T0kr7,0
6SS1D.jpg,6SS1D,63N1D,0
QC24M.jpg,QC24M,Gc24H,0
hBge5.jpg,hBge5,kDye5,0
DeU7U.jpg,DeU7U,PcE7u,0
9Rjeo.jpg,9Rjeo,3Rixo,0
O6NYX.jpg,O6NYX,Q6h72,0
5t2e0.jpg,5t2e0,5t7a0,0
O3j58.jpg,O3j58,OXm51,0
39AxQ.jpg,39AxQ,39AKC,0
XKL58.jpg,XKL58,XHL58,0
44ZOO.jpg,44ZOO,5hzCm,0
Y6G7G.jpg,Y6G7G,V8D2G,0
UBrgU.jpg,UBrgU,MBfg0,0
OCvg6.jpg,OCvg6,Qtvg6,0
lHoCc.jpg,lHoCc,jWaUc,0
wGkXK.jpg,wGkXK,wC17K,0
Y8NHT.jpg,Y8NHT,V5MFz,0
4E9Z1.jpg,4E9Z1,4EPzj,0
a1j36.jpg,a1j36,nWj36,0
6LV8g.jpg,6LV8g,6LV2g,0
JT3Sd.jpg,JT3Sd,J13Eq,0
4qA33.jpg,4qA33,4CAP3,0
S622t.jpg,S622t,S6T2i,0
9ITg9.jpg,9ITg9,6LWy2,0
7i5Fs.jpg,7i5Fs,7ipms,0
5w90K.jpg,5w90K,1wS0R,0
M3rVO.jpg,M3rVO,M3rVC,0
I7CqL.jpg,I7CqL,fXCqL,0
6paJ6.jpg,6paJ6,vrm3h,0
W5fSC.jpg,W5fSC,H5f8Q,0
kODbZ.jpg,kODbZ,kQBm2,0
181pX.jpg,181pX,78YpK,0
ukU7X.jpg,ukU7X,psQ7X,0
4D1jK.jpg,4D1jK,4D3iK,0
a88Vp.jpg,a88Vp,aGfUp,0
pNyU7.jpg,pNyU7,pNyU7,1
luGT8.jpg,luGT8,iuGT3,0
Mbhb3.jpg,Mbhb3,K0fb2,0
4i4Ho.jpg,4i4Ho,hi4Rc,0
3ak0O.jpg,3ak0O,1eE6D,0
5dSeg.jpg,5dSeg,5HXCg,0
ypEyG.jpg,ypEyG,XpE4G,0
Nxzmp.jpg,Nxzmp,A5zmP,0
QJ5I1.jpg,QJ5I1,0d5Th,0
1sQ6J.jpg,1sQ6J,4xQ6J,0
7A171.jpg,7A171,r6i5J,0
4Dq1o.jpg,4Dq1o,4Ddjp,0
d6R9r.jpg,d6R9r,d6A9r,0
azx2F.jpg,azx2F,ujx2F,0
7357V.jpg,7357V,L35qU,0
0BQ7q.jpg,0BQ7q,0BKxg,0
6e8n1.jpg,6e8n1,0e3m1,0
3uoGI.jpg,3uoGI,XneGI,0
64uVG.jpg,64uVG,P2uVE,0
xITEN.jpg,xITEN,ai75A,0
24QW9.jpg,24QW9,24QW9,1
3kiBT.jpg,3kiBT,3wi6T,0
NFYTG.jpg,NFYTG,HjYT6,0
G0pC4.jpg,G0pC4,60pC4,0
ls3Yc.jpg,ls3Yc,ls2Yc,0
HK9oL.jpg,HK9oL,AK3et,0
FG5ss.jpg,FG5ss,FC9s4,0
R176T.jpg,R176T,R120T,0
6eMYR.jpg,6eMYR,6aMYP,0
rmZDU.jpg,rmZDU,rm2bQ,0
P1z8S.jpg,P1z8S,Pj26S,0
a2x32.jpg,a2x32,q2m3Y,0
XZLv3.jpg,XZLv3,K7tv3,0
J56lh.jpg,J56lh,J50ZA,0
dll5d.jpg,dll5d,0Yh5g,0
V39U1.jpg,V39U1,M2cD1,0
ec448.jpg,ec448,wC4T3,0
52uAo.jpg,52uAo,52VAo,0
H0smr.jpg,H0smr,H03mf,0
qI2s4.jpg,qI2s4,qI254,0
o292X.jpg,o292X,m29JV,0
2cO2c.jpg,2cO2c,Wu05c,0
GSTXT.jpg,GSTXT,657Kj,0
1q2Sx.jpg,1q2Sx,1Q2SK,0
rC1xF.jpg,rC1xF,rC1xF,1
4ij8H.jpg,4ij8H,4rjoW,0
t1kvf.jpg,t1kvf,c2Pwf,0
7FAj7.jpg,7FAj7,TEAs7,0
1vg25.jpg,1vg25,1vg25,1
e3Hg6.jpg,e3Hg6,e3HR6,0
9FKUc.jpg,9FKUc,9FXQi,0
764EB.jpg,764EB,764rB,0
3U622.jpg,3U622,3W6Zi,0
rEWK2.jpg,rEWK2,rf9Kz,0
6PMHE.jpg,6PMHE,6DxHt,0
GAj74.jpg,GAj74,CWi7a,0
gPdT0.jpg,gPdT0,gDdIk,0
9c447.jpg,9c447,9cBj7,0
27SD7.jpg,27SD7,27sHJ,0
Im4mM.jpg,Im4mM,IB4mX,0
2Ywcq.jpg,2Ywcq,2Twcq,0
wpMKW.jpg,wpMKW,apUKW,0
5R3eG.jpg,5R3eG,5KJzC,0
QA6aP.jpg,QA6aP,VAGuP,0
i46MS.jpg,i46MS,i4bYS,0
RJV3r.jpg,RJV3r,RJV3r,1
MM5r1.jpg,MM5r1,MQ2r1,0
ovZ61.jpg,ovZ61,ovZ61,1
oCASh.jpg,oCASh,0tAS1,0
e38YI.jpg,e38YI,c36Yf,0
v2sdi.jpg,v2sdi,V23dj,0
SHr1I.jpg,SHr1I,5Hp0T,0
kbc95.jpg,kbc95,KuC95,0
9dc84.jpg,9dc84,9dc84,1
za82R.jpg,za82R,fa02A,0
mLj94.jpg,mLj94,mEj94,0
tt0f7.jpg,tt0f7,t50jX,0
06ZB3.jpg,06ZB3,06ZR3,0
JHCiw.jpg,JHCiw,JH6fV,0
w53PS.jpg,w53PS,wbxPS,0
B1Gj3.jpg,B1Gj3,BuCj3,0
JP8KM.jpg,JP8KM,JP8Kn,0
ewE5s.jpg,ewE5s,QwL5s,0
12hX5.jpg,12hX5,12hX5,1
6W3l2.jpg,6W3l2,nW3t2,0
OFU80.jpg,OFU80,CjV30,0
V42Qm.jpg,V42Qm,V4zGm,0
2wByU.jpg,2wByU,2wBy0,0
Afmmd.jpg,Afmmd,AfDw9,0
KR2Gr.jpg,KR2Gr,KP20v,0
oyuv9.jpg,oyuv9,6jEv3,0
36UAQ.jpg,36UAQ,36VDQ,0
2lp5N.jpg,2lp5N,2fp5H,0
E4m9v.jpg,E4m9v,E4j3v,0
0Ulf9.jpg,0Ulf9,0U1x9,0
XlI1K.jpg,XlI1K,XlT9R,0
3DFaM.jpg,3DFaM,3QjeK,0
c8GSy.jpg,c8GSy,r2CHY,0
1yqJx.jpg,1yqJx,1yGJK,0
UVAso.jpg,UVAso,BV4s0,0
Njx2z.jpg,Njx2z,HjX27,0
k5oCS.jpg,k5oCS,A50C8,0
40CJR.jpg,40CJR,40wJA,0
Cco0X.jpg,Cco0X,fev9K,0
H7sxz.jpg,H7sxz,Hlsx2,0
LgG0L.jpg,LgG0L,jaG0J,0
7P1mn.jpg,7P1mn,7P1Kn,0
i82Tu.jpg,i82Tu,i82Tu,1
LHs0N.jpg,LHs0N,iHz09,0
B33xn.jpg,B33xn,B3CXm,0
m7Ihm.jpg,m7Ihm,c78bw,0
HVv2J.jpg,HVv2J,HVC2T,0
TcXaD.jpg,TcXaD,TgKaD,0
1021p.jpg,1021p,402Tp,0
r2icE.jpg,r2icE,r2jqE,0
qw4mB.jpg,qw4mB,gV4m8,0
Rmx1K.jpg,Rmx1K,Pmz1K,0
Usb4X.jpg,Usb4X,USb4X,0
PHT6K.jpg,PHT6K,2zI6H,0
8s7n1.jpg,8s7n1,8QZul,0
2O21z.jpg,2O21z,30kNa,0
K7093.jpg,K7093,Ki093,0
9DD35.jpg,9DD35,9Rv15,0
qxp3C.jpg,qxp3C,qxp3h,0
r2PmL.jpg,r2PmL,T6Pai,0
I3X74.jpg,I3X74,UpK74,0
xQj8K.jpg,xQj8K,xQj3H,0
xGF5R.jpg,xGF5R,xCj5R,0
41WfV.jpg,41WfV,d1Wpa,0
Pc7PN.jpg,Pc7PN,Fc7pA,0
AR05K.jpg,AR05K,A705K,0
N9Q0q.jpg,N9Q0q,H3B0a,0
5LEg0.jpg,5LEg0,5iEg0,0
Dk0F2.jpg,Dk0F2,DKqF2,0
RcXdR.jpg,RcXdR,Fc1J2,0
CvxOc.jpg,CvxOc,Lv3Qe,0
ArBQ2.jpg,ArBQ2,ArBV2,0
3713V.jpg,3713V,3ZIeU,0
WkTLj.jpg,WkTLj,Wk7Cj,0
27To6.jpg,27To6,27Tch,0
7O4Ei.jpg,7O4Ei,7Q4bi,0
y1Rc8.jpg,y1Rc8,y1BC8,0
kGR79.jpg,kGR79,K6P79,0
7I9iF.jpg,7I9iF,74otF,0
bL9E3.jpg,bL9E3,bL9F2,0
ZsaMk.jpg,ZsaMk,29aMk,0
V230u.jpg,V230u,VZ30w,0
7V51x.jpg,7V51x,Z051x,0
AzVsp.jpg,AzVsp,A2M5p,0
MGRi8.jpg,MGRi8,NGPi8,0
7nev9.jpg,7nev9,7meVN,0
vJL6V.jpg,vJL6V,vaL6U,0
Rg461.jpg,Rg461,Kg461,0
8WnsX.jpg,8WnsX,8HnsK,0
007N8.jpg,007N8,Cu1N8,0
jpDxy.jpg,jpDxy,ipDsy,0
ltS92.jpg,ltS92,1ms92,0
8N3MU.jpg,8N3MU,6Kzmu,0
4d8x1.jpg,4d8x1,Wd6x1,0
lS412.jpg,lS412,FS412,0
s601z.jpg,s601z,W601z,0
W2ssE.jpg,W2ssE,M2xSF,0
OyW75.jpg,OyW75,0yH15,0
kZ68m.jpg,kZ68m,H763m,0
42l86.jpg,42l86,4mLR6,0
W9eua.jpg,W9eua,W9eba,0
uFU2k.jpg,uFU2k,aFO2N,0
t60Wo.jpg,t60Wo,t62Wp,0
lb8Kw.jpg,lb8Kw,Ib8Rv,0
ZMYC4.jpg,ZMYC4,ZHTG4,0
H8iZh.jpg,H8iZh,H3i7b,0
nz9G1.jpg,nz9G1,nZ5C1,0
Hs9l7.jpg,Hs9l7,Hs9j7,0
8aw21.jpg,8aw21,8rw21,0
5j4Wr.jpg,5j4Wr,5j4Mr,0
35pOD.jpg,35pOD,15kwD,0
JP82r.jpg,JP82r,jP82r,0
JFfZ6.jpg,JFfZ6,UPf25,0
AU2zE.jpg,AU2zE,AV2xE,0
KZtY3.jpg,KZtY3,KZtV3,0
4UMtB.jpg,4UMtB,6yMcT,0
2py4F.jpg,2py4F,2oV4F,0
FBJhb.jpg,FBJhb,EGJhs,0
idqQo.jpg,idqQo,kdXCo,0
pY8b6.jpg,pY8b6,PY8b4,0
J0IWy.jpg,J0IWy,30LHz,0
4rv47.jpg,4rv47,4Ev67,0
T3vz0.jpg,T3vz0,F3VZ0,0
w5QJL.jpg,w5QJL,v50TL,0
E347E.jpg,E347E,E347t,0
U67J0.jpg,U67J0,U6730,0
3qO40.jpg,3qO40,3qE40,0
T2iKu.jpg,T2iKu,T2jKu,0
bTea9.jpg,bTea9,bTex8,0
0oV6Z.jpg,0oV6Z,0aH62,0
BchuK.jpg,BchuK,BchuK,1
s5L0p.jpg,s5L0p,gSL0p,0
pm5HN.jpg,pm5HN,ph3fA,0
NIZ86.jpg,NIZ86,Hj73G,0
Um4nT.jpg,Um4nT,Um4pP,0
RWwuc.jpg,RWwuc,89wdc,0
ohiPR.jpg,ohiPR,0hI2K,0
qXBZ8.jpg,qXBZ8,gKB2H,0
b65vY.jpg,b65vY,bG3wT,0
3ZgoP.jpg,3ZgoP,3LG0F,0
GQU1B.jpg,GQU1B,GmU18,0
Jy812.jpg,Jy812,JV8h2,0
Y9821.jpg,Y9821,YM3p1,0
rn8WI.jpg,rn8WI,zn8Wl,0
4lLV4.jpg,4lLV4,6iZV3,0
lK8kM.jpg,lK8kM,lX8kM,0
85p1O.jpg,85p1O,85p1C,0
POxV2.jpg,POxV2,B0xMz,0
3P2GQ.jpg,3P2GQ,AR2mQ,0
CQ1K8.jpg,CQ1K8,CQ1k8,0
GFceL.jpg,GFceL,6FsVL,0
n5w07.jpg,n5w07,rSw07,0
1nIiL.jpg,1nIiL,1aFj2,0
XYIMG.jpg,XYIMG,Xy3mC,0
d52Fr.jpg,d52Fr,d52Fc,0
974i5.jpg,974i5,97Ais,0
3t7g0.jpg,3t7g0,3kTg0,0
UPgAL.jpg,UPgAL,UFgAL,0
4cT49.jpg,4cT49,ncTM0,0
WIrN6.jpg,WIrN6,wIzN6,0
ctRX3.jpg,ctRX3,C1RM3,0
M1fPs.jpg,M1fPs,A1fTe,0
8PNqX.jpg,8PNqX,8DNG1,0
nmq6S.jpg,nmq6S,hwQ5X,0
YpYRP.jpg,YpYRP,Yo4HP,0
5vvE4.jpg,5vvE4,DuYk4,0
1169v.jpg,1169v,1k5Pu,0
a09vB.jpg,a09vB,a0SvB,0
Y1KNJ.jpg,Y1KNJ,Y1KNJ,1
7l8M5.jpg,7l8M5,7l0M3,0
spN7x.jpg,spN7x,SpA7x,0
xe7mu.jpg,xe7mu,X67Nu,0
uBUxp.jpg,uBUxp,uBCxF,0
2E07O.jpg,2E07O,2E07w,0
cj1N8.jpg,cj1N8,cj4M8,0
0U2nr.jpg,0U2nr,0U2mj,0
fW6pn.jpg,fW6pn,tVGpq,0
sk9Kn.jpg,sk9Kn,sk9Yn,0
AuYG7.jpg,AuYG7,4uYG7,0
S17AS.jpg,S17AS,B17AS,0
v5siF.jpg,v5siF,05aiZ,0
i5555.jpg,i5555,ings5,0
0z3tQ.jpg,0z3tQ,0Z3tR,0
13RzU.jpg,13RzU,18RzG,0
Q3E6J.jpg,Q3E6J,O2E6J,0
qhaAc.jpg,qhaAc,9b3Av,0
sq8W2.jpg,sq8W2,sq8HZ,0
ec12k.jpg,ec12k,cG12k,0
6tdrp.jpg,6tdrp,6t0jp,0
9Fr7u.jpg,9Fr7u,9Em7U,0
Iqz3y.jpg,Iqz3y,HQz8y,0
G40HS.jpg,G40HS,C20kS,0
sqvtT.jpg,sqvtT,sqvtT,1
1sqzb.jpg,1sqzb,1SNZb,0
r9cV1.jpg,r9cV1,r9eM1,0
bqM9f.jpg,bqM9f,bQA91,0
pfs2A.jpg,pfs2A,pfs2A,1
2N1hn.jpg,2N1hn,2N1hq,0
k1aPx.jpg,k1aPx,K1mPx,0
CnTO8.jpg,CnTO8,sMT08,0
R34IZ.jpg,R34IZ,B34IZ,0
nf027.jpg,nf027,Hf027,0
ftH2a.jpg,ftH2a,fLH2q,0
4Ber0.jpg,4Ber0,4Bwr0,0
4YyE3.jpg,4YyE3,4YuE3,0
TYL1i.jpg,TYL1i,TKE1p,0
E9DYK.jpg,E9DYK,E3pzA,0
oXCNm.jpg,oXCNm,9XCAm,0
e17Qi.jpg,e17Qi,c170i,0
w95sO.jpg,w95sO,M95sC,0
tt5xb.jpg,tt5xb,4E2xh,0
bg6b0.jpg,bg6b0,kg8r0,0
tFYEv.jpg,tFYEv,tMYEn,0
REbD3.jpg,REbD3,XtbD3,0
Y500Q.jpg,Y500Q,Y5Mae,0
Os5DY.jpg,Os5DY,0s2HV,0
34CFk.jpg,34CFk,34CPK,0
mkoSg.jpg,mkoSg,mKeSy,0
2His5.jpg,2His5,2Hix5,0
SS7R4.jpg,SS7R4,s37K4,0
4UTwM.jpg,4UTwM,7OFeM,0
014c4.jpg,014c4,0LwS4,0
Br3XR.jpg,Br3XR,gjaXR,0
X78sI.jpg,X78sI,XPBsI,0
Cs9K4.jpg,Cs9K4,Cz9K4,0
lRry8.jpg,lRry8,lmzu3,0
lf8X2.jpg,lf8X2,lE0K2,0
Et5W3.jpg,Et5W3,Zt5H2,0
kyaQZ.jpg,kyaQZ,KysQZ,0
7j5op.jpg,7j5op,7i5wp,0
h3hrk.jpg,h3hrk,G3trK,0
x6YDL.jpg,x6YDL,K6VDf,0
rTI8P.jpg,rTI8P,eYCUP,0
NegVG.jpg,NegVG,He5PC,0
vE6lZ.jpg,vE6lZ,mS81Z,0
mInUu.jpg,mInUu,mln2u,0
QW45o.jpg,QW45o,QW450,0
wY6sO.jpg,wY6sO,wY63O,0
8Aeu7.jpg,8Aeu7,84cu7,0
86K48.jpg,86K48,8jK42,0
PIy41.jpg,PIy41,PjW41,0
8k7z4.jpg,8k7z4,BkTZ4,0
rTILh.jpg,rTILh,r9KLh,0
n3Z2R.jpg,n3Z2R,m3ZVK,0
zU0p8.jpg,zU0p8,xH7E8,0
zqW38.jpg,zqW38,fqW38,0
4SkDI.jpg,4SkDI,a5HOl,0
alF6x.jpg,alF6x,4Ip6x,0
K6S8N.jpg,K6S8N,Ku30N,0
WxeZR.jpg,WxeZR,UxcjF,0
CSkyJ.jpg,CSkyJ,C3kYa,0
T7tPB.jpg,T7tPB,IZtP5,0
tXjyF.jpg,tXjyF,tMjvB,0
14YE4.jpg,14YE4,jpYB4,0
F90a0.jpg,F90a0,E9wab,0
4yeTj.jpg,4yeTj,4Yetj,0
UeN69.jpg,UeN69,UcNkj,0
cXhFT.jpg,cXhFT,cxbE7,0
ht2rd.jpg,ht2rd,ht2vd,0
q7LY4.jpg,q7LY4,q7UV4,0
e6ufX.jpg,e6ufX,p64IK,0
803Zh.jpg,803Zh,v032H,0
1JGuI.jpg,1JGuI,136uL,0
Fc9lN.jpg,Fc9lN,Fc91A,0
C7889.jpg,C7889,C736W,0
8Y2CD.jpg,8Y2CD,8V2Cj,0
0D7Sf.jpg,0D7Sf,0Dz5f,0
5xQzT.jpg,5xQzT,5x02T,0
2tn2Y.jpg,2tn2Y,4tn2Y,0
a6310.jpg,a6310,p621W,0
Sgm63.jpg,Sgm63,Egr62,0
r2pt9.jpg,r2pt9,r2Mt8,0
L6M7M.jpg,L6M7M,L6M79,0
95UzC.jpg,95UzC,95u2C,0
qWzWQ.jpg,qWzWQ,qNzw4,0
5lYNN.jpg,5lYNN,5iYMp,0
i9DWN.jpg,i9DWN,13DWN,0
K028k.jpg,K028k,K028i,0
ZvkBB.jpg,ZvkBB,ZvkAB,0
83zT5.jpg,83zT5,832I5,0
54F2Z.jpg,54F2Z,54F27,0
c31mI.jpg,c31mI,c24mI,0
pUR73.jpg,pUR73,pVR73,0
l9ybD.jpg,l9ybD,19yuD,0
H44xC.jpg,H44xC,B24xC,0
4kLMA.jpg,4kLMA,9kTpA,0
q26rm.jpg,q26rm,O26rm,0
1Ec14.jpg,1Ec14,1Ec34,0
rY762.jpg,rY762,rW7G8,0
p42LK.jpg,p42LK,P4zIK,0
BzEyl.jpg,BzEyl,RztYj,0
HnF8u.jpg,HnF8u,HnE2v,0
3Qj0k.jpg,3Qj0k,3Qj0K,0
a2fn7.jpg,a2fn7,q2tW7,0
saPk4.jpg,saPk4,snPK4,0
KZHpZ.jpg,KZHpZ,K9HcL,0
7uRJ7.jpg,7uRJ7,Zu8xD,0
03nHS.jpg,03nHS,02mk5,0
2IFS2.jpg,2IFS2,4VFS2,0
6O400.jpg,6O400,6QIA9,0
6ksS0.jpg,6ksS0,6KsS0,0
8038j.jpg,8038j,N038l,0
0T1u3.jpg,0T1u3,0T1w3,0
J3LN2.jpg,J3LN2,jxLN2,0
XBB7S.jpg,XBB7S,KDb7S,0
m2m26.jpg,m2m26,Fim26,0
G1oR0.jpg,G1oR0,C1sK0,0
mWh04.jpg,mWh04,mWb04,0
7ci1E.jpg,7ci1E,7e215,0
KVrBh.jpg,KVrBh,H9cBh,0
5rqeW.jpg,5rqeW,5IqeA,0
jue3N.jpg,jue3N,IuC3A,0
Exaq8.jpg,Exaq8,EXeg8,0
25bsP.jpg,25bsP,25b8P,0
gwmIM.jpg,gwmIM,cwOIR,0
9J4uB.jpg,9J4uB,9J4uB,1
uO929.jpg,uO929,uCJky,0
dmHEN.jpg,dmHEN,dvHEA,0
xixS9.jpg,xixS9,yINB9,0
U3JHV.jpg,U3JHV,b2JFV,0
76fuC.jpg,76fuC,76PwC,0
2nT9Z.jpg,2nT9Z,2nT9C,0
6EcUh.jpg,6EcUh,6EcVA,0
0RimD.jpg,0RimD,CAimD,0
4i3Ms.jpg,4i3Ms,4i3Mb,0
o94u2.jpg,o94u2,o94M2,0
5EwCj.jpg,5EwCj,3ZK01,0
lxw9V.jpg,lxw9V,jxw9V,0
Os2u7.jpg,Os2u7,Cs2u7,0
x2WC5.jpg,x2WC5,u2WC5,0
4qv0r.jpg,4qv0r,4cv0F,0
Q39fx.jpg,Q39fx,Q39jx,0
yZEgv.jpg,yZEgv,V25aO,0
T38C8.jpg,T38C8,758CK,0
uGD6v.jpg,uGD6v,sZD6V,0
1XBzb.jpg,1XBzb,1AGz5,0
R9c8f.jpg,R9c8f,R4g8I,0
3h56U.jpg,3h56U,zh50U,0
b2LqH.jpg,b2LqH,b2tqs,0
xbU9u.jpg,xbU9u,XbI9u,0
64N9t.jpg,64N9t,64N3I,0
wfs7R.jpg,wfs7R,WFs7R,0
h67ja.jpg,h67ja,h67ja,1
3OnvE.jpg,3OnvE,2QmvF,0
kMuLi.jpg,kMuLi,kMo2i,0
A4U1a.jpg,A4U1a,K4Dio,0
8sRh0.jpg,8sRh0,8vTh0,0
4L2FO.jpg,4L2FO,4L2E0,0
HoUGK.jpg,HoUGK,4oiGK,0
psO1B.jpg,psO1B,ps01B,0
2n3k6.jpg,2n3k6,2n1K6,0
yoL3y.jpg,yoL3y,Y0ERj,0
8EpiD.jpg,8EpiD,3En1D,0
uYe9y.jpg,uYe9y,wTe9j,0
o0sQU.jpg,o0sQU,c43QU,0
Wo4i1.jpg,Wo4i1,McAr1,0
XD1d5.jpg,XD1d5,KP1d5,0
9XdVV.jpg,9XdVV,9KdwI,0
CR61A.jpg,CR61A,CRp13,0
1mgNj.jpg,1mgNj,5rgAj,0
Y2EKD.jpg,Y2EKD,Y25H0,0
x3JeZ.jpg,x3JeZ,W3UeZ,0
7G5kp.jpg,7G5kp,7C5KD,0
nhl5U.jpg,nhl5U,nh75U,0
dRAXR.jpg,dRAXR,OBlMs,0
o340t.jpg,o340t,g34Gt,0
817gY.jpg,817gY,317zY,0
8B0fQ.jpg,8B0fQ,3B0Fm,0
1Dp8L.jpg,1Dp8L,1D98L,0
5yIB9.jpg,5yIB9,5viBO,0
xYIx0.jpg,xYIx0,xYIS0,0
jGpwT.jpg,jGpwT,JGpuT,0
AgiPc.jpg,AgiPc,AgiPv,0
3y2S9.jpg,3y2S9,3u2E9,0
glvw1.jpg,glvw1,gbvm1,0
TvTjF.jpg,TvTjF,Tv7jF,0
Dx3w0.jpg,Dx3w0,Ex2w0,0
x27Cg.jpg,x27Cg,K87Cg,0
R4sz1.jpg,R4sz1,RMsz1,0
cN6B9.jpg,cN6B9,rH6Z3,0
6CrfT.jpg,6CrfT,uCrjT,0
8wN3d.jpg,8wN3d,6zF2d,0
1K3CP.jpg,1K3CP,1k3CD,0
xU8V4.jpg,xU8V4,xu8W4,0
hhgZ7.jpg,hhgZ7,0H927,0
2Xv7W.jpg,2Xv7W,BXv7W,0
yKeSI.jpg,yKeSI,VHaS1,0
26e30.jpg,26e30,25LTu,0
79iNk.jpg,79iNk,7wCNk,0
7k6u5.jpg,7k6u5,7KQu5,0
i0vFB.jpg,i0vFB,i07ZB,0
89zEk.jpg,89zEk,8Wyck,0
QbVIs.jpg,QbVIs,QLy7S,0
rqayl.jpg,rqayl,rq3VI,0
pcUqz.jpg,pcUqz,pCUg2,0
jE31j.jpg,jE31j,tK3nr,0
04729.jpg,04729,v472S,0
R3Vfd.jpg,R3Vfd,R2Vfd,0
7rUc7.jpg,7rUc7,jrUS7,0
g2oC4.jpg,g2oC4,92oCh,0
YN1B1.jpg,YN1B1,YMcB1,0
LGYwG.jpg,LGYwG,LR7wG,0
l4Ys3.jpg,l4Ys3,Hwye3,0
Ls6kT.jpg,Ls6kT,1a6KP,0
6ju6y.jpg,6ju6y,6jn3y,0
59cHe.jpg,59cHe,s9CHz,0
24ZjO.jpg,24ZjO,24ZjO,1
bVspN.jpg,bVspN,LUspA,0
NcQwo.jpg,NcQwo,NzQw9,0
Z18DD.jpg,Z18DD,213pO,0
uIJ6K.jpg,uIJ6K,uI26K,0
zj5N2.jpg,zj5N2,zH5v7,0
1atui.jpg,1atui,7etui,0
3U3W1.jpg,3U3W1,3UoK1,0
Qy9d2.jpg,Qy9d2,Oy9H2,0
Eavub.jpg,Eavub,EaWub,0
Z676z.jpg,Z676z,L67Hx,0
5lh9F.jpg,5lh9F,5ih9P,0
954pS.jpg,954pS,9b4jS,0
39Kcf.jpg,39Kcf,39mCF,0
jA2Sl.jpg,jA2Sl,y4zSt,0
e7b80.jpg,e7b80,a7j80,0
WyGKq.jpg,WyGKq,4jGBq,0
S92Y4.jpg,S92Y4,592T4,0
3533g.jpg,3533g,36KVm,0
CFcd6.jpg,CFcd6,CFzd6,0
b6s4Y.jpg,b6s4Y,Lms4V,0
6BwiW.jpg,6BwiW,62miV,0
7DsWQ.jpg,7DsWQ,7D3WQ,0
2H1Bl.jpg,2H1Bl,2WyBl,0
JcJWP.jpg,JcJWP,2eJWP,0
7Uz2S.jpg,7Uz2S,7Ux25,0
6MQT7.jpg,6MQT7,6kQT7,0
3om37.jpg,3om37,3cWk7,0
zmzd3.jpg,zmzd3,2mkC3,0
35t8u.jpg,35t8u,351RU,0
Z9mCo.jpg,Z9mCo,2jmCp,0
2Iukk.jpg,2Iukk,PCuYk,0
GB7Qf.jpg,GB7Qf,LB7Qf,0
6SLfB.jpg,6SLfB,63LfB,0
P6Udg.jpg,P6Udg,26Ldg,0
mgf8T.jpg,mgf8T,myf8T,0
nWhNy.jpg,nWhNy,aWb27,0
2ax1F.jpg,2ax1F,2aX1E,0
Une0z.jpg,Une0z,Uhe9z,0
6iQkp.jpg,6iQkp,61QkP,0
MaIyt.jpg,MaIyt,KaIYO,0
z9tLB.jpg,z9tLB,m9tJB,0
5dUEw.jpg,5dUEw,9qUEW,0
CPF5t.jpg,CPF5t,CPr3V,0
wUAjd.jpg,wUAjd,mUAid,0
Y9l89.jpg,Y9l89,NbzB9,0
j27kD.jpg,j27kD,i2TK0,0
A0O0V.jpg,A0O0V,A6CnV,0
VVfhU.jpg,VVfhU,V7fhD,0
TbQ7t.jpg,TbQ7t,T5QZr,0
PI3MW.jpg,PI3MW,Pi3mV,0
IfH01.jpg,IfH01,rsH01,0
KJ3O8.jpg,KJ3O8,KF7C6,0
XL1vU.jpg,XL1vU,Xf1p4,0
A1IX8.jpg,A1IX8,mTLXB,0
vn8VE.jpg,vn8VE,uh3VE,0
Ct49I.jpg,Ct49I,Ek49J,0
3ySvP.jpg,3ySvP,2yGwF,0
7PU8D.jpg,7PU8D,7xU8D,0
14T7w.jpg,14T7w,18D7W,0
L6Wsx.jpg,L6Wsx,L6W4x,0
9ZzP6.jpg,9ZzP6,9ZaA5,0
B5tzs.jpg,B5tzs,R5Vze,0
1mXlQ.jpg,1mXlQ,4mKbG,0
8TD68.jpg,8TD68,QTDw8,0
uj7jW.jpg,uj7jW,ur71W,0
PNsAy.jpg,PNsAy,PKS4Y,0
43Gz6.jpg,43Gz6,43uz6,0
v6kdY.jpg,v6kdY,u6kdT,0
tYq25.jpg,tYq25,tYG25,0
HdK4z.jpg,HdK4z,Ybj3z,0
g8R2f.jpg,g8R2f,e8W2t,0
H0k1B.jpg,H0k1B,H0K18,0
7ncL0.jpg,7ncL0,7mcL0,0
R68jw.jpg,R68jw,Kb31v,0
6g1Ge.jpg,6g1Ge,6y1Ce,0
4qkr7.jpg,4qkr7,4gkp7,0
BC78Q.jpg,BC78Q,Bc7sO,0
hFJG5.jpg,hFJG5,hFJG5,1
8N2Ra.jpg,8N2Ra,8N2Ka,0
0bG20.jpg,0bG20,05G2g,0
p52R3.jpg,p52R3,p5ZA3,0
UhfGZ.jpg,UhfGZ,UhFG2,0
B6jnH.jpg,B6jnH,8GjaH,0
HEtRK.jpg,HEtRK,HEt9x,0
03qD5.jpg,03qD5,C3nD5,0
gd6ki.jpg,gd6ki,9d5Ki,0
M44Z0.jpg,M44Z0,KThZ0,0
0b798.jpg,0b798,0hZ98,0
z101F.jpg,z101F,210hE,0
s70bO.jpg,s70bO,S70bm,0
4P6u9.jpg,4P6u9,4PhTg,0
YZt3E.jpg,YZt3E,Yzi3E,0
ZBpN6.jpg,ZBpN6,2vpN6,0
wK71M.jpg,wK71M,wKZja,0
56XC9.jpg,56XC9,p6Mt9,0
xo6bL.jpg,xo6bL,KoS7I,0
Ir0Wn.jpg,Ir0Wn,1r0Wm,0
77Tya.jpg,77Tya,AkTya,0
1WbK0.jpg,1WbK0,1y5AC,0
Ty65R.jpg,Ty65R,rVG5B,0
SlT6Y.jpg,SlT6Y,Slm6V,0
C95Dc.jpg,C95Dc,C95Hj,0
Px6E4.jpg,Px6E4,2v6E4,0
APufD.jpg,APufD,APsfD,0
12RRV.jpg,12RRV,i2FmM,0
kRVi9.jpg,kRVi9,KAUj3,0
n5jDH.jpg,n5jDH,u5jD9,0
i32ns.jpg,i32ns,i3zms,0
aaP50.jpg,aaP50,kaP50,0
r4kPq.jpg,r4kPq,r4EPg,0
8n991.jpg,8n991,8mZ91,0
Cd7YD.jpg,Cd7YD,CdZVA,0
P29la.jpg,P29la,BZ91a,0
55d8s.jpg,55d8s,7ld8s,0
jSBQK.jpg,jSBQK,jSBQK,1
3zS1d.jpg,3zS1d,3zK1d,0
0cTnc.jpg,0cTnc,021ac,0
6vCaE.jpg,6vCaE,6vOaF,0
jM620.jpg,jM620,jK620,0
61yO3.jpg,61yO3,61yC3,0
3Up09.jpg,3Up09,ALP09,0
r0B13.jpg,r0B13,r0B13,1
9u250.jpg,9u250,9u25C,0
qu8l9.jpg,qu8l9,Quxl9,0
eVkJj.jpg,eVkJj,eMk3i,0
27YhH.jpg,27YhH,2PYuH,0
qXz0E.jpg,qXz0E,gYz0k,0
z2lkm.jpg,z2lkm,e2IKm,0
SBoUm.jpg,SBoUm,sB0Um,0
e8ON7.jpg,e8ON7,eBOH1,0
S5FD5.jpg,S5FD5,q2iDT,0
KQ3eA.jpg,KQ3eA,FG3cj,0
kPIg3.jpg,kPIg3,KP4g3,0
GDDTq.jpg,GDDTq,t5DT9,0
H3NHT.jpg,H3NHT,H2wU7,0
N0uJk.jpg,N0uJk,N0vJk,0
7Nt55.jpg,7Nt55,7wtE8,0
1Um5W.jpg,1Um5W,1dp5V,0
3029H.jpg,3029H,3029H,1
ILmHN.jpg,ILmHN,TtoHX,0
bglgn.jpg,bglgn,5G19m,0
51Hfa.jpg,51Hfa,51HPo,0
lxohw.jpg,lxohw,lZohw,0
qY7FT.jpg,qY7FT,qxZET,0
v29fo.jpg,v29fo,v29fm,0
np3X8.jpg,np3X8,mzJX8,0
4FzXR.jpg,4FzXR,4EaXR,0
10aK9.jpg,10aK9,1QaE9,0
Yv5cQ.jpg,Yv5cQ,T95cQ,0
j767l.jpg,j767l,jt53w,0
AlrDO.jpg,AlrDO,AjrPO,0
agfY5.jpg,agfY5,ac4Y5,0
Ms2j0.jpg,Ms2j0,4s210,0
mJ3ic.jpg,mJ3ic,nJ2i6,0
5jWRn.jpg,5jWRn,5IVAn,0
1Lyyx.jpg,1Lyyx,1CyPx,0
Q0HyX.jpg,Q0HyX,C9Wvx,0
x214U.jpg,x214U,K214D,0
ySJB8.jpg,ySJB8,yQlZ8,0
yz8pJ.jpg,yz8pJ,Lz8pJ,0
M487q.jpg,M487q,M4p7c,0
C2t9n.jpg,C2t9n,C2t9n,1
h2DCg.jpg,h2DCg,h2DCg,1
ug2dP.jpg,ug2dP,vg24P,0
El183.jpg,El183,EQ163,0
oYM1u.jpg,oYM1u,5VK1u,0
1s77Z.jpg,1s77Z,Hsm7z,0
GSkX0.jpg,GSkX0,fSkM0,0
0zlaP.jpg,0zlaP,02laF,0
4sF9S.jpg,4sF9S,4xE9C,0
79A4q.jpg,79A4q,Z9R4y,0
dnrD1.jpg,dnrD1,dkrD1,0
z4829.jpg,z4829,z4829,1
ju1ZW.jpg,ju1ZW,joT2W,0
ivWCm.jpg,ivWCm,jv8Cm,0
P2pHS.jpg,P2pHS,B2vHG,0
k2wP9.jpg,k2wP9,bzwP9,0
8Hz41.jpg,8Hz41,8HZ41,0
i7YLg.jpg,i7YLg,j7YLa,0
uMwI7.jpg,uMwI7,dAxi7,0
E0GKw.jpg,E0GKw,P0rKm,0
5oZWc.jpg,5oZWc,R07Mr,0
WtY2U.jpg,WtY2U,Wtv28,0
Y8d0e.jpg,Y8d0e,Y3J0r,0
hxnc9.jpg,hxnc9,bXmC0,0
1hlhm.jpg,1hlhm,1REhe,0
75LgW.jpg,75LgW,75loW,0
NR58g.jpg,NR58g,NZ58y,0
wwuob.jpg,wwuob,NwkGb,0
y6xt2.jpg,y6xt2,T6xtj,0
4XIr9.jpg,4XIr9,4wTr3,0
I6h3L.jpg,I6h3L,y6h3i,0
yE6PZ.jpg,yE6PZ,yL6Dz,0
78BVY.jpg,78BVY,78Ehy,0
3jLzh.jpg,3jLzh,3FLzh,0
7gxb7.jpg,7gxb7,4gKb7,0
UOM8g.jpg,UOM8g,VCK3y,0
ZM60C.jpg,ZM60C,2H50C,0
2KcU3.jpg,2KcU3,ZKrv3,0
H0Y41.jpg,H0Y41,H0X41,0
On7jJ.jpg,On7jJ,CnZjd,0
32srS.jpg,32srS,4ZsmS,0
TJ92F.jpg,TJ92F,TJ92E,0
56xvy.jpg,56xvy,9GzvH,0
Pqt2K.jpg,Pqt2K,PgtZH,0
2In25.jpg,2In25,71m25,0
r18Q5.jpg,r18Q5,r18G5,0
yezif.jpg,yezif,VezkF,0
0Xjte.jpg,0Xjte,0Xjte,1
FVjrl.jpg,FVjrl,8MjrZ,0
cAOKK.jpg,cAOKK,c40XE,0
1ih80.jpg,1ih80,1rh80,0
i7gSA.jpg,i7gSA,i7d3A,0
e7i1B.jpg,e7i1B,c7WtB,0
KQ87e.jpg,KQ87e,KD37e,0
m34A3.jpg,m34A3,mY4N3,0
e75yV.jpg,e75yV,c7hyH,0
Ju1lm.jpg,Ju1lm,X0Vkm,0
nz8C8.jpg,nz8C8,mx3CA,0
s7258.jpg,s7258,sY2m8,0
YiE3f.jpg,YiE3f,ViB2h,0
10qya.jpg,10qya,10mva,0
ydeyP.jpg,ydeyP,kdeYP,0
279s0.jpg,279s0,279xU,0
1R3sC.jpg,1R3sC,jm3sC,0
xIUZm.jpg,xIUZm,x1UZm,0
5bOPW.jpg,5bOPW,3b0PW,0
2ScN8.jpg,2ScN8,2cuW8,0
8QiI1.jpg,8QiI1,dorK1,0
1tedu.jpg,1tedu,T2eUm,0
LEI15.jpg,LEI15,LwM15,0
NDG03.jpg,NDG03,HDGv1,0
dG75H.jpg,dG75H,dC75H,0
O8a1e.jpg,O8a1e,D8a1e,0
4Wo8Z.jpg,4Wo8Z,jVo82,0
G4mQS.jpg,G4mQS,L4mQS,0
J1784.jpg,J1784,Ji7B4,0
7YgHQ.jpg,7YgHQ,ZYgAC,0
nWXP5.jpg,nWXP5,aHXP5,0
95XRe.jpg,95XRe,95XHe,0
iFtmA.jpg,iFtmA,jFtwA,0
KmmPR.jpg,KmmPR,kewPR,0
Q80wq.jpg,Q80wq,C30kg,0
CSJP3.jpg,CSJP3,QSJP3,0
rMRS5.jpg,rMRS5,rXBSo,0
tN7WK.jpg,tN7WK,Lj2WF,0
BCeF1.jpg,BCeF1,BQcF1,0
J31l8.jpg,J31l8,Jx1r6,0
VYBUA.jpg,VYBUA,9YsHA,0
ZpYxS.jpg,ZpYxS,2pTx3,0
IKXG1.jpg,IKXG1,fRZ61,0
3uuL9.jpg,3uuL9,3nuL9,0
09xhH.jpg,09xhH,03XhH,0
MapL6.jpg,MapL6,M3pl6,0
029cB.jpg,029cB,U3qiR,0
6abVw.jpg,6abVw,6qkTr,0
u4usF.jpg,u4usF,Q4vsF,0
Y39Q6.jpg,Y39Q6,K39Qb,0
dH6tK.jpg,dH6tK,aA67K,0
05Ie2.jpg,05Ie2,dmIe2,0
Wz2T4.jpg,Wz2T4,Vz2T4,0
7Cc30.jpg,7Cc30,7Cz30,0
Iy6Lk.jpg,Iy6Lk,PY63K,0
414y2.jpg,414y2,4CHyo,0
793H9.jpg,793H9,7p3H4,0
3rkju.jpg,3rkju,2rKjU,0
57IDH.jpg,57IDH,57tDH,0
LNdXb.jpg,LNdXb,L9yXk,0
p8Wh5.jpg,p8Wh5,78wh5,0
QW5G6.jpg,QW5G6,eM5Ga,0
z4zK7.jpg,z4zK7,i4qK1,0
GtIZ3.jpg,GtIZ3,0vIZ3,0
RzV4R.jpg,RzV4R,BzV4O,0
849Q6.jpg,849Q6,847Qp,0
k6UL1.jpg,k6UL1,k6DL1,0
8G2E2.jpg,8G2E2,8CZNj,0
xhjdG.jpg,xhjdG,xNjd6,0
u1fjv.jpg,u1fjv,u1E9Q,0
Nj5xl.jpg,Nj5xl,N75xL,0
8S15w.jpg,8S15w,8O15W,0
T0IEl.jpg,T0IEl,70JEL,0
T95zW.jpg,T95zW,I95zW,0
30p7E.jpg,30p7E,8Qm7E,0
2XBE6.jpg,2XBE6,2XRE6,0
h13I6.jpg,h13I6,Nl3z6,0
6b291.jpg,6b291,6m291,0
MGc22.jpg,MGc22,MGr2y,0
BL4y1.jpg,BL4y1,BC4Y3,0
hp1S0.jpg,hp1S0,AP730,0
8h4yv.jpg,8h4yv,2N4Yw,0
7J6Pp.jpg,7J6Pp,7H5Pn,0
9hVuA.jpg,9hVuA,GhYxR,0
Sm7U0.jpg,Sm7U0,SmTU0,0
l3Q11.jpg,l3Q11,b2GY1,0
LCxwc.jpg,LCxwc,TO4yp,0
7biLm.jpg,7biLm,7biVm,0
8yJf8.jpg,8yJf8,2mJfG,0
12uLa.jpg,12uLa,I2uj3,0
XvpqF.jpg,XvpqF,XvpqE,0
Cr22I.jpg,Cr22I,Cnk81,0
yI21p.jpg,yI21p,vI2Gm,0
q915l.jpg,q915l,a915j,0
2Q7sJ.jpg,2Q7sJ,2QmsJ,0
gxJD7.jpg,gxJD7,cK3D7,0
U2Slt.jpg,U2Slt,Q2Sln,0
MD6nQ.jpg,MD6nQ,HD6zQ,0
y3ka6.jpg,y3ka6,y3ka6,1
m1be7.jpg,m1be7,mJBe7,0
VLLsp.jpg,VLLsp,VCj3n,0
09X0D.jpg,09X0D,0SrwD,0
1W9Hy.jpg,1W9Hy,1w9Ay,0
YN7z1.jpg,YN7z1,VK7s1,0
V049O.jpg,V049O,Vp430,0
H9Lv0.jpg,H9Lv0,F5Lva,0
3H1lb.jpg,3H1lb,2m4Ib,0
F2kYm.jpg,F2kYm,j2KYm,0
5ox6x.jpg,5ox6x,h0Y6x,0
ZC82v.jpg,ZC82v,ZC82V,0
LDXWJ.jpg,LDXWJ,sDXW1,0
Jagqo.jpg,Jagqo,Jaeyb,0
y07ax.jpg,y07ax,y075x,0
6Z5qV.jpg,6Z5qV,t25a9,0
T2h6u.jpg,T2h6u,T2k6x,0
3MijH.jpg,3MijH,3QtpH,0
SFHVc.jpg,SFHVc,8FhVc,0
LxCdy.jpg,LxCdy,lx7dy,0
cu7xm.jpg,cu7xm,Cu7Xm,0
7Xd06.jpg,7Xd06,1Wd05,0
jDCJz.jpg,jDCJz,3DCJz,0
v878Z.jpg,v878Z,V978L,0
T8jf0.jpg,T8jf0,T8jf0,1
EgwY6.jpg,EgwY6,FpMT5,0
v6Y91.jpg,v6Y91,v6T91,0
radYz.jpg,radYz,ruGYZ,0
9qLC3.jpg,9qLC3,9qkC3,0
Csv86.jpg,Csv86,CsV8f,0
YY8ve.jpg,YY8ve,yJ3ue,0
XiIFG.jpg,XiIFG,KiLpG,0
1jTMS.jpg,1jTMS,4jTM9,0
P6Ewo.jpg,P6Ewo,PGEx0,0
AG6jx.jpg,AG6jx,4C51x,0
pWP89.jpg,pWP89,nMP89,0
2g9EN.jpg,2g9EN,2y9CM,0
WUfy7.jpg,WUfy7,RUfyT,0
jAYZ8.jpg,jAYZ8,jAT23,0
Ao7Qv.jpg,Ao7Qv,As7GF,0
roV1B.jpg,roV1B,c2V1B,0
Y2F8X.jpg,Y2F8X,V2E6M,0
atrf2.jpg,atrf2,q1zK2,0
KZPLc.jpg,KZPLc,K7Blc,0
y99n7.jpg,y99n7,yX6n7,0
jEwi2.jpg,jEwi2,jEwx2,0
1Pyef.jpg,1Pyef,39Yaf,0
98Vmu.jpg,98Vmu,9BVmu,0
83k52.jpg,83k52,83H5Z,0
W3C11.jpg,W3C11,W5P7t,0
lhlHE.jpg,lhlHE,OhjH5,0
34kiO.jpg,34kiO,34Ki0,0
ktew5.jpg,ktew5,K1ew3,0
1pNdX.jpg,1pNdX,1PMCX,0
96MX0.jpg,96MX0,9LHX0,0
242su.jpg,242su,J4RSu,0
9m2b0.jpg,9m2b0,ym2f0,0
T13dQ.jpg,T13dQ,Tt3AC,0
qmDp6.jpg,qmDp6,qADp6,0
kcoFz.jpg,kcoFz,Mm0F2,0
G8Y61.jpg,G8Y61,CaW61,0
o49ME.jpg,o49ME,a49ME,0
mGdbp.jpg,mGdbp,m3dbi,0
w5gCZ.jpg,w5gCZ,W59C2,0
3bhrv.jpg,3bhrv,36hZv,0
Mr8Xb.jpg,Mr8Xb,Ur8Xh,0
1A26x.jpg,1A26x,1A25K,0
ZY9z0.jpg,ZY9z0,2V8rD,0
o70y2.jpg,o70y2,o7Uy2,0
61RGg.jpg,61RGg,51XGg,0
0jxB5.jpg,0jxB5,0ixR5,0
l5WyC.jpg,l5WyC,I54aC,0
Kkpw2.jpg,Kkpw2,XEDw2,0
EZJVF.jpg,EZJVF,DzJQS,0
Ri2Mp.jpg,Ri2Mp,Bi2Wo,0
00175.jpg,00175,gDi75,0
Tpaw6.jpg,Tpaw6,1paW5,0
0Xql7.jpg,0Xql7,0K5i7,0
L50r0.jpg,L50r0,L50rP,0
7B0oE.jpg,7B0oE,7B0aF,0
93Ne4.jpg,93Ne4,93Nc4,0
MAktS.jpg,MAktS,MA2tS,0
TW32b.jpg,TW32b,Fw3z5,0
vTpY7.jpg,vTpY7,vfpKZ,0
h3iw3.jpg,h3iw3,h4iv3,0
R708L.jpg,R708L,P708L,0
75lK7.jpg,75lK7,45CK7,0
f1Riz.jpg,f1Riz,f4Bi2,0
Yo1F3.jpg,Yo1F3,Yr15o,0
EOJRg.jpg,EOJRg,h0J8g,0
rNpYM.jpg,rNpYM,chpYM,0
z3D4F.jpg,z3D4F,x2B47,0
4CkCJ.jpg,4CkCJ,4UKcJ,0
IomnA.jpg,IomnA,I6mxA,0
bl6Av.jpg,bl6Av,b164v,0
RV9fT.jpg,RV9fT,RV0iT,0
062Ag.jpg,062Ag,D62Ay,0
R2HH7.jpg,R2HH7,BavM7,0
Z62H1.jpg,Z62H1,Z6aHt,0
8g2DU.jpg,8g2DU,8yZtU,0
4n779.jpg,4n779,4m7F5,0
8rlgp.jpg,8rlgp,3r1gp,0
tIyxS.jpg,tIyxS,tIV2S,0
xQ2fu.jpg,xQ2fu,XQ2Fu,0
5F8M3.jpg,5F8M3,57eM1,0
7483Y.jpg,7483Y,748PV,0
J5Rb6.jpg,J5Rb6,JSKv6,0
zx120.jpg,zx120,fKl20,0
24lXr.jpg,24lXr,24jKv,0
eaAn1.jpg,eaAn1,C9An1,0
159XQ.jpg,159XQ,jb9X0,0
6tI44.jpg,6tI44,6tFR4,0
Tohig.jpg,Tohig,Tohtg,0
JKYin.jpg,JKYin,JKYca,0
YsjuE.jpg,YsjuE,Yaj0E,0
G96wj.jpg,G96wj,t26wj,0
V876d.jpg,V876d,UA76d,0
0X832.jpg,0X832,0rR37,0
T4R6A.jpg,T4R6A,74p5A,0
yi5MG.jpg,yi5MG,yi5HC,0
u1f01.jpg,u1f01,w1k0Y,0
8zF7o.jpg,8zF7o,6xF7Q,0
P0c28.jpg,P0c28,F0c28,0
67SpO.jpg,67SpO,W1SpO,0
iX23Z.jpg,iX23Z,mK23L,0
Azgqg.jpg,Azgqg,ArJTg,0
1YRzt.jpg,1YRzt,1VAat,0
83NrY.jpg,83NrY,6aAcV,0
qutCk.jpg,qutCk,am1Ck,0
25QPw.jpg,25QPw,250Fv,0
yt4rh.jpg,yt4rh,YP4cb,0
XAXui.jpg,XAXui,XATui,0
b7Bdh.jpg,b7Bdh,b7RdN,0
Ny4I9.jpg,Ny4I9,Hy4ro,0
mlRhw.jpg,mlRhw,m7RbQ,0
Nf3V5.jpg,Nf3V5,Nt2v5,0
jP5wz.jpg,jP5wz,jP5Wz,0
0E9ZL.jpg,0E9ZL,0E3Zh,0
5079C.jpg,5079C,Bu7hC,0
9mGxC.jpg,9mGxC,9mGXl,0
0Wbd8.jpg,0Wbd8,0HjJ8,0
P4vcQ.jpg,P4vcQ,B4vc0,0
O8FaQ.jpg,O8FaQ,O8Fzt,0
G3FAI.jpg,G3FAI,G3EAY,0
oAXQD.jpg,oAXQD,sAXCB,0
kv850.jpg,kv850,kv85C,0
1Ayr4.jpg,1Ayr4,1AjpO,0
KV3SP.jpg,KV3SP,KU2SP,0
xPA7d.jpg,xPA7d,xBA7d,0
5wM8H.jpg,5wM8H,5uM3j,0
SUn4z.jpg,SUn4z,SVm12,0
P0OqR.jpg,P0OqR,T0LyK,0
04mNZ.jpg,04mNZ,04mV2,0
xkzpQ.jpg,xkzpQ,AkzpQ,0
DZQVt.jpg,DZQVt,B2GVf,0
eQn73.jpg,eQn73,6LmY2,0
YsQ65.jpg,YsQ65,TsC62,0
M69rp.jpg,M69rp,M63Fn,0
A9Z0w.jpg,A9Z0w,A920H,0
5Nlmj.jpg,5Nlmj,5APuj,0
2W635.jpg,2W635,ZMc35,0
p8096.jpg,p8096,n3U76,0
bYZr6.jpg,bYZr6,hVZr6,0
79FrH.jpg,79FrH,79FxH,0
4E6Ij.jpg,4E6Ij,4E6vJ,0
MlUly.jpg,MlUly,M20f9,0
83LH4.jpg,83LH4,85LF4,0
835jl.jpg,835jl,82Qyl,0
Y95Uq.jpg,Y95Uq,X95La,0
H0UwN.jpg,H0UwN,H0iwN,0
682e1.jpg,682e1,G82wY,0
17d5L.jpg,17d5L,37d5L,0
4FZ8m.jpg,4FZ8m,4FZ8W,0
0da5g.jpg,0da5g,Dd3k9,0
g5RCx.jpg,g5RCx,g5BCx,0
mQtS7.jpg,mQtS7,n0t87,0
64apk.jpg,64apk,64aPK,0
9HS13.jpg,9HS13,0kw13,0
5Zqc0.jpg,5Zqc0,37aCW,0
e8tOg.jpg,e8tOg,Z3tOb,0
t05wi.jpg,t05wi,tQ5Mj,0
7FGQn.jpg,7FGQn,7FcQa,0
Pz5O2.jpg,Pz5O2,PyS02,0
UgW78.jpg,UgW78,LgW78,0
87nOw.jpg,87nOw,27hCw,0
Zcx2p.jpg,Zcx2p,Lcx2p,0
IEo3b.jpg,IEo3b,jE9xb,0
2cU85.jpg,2cU85,2vUA5,0
YiB40.jpg,YiB40,Vi540,0
ybsAX.jpg,ybsAX,ybsAK,0
70QQ3.jpg,70QQ3,76RU3,0
7W77Q.jpg,7W77Q,zu7p0,0
sj9T0.jpg,sj9T0,sj9T0,1
3HJZi.jpg,3HJZi,3WJZi,0
247b9.jpg,247b9,m57b9,0
VUxEN.jpg,VUxEN,YUxEA,0
3IPUn.jpg,3IPUn,3iPMn,0
KY020.jpg,KY020,KYc20,0
0NX1L.jpg,0NX1L,0NZ1b,0
66970.jpg,66970,GsW70,0
rn0nw.jpg,rn0nw,rR0hw,0
b7N24.jpg,b7N24,b7NCQ,0
LX801.jpg,LX801,EK801,0
B1j55.jpg,B1j55,B1QrF,0
qYy0Z.jpg,qYy0Z,qVh82,0
V80r6.jpg,V80r6,M8mr5,0
UcKZv.jpg,UcKZv,dcKZv,0
JEKBE.jpg,JEKBE,JzA0E,0
o5tvn.jpg,o5tvn,05fvn,0
72I8G.jpg,72I8G,72t8C,0
lRcA7.jpg,lRcA7,iBcx7,0
x4BK2.jpg,x4BK2,x4BK2,1
Yw8lN.jpg,Yw8lN,Yw8LN,0
Cst84.jpg,Cst84,CxI84,0
68Wc1.jpg,68Wc1,G3Hz1,0
iN0pZ.jpg,iN0pZ,iAqp2,0
o5AnP.jpg,o5AnP,oYMmF,0
4ASsW.jpg,4ASsW,4nSrV,0
318Fv.jpg,318Fv,z18PV,0
yM505.jpg,yM505,yMa05,0
cwx1D.jpg,cwx1D,gw81D,0
01uQ7.jpg,01uQ7,01uRZ,0
dho8q.jpg,dho8q,dbc2q,0
eOmOk.jpg,eOmOk,eDmPk,0
Q89KC.jpg,Q89KC,U87KC,0
QSL65.jpg,QSL65,Mq1A5,0
jMHc1.jpg,jMHc1,jMH61,0
YquL0.jpg,YquL0,Yquk0,0
koK0Y.jpg,koK0Y,faM0Y,0
AUc6W.jpg,AUc6W,AUj6w,0
9VeSJ.jpg,9VeSJ,9Mc5f,0
ITszl.jpg,ITszl,LRszh,0
SJN9u.jpg,SJN9u,EjA9u,0
69Jjf.jpg,69Jjf,69mjF,0
4c71G.jpg,4c71G,4r7bQ,0
VQ3P2.jpg,VQ3P2,VC3E2,0
uYOZA.jpg,uYOZA,uTDZA,0
62Pyn.jpg,62Pyn,62PyN,0
lV3Wp.jpg,lV3Wp,LX3Wp,0
Ekaev.jpg,Ekaev,EK3QV,0
YU2XR.jpg,YU2XR,102XB,0
huWEP.jpg,huWEP,haWE7,0
WH9zW.jpg,WH9zW,vF9ZA,0
50prl.jpg,50prl,30prl,0
5Q5C9.jpg,5Q5C9,5w1C9,0
133E0.jpg,133E0,13wEo,0
J4SOo.jpg,J4SOo,j437o,0
s90nk.jpg,s90nk,s90mK,0
fHKGO.jpg,fHKGO,f5K6a,0
yBQoF.jpg,yBQoF,yBQ2F,0
T3UQ6.jpg,T3UQ6,13UQ6,0
247WY.jpg,247WY,247Wx,0
7I8z2.jpg,7I8z2,7D8xk,0
6CS4N.jpg,6CS4N,jCS4N,0
yN5xX.jpg,yN5xX,yM5aX,0
n6dUV.jpg,n6dUV,h6dLV,0
OhQOG.jpg,OhQOG,JhaOG,0
bmUv0.jpg,bmUv0,5mTx0,0
6g4Uq.jpg,6g4Uq,5z4Lq,0
J823x.jpg,J823x,V629x,0
00vpo.jpg,00vpo,LQVpe,0
iH4u2.jpg,iH4u2,iT4u2,0
8h3Gt.jpg,8h3Gt,wh3Gt,0
fT2bW.jpg,fT2bW,f7ObW,0
0nxFo.jpg,0nxFo,OAKFo,0
Y5Zdd.jpg,Y5Zdd,V5Zpu,0
tNGh2.jpg,tNGh2,tMSa2,0
jX88A.jpg,jX88A,Ix8O4,0
Vonlh.jpg,Vonlh,X0mTk,0
v8U58.jpg,v8U58,VNH52,0
p8WQT.jpg,p8WQT,o3MC1,0
o9I70.jpg,o9I70,aSr7w,0
456f4.jpg,456f4,k3Gf4,0
5Y4y3.jpg,5Y4y3,5Ymy3,0
E8zu0.jpg,E8zu0,F8zu0,0
dLZHj.jpg,dLZHj,dLZHj,1
K0MBZ.jpg,K0MBZ,K0A31,0
888CP.jpg,888CP,x80tD,0
05596.jpg,05596,C5Z96,0
bA4S8.jpg,bA4S8,LAYy8,0
VIjF8.jpg,VIjF8,VLjF3,0
l576u.jpg,l576u,i376u,0
3yX0S.jpg,3yX0S,1hK0S,0
wiaoO.jpg,wiaoO,vIa20,0
3jNyd.jpg,3jNyd,21Mvd,0
NfHW5.jpg,NfHW5,NIHy3,0
9Tqbi.jpg,9Tqbi,37Qbi,0
Iur80.jpg,Iur80,lu780,0
j5Kt9.jpg,j5Kt9,ySMr9,0
O83M8.jpg,O83M8,CS2MR,0
9779s.jpg,9779s,NFA9s,0
m9hyU.jpg,m9hyU,m9hYU,0
OKOts.jpg,OKOts,wKOts,0
rJ7z1.jpg,rJ7z1,rJQz1,0
he63v.jpg,he63v,ha63v,0
Le9w2.jpg,Le9w2,Ic9w2,0
1Tw4Y.jpg,1Tw4Y,jFu4V,0
V4z23.jpg,V4z23,U4zm3,0
1qJw4.jpg,1qJw4,7cJx4,0
HehAy.jpg,HehAy,SebAy,0
WU8IL.jpg,WU8IL,WQ8rz,0
s6FvI.jpg,s6FvI,z6XwJ,0
vbbI7.jpg,vbbI7,wkrl7,0
j4c22.jpg,j4c22,j4cx2,0
a0Du8.jpg,a0Du8,abDxj,0
Al7yG.jpg,Al7yG,A1zyG,0
LNJ54.jpg,LNJ54,LHJ54,0
p8U35.jpg,p8U35,pfU3K,0
PN3MK.jpg,PN3MK,Dn3MK,0
D1FQV.jpg,D1FQV,B4FCM,0
ih67S.jpg,ih67S,ih07S,0
1718w.jpg,1718w,LPF8m,0
Qp5RJ.jpg,Qp5RJ,QnzBj,0
178F3.jpg,178F3,17oE3,0
6bgnz.jpg,6bgnz,6bgnz,1
6yBwp.jpg,6yBwp,fY8Wp,0
0wIoU.jpg,0wIoU,0WfcU,0
6CSLU.jpg,6CSLU,nC31W,0
r1O28.jpg,r1O28,v1028,0
7NJ2v.jpg,7NJ2v,6MJZV,0
gznIE.jpg,gznIE,gzhIE,0
b09FM.jpg,b09FM,b03EA,0
jW9xq.jpg,jW9xq,jW8xq,0
z85Za.jpg,z85Za,i85Zw,0
gTP56.jpg,gTP56,wTP56,0
oKm9k.jpg,oKm9k,aYm9K,0
Lc10b.jpg,Lc10b,Le10b,0
TPx8P.jpg,TPx8P,1Jx8R,0
U2V3m.jpg,U2V3m,LZV3m,0
cAJ9B.jpg,cAJ9B,uAY9B,0
J80s1.jpg,J80s1,JX0s1,0
23b8I.jpg,23b8I,ZYb8f,0
FAlL4.jpg,FAlL4,FAl3G,0
Wxz78.jpg,Wxz78,Wxp78,0
5a3Kp.jpg,5a3Kp,s43Ku,0
O2o9U.jpg,O2o9U,O2n9U,0
6pYaQ.jpg,6pYaQ,5kT2C,0
8N5UV.jpg,8N5UV,8M5LV,0
0U696.jpg,0U696,0LR26,0
O56nn.jpg,O56nn,O5fMn,0
ra8sN.jpg,ra8sN,Ca3sA,0
cFzkX.jpg,cFzkX,CD7hK,0
iDy2T.jpg,iDy2T,iDy2T,1
Z1i14.jpg,Z1i14,Ziw84,0
H5Qvb.jpg,H5Qvb,HSCVb,0
q4Zt1.jpg,q4Zt1,042rT,0
rqpw8.jpg,rqpw8,rqpW8,0
36ST4.jpg,36ST4,26ST4,0
vbKaT.jpg,vbKaT,vbH8T,0
Kd39N.jpg,Kd39N,Kd39N,1
q6I8b.jpg,q6I8b,m6I3b,0
UD5r5.jpg,UD5r5,UP5i9,0
kUfa2.jpg,kUfa2,KUfq2,0
8s3oD.jpg,8s3oD,8w3cD,0
VGShu.jpg,VGShu,VCSAu,0
dV77x.jpg,dV77x,dVZTK,0
esSLQ.jpg,esSLQ,exSLO,0
F6BYU.jpg,F6BYU,Fo2XU,0
67jEL.jpg,67jEL,69jEL,0
nVGz8.jpg,nVGz8,hVCz3,0
8BYCR.jpg,8BYCR,sp1CA,0
70G60.jpg,70G60,7aK63,0
7ED0x.jpg,7ED0x,7FD9s,0
z8Q46.jpg,z8Q46,2PO45,0
0w88N.jpg,0w88N,0mgSj,0
95Yc8.jpg,95Yc8,95VcR,0
021ZK.jpg,021ZK,021FK,0
CmZgr.jpg,CmZgr,Om2gY,0
H65qk.jpg,H65qk,H65qk,1
8T56t.jpg,8T56t,wI5Gt,0
TcZAr.jpg,TcZAr,VCZAr,0
e7hUB.jpg,e7hUB,s7bV8,0
J9YGp.jpg,J9YGp,J9WGR,0
g1d9b.jpg,g1d9b,g1mA5,0
FaS9Z.jpg,FaS9Z,DuS9Z,0
51EV5.jpg,51EV5,g1DWR,0
qigiS.jpg,qigiS,4lmh5,0
66mq1.jpg,66mq1,PGma1,0
wQ5iE.jpg,wQ5iE,wO5jJ,0
sRS50.jpg,sRS50,zRX50,0
yRtvE.jpg,yRtvE,yAtVE,0
H01T4.jpg,H01T4,H01T4,1
x2eRv.jpg,x2eRv,x2cRy,0
pm0Cx.jpg,pm0Cx,jm0CX,0
o87zc.jpg,o87zc,oFDiV,0
G321r.jpg,G321r,G32Hr,0
6qiTS.jpg,6qiTS,byiT3,0
Wyq4V.jpg,Wyq4V,Kyq4V,0
2UXSp.jpg,2UXSp,2tXSp,0
Wv7rs.jpg,Wv7rs,Wv7r5,0
6U0JW.jpg,6U0JW,bBOJA,0
EeKRf.jpg,EeKRf,EaXR1,0
o4HZ5.jpg,o4HZ5,e4HZ5,0
t5lC0.jpg,t5lC0,t5jv0,0
G7075.jpg,G7075,C10z5,0
gU5CO.jpg,gU5CO,gM5vQ,0
504D7.jpg,504D7,504R7,0
klFk8.jpg,klFk8,nIPk8,0
2pe0k.jpg,2pe0k,2pe0W,0
5K9li.jpg,5K9li,5K0Iv,0
JstuL.jpg,JstuL,dxNuE,0
fK88G.jpg,fK88G,fK3pG,0
VF3u2.jpg,VF3u2,VE3n2,0
5jm5B.jpg,5jm5B,3Im4P,0
308Zp.jpg,308Zp,308Ln,0
Y7M05.jpg,Y7M05,VzA03,0
vjy80.jpg,vjy80,ujX8O,0
FTjDq.jpg,FTjDq,8TjDg,0
6EA7J.jpg,6EA7J,6EAzJ,0
24tfV.jpg,24tfV,24CFV,0
HfufV.jpg,HfufV,kpofV,0
I4T7e.jpg,I4T7e,E4rjp,0
VxW0U.jpg,VxW0U,VsW0U,0
44FRW.jpg,44FRW,43rRL,0
BjsUe.jpg,BjsUe,R1sOm,0
6I9Et.jpg,6I9Et,6I9Ex,0
9TeSx.jpg,9TeSx,91e5X,0
6x2M8.jpg,6x2M8,pr2W8,0
0k8K6.jpg,0k8K6,0k8mp,0
DyuDx.jpg,DyuDx,DYuEK,0
3HrDZ.jpg,3HrDZ,3WjDZ,0
nUx1j.jpg,nUx1j,oUxTj,0
R44SH.jpg,R44SH,Kq45H,0
WVEB2.jpg,WVEB2,w1EB2,0
C69o0.jpg,C69o0,C5Xo0,0
5sbll.jpg,5sbll,5xhZJ,0
077yM.jpg,077yM,0r1sA,0
C6n7t.jpg,C6n7t,C6h7t,0
bdh5j.jpg,bdh5j,odL5j,0
J7rWd.jpg,J7rWd,J7rWG,0
4iZ3p.jpg,4iZ3p,4i23p,0
8Aizv.jpg,8Aizv,0AfzV,0
xbnXn.jpg,xbnXn,e9gKm,0
y3h2K.jpg,y3h2K,gjbZR,0
TxzD3.jpg,TxzD3,IhZ03,0
341nx.jpg,341nx,34ImX,0
M88bX.jpg,M88bX,M9dbY,0
uEbMW.jpg,uEbMW,arbM4,0
t7Db8.jpg,t7Db8,t7O58,0
21pP2.jpg,21pP2,4iuE2,0
h7423.jpg,h7423,H7423,0
0x0Rt.jpg,0x0Rt,Gx3Rt,0
L51Ag.jpg,L51Ag,E57Ag,0
NX3Hr.jpg,NX3Hr,0X3Hc,0
hBpiY.jpg,hBpiY,h5oi7,0
4wpXa.jpg,4wpXa,4WPZa,0
zbA8Y.jpg,zbA8Y,zbA8Y,1
8dxUI.jpg,8dxUI,8dxUT,0
At15i.jpg,At15i,At15j,0
UtlU2.jpg,UtlU2,0t1wZ,0
259K1.jpg,259K1,269K1,0
G3KJc.jpg,G3KJc,G3wJc,0
o6iq7.jpg,o6iq7,cKvy7,0
J99d9.jpg,J99d9,IeBd9,0
147r4.jpg,147r4,147cK,0
H5U9C.jpg,H5U9C,H5J9C,0
F2C65.jpg,F2C65,F2C65,1
m7l6q.jpg,m7l6q,W7l6a,0
C3AG1.jpg,C3AG1,OYM61,0
e3Qk4.jpg,e3Qk4,y3Qk4,0
FmiR6.jpg,FmiR6,Fu2A5,0
SGc9P.jpg,SGc9P,SUz9B,0
J5fG5.jpg,J5fG5,J2fG5,0
0D7RW.jpg,0D7RW,057RW,0
6laM4.jpg,6laM4,6IaAZ,0
yGV2L.jpg,yGV2L,yCM2F,0
9qh8c.jpg,9qh8c,3qbBC,0
vZsR7.jpg,vZsR7,wzSB7,0
Spnxh.jpg,Spnxh,Spmxh,0
R3ODl.jpg,R3ODl,RzQvI,0
Y9xqG.jpg,Y9xqG,Y9xaG,0
QlF72.jpg,QlF72,QiEnu,0
90fA8.jpg,90fA8,9wtA8,0
z474U.jpg,z474U,24T9G,0
7Fqor.jpg,7Fqor,7FqeN,0
E9J6T.jpg,E9J6T,E9J6T,1
J8t2i.jpg,J8t2i,w612j,0
4r4oS.jpg,4r4oS,jrMOS,0
sQ13z.jpg,sQ13z,SQ1bz,0
w6O1F.jpg,w6O1F,w6D1F,0
80jla.jpg,80jla,8DjI4,0
874iS.jpg,874iS,8z4jS,0
ByE3J.jpg,ByE3J,KvE3J,0
vU2EV.jpg,vU2EV,yb3EV,0
sr4F9.jpg,sr4F9,sc4F9,0
n9jiz.jpg,n9jiz,n8jiZ,0
iekFM.jpg,iekFM,jebPA,0
G8qzG.jpg,G8qzG,c8N7D,0
Os9gm.jpg,Os9gm,Cs9gm,0
FU94D.jpg,FU94D,fU94B,0
9wNpe.jpg,9wNpe,9vMla,0
3u3Yy.jpg,3u3Yy,3u0Yk,0
esK12.jpg,esK12,osKV2,0
GIpx6.jpg,GIpx6,Q1pX5,0
70N3t.jpg,70N3t,70A3f,0
Fc0sP.jpg,Fc0sP,Ec04X,0
M4yEx.jpg,M4yEx,MTgEx,0
91E6P.jpg,91E6P,91E6P,1
726ax.jpg,726ax,746aK,0
3mz15.jpg,3mz15,3mzIb,0
DQ604.jpg,DQ604,DC691,0
pPSd6.jpg,pPSd6,pFSd6,0
1h86H.jpg,1h86H,4b3EH,0
5N1n2.jpg,5N1n2,5Qfn2,0
Z5j3L.jpg,Z5j3L,Z5j3L,1
u60u7.jpg,u60u7,hR0q3,0
d7Xd3.jpg,d7Xd3,47wd3,0
ltaje.jpg,ltaje,Lrxya,0
IO7Eb.jpg,IO7Eb,1CzEb,0
HWBS6.jpg,HWBS6,hVP36,0
j56oP.jpg,j56oP,j5GaP,0
6AZD3.jpg,6AZD3,6A7D3,0
5T2H4.jpg,5T2H4,9T2h4,0
99VEV.jpg,99VEV,p9VEQ,0
VeTmM.jpg,VeTmM,Vc7nA,0
vfj8o.jpg,vfj8o,Vfj2c,0
dsNt5.jpg,dsNt5,dxXt3,0
2WG06.jpg,2WG06,2xC05,0
BWIER.jpg,BWIER,5W7LK,0
5Q6gR.jpg,5Q6gR,5O6aA,0
G8TpW.jpg,G8TpW,C3TpW,0
225Ik.jpg,225Ik,2a5TK,0
qLs9w.jpg,qLs9w,mL39v,0
zPzj7.jpg,zPzj7,uBzj7,0
QmWK5.jpg,QmWK5,0pWkz,0
6QW04.jpg,6QW04,5QW04,0
2MJ8B.jpg,2MJ8B,2MJuB,0
25rcT.jpg,25rcT,25rc1,0
rY0Ru.jpg,rY0Ru,rY02u,0
w32H6.jpg,w32H6,y1ZH6,0
a18A7.jpg,a18A7,ut8X7,0
WaoKL.jpg,WaoKL,Wa0K1,0
5B2GI.jpg,5B2GI,Sp2GN,0
EuD3U.jpg,EuD3U,EuD3U,1
im48e.jpg,im48e,im48e,1
DonQJ.jpg,DonQJ,DonQJ,1
O4VIF.jpg,O4VIF,O4wZF,0
944x3.jpg,944x3,94hr3,0
9V8rl.jpg,9V8rl,9w6rl,0
XvCKT.jpg,XvCKT,ZuCH1,0
Ff3ZF.jpg,Ff3ZF,Fta25,0
QrK4R.jpg,QrK4R,QrM4B,0
aW697.jpg,aW697,aW69T,0
0IL5u.jpg,0IL5u,0FL5n,0
Fd9Nm.jpg,Fd9Nm,Fd9Nm,1
2e5p1.jpg,2e5p1,2c5pV,0
5M103.jpg,5M103,EA102,0
00i07.jpg,00i07,c5i87,0
DUjsB.jpg,DUjsB,mUfsB,0
ErjIW.jpg,ErjIW,Br3lM,0
8pBK8.jpg,8pBK8,SpqK8,0
2gVaZ.jpg,2gVaZ,2gVa7,0
1FTOL.jpg,1FTOL,3FT0z,0
9MxzX.jpg,9MxzX,9MxzY,0
N87zQ.jpg,N87zQ,A3TzC,0
FP37X.jpg,FP37X,fD34K,0
fkz50.jpg,fkz50,IK250,0
votdc.jpg,votdc,xsk8j,0
JXwR5.jpg,JXwR5,1KvB5,0
Ir4t2.jpg,Ir4t2,jrMt2,0
pR0AX.jpg,pR0AX,pBO4X,0
4n6e6.jpg,4n6e6,4x6eh,0
fxEu6.jpg,fxEu6,IxHu6,0
02164.jpg,02164,02T54,0
1DPTp.jpg,1DPTp,1OPqn,0
FJ0EQ.jpg,FJ0EQ,PjvE0,0
1CE9l.jpg,1CE9l,1mB9l,0
Wq91s.jpg,Wq91s,HaP15,0
2J3Lu.jpg,2J3Lu,2FSCq,0
ec1KV.jpg,ec1KV,pCTKV,0
Fk31T.jpg,Fk31T,Eo3dT,0
OG1EM.jpg,OG1EM,0Z1bM,0
nusOM.jpg,nusOM,nySOM,0
RzGag.jpg,RzGag,AZUwg,0
w090j.jpg,w090j,Ka9B1,0
w00No.jpg,w00No,wGEAc,0
5OeUM.jpg,5OeUM,3OeUA,0
7P4qp.jpg,7P4qp,7Pkab,0
6P8S1.jpg,6P8S1,fD8S1,0
6whx0.jpg,6whx0,PwTX0,0
8c858.jpg,8c858,ACQbS,0
q3raF.jpg,q3raF,q3raF,1
vtmbm.jpg,vtmbm,vtGbN,0
4GOJE.jpg,4GOJE,zqeJF,0
n9a40.jpg,n9a40,pjdYB,0
25256.jpg,25256,9Tz5G,0
k1JOd.jpg,k1JOd,K1TPa,0
yuJH8.jpg,yuJH8,xuJH8,0
D19i1.jpg,D19i1,D49xV,0
3nVU7.jpg,3nVU7,3nvQ7,0
BS2o0.jpg,BS2o0,B5zo0,0
6QUq8.jpg,6QUq8,6QLg3,0
4Fr5T.jpg,4Fr5T,4Px5T,0
kQnI4.jpg,kQnI4,kCmI4,0
Igcr2.jpg,Igcr2,1gcm2,0
UVd40.jpg,UVd40,EVS40,0
0ptA0.jpg,0ptA0,0stAd,0
tp0t5.jpg,tp0t5,tmHxS,0
89XkW.jpg,89XkW,8cXkW,0
rJhC3.jpg,rJhC3,rJAC9,0
hrJ3O.jpg,hrJ3O,kr120,0
c3Hvg.jpg,c3Hvg,C3Hv0,0
KS8cZ.jpg,KS8cZ,H5aC7,0
23141.jpg,23141,oXj4E,0
zh6Gn.jpg,zh6Gn,ZHEVm,0
74nb2.jpg,74nb2,74mb2,0
wbFQ0.jpg,wbFQ0,35f8c,0
89Mrm.jpg,89Mrm,dSMru,0
CvMua.jpg,CvMua,CvMu5,0
9KPEe.jpg,9KPEe,9K15e,0
X1kUp.jpg,X1kUp,X1kUn,0
i5K3v.jpg,i5K3v,i5K3v,1
UMT4A.jpg,UMT4A,GwFsA,0
xHR6H.jpg,xHR6H,xHR6M,0
5NXsC.jpg,5NXsC,5HXsC,0
S5lg0.jpg,S5lg0,Saly0,0
Abh4X.jpg,Abh4X,P5h4K,0
7FVPa.jpg,7FVPa,1EUPa,0
M3502.jpg,M3502,A1E02,0
rmX22.jpg,rmX22,rmk2S,0
4WgA8.jpg,4WgA8,4Wg78,0
RPU9t.jpg,RPU9t,KDuYz,0
zF61L.jpg,zF61L,ZE61L,0
j2tac.jpg,j2tac,j2tae,0
CQ8C8.jpg,CQ8C8,rU8G1,0
oPy8l.jpg,oPy8l,oFv31,0
JV2m2.jpg,JV2m2,sV3mk,0
A4y3q.jpg,A4y3q,A4E3q,0
0z1mD.jpg,0z1mD,0zjmP,0
wcWot.jpg,wcWot,mCVo1,0
66Tit.jpg,66Tit,a57iw,0
Oj39c.jpg,Oj39c,QIx9c,0
53oT3.jpg,53oT3,c9mTX,0
QJ5R8.jpg,QJ5R8,D45K8,0
h15Ep.jpg,h15Ep,h1xEp,0
knr62.jpg,knr62,kTjG2,0
89af3.jpg,89af3,69uF3,0
dPg8N.jpg,dPg8N,dPq8H,0
936NT.jpg,936NT,036NT,0
8Mq1Y.jpg,8Mq1Y,3Aq1V,0
uQjOW.jpg,uQjOW,aCF3A,0
iW054.jpg,iW054,IH034,0
ZKc9S.jpg,ZKc9S,2Ac9S,0
Nlr7H.jpg,Nlr7H,Mte2H,0
82bXh.jpg,82bXh,32LKh,0
d7d81.jpg,d7d81,cxy81,0
w2882.jpg,w2882,w2SfO,0
ckE59.jpg,ckE59,uKE50,0
4DaX4.jpg,4DaX4,fDaK7,0
2R1a0.jpg,2R1a0,2B1a0,0
Vi0CQ.jpg,Vi0CQ,VibCa,0
s7zCf.jpg,s7zCf,n7zCf,0
fmByL.jpg,fmByL,fmBVL,0
B3jVw.jpg,B3jVw,63jVy,0
Z8Vqw.jpg,Z8Vqw,28Uqm,0
CI1R9.jpg,CI1R9,CjYR9,0
B20td.jpg,B20td,B201y,0
Hvq9h.jpg,Hvq9h,Riy9h,0
p4P45.jpg,p4P45,p4FX5,0
tj68h.jpg,tj68h,tz6Xh,0
QSXhW.jpg,QSXhW,OSxhW,0
Y4zMt.jpg,Y4zMt,Y4ZHt,0
15ZkV.jpg,15ZkV,15Dkv,0
feZ9a.jpg,feZ9a,feZ9a,1
U0OqI.jpg,U0OqI,HvO4f,0
JU0Ib.jpg,JU0Ib,JLQf5,0
7ecVb.jpg,7ecVb,7aCUb,0
UkyMs.jpg,UkyMs,UhYP3,0
0t4S4.jpg,0t4S4,0tz3H,0
9mtBR.jpg,9mtBR,9mfbA,0
7s463.jpg,7s463,7s463,1
26776.jpg,26776,267m3,0
lw110.jpg,lw110,lM3G0,0
WNpT0.jpg,WNpT0,yHpI0,0
5O2TA.jpg,5O2TA,5O2Ih,0
avL5X.jpg,avL5X,aVI5X,0
6ge8R.jpg,6ge8R,67e8K,0
w637e.jpg,w637e,w627e,0
8DF3F.jpg,8DF3F,6uLzF,0
30TuW.jpg,30TuW,20FuW,0
tgTeP.jpg,tgTeP,LyYeP,0
5Sw4y.jpg,5Sw4y,ZSm4g,0
14wFU.jpg,14wFU,14WEU,0
MdUSi.jpg,MdUSi,X4USr,0
2kG8X.jpg,2kG8X,2ku9X,0
6ox1h.jpg,6ox1h,6oX7A,0
iPEvg.jpg,iPEvg,AFLV9,0
jg2VU.jpg,jg2VU,ig2Y0,0
Crs7U.jpg,Crs7U,Cr870,0
Ffaeh.jpg,Ffaeh,PtazA,0
mbMg9.jpg,mbMg9,mbfy3,0
oSB1x.jpg,oSB1x,oAm1X,0
00y92.jpg,00y92,cuYh2,0
1tOrG.jpg,1tOrG,1b0vC,0
Zu23i.jpg,Zu23i,Eu2Si,0
w0i7W.jpg,w0i7W,x0i7W,0
U73lH.jpg,U73lH,U73im,0
BGo9t.jpg,BGo9t,PGe9t,0
kbhRp.jpg,kbhRp,xbhRj,0
u1KV7.jpg,u1KV7,aDKV7,0
M90DO.jpg,M90DO,Mj7Do,0
HoY28.jpg,HoY28,HcY28,0
121Vl.jpg,121Vl,n27Wl,0
u0c2B.jpg,u0c2B,u0c2B,1
r0VLi.jpg,r0VLi,r0XbT,0
0wS31.jpg,0wS31,0M531,0
nY5mF.jpg,nY5mF,AV5mF,0
39O5f.jpg,39O5f,3gO5f,0
1668x.jpg,1668x,10EPX,0
VttMA.jpg,VttMA,Vt2HA,0
b96w0.jpg,b96w0,hX6w0,0
zQRUT.jpg,zQRUT,zoRMT,0
R3428.jpg,R3428,FV428,0
8NJ8m.jpg,8NJ8m,8Ml9u,0
LAoYc.jpg,LAoYc,LA0Mr,0
CXV65.jpg,CXV65,CXUAs,0
XQqY1.jpg,XQqY1,ROgYh,0
4eIHx.jpg,4eIHx,4cIHx,0
5D1hs.jpg,5D1hs,5Dfhe,0
3k9qx.jpg,3k9qx,3h9Qx,0
81uE5.jpg,81uE5,81ur5,0
NpEEN.jpg,NpEEN,QoSLN,0
XH0W7.jpg,XH0W7,XH0w7,0
7Rrp3.jpg,7Rrp3,7Rrb3,0
jPzQG.jpg,jPzQG,jPaQ6,0
7aDln.jpg,7aDln,F59LM,0
24Jy0.jpg,24Jy0,2fjy0,0
kz845.jpg,kz845,wZ845,0
YyKMT.jpg,YyKMT,VsKMf,0
d38NP.jpg,d38NP,dz3MT,0
rrm1y.jpg,rrm1y,D7m1q,0
9z7tu.jpg,9z7tu,9z7Ku,0
87190.jpg,87190,871Ku,0
9xjNK.jpg,9xjNK,oXjHF,0
1FZNQ.jpg,1FZNQ,1FZM0,0
H3m7j.jpg,H3m7j,K2m7i,0
7Ljpp.jpg,7Ljpp,7Ljne,0
MSsZL.jpg,MSsZL,MSaZf,0
KH1a7.jpg,KH1a7,kH1a7,0
Rbk8B.jpg,Rbk8B,mbk8B,0
0iBL2.jpg,0iBL2,0r8Lz,0
eUXvc.jpg,eUXvc,eDKvi,0
051cv.jpg,051cv,0R1cV,0
kLAwg.jpg,kLAwg,kIAw9,0
V7bg6.jpg,V7bg6,M7hg6,0
U1KYY.jpg,U1KYY,U1BSA,0
Exf7A.jpg,Exf7A,Exj7A,0
NNTNb.jpg,NNTNb,AXf4b,0
AV0RT.jpg,AV0RT,AU0RT,0
99fTU.jpg,99fTU,2qiTU,0
twl19.jpg,twl19,rmk49,0
8HeU8.jpg,8HeU8,1mzU8,0
b4SWn.jpg,b4SWn,b48Kr,0
o55g4.jpg,o55g4,c5ky4,0
14urr.jpg,14urr,R4ujr,0
YYR9y.jpg,YYR9y,Y1B9v,0
4NswD.jpg,4NswD,4MSu0,0
DGV05.jpg,DGV05,DGx45,0
33jop.jpg,33jop,SXjor,0
32kvZ.jpg,32kvZ,69kvz,0
Edvb2.jpg,Edvb2,EdVb2,0
75c41.jpg,75c41,7RC41,0
AZXPF.jpg,AZXPF,A2KDE,0
AxB4a.jpg,AxB4a,AxBia,0
C3jaM.jpg,C3jaM,C3jaK,0
aOAX0.jpg,aOAX0,sCHX6,0
fA1a0.jpg,fA1a0,f4Ya0,0
XfK4f.jpg,XfK4f,Xjg4E,0
D4JRZ.jpg,D4JRZ,o43R7,0
rNSdS.jpg,rNSdS,rMed9,0
I71W5.jpg,I71W5,FA1w5,0
FbaTr.jpg,FbaTr,PbaYr,0
E65ig.jpg,E65ig,E651g,0
eD3qE.jpg,eD3qE,oD3yE,0
o5KbN.jpg,o5KbN,o5KiN,0
6Ub5D.jpg,6Ub5D,6tk3D,0
vg91d.jpg,vg91d,vX5Td,0
7kAAL.jpg,7kAAL,7Ko8L,0
i22Hx.jpg,i22Hx,i26Hx,0
qO1dj.jpg,qO1dj,qO1Xj,0
1Ejz3.jpg,1Ejz3,Lcjx3,0
1w65b.jpg,1w65b,1W8Eb,0
6X9fc.jpg,6X9fc,6XSft,0
P7Bm8.jpg,P7Bm8,P7jm8,0
5PIzf.jpg,5PIzf,5P12f,0
otBjq.jpg,otBjq,atRjm,0
WV7J5.jpg,WV7J5,wy7J5,0
A8869.jpg,A8869,AzjC9,0
rKpY6.jpg,rKpY6,rHpY5,0
2Z0u0.jpg,2Z0u0,2YGu0,0
UH9R9.jpg,UH9R9,DH8r5,0
C0FK8.jpg,C0FK8,C0fK2,0
BVz54.jpg,BVz54,BVr54,0
AAsE6.jpg,AAsE6,UAxE6,0
t0616.jpg,t0616,L061y,0
v4Y9v.jpg,v4Y9v,R4Y9v,0
FGGv1.jpg,FGGv1,FD9u1,0
a3g48.jpg,a3g48,q3pLR,0
15Cku.jpg,15Cku,1zCku,0
IZnu7.jpg,IZnu7,j2hu7,0
U2BN5.jpg,U2BN5,L2BN5,0
SynLW.jpg,SynLW,3YnCH,0
47CJN.jpg,47CJN,4wCJN,0
M56iy.jpg,M56iy,H56iJ,0
394v2.jpg,394v2,594wz,0
P4N20.jpg,P4N20,F1N2C,0
W0wDO.jpg,W0wDO,WRzDC,0
o3oE9.jpg,o3oE9,6xaE9,0
FWsO9.jpg,FWsO9,EhsQ9,0
xUTUS.jpg,xUTUS,xoTDp,0
HPpx0.jpg,HPpx0,HFns0,0
k97sZ.jpg,k97sZ,H07pZ,0
75892.jpg,75892,Y5892,0
i2wnO.jpg,i2wnO,i2WR0,0
7QWj4.jpg,7QWj4,7QWj8,0
bJdx8.jpg,bJdx8,bJdw8,0
8W9fr.jpg,8W9fr,64Ofn,0
Jv9Da.jpg,Jv9Da,jngD3,0
TAk84.jpg,TAk84,7Aw6t,0
7K310.jpg,7K310,7KSi6,0
Nf9zJ.jpg,Nf9zJ,Hw3rJ,0
IoUp2.jpg,IoUp2,rcUp2,0
JsonG.jpg,JsonG,J5ohC,0
s12dX.jpg,s12dX,3120K,0
nGxnt.jpg,nGxnt,rGXAt,0
5JzM4.jpg,5JzM4,5JzK4,0
P3Udh.jpg,P3Udh,B3Udh,0
19P3g.jpg,19P3g,L7m3q,0
b4j9M.jpg,b4j9M,64j9M,0
R03e0.jpg,R03e0,Hl3c0,0
uM3pw.jpg,uM3pw,uM3px,0
0AddZ.jpg,0AddZ,0AVd2,0
Kt1sv.jpg,Kt1sv,KC180,0
b0TY1.jpg,b0TY1,b0TZ1,0
2xDrL.jpg,2xDrL,2KBmI,0
ijXc2.jpg,ijXc2,iHYF2,0
92G2a.jpg,92G2a,97C2u,0
yM4LQ.jpg,yM4LQ,yM4LO,0
lgl7A.jpg,lgl7A,19C7A,0
b7olO.jpg,b7olO,b7aiC,0
0Mgy3.jpg,0Mgy3,0ApY2,0
w726i.jpg,w726i,wY25i,0
hcJ09.jpg,hcJ09,KcJG9,0
y4mW7.jpg,y4mW7,gxm3f,0
4Q4Q8.jpg,4Q4Q8,X01Qj,0
jZACt.jpg,jZACt,jzRCT,0
KlF2p.jpg,KlF2p,wIF2o,0
bA79d.jpg,bA79d,5479w,0
2Jtrg.jpg,2Jtrg,2JtKs,0
SyLAR.jpg,SyLAR,SvLaK,0
3rcp0.jpg,3rcp0,3rcp0,1
P1xV3.jpg,P1xV3,F1xU2,0
tp5SU.jpg,tp5SU,fP5wU,0
uczU2.jpg,uczU2,ufjV2,0
7E467.jpg,7E467,7K46F,0
BaW69.jpg,BaW69,BaW79,0
zSmaG.jpg,zSmaG,25WaC,0
Ofih3.jpg,Ofih3,pTUh3,0
H171k.jpg,H171k,Hg74k,0
c6p3n.jpg,c6p3n,c6P1N,0
Quezt.jpg,Quezt,Qwe7t,0
1N9yM.jpg,1N9yM,1N5Yw,0
BO973.jpg,BO973,BCn73,0
kRlV8.jpg,kRlV8,rR1V8,0
DYeNq.jpg,DYeNq,DY2Nq,0
0V59n.jpg,0V59n,QV59n,0
6sZB2.jpg,6sZB2,6skH2,0
qcr71.jpg,qcr71,q5w71,0
70ne3.jpg,70ne3,Z0hc3,0
XE2jv.jpg,XE2jv,XF2jV,0
mltrI.jpg,mltrI,ml4r5,0
3DM0G.jpg,3DM0G,3DN0E,0
mKsVY.jpg,mKsVY,mH34T,0
8RX87.jpg,8RX87,9mkB7,0
JTqDI.jpg,JTqDI,8TaRi,0
iv6D8.jpg,iv6D8,ZvkD3,0
F2xT6.jpg,F2xT6,m2xT0,0
z3I3y.jpg,z3I3y,z6h3V,0
9QQ7o.jpg,9QQ7o,9mUIe,0
64eP8.jpg,64eP8,h1cF3,0
4uTB9.jpg,4uTB9,4u7B9,0
5QmhO.jpg,5QmhO,3Amh0,0
MpqI4.jpg,MpqI4,HpqI4,0
DHn22.jpg,DHn22,DHq42,0
TpwDz.jpg,TpwDz,TpwDz,1
bnc4E.jpg,bnc4E,UnY4E,0
Ytu4p.jpg,Ytu4p,Yhu4p,0
6tTmm.jpg,6tTmm,5tTmh,0
cOU43.jpg,cOU43,rOU43,0
WTzc6.jpg,WTzc6,HIaC5,0
3E05V.jpg,3E05V,3E05V,1
lP3Fy.jpg,lP3Fy,1R3Fv,0
VAdta.jpg,VAdta,UAgts,0
LO8br.jpg,LO8br,L035r,0
V42jR.jpg,V42jR,U42j8,0
vxRz8.jpg,vxRz8,vXDz6,0
qSaQA.jpg,qSaQA,yEaCM,0
60r5a.jpg,60r5a,6Ur54,0
053c5.jpg,053c5,0b3cK,0
EJt42.jpg,EJt42,EJt42,1
6dbbJ.jpg,6dbbJ,Kqt5J,0
w3Ihe.jpg,w3Ihe,w2Ihe,0
1TF81.jpg,1TF81,WTF6H,0
0E1b4.jpg,0E1b4,0FY54,0
H4oLa.jpg,H4oLa,B45fa,0
Zt8xp.jpg,Zt8xp,Li3Kp,0
0m9rU.jpg,0m9rU,0m9zU,0
AD7KG.jpg,AD7KG,nu7K6,0
2hyO3.jpg,2hyO3,2My08,0
MEhnM.jpg,MEhnM,AEhoU,0
965FG.jpg,965FG,9bxFQ,0
34FAh.jpg,34FAh,34PNf,0
N2Uki.jpg,N2Uki,M2Dkf,0
s2wGY.jpg,s2wGY,b2w0T,0
0xGPt.jpg,0xGPt,0XGPt,0
X503l.jpg,X503l,X503i,0
ss7KT.jpg,ss7KT,3vZA1,0
0X23n.jpg,0X23n,0K23h,0
8L997.jpg,8L997,2icx7,0
7Ur28.jpg,7Ur28,7Ur28,1
rZivW.jpg,rZivW,c2jv0,0
Z1Veh.jpg,Z1Veh,ZT9sH,0
3p97i.jpg,3p97i,3p97h,0
GBDk0.jpg,GBDk0,GBZxa,0
dBL96.jpg,dBL96,dB196,0
4KB8F.jpg,4KB8F,4KB8F,1
R06Ux.jpg,R06Ux,A06Ux,0
oD6Ep.jpg,oD6Ep,gXhEp,0
5WN1d.jpg,5WN1d,5KCTd,0
Cg4zD.jpg,Cg4zD,6g3zD,0
Wb8cu.jpg,Wb8cu,K53Cu,0
USghM.jpg,USghM,tSgbA,0
JUk08.jpg,JUk08,TwK0x,0
uBWUV.jpg,uBWUV,r8w0V,0
A84N8.jpg,A84N8,AQiV3,0
DIT0s.jpg,DIT0s,BlX0S,0
99STZ.jpg,99STZ,0psF2,0
rSrcM.jpg,rSrcM,y3zCA,0
2SiOU.jpg,2SiOU,2SkOU,0
FC5aG.jpg,FC5aG,PC5a1,0
jAH7I.jpg,jAH7I,qeH7I,0
j357i.jpg,j357i,N3E7i,0
aK4Jl.jpg,aK4Jl,aC4yT,0
ai2h1.jpg,ai2h1,ar2h1,0
5q3ch.jpg,5q3ch,5U3ch,0
w8Jt6.jpg,w8Jt6,W8JtG,0
r76wN.jpg,r76wN,iZ6wM,0
2I6v2.jpg,2I6v2,316Vz,0
caBl7.jpg,caBl7,caBi7,0
5Ak66.jpg,5Ak66,54Y8t,0
JdNaS.jpg,JdNaS,IdAa5,0
9p277.jpg,9p277,9r271,0
FHvpV.jpg,FHvpV,fHvpU,0
0lCQU.jpg,0lCQU,0jCmU,0
280PZ.jpg,280PZ,h3QP7,0
JH8I0.jpg,JH8I0,JH61v,0
78J83.jpg,78J83,7eiK3,0
NpeQK.jpg,NpeQK,MpzOK,0
82L4x.jpg,82L4x,82L4x,1
VGLJO.jpg,VGLJO,VGLJ0,0
11CNj.jpg,11CNj,y1CNp,0
KKA8K.jpg,KKA8K,rCA8H,0
sm3UA.jpg,sm3UA,Cm3Uk,0
0rWJ1.jpg,0rWJ1,0rWJ1,1
Pr5Eu.jpg,Pr5Eu,Pr3Eu,0
L5Q6A.jpg,L5Q6A,I5G6A,0
UU30k.jpg,UU30k,1D30K,0
J1kKh.jpg,J1kKh,P1koh,0
v2yes.jpg,v2yes,v2j0S,0
R92Bn.jpg,R92Bn,R82In,0
s1366.jpg,s1366,s12Bo,0
9v7Ls.jpg,9v7Ls,9V7L3,0
ojYl0.jpg,ojYl0,RjWk0,0
NwaFo.jpg,NwaFo,M1xFo,0
DS8h3.jpg,DS8h3,D58H3,0
TeV1X.jpg,TeV1X,TeV1A,0
5iPG1.jpg,5iPG1,5zPG1,0
p9vGG.jpg,p9vGG,P9VL6,0
H6SsW.jpg,H6SsW,H0Szv,0
M5L6b.jpg,M5L6b,NS4ob,0
NOFzQ.jpg,NOFzQ,A6EzQ,0
22Tuw.jpg,22Tuw,2CTqW,0
hIeRt.jpg,hIeRt,bJ6At,0
qSb43.jpg,qSb43,Csb4P,0
bHhmp.jpg,bHhmp,bXhmp,0
0Q4hd.jpg,0Q4hd,0w4hU,0
uOXOh.jpg,uOXOh,LgZQH,0
AMSp7.jpg,AMSp7,AMSp7,1
339N8.jpg,339N8,2J9Ab,0
ZMZe4.jpg,ZMZe4,23Kc4,0
q4V53.jpg,q4V53,qiV53,0
7o01w.jpg,7o01w,Zeb1w,0
03on1.jpg,03on1,03gn1,0
XqLuU.jpg,XqLuU,TyfsU,0
6x6y8.jpg,6x6y8,flby8,0
4WtBJ.jpg,4WtBJ,4WtBJ,1
PxHLn.jpg,PxHLn,FxHIm,0
1S97A.jpg,1S97A,1Sg7A,0
9uUFl.jpg,9uUFl,9uaTk,0
1Z7Mf.jpg,1Z7Mf,sy2wf,0
59B4B.jpg,59B4B,Tjh4E,0
SJUuJ.jpg,SJUuJ,Z7NoF,0
wP9O7.jpg,wP9O7,wR4o7,0
Tv0QX.jpg,Tv0QX,1v0QX,0
AFWJ4.jpg,AFWJ4,ArWJ1,0
j8yV1.jpg,j8yV1,78yVC,0
ldvN2.jpg,ldvN2,jdvA2,0
Lwk7U.jpg,Lwk7U,lmK7U,0
i0IgA.jpg,i0IgA,x0TgA,0
BxIn8.jpg,BxIn8,EXIh9,0
4M7K1.jpg,4M7K1,4MpKi,0
oWORW.jpg,oWORW,9YC3W,0
12Pga.jpg,12Pga,W2Fga,0
Fs5k7.jpg,Fs5k7,Ea5x7,0
ti5wC.jpg,ti5wC,FA5wC,0
HyFkq.jpg,HyFkq,HYPk0,0
7YrK0.jpg,7YrK0,7YcK0,0
x9IIy.jpg,x9IIy,x0IAV,0
LVH42.jpg,LVH42,rvK42,0
ZwyCd.jpg,ZwyCd,ZmyCd,0
jl28j.jpg,jl28j,ht26j,0
vkl31.jpg,vkl31,vkI36,0
gO5Up.jpg,gO5Up,9C5Vp,0
m4xa0.jpg,m4xa0,m4xa0,1
m742I.jpg,m742I,m742j,0
4hCY3.jpg,4hCY3,4hCY3,1
Y5c3S.jpg,Y5c3S,T5rAR,0
j6b52.jpg,j6b52,i0ba2,0
5I0j2.jpg,5I0j2,5r0j2,0
7UQvY.jpg,7UQvY,ZHOv8,0
jt91x.jpg,jt91x,jm94K,0
mM6ZL.jpg,mM6ZL,mM62i,0
Vsg9y.jpg,Vsg9y,VEg9j,0
Da88b.jpg,Da88b,Dy81b,0
05b6g.jpg,05b6g,05h6q,0
9NISg.jpg,9NISg,9M1Sa,0
yz4Hb.jpg,yz4Hb,wZ4Rb,0
Uq2rz.jpg,Uq2rz,Uq2rx,0
N24MM.jpg,N24MM,N24Lw,0
dQyC5.jpg,dQyC5,dQyc5,0
0MoV5.jpg,0MoV5,PhqV5,0
Sg24Y.jpg,Sg24Y,SuZ4Y,0
82j9Y.jpg,82j9Y,8zi9Y,0
LapLq.jpg,LapLq,U3pfg,0
zfK2t.jpg,zfK2t,zfB9V,0
t95Ob.jpg,t95Ob,t950p,0
o9KwO.jpg,o9KwO,63KmQ,0
mm3Ej.jpg,mm3Ej,Mo2Bi,0
J10QB.jpg,J10QB,J10G8,0
okd22.jpg,okd22,mKd4Z,0
v5IAN.jpg,v5IAN,V5LAN,0
31154.jpg,31154,2Yiw4,0
94NQO.jpg,94NQO,94kvC,0
Fr15A.jpg,Fr15A,Fv15A,0
j50b1.jpg,j50b1,j50hT,0
d0wB4.jpg,d0wB4,w0jB4,0
hz6Rf.jpg,hz6Rf,h26Kf,0
90bW0.jpg,90bW0,3JsW0,0
4F4ZE.jpg,4F4ZE,4Fnzc,0
O7I6F.jpg,O7I6F,DY36F,0
83wKx.jpg,83wKx,62mLX,0
k7M7Y.jpg,k7M7Y,s7M2Y,0
19tsi.jpg,19tsi,L9fsi,0
1Nhy4.jpg,1Nhy4,1Abv4,0
ML9aa.jpg,ML9aa,ME90z,0
hNyn4.jpg,hNyn4,bMvp4,0
VVXOA.jpg,VVXOA,qV2cA,0
WM1w5.jpg,WM1w5,WM1x5,0
w6950.jpg,w6950,M6T50,0
6QseL.jpg,6QseL,6VxeL,0
853aM.jpg,853aM,x53nH,0
9h8mx.jpg,9h8mx,Jb8mX,0
6K08N.jpg,6K08N,5K02j,0
sy3lb.jpg,sy3lb,syATb,0
0937l.jpg,0937l,b98Xi,0
jy5am.jpg,jy5am,ly5am,0
11KAL.jpg,11KAL,TfK4C,0
xdiB0.jpg,xdiB0,XdiE0,0
j7v9w.jpg,j7v9w,j7b9w,0
aGC1R.jpg,aGC1R,aQV1R,0
00sl2.jpg,00sl2,U9Sf2,0
RnW09.jpg,RnW09,BrW03,0
9OQIt.jpg,9OQIt,9Owht,0
0BYbf.jpg,0BYbf,02V5f,0
4lS96.jpg,4lS96,4lS96,1
IU7R8.jpg,IU7R8,iUYm8,0
P8GVM.jpg,P8GVM,P8CVM,0
DSVei.jpg,DSVei,D5Mei,0
9CkYn.jpg,9CkYn,3CKTn,0
2uKHe.jpg,2uKHe,2uKHc,0
B0N2J.jpg,B0N2J,80AzJ,0
jweJw.jpg,jweJw,FWc3x,0
X1314.jpg,X1314,Ki3D4,0
5B8iH.jpg,5B8iH,5D3iA,0
J0sRw.jpg,J0sRw,70SBw,0
uYFRU.jpg,uYFRU,aYfBU,0
dpjJZ.jpg,dpjJZ,GnjJ2,0
a4jJQ.jpg,a4jJQ,a4Ib0,0
PJ6B3.jpg,PJ6B3,FJ6B3,0
3i2w7.jpg,3i2w7,3i2w7,1
HGP1X.jpg,HGP1X,HC21X,0
hAT5b.jpg,hAT5b,HDeSL,0
2lz9S.jpg,2lz9S,3KzjS,0
e7B68.jpg,e7B68,e7R6x,0
jQ8LC.jpg,jQ8LC,j03zc,0
c115t.jpg,c115t,Cjx3T,0
6Ujup.jpg,6Ujup,6Hiap,0
6HU5d.jpg,6HU5d,6Xv3d,0
YsFV3.jpg,YsFV3,YsFv2,0
Pwl11.jpg,Pwl11,2wk1V,0
h8qfq.jpg,h8qfq,H3Gfq,0
J4ZE2.jpg,J4ZE2,u4ZEo,0
D5JUa.jpg,D5JUa,D57Ve,0
6P796.jpg,6P796,QP795,0
h7Eg6.jpg,h7Eg6,h7E06,0
FgMYc.jpg,FgMYc,E9AVc,0
2qnkI.jpg,2qnkI,2Qmki,0
uDBq1.jpg,uDBq1,mD8q7,0
Z36KU.jpg,Z36KU,736Ht,0
HpQG2.jpg,HpQG2,HpOSZ,0
b8Qtw.jpg,b8Qtw,Z8Qtm,0
YLoEr.jpg,YLoEr,91aEp,0
W4f69.jpg,W4f69,V4rG9,0
e88BH.jpg,e88BH,7xoEM,0
eU08x.jpg,eU08x,cH03X,0
9y47K.jpg,9y47K,9y47K,1
bj02L.jpg,bj02L,bj03L,0
Nn7eC.jpg,Nn7eC,HkzoC,0
NOCJX.jpg,NOCJX,NOtjX,0
b8Ci5.jpg,b8Ci5,b8C15,0
528sa.jpg,528sa,528Wa,0
9EmeG.jpg,9EmeG,9EWak,0
fNOCc.jpg,fNOCc,IMOts,0
eVbCO.jpg,eVbCO,iXbF0,0
N1c27.jpg,N1c27,H1c27,0
5y4nM.jpg,5y4nM,5y4nM,1
gUVF2.jpg,gUVF2,qhVE2,0
E0Pi0.jpg,E0Pi0,E6piU,0
939fF.jpg,939fF,bxVjM,0
KEYSV.jpg,KEYSV,ADj3U,0
4Rg4h.jpg,4Rg4h,xR9db,0
E79lY.jpg,E79lY,E79iY,0
5RE61.jpg,5RE61,5KJ61,0
W4aPc.jpg,W4aPc,w4aFC,0
LnH6z.jpg,LnH6z,LwH62,0
8y4n0.jpg,8y4n0,8y0rD,0
xyZTx.jpg,xyZTx,x9ZTR,0
21Q82.jpg,21Q82,s1Q62,0
FDq4e.jpg,FDq4e,EDq4s,0
0YE6t.jpg,0YE6t,uXE6t,0
66yyB.jpg,66yyB,b6vkF,0
2pfnd.jpg,2pfnd,2nf9U,0
04vxV.jpg,04vxV,D4mXV,0
72Ui5.jpg,72Ui5,7wUC5,0
mTphB.jpg,mTphB,m7pb8,0
taO80.jpg,taO80,InC30,0
VolBW.jpg,VolBW,vcfBW,0
b4YNG.jpg,b4YNG,p4YN6,0
ghyT5.jpg,ghyT5,znyT5,0
24W88.jpg,24W88,24wS0,0
59KQZ.jpg,59KQZ,59HO2,0
fus58.jpg,fus58,fUs58,0
St334.jpg,St334,Ytx34,0
8e1vV.jpg,8e1vV,3OImV,0
zWl7D.jpg,zWl7D,aWCTB,0
l3H0u.jpg,l3H0u,i3H0y,0
kqFDz.jpg,kqFDz,KqFDz,0
z6k22.jpg,z6k22,y6N2D,0
sPAI9.jpg,sPAI9,vP4I9,0
JfL99.jpg,JfL99,JfLw9,0
ww231.jpg,ww231,wk281,0
gOu6r.jpg,gOu6r,yCX6r,0
B7B2Y.jpg,B7B2Y,R7H2w,0
BVuf0.jpg,BVuf0,8VuI0,0
jI3Q5.jpg,jI3Q5,jI3O5,0
oFd76.jpg,oFd76,oEd76,0
e0Y49.jpg,e0Y49,eUyA9,0
m8K7H.jpg,m8K7H,C8x7H,0
2ssjY.jpg,2ssjY,26siW,0
XHd1W.jpg,XHd1W,ARd1w,0
kNXVd.jpg,kNXVd,eMT9d,0
4SxpQ.jpg,4SxpQ,4SxpO,0
JqT54.jpg,JqT54,JgT34,0
lSl6d.jpg,lSl6d,M3hxa,0
jJD4a.jpg,jJD4a,j9E4a,0
W4Z0i.jpg,W4Z0i,W4Z0F,0
9U2w1.jpg,9U2w1,9U2W1,0
WVhG2.jpg,WVhG2,jMhGz,0
R5OA6.jpg,R5OA6,BS086,0
x6HJ9.jpg,x6HJ9,X6H39,0
JygdL.jpg,JygdL,JvRAE,0
64slz.jpg,64slz,643I2,0
f9jsS.jpg,f9jsS,f9Jw5,0
6E2aA.jpg,6E2aA,6F2yA,0
s375Z.jpg,s375Z,w3Y5Z,0
14TYb.jpg,14TYb,14rVo,0
nOZPt.jpg,nOZPt,nOZPt,1
02iIm.jpg,02iIm,02jxN,0
45Hub.jpg,45Hub,4SHvL,0
JQvze.jpg,JQvze,TCyZe,0
w9Am7.jpg,w9Am7,v9dm7,0
GWNM2.jpg,GWNM2,GyNU2,0
lT2G8.jpg,lT2G8,iT2C3,0
lr66h.jpg,lr66h,1x4Cq,0
490sS.jpg,490sS,490x3,0
5994Q.jpg,5994Q,58y1C,0
16g51.jpg,16g51,hCm51,0
k4oqk.jpg,k4oqk,hVoqL,0
heTh0.jpg,heTh0,Ae7k0,0
bZFRJ.jpg,bZFRJ,bzFRJ,0
94715.jpg,94715,947t5,0
oy3Zl.jpg,oy3Zl,cy37t,0
KuZ3l.jpg,KuZ3l,Kuz31,0
hQ97F.jpg,hQ97F,uC4zF,0
O1qLA.jpg,O1qLA,O1qLM,0
Yy471.jpg,Yy471,WyaZi,0
HSAF0.jpg,HSAF0,WsAP0,0
86clh.jpg,86clh,36cIb,0
5IKFc.jpg,5IKFc,51KFC,0
t3pvv.jpg,t3pvv,f2gen,0
vU3tI.jpg,vU3tI,wG3t1,0
O2Qq0.jpg,O2Qq0,O2YyW,0
00TsW.jpg,00TsW,n0TsW,0
WB5IL.jpg,WB5IL,m83JC,0
i238H.jpg,i238H,uz48H,0
6K0V9.jpg,6K0V9,6KnV9,0
kx673.jpg,kx673,Hm673,0
6LE61.jpg,6LE61,8UEs1,0
8zSt1.jpg,8zSt1,8ZEN1,0
hv0Ij.jpg,hv0Ij,5w0Lr,0
a6g7Y.jpg,a6g7Y,a6gZV,0
5ax4A.jpg,5ax4A,5Ox4N,0
gsK7W.jpg,gsK7W,psK7W,0
08kbI.jpg,08kbI,0SKuf,0
Z0ACZ.jpg,Z0ACZ,20APx,0
1i634.jpg,1i634,Ix6m4,0
ObhgY.jpg,ObhgY,OBHgV,0
7n3Qw.jpg,7n3Qw,7h3Cw,0
h4Ra6.jpg,h4Ra6,I4BJ6,0
5n2d2.jpg,5n2d2,5N4dP,0
Q3siL.jpg,Q3siL,02snL,0
3pmK0.jpg,3pmK0,2tmH0,0
IwXN8.jpg,IwXN8,1mXh6,0
g550G.jpg,g550G,gsI0G,0
su7Mu.jpg,su7Mu,sU7O0,0
83lDW.jpg,83lDW,63jDW,0
94gnS.jpg,94gnS,04zns,0
Tw31X.jpg,Tw31X,Tm3iX,0
sE1hM.jpg,sE1hM,aE3hM,0
70S32.jpg,70S32,70S32,1
9Ck5P.jpg,9Ck5P,9zk5P,0
YIwvj.jpg,YIwvj,YSM6j,0
1K0eQ.jpg,1K0eQ,1H0eQ,0
xkDvt.jpg,xkDvt,XHDVf,0
CIrOb.jpg,CIrOb,C1r0b,0
vG87S.jpg,vG87S,vHa75,0
zJ6iV.jpg,zJ6iV,zJ6rM,0
k9XCk.jpg,k9XCk,j9XCh,0
31oPD.jpg,31oPD,31oPb,0
6Is14.jpg,6Is14,6Ys14,0
Q124z.jpg,Q124z,C1B4x,0
77vx2.jpg,77vx2,Gjvx2,0
58xxc.jpg,58xxc,58y1C,0
qZiDe.jpg,qZiDe,qXhDe,0
q8Iz2.jpg,q8Iz2,m8Jx3,0
SD7Ve.jpg,SD7Ve,SD7Wa,0
9L1bz.jpg,9L1bz,9k1bz,0
kAphQ.jpg,kAphQ,xAph0,0
OMkdM.jpg,OMkdM,CjkaM,0
RxykD.jpg,RxykD,RayiD,0
79mMW.jpg,79mMW,29pAv,0
Lxmh7.jpg,Lxmh7,Lxmh7,1
Uf8un.jpg,Uf8un,Of9yh,0
9uRt9.jpg,9uRt9,6uAf9,0
hg586.jpg,hg586,Nw58C,0
s39ba.jpg,s39ba,W39bz,0
HOomK.jpg,HOomK,WOp7K,0
c2892.jpg,c2892,ck892,0
9c243.jpg,9c243,YcD43,0
e3bD3.jpg,e3bD3,cXh09,0
l3hM3.jpg,l3hM3,CdhM5,0
BlCpE.jpg,BlCpE,3fCpN,0
OQ2Ez.jpg,OQ2Ez,Qm2Ey,0
Zj6my.jpg,Zj6my,2j6Rv,0
60QC5.jpg,60QC5,60XC2,0
TySNv.jpg,TySNv,Ty6Nv,0
O757g.jpg,O757g,Or5Ja,0
7y934.jpg,7y934,7V934,0
VVT3x.jpg,VVT3x,qVLjx,0
49wr3.jpg,49wr3,4Swr3,0
8eoZr.jpg,8eoZr,8cW2r,0
WkL9f.jpg,WkL9f,MkL3j,0
jENB1.jpg,jENB1,IZA8a,0
9cnym.jpg,9cnym,VSayw,0
O8ObR.jpg,O8ObR,YaObA,0
715s5.jpg,715s5,7mhe5,0
7ayQ3.jpg,7ayQ3,7evQ3,0
z7F4F.jpg,z7F4F,a7FX0,0
o51y1.jpg,o51y1,05Ax1,0
iQGX7.jpg,iQGX7,tQ6K7,0
7Gv2m.jpg,7Gv2m,7Gvzm,0
Yz6bS.jpg,Yz6bS,V76bs,0
51d9W.jpg,51d9W,p1C9W,0
47kAp.jpg,47kAp,47kAD,0
6yypr.jpg,6yypr,6HxDr,0
1LnEH.jpg,1LnEH,TLa5H,0
8eFSC.jpg,8eFSC,we2Sj,0
R6Axg.jpg,R6Axg,BGAXd,0
52DR6.jpg,52DR6,s2WK6,0
K15eV.jpg,K15eV,K1SgV,0
4zshW.jpg,4zshW,42SbU,0
Zwb2W.jpg,Zwb2W,Zqb3W,0
0335B.jpg,0335B,0375b,0
vdOWm.jpg,vdOWm,xdfWm,0
Jt20G.jpg,Jt20G,Jt2mx,0
0g479.jpg,0g479,0R47v,0
4sQQL.jpg,4sQQL,4sCBl,0
IzAxN.jpg,IzAxN,Iz4kH,0
9k10l.jpg,9k10l,9K7ul,0
T6zgH.jpg,T6zgH,T5zgH,0
Et3PT.jpg,Et3PT,Efa9T,0
XXWrz.jpg,XXWrz,K9Wr2,0
42vuH.jpg,42vuH,42YuE,0
z6KMk.jpg,z6KMk,a0KMk,0
89PoP.jpg,89PoP,K9ivP,0
ND9jE.jpg,ND9jE,XD9jE,0
56tHA.jpg,56tHA,36tHa,0
U8H6b.jpg,U8H6b,LzHfp,0
63d3F.jpg,63d3F,6xdVE,0
Tik44.jpg,Tik44,TjxqA,0
x6o24.jpg,x6o24,V6o24,0
7wYI1.jpg,7wYI1,7uYC1,0
E5x8P.jpg,E5x8P,E5K3P,0
CIB8m.jpg,CIB8m,C1P2m,0
r7NmV.jpg,r7NmV,rZA6V,0
ql26Z.jpg,ql26Z,gi26K,0
OcLeZ.jpg,OcLeZ,Wcip2,0
P98TJ.jpg,P98TJ,P9ATU,0
bH464.jpg,bH464,pHf62,0
p2UKh.jpg,p2UKh,P2UKh,0
0N461.jpg,0N461,0N45y,0
FutN9.jpg,FutN9,Eu1A9,0
U1h68.jpg,U1h68,U1m62,0
A20U0.jpg,A20U0,A2TUo,0
NiuLD.jpg,NiuLD,A7qLD,0
G38ml.jpg,G38ml,G38Ml,0
VI80b.jpg,VI80b,M1Rob,0
qDQo1.jpg,qDQo1,ymCo1,0
ihfXH.jpg,ihfXH,CLfYH,0
f1ENU.jpg,f1ENU,f1EAU,0
i4G1J.jpg,i4G1J,b4GVJ,0
nV0FX.jpg,nV0FX,hV0EX,0
g6I4G.jpg,g6I4G,gwF4C,0
82Hdk.jpg,82Hdk,C2mdK,0
HWC0w.jpg,HWC0w,HYt0m,0
3K6sO.jpg,3K6sO,3KVsO,0
9acjs.jpg,9acjs,9HMjs,0
9530L.jpg,9530L,9F20L,0
k4JDI.jpg,k4JDI,k9JDT,0
49bhd.jpg,49bhd,495rd,0
4j57O.jpg,4j57O,4js7O,0
3nUA6.jpg,3nUA6,2rU45,0
xMGQ5.jpg,xMGQ5,vMwC5,0
CHcvS.jpg,CHcvS,CApv3,0
Wrhs4.jpg,Wrhs4,Wrbs4,0
4a410.jpg,4a410,4uK10,0
6RSFJ.jpg,6RSFJ,6ASrJ,0
727Th.jpg,727Th,F2wTb,0
w7f7V.jpg,w7f7V,MgF79,0
K6K8H.jpg,K6K8H,lGH24,0
WT5z8.jpg,WT5z8,HTpz8,0
MY5bn.jpg,MY5bn,MY8bn,0
d7KBJ.jpg,d7KBJ,dpHS1,0
9397U.jpg,9397U,yjp7U,0
JsRE7.jpg,JsRE7,QsKE7,0
778s9.jpg,778s9,7hBs9,0
sx7xl.jpg,sx7xl,SK7zH,0
aEG9H.jpg,aEG9H,a509H,0
3kdM2.jpg,3kdM2,3kaMz,0
fa92T.jpg,fa92T,fa9KT,0
cmw2E.jpg,cmw2E,cMV2B,0
TuL9F.jpg,TuL9F,TuL9f,0
73A86.jpg,73A86,73mR6,0
NlMiQ.jpg,NlMiQ,NEWs0,0
GbYo9.jpg,GbYo9,GhVa3,0
UxYp7.jpg,UxYp7,0xYp4,0
L0FSV.jpg,L0FSV,L0F3H,0
xxb0w.jpg,xxb0w,43EOV,0
0339a.jpg,0339a,OX89r,0
nM5sF.jpg,nM5sF,nM9zj,0
KV4R5.jpg,KV4R5,Xvam5,0
K55ww.jpg,K55ww,KsZGy,0
8pC1L.jpg,8pC1L,8pC1r,0
CyT4Q.jpg,CyT4Q,6yT4Q,0
HlZc3.jpg,HlZc3,HjZv3,0
cYT7J.jpg,cYT7J,eVt7d,0
v5eK1.jpg,v5eK1,y5cK1,0
4j0p3.jpg,4j0p3,4TOp3,0
x58YK.jpg,x58YK,a54YA,0
N3u00.jpg,N3u00,M2vnO,0
EXi43.jpg,EXi43,EXj43,0
s05bq.jpg,s05bq,x05bm,0
JjHR7.jpg,JjHR7,dxhB7,0
Qiz9c.jpg,Qiz9c,QHZ3E,0
WJ88A.jpg,WJ88A,WJu8A,0
Cw1PA.jpg,Cw1PA,cw1PA,0
2c2a9.jpg,2c2a9,2GKa9,0
68BJv.jpg,68BJv,52EJV,0
mw238.jpg,mw238,rw7t8,0
H11Zg.jpg,H11Zg,H3YZa,0
gyNI8.jpg,gyNI8,gYHf5,0
ZyLfr.jpg,ZyLfr,ZyL8c,0
rgU8M.jpg,rgU8M,igD3K,0
kd4vk.jpg,kd4vk,jd4vk,0
u0NRB.jpg,u0NRB,u0YKL,0
8s3P6.jpg,8s3P6,8z5PX,0
68l2U.jpg,68l2U,68j2U,0
lf5bt.jpg,lf5bt,Vf5um,0
9w806.jpg,9w806,9wRl6,0
Sttj9.jpg,Sttj9,St6j9,0
NxGEx.jpg,NxGEx,NX05u,0
x86h3.jpg,x86h3,x86h7,0
BG0hg.jpg,BG0hg,BCVha,0
4LQD3.jpg,4LQD3,4EQw3,0
H135W.jpg,H135W,At25W,0
3veq1.jpg,3veq1,3Veg1,0
nC9d1.jpg,nC9d1,mC9dk,0
xY81h.jpg,xY81h,xW9Db,0
84WyD.jpg,84WyD,84wzD,0
hbJ1D.jpg,hbJ1D,fb34D,0
jT7WZ.jpg,jT7WZ,iT7uZ,0
YN5IW.jpg,YN5IW,Y751w,0
qL0Ui.jpg,qL0Ui,y1OMx,0
1PpeI.jpg,1PpeI,1Kp6U,0
2K6E1.jpg,2K6E1,2W6Ev,0
F74Ek.jpg,F74Ek,P74gk,0
enw1I.jpg,enw1I,6Dw4F,0
5mGQs.jpg,5mGQs,5mY0s,0
2S81F.jpg,2S81F,2cx1m,0
gF07j.jpg,gF07j,gE07W,0
j7O2B.jpg,j7O2B,j7C3B,0
zi188.jpg,zi188,ZjTw3,0
t7eLT.jpg,t7eLT,t7eLT,1
WE785.jpg,WE785,ME785,0
4ahCK.jpg,4ahCK,4phCK,0
2VnNK.jpg,2VnNK,2QTNy,0
kZ215.jpg,kZ215,HZ015,0
mm3lb.jpg,mm3lb,qr3l6,0
9dI15.jpg,9dI15,9dH4w,0
7Krf0.jpg,7Krf0,3KtZ0,0
aKgYP.jpg,aKgYP,aH9V2,0
z04H0.jpg,z04H0,2w4F0,0
2j7JW.jpg,2j7JW,2jTuN,0
q2Gub.jpg,q2Gub,72Cuh,0
IFh8h.jpg,IFh8h,VEH8w,0
w5594.jpg,w5594,wsj9A,0
5J2E5.jpg,5J2E5,eu2C5,0
lcHNn.jpg,lcHNn,iCHXp,0
B0Y5s.jpg,B0Y5s,R0Vh3,0
KZk07.jpg,KZk07,M2s0T,0
9S11i.jpg,9S11i,05j1z,0
P6B8J.jpg,P6B8J,PGR31,0
8nup9.jpg,8nup9,8nvp9,0
dX097.jpg,dX097,dxp97,0
hEf02.jpg,hEf02,mef04,0
8s3eA.jpg,8s3eA,8s1CA,0
5Z47O.jpg,5Z47O,5Z4T0,0
0ou9d.jpg,0ou9d,0cw3A,0
xzh08.jpg,xzh08,X7H03,0
1mAj6.jpg,1mAj6,1mAj5,0
268zR.jpg,268zR,26VxA,0
I90o1.jpg,I90o1,F90s1,0
2PayL.jpg,2PayL,2Payf,0
b45G0.jpg,b45G0,b1zK0,0
i72u8.jpg,i72u8,t72uN,0
RU09i.jpg,RU09i,RU0Si,0
4Yvqk.jpg,4Yvqk,3TvGk,0
z10l4.jpg,z10l4,zj0E4,0
OX5Z3.jpg,OX5Z3,0K5Z3,0
E63uh.jpg,E63uh,Ft3yH,0
vp5In.jpg,vp5In,Vp5l4,0
FfKC2.jpg,FfKC2,PtKC2,0
m9M8Y.jpg,m9M8Y,n9M8Y,0
axA56.jpg,axA56,dXA5O,0
5tTo4.jpg,5tTo4,5yT04,0
9atSK.jpg,9atSK,Daf5H,0
jS778.jpg,jS778,iS7W0,0
cVEjL.jpg,cVEjL,eMR3L,0
42H1Y.jpg,42H1Y,42htY,0
6v1wa.jpg,6v1wa,6y3wa,0
Wmowd.jpg,Wmowd,Wn2xJ,0
2F3sq.jpg,2F3sq,2E3sQ,0
StHn7.jpg,StHn7,StKn7,0
evk93.jpg,evk93,evK93,0
94YYn.jpg,94YYn,34YFm,0
Fdxx4.jpg,Fdxx4,FunX4,0
wBwa0.jpg,wBwa0,w8TJ0,0
fPY1q.jpg,fPY1q,fPV10,0
GYr9X.jpg,GYr9X,EJn9K,0
Fk7cN.jpg,Fk7cN,Ex7aA,0
kIHB2.jpg,kIHB2,kfH02,0
C7543.jpg,C7543,C75a8,0
muq7R.jpg,muq7R,mba18,0
Wlw6W.jpg,Wlw6W,VIn5Q,0
5ETu7.jpg,5ETu7,5EDU7,0
5n7Ec.jpg,5n7Ec,5h7fg,0
UK8uv.jpg,UK8uv,UK2gV,0
JVtR4.jpg,JVtR4,7VtB4,0
9dGhD.jpg,9dGhD,3dChD,0
D42i0.jpg,D42i0,D42j0,0
GuXZU.jpg,GuXZU,CuK2U,0
9MI19.jpg,9MI19,4Mz19,0
6y06b.jpg,6y06b,4yU6b,0
TnyhF.jpg,TnyhF,XwybF,0
bgIqt.jpg,bgIqt,bpTqt,0
ts4N4.jpg,ts4N4,fS2Mq,0
VQsT8.jpg,VQsT8,MCrT8,0
U0LR6.jpg,U0LR6,v0LF5,0
R1dpv.jpg,R1dpv,R1dAv,0
bOaA5.jpg,bOaA5,tOe45,0
5o6q8.jpg,5o6q8,5w6q3,0
mO54M.jpg,mO54M,pO54M,0
mwN6w.jpg,mwN6w,myN5W,0
wFIzL.jpg,wFIzL,QPlzb,0
F73on.jpg,F73on,F730n,0
6EN49.jpg,6EN49,6EM49,0
VBUNy.jpg,VBUNy,1RLAy,0
xu0ST.jpg,xu0ST,Ku0SI,0
8V5Js.jpg,8V5Js,8V5Jc,0
d83bv.jpg,d83bv,j83Cv,0
3VbM9.jpg,3VbM9,3VER9,0
R92em.jpg,R92em,B02Cm,0
8d9yH.jpg,8d9yH,34C7H,0
9t1jw.jpg,9t1jw,3zTjW,0
ls9iW.jpg,ls9iW,ks9rM,0
8sayU.jpg,8sayU,8sa7D,0
IKC9x.jpg,IKC9x,IKC9z,0
gFgbh.jpg,gFgbh,zEgbA,0
vcVn2.jpg,vcVn2,vjFn2,0
B0n9j.jpg,B0n9j,H0rSj,0
FtKHT.jpg,FtKHT,FtKwJ,0
51a31.jpg,51a31,51a3J,0
b14NR.jpg,b14NR,b14AR,0
5jNW2.jpg,5jNW2,5jNW2,1
KobgU.jpg,KobgU,K3bgU,0
0u4sZ.jpg,0u4sZ,0u432,0
6AUh9.jpg,6AUh9,6AWx9,0
f36nj.jpg,f36nj,f26wj,0
97nHp.jpg,97nHp,97mHp,0
EP8I8.jpg,EP8I8,EQu1x,0
M8i1Z.jpg,M8i1Z,K8i12,0
3RN3J.jpg,3RN3J,3BwoI,0
Ja08p.jpg,Ja08p,1a0Pn,0
dik49.jpg,dik49,djk49,0
Kb2Qh.jpg,Kb2Qh,Eb2Cn,0
uEowr.jpg,uEowr,U59Aj,0
6zu82.jpg,6zu82,Oru82,0
Tr2ru.jpg,Tr2ru,Tt2ru,0
7Xo09.jpg,7Xo09,7KvD9,0
m60d3.jpg,m60d3,m6Vd3,0
Fia2V.jpg,Fia2V,Fia2M,0
wb02o.jpg,wb02o,wbQ2e,0
2xLX7.jpg,2xLX7,2vLX7,0
krA5B.jpg,krA5B,kvA5Q,0
bBzh2.jpg,bBzh2,b3fm2,0
I071a.jpg,I071a,E071a,0
5s3kV.jpg,5s3kV,4s7kV,0
t2owy.jpg,t2owy,t2Qwy,0
F9HvM.jpg,F9HvM,E0LVM,0
m2GTe.jpg,m2GTe,WkQTs,0
Y7B30.jpg,Y7B30,V7Rk0,0
BFZWu.jpg,BFZWu,BFZWu,1
CM28F.jpg,CM28F,CW28j,0
062s2.jpg,062s2,062sY,0
q1YMm.jpg,q1YMm,dfYMm,0
w0qu1.jpg,w0qu1,W0gh1,0
LH77o.jpg,LH77o,LH4j0,0
008Za.jpg,008Za,QV8Za,0
gD4UI.jpg,gD4UI,gp4UT,0
iZ4y7.jpg,iZ4y7,iZ4w7,0
8lhkf.jpg,8lhkf,8Jhvf,0
1X6M2.jpg,1X6M2,1x6H2,0
26Z5f.jpg,26Z5f,20L5r,0
Lr34t.jpg,Lr34t,Ev34r,0
97086.jpg,97086,970Kb,0
bxLwo.jpg,bxLwo,bxLw9,0
ZgTQ8.jpg,ZgTQ8,2gTWx,0
QQk7b.jpg,QQk7b,Cwk7b,0
3T9ZG.jpg,3T9ZG,3T9ZC,0
7l3Lh.jpg,7l3Lh,7V3Lh,0
0232n.jpg,0232n,0d3Eh,0
o6K4T.jpg,o6K4T,oCK4T,0
OccwG.jpg,OccwG,0lcH6,0
t9C9k.jpg,t9C9k,fgC3H,0
36yHA.jpg,36yHA,26yHA,0
6G96k.jpg,6G96k,eT3ZK,0
wZ3nh.jpg,wZ3nh,W73pH,0
SsKs6.jpg,SsKs6,SjKef,0
wDeCF.jpg,wDeCF,MDsCF,0
5ol76.jpg,5ol76,Koi75,0
1QEUT.jpg,1QEUT,4CpHT,0
tXsKe.jpg,tXsKe,fVsHo,0
05mbw.jpg,05mbw,0ErhV,0
5xM52.jpg,5xM52,BxM52,0
6C5K4.jpg,6C5K4,6vTK4,0
C0m2j.jpg,C0m2j,C0m2i,0
b6274.jpg,b6274,b0S74,0
nVaSA.jpg,nVaSA,nVaS4,0
Lx9DN.jpg,Lx9DN,ix9DH,0
P32Dz.jpg,P32Dz,PS2mx,0
OPGUc.jpg,OPGUc,02wHc,0
b8259.jpg,b8259,Ku259,0
bt7a0.jpg,bt7a0,5t7w0,0
7MI9o.jpg,7MI9o,7Ai3p,0
2CO8e.jpg,2CO8e,2LD8e,0
De7ST.jpg,De7ST,Da7S1,0
M3799.jpg,M3799,H37v0,0
YqsHY.jpg,YqsHY,YosHw,0
GTSWF.jpg,GTSWF,C1SMF,0
THWu4.jpg,THWu4,FKWu4,0
7Hf0t.jpg,7Hf0t,7Hf0x,0
Qb4yK.jpg,Qb4yK,0b4jK,0
9sGNH.jpg,9sGNH,9s6MI,0
R6G72.jpg,R6G72,B6U12,0
4BGu2.jpg,4BGu2,4DGu2,0
7bjOg.jpg,7bjOg,75i0g,0
2d3sC.jpg,2d3sC,2dBsC,0
8n1fB.jpg,8n1fB,XmJFB,0
f3WJ0.jpg,f3WJ0,LsWJ0,0
p5A83.jpg,p5A83,m5W8J,0
37CgQ.jpg,37CgQ,3fC9Q,0
lFF73.jpg,lFF73,Uyr76,0
54q8P.jpg,54q8P,54q8F,0
2YU18.jpg,2YU18,zVHF8,0
AOv37.jpg,AOv37,ACv37,0
4tbR6.jpg,4tbR6,4tuK5,0
45PM7.jpg,45PM7,a5PM7,0
wYa62.jpg,wYa62,wYaf2,0
0376J.jpg,0376J,037kU,0
TmAqK.jpg,TmAqK,TzAgK,0
Vl4k5.jpg,Vl4k5,VI4HS,0
gEVR5.jpg,gEVR5,gtUR3,0
ju5fn.jpg,ju5fn,IQs2n,0
0X5dL.jpg,0X5dL,025eI,0
l8JNb.jpg,l8JNb,fqJA5,0
w9bBK.jpg,w9bBK,w9bPK,0
W64Wy.jpg,W64Wy,Me4Cy,0
wAT5Q.jpg,wAT5Q,v475O,0
W2xRx.jpg,W2xRx,W2r8X,0
wOjj9.jpg,wOjj9,mQJR9,0
g70D8.jpg,g70D8,y7QD3,0
Jp8w0.jpg,Jp8w0,1p3KC,0
4M16F.jpg,4M16F,4MioP,0
yt0Z7.jpg,yt0Z7,vt0Z7,0
5Sujg.jpg,5Sujg,6Sujg,0
p99i6.jpg,p99i6,pq3I6,0
Hhrfs.jpg,Hhrfs,H0rL5,0
B7SW2.jpg,B7SW2,B79H2,0
8SIZ1.jpg,8SIZ1,3wF21,0
Da96Y.jpg,Da96Y,Da96V,0
B33De.jpg,B33De,BjXDw,0
3465O.jpg,3465O,34uZQ,0
A32Ev.jpg,A32Ev,43ZEv,0
164JE.jpg,164JE,To4Jk,0
30Jc8.jpg,30Jc8,XQjc8,0
3ro7B.jpg,3ro7B,3to7W,0
DgxyN.jpg,DgxyN,DSkYA,0
HXc9B.jpg,HXc9B,HXC9B,0
tNFGm.jpg,tNFGm,4MEG2,0
3d31s.jpg,3d31s,3dB1r,0
8NZtH.jpg,8NZtH,84Ztm,0
A7p85.jpg,A7p85,A7v85,0
0RYNP.jpg,0RYNP,skYMP,0
wAQPs.jpg,wAQPs,wAQPs,1
4I6tF.jpg,4I6tF,4D5LF,0
1f1LF.jpg,1f1LF,16oME,0
ooYJZ.jpg,ooYJZ,cRTJ2,0
p90mV.jpg,p90mV,p9Am1,0
Q61lm.jpg,Q61lm,Q6Tkm,0
EAbNc.jpg,EAbNc,S4LYc,0
uBE4v.jpg,uBE4v,b2F4V,0
1JG2T.jpg,1JG2T,nJG2T,0
9g1P0.jpg,9g1P0,9a1FO,0
jP6Vm.jpg,jP6Vm,i26Vm,0
bjJs7.jpg,bjJs7,biN37,0
FzHu8.jpg,FzHu8,fzHo8,0
mpoFN.jpg,mpoFN,mp0L4,0
gd91F.jpg,gd91F,yd91E,0
eP00x.jpg,eP00x,ejb0K,0
0R78K.jpg,0R78K,0P7sK,0
6fT8v.jpg,6fT8v,bFT2M,0
LQUrf.jpg,LQUrf,LCUpf,0
2zyc7.jpg,2zyc7,2ayGN,0
t8g2W.jpg,t8g2W,C8gZW,0
dqHg1.jpg,dqHg1,dqBs1,0
8wuzE.jpg,8wuzE,8WuzE,0
g05w4.jpg,g05w4,P05V4,0
V7Uwg.jpg,V7Uwg,V7Omg,0
ITUR1.jpg,ITUR1,trU51,0
ES9SZ.jpg,ES9SZ,Es0YM,0
z3plC.jpg,z3plC,v3pIC,0
Qc2J2.jpg,Qc2J2,QcZH4,0
4vo8V.jpg,4vo8V,4Kc3V,0
LdI3G.jpg,LdI3G,La7X6,0
Nb0i7.jpg,Nb0i7,A50i7,0
N7fZu.jpg,N7fZu,A7fZa,0
Tr82t.jpg,Tr82t,Tr62h,0
wcIxH.jpg,wcIxH,VCI2h,0
H8IFc.jpg,H8IFc,H91Pc,0
BpkNX.jpg,BpkNX,8jkNX,0
xLYPK.jpg,xLYPK,ufYPK,0
ugjH0.jpg,ugjH0,wgiH0,0
AwzDn.jpg,AwzDn,1wzDn,0
6yTvh.jpg,6yTvh,69Twh,0
7u0y4.jpg,7u0y4,7a0y4,0
4LiUy.jpg,4LiUy,4LjBx,0
mgiwM.jpg,mgiwM,TgjwA,0
UogSE.jpg,UogSE,Hny3E,0
4Seor.jpg,4Seor,M3Z0r,0
8a9MA.jpg,8a9MA,8a9MP,0
l3944.jpg,l3944,F39w4,0
20S58.jpg,20S58,2ut58,0
6Zxh8.jpg,6Zxh8,62Xh3,0
PbFi8.jpg,PbFi8,2bri8,0
bdZ47.jpg,bdZ47,bd24m,0
049UJ.jpg,049UJ,0zSLJ,0
Zpd1c.jpg,Zpd1c,2nQ1c,0
yaY6L.jpg,yaY6L,gaT6I,0
ouTwn.jpg,ouTwn,5uTxh,0
lgG53.jpg,lgG53,juG5X,0
14Y43.jpg,14Y43,lAY43,0
Z2q55.jpg,Z2q55,L2mSb,0
kx9oV.jpg,kx9oV,jxCp1,0
Tv12N.jpg,Tv12N,Evt2A,0
UwI0Z.jpg,UwI0Z,Uwfo2,0
kqgJ7.jpg,kqgJ7,Ba9J7,0
BjmaU.jpg,BjmaU,BjmaU,1
nWixg.jpg,nWixg,nVfXg,0
7k18l.jpg,7k18l,7k16t,0
I7t5Q.jpg,I7t5Q,t745m,0
dLG74.jpg,dLG74,RpC74,0
joCmS.jpg,joCmS,j0tm3,0
Zm9F9.jpg,Zm9F9,2myF3,0
G304z.jpg,G304z,G3J4k,0
WtFcv.jpg,WtFcv,Wt53u,0
qJ77L.jpg,qJ77L,GJx7L,0
kZ3Zy.jpg,kZ3Zy,HP3fy,0
XX45E.jpg,XX45E,mX45E,0
Gv2fN.jpg,Gv2fN,6v2fA,0
nsI0U.jpg,nsI0U,nsIOU,0
uQZA0.jpg,uQZA0,UC2j0,0
DJxSR.jpg,DJxSR,DJxSR,1
2ywFx.jpg,2ywFx,2ywFx,1
mwD7X.jpg,mwD7X,iwD7k,0
fQPj1.jpg,fQPj1,f0Bjw,0
iO2jx.jpg,iO2jx,T02jK,0
WHF2g.jpg,WHF2g,V1E2g,0
b0dLJ.jpg,b0dLJ,b2dsT,0
Ual57.jpg,Ual57,Uak57,0
bUams.jpg,bUams,bU7mS,0
6T4P2.jpg,6T4P2,514P2,0
VzS5I.jpg,VzS5I,m28b1,0
Nlkf9.jpg,Nlkf9,mhBf9,0
2Hklg.jpg,2Hklg,2HxIc,0
Yi46V.jpg,Yi46V,Ti46w,0
37syk.jpg,37syk,37eyK,0
1H3c8.jpg,1H3c8,1KxC8,0
O1I72.jpg,O1I72,01l72,0
X8gjB.jpg,X8gjB,X3gCB,0
6b6QQ.jpg,6b6QQ,6bBPN,0
4k0CL.jpg,4k0CL,4R0Yt,0
2Nq5y.jpg,2Nq5y,2Hqbi,0
KXn7d.jpg,KXn7d,kVp7j,0
o3o5o.jpg,o3o5o,q3m5p,0
063Bm.jpg,063Bm,06iUm,0
5K2Bo.jpg,5K2Bo,5K2Qo,0
q8S8V.jpg,q8S8V,mRs2V,0
IKyK6.jpg,IKyK6,JZyK6,0
276pa.jpg,276pa,2Y6ma,0
pBVo3.jpg,pBVo3,rBVc3,0
m51Ix.jpg,m51Ix,m51Fx,0
gDKAL.jpg,gDKAL,oDKAt,0
69KS4.jpg,69KS4,69KS4,1
t2n12.jpg,t2n12,tQmT2,0
nx3z0.jpg,nx3z0,hY3z0,0
C3447.jpg,C3447,CXMdx,0
Ax29Y.jpg,Ax29Y,4x29V,0
j05cl.jpg,j05cl,jm5cY,0
Af3L3.jpg,Af3L3,Aw8Lz,0
0h164.jpg,0h164,0hJ6Z,0
ie9Fq.jpg,ie9Fq,jc5Fq,0
E29fF.jpg,E29fF,E29QF,0
0BVW9.jpg,0BVW9,CEMW8,0
rA2U5.jpg,rA2U5,rA2U5,1
Ni8S9.jpg,Ni8S9,Mi8S0,0
bb0G2.jpg,bb0G2,4L0r2,0
ux8V3.jpg,ux8V3,Gx8V3,0
4yWlv.jpg,4yWlv,4yWiu,0
m26Ns.jpg,m26Ns,m26Ms,0
NKuOz.jpg,NKuOz,NKuO2,0
n3FPr.jpg,n3FPr,u3kPr,0
CT5XC.jpg,CT5XC,q15KC,0
30oHm.jpg,30oHm,36oFm,0
83qW6.jpg,83qW6,8IqW6,0
u4QM6.jpg,u4QM6,p40M5,0
Eh0k8.jpg,Eh0k8,Eh0X8,0
N60Yo.jpg,N60Yo,A5uT2,0
Xv318.jpg,Xv318,KV516,0
0357l.jpg,0357l,03b7f,0
lsD3q.jpg,lsD3q,fsD2q,0
24mT6.jpg,24mT6,24mI6,0
q6jnV.jpg,q6jnV,gZjRU,0
EOBv6.jpg,EOBv6,EOBV6,0
4OKI9.jpg,4OKI9,40Kr9,0
Vaz72.jpg,Vaz72,HaxT2,0
cdx9v.jpg,cdx9v,Cdk3V,0
y04tH.jpg,y04tH,v04tH,0
3MhEC.jpg,3MhEC,2AbE0,0
xk7j1.jpg,xk7j1,XbPg1,0
soK59.jpg,soK59,sCKb9,0
3isN6.jpg,3isN6,3isN6,1
75ze7.jpg,75ze7,7H2cR,0
kFjSb.jpg,kFjSb,KFL30,0
cliqo.jpg,cliqo,w7iy0,0
glmPP.jpg,glmPP,g1m8P,0
7e17F.jpg,7e17F,ZQ13B,0
A025k.jpg,A025k,A025k,1
Db050.jpg,Db050,Dbo3N,0
Xumrr.jpg,Xumrr,Kum5r,0
OB9BJ.jpg,OB9BJ,CS9k1,0
mu23k.jpg,mu23k,my23k,0
NUd2f.jpg,NUd2f,NUa2f,0
bkuXJ.jpg,bkuXJ,8KuAj,0
7Q575.jpg,7Q575,708vF,0
S67Dr.jpg,S67Dr,Su7Dr,0
Ml8tG.jpg,Ml8tG,Mj3rC,0
40tAJ.jpg,40tAJ,40twJ,0
S78pP.jpg,S78pP,Xj8mF,0
n8yrW.jpg,n8yrW,n6xcW,0
YLliC.jpg,YLliC,XLla6,0
a61c9.jpg,a61c9,akWC9,0
3E2gk.jpg,3E2gk,3EzqW,0
Fl3n2.jpg,Fl3n2,E13w2,0
H3Ap8.jpg,H3Ap8,H3ApZ,0
F5Q6r.jpg,F5Q6r,H3Q4r,0
q45NS.jpg,q45NS,m46M3,0
6VW80.jpg,6VW80,fVm20,0
K9G39.jpg,K9G39,K4C3g,0
2p2x3.jpg,2p2x3,FpZv3,0
E33Ci.jpg,E33Ci,B3yQi,0
I9cMU.jpg,I9cMU,f9zMU,0
3127O.jpg,3127O,31270,0
Fm931.jpg,Fm931,Em921,0
PaoPH.jpg,PaoPH,Da67H,0
1L1Jg.jpg,1L1Jg,1LXJe,0
R4J0H.jpg,R4J0H,RzJ0H,0
F649g.jpg,F649g,Ex498,0
2VCH0.jpg,2VCH0,2VcH0,0
ywlO9.jpg,ywlO9,yXlQ9,0
Do9We.jpg,Do9We,Dn91z,0
i2R9o.jpg,i2R9o,i2HDq,0
FG59H.jpg,FG59H,FC59H,0
mLMCe.jpg,mLMCe,nLKGe,0
n7Ae0.jpg,n7Ae0,r7AeO,0
0jy9R.jpg,0jy9R,0jvSB,0
5A9bR.jpg,5A9bR,549iB,0
k6t7t.jpg,k6t7t,KGt7L,0
a8601.jpg,a8601,a2501,0
Nx3Ui.jpg,Nx3Ui,Nw5Uc,0
94835.jpg,94835,94835,1
188e4.jpg,188e4,Tx8c4,0
n4JKK.jpg,n4JKK,c4JBh,0
2En5T.jpg,2En5T,2Em5T,0
y9mw8.jpg,y9mw8,j9rV8,0
mm00D.jpg,mm00D,mL0SV,0
nIs4N.jpg,nIs4N,pIS4M,0
eP237.jpg,eP237,eDAW7,0
05cZI.jpg,05cZI,0Sc21,0
092WV.jpg,092WV,0S2mV,0
6C7fg.jpg,6C7fg,bC7f9,0
WZVK2.jpg,WZVK2,wcYK2,0
YU3Lf.jpg,YU3Lf,YU3Zf,0
0oxJ4.jpg,0oxJ4,Uckj4,0
Mh3Yx.jpg,Mh3Yx,AhSTx,0
G39e0.jpg,G39e0,G39e0,1
4Abb3.jpg,4Abb3,QAu53,0
wWCL0.jpg,wWCL0,mYCJ0,0
K45IO.jpg,K45IO,K47iO,0
S466n.jpg,S466n,S4dKn,0
C82o9.jpg,C82o9,C82o9,1
3Z7CN.jpg,3Z7CN,3Z76A,0
Vy4zU.jpg,Vy4zU,Vy4zD,0
MYm1u.jpg,MYm1u,M9mls,0
WG2e5.jpg,WG2e5,MG2aS,0
cS2q4.jpg,cS2q4,r82g4,0
5Z7IW.jpg,5Z7IW,52TpH,0
AptR2.jpg,AptR2,Nutx2,0
EZkyn.jpg,EZkyn,EZKym,0
2Owrx.jpg,2Owrx,20VFK,0
i87aC.jpg,i87aC,h37aC,0
Kb4jr.jpg,Kb4jr,K54jr,0
NxZrV.jpg,NxZrV,Ma2pV,0
1LqeM.jpg,1LqeM,1LqcA,0
rJ12G.jpg,rJ12G,rA12G,0
59Xlh.jpg,59Xlh,50XLH,0
d4cRB.jpg,d4cRB,d4rKB,0
aYHax.jpg,aYHax,qYHox,0
J9E03.jpg,J9E03,JgE02,0
49s1Q.jpg,49s1Q,49s1Q,1
1HHTB.jpg,1HHTB,1ekT6,0
8mV1O.jpg,8mV1O,6mV1C,0
Y6l8p.jpg,Y6l8p,YwU6p,0
8Mv25.jpg,8Mv25,sMv2T,0
NWKMR.jpg,NWKMR,NViM2,0
U22LB.jpg,U22LB,u4zIB,0
sGOf3.jpg,sGOf3,3CDf2,0
AkOBr.jpg,AkOBr,AKVBr,0
l1o15.jpg,l1o15,kiwX5,0
M88Qi.jpg,M88Qi,Ms8Ci,0
ndHip.jpg,ndHip,mdHip,0
zNgP8.jpg,zNgP8,zNCF3,0
iz2a6.jpg,iz2a6,ix2a5,0
LjGsQ.jpg,LjGsQ,L46sQ,0
Bcm9C.jpg,Bcm9C,1ew9C,0
fR2n3.jpg,fR2n3,fvZn3,0
Jq2ib.jpg,Jq2ib,vq21K,0
MglDi.jpg,MglDi,AglBz,0
56l9v.jpg,56l9v,5619v,0
juRzt.jpg,juRzt,juPet,0
V1vlo.jpg,V1vlo,V1wrp,0
9l08X.jpg,9l08X,9108K,0
Z1sk7.jpg,Z1sk7,ZJsk7,0
an7gT.jpg,an7gT,4hj9T,0
FTzR1.jpg,FTzR1,SPzR1,0
97D13.jpg,97D13,67Dk3,0
8E0Uk.jpg,8E0Uk,3F0UK,0
2NJX4.jpg,2NJX4,2NJK4,0
17Ug9.jpg,17Ug9,17Ug5,0
kVy8b.jpg,kVy8b,KQy8D,0
5nC6U.jpg,5nC6U,2nC6U,0
dWbWV.jpg,dWbWV,dTbPV,0
5DDY6.jpg,5DDY6,5PUYz,0
94ADP.jpg,94ADP,9xADF,0
xD6Si.jpg,xD6Si,KD6Si,0
2sbm1.jpg,2sbm1,2Sbm1,0
dOWVK.jpg,dOWVK,dehVR,0
A6Ah0.jpg,A6Ah0,A6wh0,0
N3C4u.jpg,N3C4u,N3C4u,1
262zX.jpg,262zX,26XqW,0
38Ix5.jpg,38Ix5,38IX5,0
5hp0J.jpg,5hp0J,51eGJ,0
Gs39K.jpg,Gs39K,Ce39H,0
G958J.jpg,G958J,GyZ8i,0
1vYrI.jpg,1vYrI,3vYrl,0
NE5ni.jpg,NE5ni,AE5nj,0
euQU6.jpg,euQU6,Zy0H6,0
n82n6.jpg,n82n6,v3Zmb,0
0W1we.jpg,0W1we,0U1ve,0
UraD0.jpg,UraD0,Vr3D0,0
pfZk3.jpg,pfZk3,mfzK3,0
o6Nhb.jpg,o6Nhb,O5AhL,0
3G8RE.jpg,3G8RE,95eR7,0
9fyvb.jpg,9fyvb,3fyvb,0
m79ib.jpg,m79ib,m79ib,1
5oG08.jpg,5oG08,Iem08,0
59o8J.jpg,59o8J,5N081,0
y0hJm.jpg,y0hJm,70hJm,0
I2Gww.jpg,I2Gww,I2Gsm,0
0d0eh.jpg,0d0eh,OdUpk,0
v8v7t.jpg,v8v7t,x3U7t,0
c15g8.jpg,c15g8,c15mx,0
i9SDg.jpg,i9SDg,195By,0
7XR26.jpg,7XR26,7XR26,1
203Lt.jpg,203Lt,P03Lf,0
43fmL.jpg,43fmL,43Cmk,0
9li7q.jpg,9li7q,9lsZp,0
47z54.jpg,47z54,MCx5A,0
s190m.jpg,s190m,x190m,0
nU8wC.jpg,nU8wC,nU8vC,0
V6HKF.jpg,V6HKF,v51Kj,0
lWvFa.jpg,lWvFa,fWvPa,0
AWjvv.jpg,AWjvv,AkjC9,0
66zOk.jpg,66zOk,5qzOH,0
96GJ9.jpg,96GJ9,5bC1q,0
ECsx7.jpg,ECsx7,ECSK7,0
320J7.jpg,320J7,s2cIW,0
3Cqd7.jpg,3Cqd7,3Cvd7,0
YjAjb.jpg,YjAjb,Yrxj5,0
CUMb4.jpg,CUMb4,CUM54,0
G4yGT.jpg,G4yGT,c4yZT,0
oABH7.jpg,oABH7,0isK7,0
8jTsQ.jpg,8jTsQ,3jTxC,0
4Tk7n.jpg,4Tk7n,41K7p,0
93jYX.jpg,93jYX,9BiYM,0
yBKcB.jpg,yBKcB,v3HCB,0
LLa6g.jpg,LLa6g,jla5g,0
wXPgR.jpg,wXPgR,uxDgA,0
j6a95.jpg,j6a95,jRa92,0
vr7IH.jpg,vr7IH,vr73H,0
0ydL7.jpg,0ydL7,0VaE7,0
B7DNJ.jpg,B7DNJ,67CKj,0
Ajbbw.jpg,Ajbbw,A1hsW,0
938J5.jpg,938J5,9r8Uk,0
AdNU7.jpg,AdNU7,AgnU7,0
5e262.jpg,5e262,5ult2,0
Rg4ho.jpg,Rg4ho,RgF4u,0
irOJV.jpg,irOJV,zrQJW,0
FcyD2.jpg,FcyD2,EcV02,0
y8ULO.jpg,y8ULO,n8Vj0,0
pTj34.jpg,pTj34,pTjs4,0
sWryd.jpg,sWryd,3Hrjd,0
HdF6z.jpg,HdF6z,H3F6z,0
8B9Ro.jpg,8B9Ro,3E9MC,0
gODHs.jpg,gODHs,y0lNx,0
k70eR.jpg,k70eR,k7QcA,0
0BXZF.jpg,0BXZF,0Bx2F,0
5tglF.jpg,5tglF,3twjE,0
kGkD4.jpg,kGkD4,ZGkD4,0
GLAka.jpg,GLAka,6L7Ha,0
I27rC.jpg,I27rC,Jz7rC,0
GlfmG.jpg,GlfmG,6VfmZ,0
4nV85.jpg,4nV85,4mV8E,0
zvwam.jpg,zvwam,zVwAD,0
iV3jP.jpg,iV3jP,1V3jE,0
3tIk6.jpg,3tIk6,34DK6,0
oJMah.jpg,oJMah,oJMrh,0
34OuB.jpg,34OuB,34CuB,0
RTGf7.jpg,RTGf7,Rewf7,0
XZrOg.jpg,XZrOg,H2r0g,0
4P018.jpg,4P018,4F018,0
8rD9r.jpg,8rD9r,6NZ9x,0
i85t6.jpg,i85t6,ja5t0,0
o6goO.jpg,o6goO,m6ySD,0
hxv59.jpg,hxv59,hXV50,0
gde98.jpg,gde98,ydC98,0
zMil4.jpg,zMil4,oM7J4,0
MHFB9.jpg,MHFB9,M1rB0,0
e0ffu.jpg,e0ffu,c0Zhu,0
08aSZ.jpg,08aSZ,OXu57,0
p2J0z.jpg,p2J0z,p7J0k,0
m4IPB.jpg,m4IPB,n4jP8,0
QPas4.jpg,QPas4,0Pus4,0
Cl55Y.jpg,Cl55Y,CkA5Y,0
9x47R.jpg,9x47R,0x47R,0
53QUb.jpg,53QUb,5xQWb,0
H786p.jpg,H786p,H78fp,0
tjH5H.jpg,tjH5H,7iw5H,0
O7J5y.jpg,O7J5y,C7k5Y,0
GcpA2.jpg,GcpA2,GcnW2,0
cqd6w.jpg,cqd6w,cqdfw,0
y6y9l.jpg,y6y9l,x6y3l,0
puRfT.jpg,puRfT,puAf7,0
Pq0Mf.jpg,Pq0Mf,2g0MI,0
6PzYE.jpg,6PzYE,0Dz1E,0
D1K03.jpg,D1K03,D1H03,0
ZoVu7.jpg,ZoVu7,zcVu7,0
e76XB.jpg,e76XB,ajGXB,0
gLd4z.jpg,gLd4z,9Mdv2,0
0vpy4.jpg,0vpy4,0epY4,0
94jL1.jpg,94jL1,94yL3,0
Zs416.jpg,Zs416,Ps4I6,0
Yn3p3.jpg,Yn3p3,ThJps,0
G2MpS.jpg,G2MpS,C2Mrs,0
2gj55.jpg,2gj55,2qibF,0
VuL0m.jpg,VuL0m,Vuk0m,0
RSL62.jpg,RSL62,A3L62,0
huo3E.jpg,huo3E,hyo3T,0
GK1vm.jpg,GK1vm,6H1va,0
wY4ZP.jpg,wY4ZP,mU4ZP,0
Et246.jpg,Et246,wI240,0
0IWdf.jpg,0IWdf,qmW8f,0
vYMcQ.jpg,vYMcQ,vJAcQ,0
1S68G.jpg,1S68G,1SbaQ,0
MsQRc.jpg,MsQRc,A3O7c,0
2TI1V.jpg,2TI1V,2rShV,0
0td2E.jpg,0td2E,0Nw2B,0
1k6W5.jpg,1k6W5,1k6MS,0
11D7b.jpg,11D7b,1aD7b,0
4gzOA.jpg,4gzOA,4gzCA,0
5kini.jpg,5kini,5Ktmy,0
6s40f.jpg,6s40f,6s40I,0
e8gJR.jpg,e8gJR,e3qIR,0
D7O66.jpg,D7O66,D1Cko,0
Ic14w.jpg,Ic14w,fC14W,0
sQQNN.jpg,sQQNN,3LQR1,0
vMI46.jpg,vMI46,yMI45,0
aq9iX.jpg,aq9iX,mq9iK,0
Gxlwt.jpg,Gxlwt,Gx1W4,0
q1Ohm.jpg,q1Ohm,g1Cbm,0
k2s4L.jpg,k2s4L,K2smL,0
eENf6.jpg,eENf6,sEmf6,0
34VL4.jpg,34VL4,3HvL6,0
N3hJ3.jpg,N3hJ3,MBhJ2,0
41kK2.jpg,41kK2,41bW2,0
z7gQv.jpg,z7gQv,z76Qv,0
M863D.jpg,M863D,A35j0,0
nE5Wk.jpg,nE5Wk,mC54k,0
6btrm.jpg,6btrm,6b4xW,0
ePN68.jpg,ePN68,jENt8,0
oJmUM.jpg,oJmUM,c3rUM,0
3Pky5.jpg,3Pky5,aPkY5,0
3EY48.jpg,3EY48,3EThu,0
kxYT8.jpg,kxYT8,hjVD6,0
ZXEJF.jpg,ZXEJF,7KhdF,0
AZSs1.jpg,AZSs1,A2Sv1,0
2h048.jpg,2h048,2bO48,0
HBeVs.jpg,HBeVs,H5c7x,0
0jKK4.jpg,0jKK4,0j3K4,0
B7FCx.jpg,B7FCx,B7FCX,0
Xti87.jpg,Xti87,Xmi67,0
JwML9.jpg,JwML9,JvAE0,0
NEkPO.jpg,NEkPO,4ukP0,0
qd2kH.jpg,qd2kH,qd2kH,1
0veCC.jpg,0veCC,oMjkc,0
aooGZ.jpg,aooGZ,30m62,0
7o10U.jpg,7o10U,703RU,0
prEgT.jpg,prEgT,prEq1,0
L84E2.jpg,L84E2,L84c7,0
GwCaL.jpg,GwCaL,GWPak,0
bmvaj.jpg,bmvaj,bmv3f,0
ZP65p.jpg,ZP65p,XP85u,0
vTAi6.jpg,vTAi6,vT2i5,0
vN2d8.jpg,vN2d8,VA2O3,0
l5AOD.jpg,l5AOD,15ACp,0
z8FKU.jpg,z8FKU,z3EkO,0
aR54X.jpg,aR54X,oP54X,0
k5HwT.jpg,k5HwT,k5Hu7,0
SWE95.jpg,SWE95,zWEy5,0
P3L6c.jpg,P3L6c,F3I6y,0
eZ2nv.jpg,eZ2nv,e72mV,0
e8Gg4.jpg,e8Gg4,v8GZ1,0
ORj0l.jpg,ORj0l,GRy0l,0
5cvst.jpg,5cvst,5CYsl,0
EN8as.jpg,EN8as,CM8a7,0
ex3I6.jpg,ex3I6,ex316,0
EspZ8.jpg,EspZ8,Wxp78,0
Dw2hl.jpg,Dw2hl,Gw2bi,0
R89eX.jpg,R89eX,R81cX,0
pb8uV.jpg,pb8uV,rh8uY,0
9mQ85.jpg,9mQ85,9mCx5,0
Yl7Er.jpg,Yl7Er,Yu7Br,0
b5uuN.jpg,b5uuN,Y3ZuM,0
9Fi39.jpg,9Fi39,yEix0,0
9F00e.jpg,9F00e,31Qbe,0
be22R.jpg,be22R,bczMm,0
0K1Fi.jpg,0K1Fi,0W1Es,0
d5W2x.jpg,d5W2x,J6H2r,0
DDHLH.jpg,DDHLH,D38LH,0
W32w3.jpg,W32w3,YSZuT,0
cUdP8.jpg,cUdP8,cTdP8,0
f97xP.jpg,f97xP,f97xP,1
v428L.jpg,v428L,y428L,0
7SaEc.jpg,7SaEc,73aEm,0
690Sp.jpg,690Sp,63QYP,0
a6jm7.jpg,a6jm7,x6jm7,0
HjCe1.jpg,HjCe1,HjCo1,0
4q886.jpg,4q886,4c8T6,0
eePcH.jpg,eePcH,c4P0M,0
86ER8.jpg,86ER8,S6tRZ,0
d33o8.jpg,d33o8,ds7o8,0
C555r.jpg,C555r,C5Mhr,0
T3xf5.jpg,T3xf5,T3zfo,0
00E86.jpg,00E86,GUL3X,0
Wg7ML.jpg,Wg7ML,Bg7AL,0
lMW70.jpg,lMW70,cQW3b,0
0Cejr.jpg,0Cejr,0C5jr,0
jq7b7.jpg,jq7b7,jw2bT,0
in1rB.jpg,in1rB,imX4B,0
vwhQU.jpg,vwhQU,zw5CJ,0
c0JCY.jpg,c0JCY,s0HCV,0
CR67d.jpg,CR67d,CBx7d,0
2D869.jpg,2D869,2U86v,0
M6q6x.jpg,M6q6x,AEq6x,0
U1WwR.jpg,U1WwR,d1Va8,0
3fUf7.jpg,3fUf7,ajUf7,0
0i7Gy.jpg,0i7Gy,di76y,0
9c17Z.jpg,9c17Z,9c17Z,1
x9zZ6.jpg,x9zZ6,yHrZ6,0
ql13u.jpg,ql13u,gf43v,0
11SLx.jpg,11SLx,1joEK,0
n9Aqp.jpg,n9Aqp,f9Aqp,0
fxgPi.jpg,fxgPi,fxqP7,0
VoQ35.jpg,VoQ35,Vr035,0
V7iif.jpg,V7iif,02brf,0
igT56.jpg,igT56,i2T45,0
SD3Q5.jpg,SD3Q5,9D1C5,0
hSnS8.jpg,hSnS8,Lxn5A,0
19Wh1.jpg,19Wh1,r9Xh1,0
i3qYy.jpg,i3qYy,t3QYg,0
dFltx.jpg,dFltx,QF2tx,0
gv0GI.jpg,gv0GI,gv0E1,0
iJzrI.jpg,iJzrI,AJ2Wl,0
qwO0B.jpg,qwO0B,gWL18,0
6YXN4.jpg,6YXN4,6TXh4,0
j58i9.jpg,j58i9,A58i0,0
Mviw7.jpg,Mviw7,Avip7,0
99vnV.jpg,99vnV,9BwnM,0
s5Iiy.jpg,s5Iiy,s2Ujv,0
6BJWE.jpg,6BJWE,6DJAE,0
j49pR.jpg,j49pR,14ypK,0
C3Twb.jpg,C3Twb,C31w5,0
HIaCH.jpg,HIaCH,BI3CW,0
1E6z7.jpg,1E6z7,1R0a7,0
J95Y9.jpg,J95Y9,JphV9,0
uopk9.jpg,uopk9,UezK9,0
VvW7d.jpg,VvW7d,Vsm72,0
6TXQh.jpg,6TXQh,6rXOL,0
xV8mw.jpg,xV8mw,k78mw,0
4Wb9A.jpg,4Wb9A,IWE3A,0
0Kp6J.jpg,0Kp6J,0Ap5J,0
76r82.jpg,76r82,VGm82,0
FbW56.jpg,FbW56,EnW5a,0
1WE3I.jpg,1WE3I,UWp3T,0
1ag39.jpg,1ag39,twR3Z,0
c7YvX.jpg,c7YvX,c7VuK,0
7vDVj.jpg,7vDVj,7qBMj,0
YQiue.jpg,YQiue,MGiu8,0
PZW2e.jpg,PZW2e,FLV26,0
fj8X4.jpg,fj8X4,Im8K4,0
7tbtV.jpg,7tbtV,AzbwV,0
9W6sh.jpg,9W6sh,9V6sb,0
9Q7i1.jpg,9Q7i1,5C7k1,0
yTD2J.jpg,yTD2J,yGD2j,0
zu8o6.jpg,zu8o6,Yw8of,0
LFi3C.jpg,LFi3C,L9jXG,0
zaPVy.jpg,zaPVy,ZsPUy,0
o4B14.jpg,o4B14,o28IN,0
cuKTi.jpg,cuKTi,CuR7i,0
98j8h.jpg,98j8h,C5yeh,0
1fg3q.jpg,1fg3q,Tfp5q,0
JbKJW.jpg,JbKJW,JbK2W,0
fnFCl.jpg,fnFCl,YaF01,0
t1ojH.jpg,t1ojH,r1cjR,0
6qm0E.jpg,6qm0E,8Ym0E,0
NQyUk.jpg,NQyUk,pQyUk,0
20iEH.jpg,20iEH,20iEH,1
6tgR6.jpg,6tgR6,6IyKu,0
zb9lw.jpg,zb9lw,Zb9IM,0
TY6IS.jpg,TY6IS,7M6t3,0
44uax.jpg,44uax,T4uaK,0
b9KQU.jpg,b9KQU,59HCz,0
Hzt9K.jpg,Hzt9K,Azt9k,0
b8C5A.jpg,b8C5A,BuCTA,0
c9nUK.jpg,c9nUK,C2njF,0
94bBE.jpg,94bBE,9XbRr,0
7ERK3.jpg,7ERK3,7E0K3,0
6yiC8.jpg,6yiC8,KyiC3,0
T86k0.jpg,T86k0,T8GKQ,0
N1zw5.jpg,N1zw5,M1Zv5,0
t2OUP.jpg,t2OUP,tjQUB,0
796fe.jpg,796fe,v9Gfe,0
AB262.jpg,AB262,Au269,0
PY5o8.jpg,PY5o8,D14b3,0
3fsKw.jpg,3fsKw,9fcKw,0
cf8XO.jpg,cf8XO,vf3mQ,0
NZJoE.jpg,NZJoE,A2j0E,0
k4QEL.jpg,k4QEL,K40EL,0
HWVIq.jpg,HWVIq,bWPIa,0
VzeS9.jpg,VzeS9,VZCS9,0
RaZ5r.jpg,RaZ5r,RaZ5r,1
83g2J.jpg,83g2J,Cam2i,0
l1U9H.jpg,l1U9H,Cju9H,0
2U24v.jpg,2U24v,dH54w,0
D6aPM.jpg,D6aPM,D6aFM,0
dBJ1k.jpg,dBJ1k,QDJTK,0
MV44E.jpg,MV44E,K0dxE,0
2zcQR.jpg,2zcQR,2xc0B,0
6qsnM.jpg,6qsnM,623nM,0
Yviwd.jpg,Yviwd,TViMd,0
813w4.jpg,813w4,6I3m4,0
X4kjn.jpg,X4kjn,X4BIn,0
14Dbr.jpg,14Dbr,14Dbr,1
W4Vlf.jpg,W4Vlf,M60t7,0
K6909.jpg,K6909,E69uz,0
nKfCq.jpg,nKfCq,nKfC4,0
WWPLX.jpg,WWPLX,kWpLx,0
7F9hK.jpg,7F9hK,7r9bK,0
GPb00.jpg,GPb00,C2b0W,0
5wa3e.jpg,5wa3e,5Va3c,0
8Kvb3.jpg,8Kvb3,8Kzb3,0
8upD5.jpg,8upD5,8mpDX,0
AVv8N.jpg,AVv8N,4Ui3N,0
0Ix6f.jpg,0Ix6f,01K5f,0
5D54B.jpg,5D54B,aD54R,0
88X35.jpg,88X35,8zX35,0
uV70d.jpg,uV70d,uWjOd,0
07457.jpg,07457,0r457,0
8Tm6u.jpg,8Tm6u,27m6u,0
8ri15.jpg,8ri15,8ci1w,0
y2m7l.jpg,y2m7l,yzm71,0
NaXZA.jpg,NaXZA,NaxZA,0
h8OHx.jpg,h8OHx,h30Hx,0
NUN0d.jpg,NUN0d,jLx5d,0
USFJ5.jpg,USFJ5,u8FJ5,0
7QMr4.jpg,7QMr4,jQMr4,0
IL4ma.jpg,IL4ma,PL4ma,0
S8hP2.jpg,S8hP2,36bP2,0
6zr3s.jpg,6zr3s,6Zm3s,0
9PsL5.jpg,9PsL5,9PnL3,0
1qcuD.jpg,1qcuD,19cuD,0
U2x53.jpg,U2x53,U2m53,0
joyG0.jpg,joyG0,jnxG0,0
9PZGZ.jpg,9PZGZ,9PhG7,0
8dKGU.jpg,8dKGU,vdX6U,0
85QrL.jpg,85QrL,8uM7E,0
4EzbC.jpg,4EzbC,4ExbQ,0
11RH1.jpg,11RH1,L18hr,0
H9b14.jpg,H9b14,H9E1w,0
yVpWF.jpg,yVpWF,gUpQE,0
6DMn6.jpg,6DMn6,SDHrq,0
2RebQ.jpg,2RebQ,2wehQ,0
GLk2u.jpg,GLk2u,G7k2u,0
B8476.jpg,B8476,E3n7G,0
B976y.jpg,B976y,B476v,0
I23rp.jpg,I23rp,A2Srp,0
xB6X9.jpg,xB6X9,xBfM9,0
JVTs1.jpg,JVTs1,J0Ysl,0
ffE8J.jpg,ffE8J,m7E6J,0
91cJ4.jpg,91cJ4,9ieJ4,0
3oOTh.jpg,3oOTh,2oQTh,0
g7STS.jpg,g7STS,p7bWS,0
xp1xI.jpg,xp1xI,ZpAxI,0
XyMGr.jpg,XyMGr,ky3Gr,0
Ya37f.jpg,Ya37f,Je2Zf,0
4esk3.jpg,4esk3,4esK3,0
FhpTi.jpg,FhpTi,FhoTi,0
as0N1.jpg,as0N1,d50N1,0
kAkCg.jpg,kAkCg,kaMCg,0
9ggt0.jpg,9ggt0,9e310,0
j5752.jpg,j5752,jw752,0
lzKvB.jpg,lzKvB,1zKVB,0
P9dSZ.jpg,P9dSZ,P9d3Z,0
pJ6G9.jpg,pJ6G9,DI6kM,0
1CsUx.jpg,1CsUx,1rSUX,0
5i06Q.jpg,5i06Q,3i06Y,0
g6pwu.jpg,g6pwu,962Wi,0
siKK5.jpg,siKK5,aiDW5,0
7Aw03.jpg,7Aw03,7Awc3,0
JCvLY.jpg,JCvLY,JCnk9,0
1oUvR.jpg,1oUvR,16UxR,0
B9Lzc.jpg,B9Lzc,B9kxC,0
xkaVa.jpg,xkaVa,xk9Va,0
y63z3.jpg,y63z3,w6TZ3,0
g78He.jpg,g78He,g78hC,0
C2Z0k.jpg,C2Z0k,C2f0H,0
6vs5s.jpg,6vs5s,6V45x,0
nV56Z.jpg,nV56Z,aVK62,0
JMdPL.jpg,JMdPL,JxBPL,0
WxS76.jpg,WxS76,Wx5Ph,0
XET98.jpg,XET98,KE198,0
itjQN.jpg,itjQN,v9jGM,0
rc5i9.jpg,rc5i9,mC5j0,0
NUBRk.jpg,NUBRk,M078k,0
VZ951.jpg,VZ951,U2951,0
p1L74.jpg,p1L74,B1LK4,0
YX2Bs.jpg,YX2Bs,Th2Bs,0
68w31.jpg,68w31,bem31,0
g96fD.jpg,g96fD,u36rD,0
xr547.jpg,xr547,xc547,0
xEdh0.jpg,xEdh0,xEdW9,0
VxOJt.jpg,VxOJt,VxOJ7,0
0s2bB.jpg,0s2bB,0W2bB,0
vO93n.jpg,vO93n,vG93n,0
EEcYx.jpg,EEcYx,LPo7K,0
21mn5.jpg,21mn5,2Tmh5,0
xdlz4.jpg,xdlz4,wdj24,0
buk5u.jpg,buk5u,DqkS7,0
e0BgU.jpg,e0BgU,e7BgU,0
LouY6.jpg,LouY6,1oAY6,0
ZjXuB.jpg,ZjXuB,9IAuB,0
5a42y.jpg,5a42y,5a42v,0
EzseU.jpg,EzseU,EAseU,0
b28hS.jpg,b28hS,T28HS,0
0w2I7.jpg,0w2I7,0M2t7,0
jk5VU.jpg,jk5VU,jK5VL,0
2HoXG.jpg,2HoXG,2H0XC,0
jLiH9.jpg,jLiH9,fZhK9,0
2Nid8.jpg,2Nid8,2Mrd8,0
FEb5F.jpg,FEb5F,FLvaz,0
1jfxK.jpg,1jfxK,1JOaA,0
3Z6g0.jpg,3Z6g0,376g0,0
4WZPq.jpg,4WZPq,4VZPa,0
21dS6.jpg,21dS6,2VnS6,0
wQ61l.jpg,wQ61l,wO61k,0
v2200.jpg,v2200,N4POb,0
C9p27.jpg,C9p27,C9r2y,0
GI3TU.jpg,GI3TU,Ck3TU,0
25ckS.jpg,25ckS,2TcH8,0
nbjml.jpg,nbjml,a6jWY,0
6Gj4O.jpg,6Gj4O,6Ej4U,0
f2N9f.jpg,f2N9f,bvN9f,0
Y9pA2.jpg,Y9pA2,I0pAz,0
KzlVl.jpg,KzlVl,Rzr9H,0
n648d.jpg,n648d,mt1Bd,0
D0ujz.jpg,D0ujz,D9ujz,0
aaPq7.jpg,aaPq7,a4PG1,0
xL3sI.jpg,xL3sI,XL05f,0
i3bTW.jpg,i3bTW,i3b7W,0
1qsfY.jpg,1qsfY,1qwAP,0
36M6c.jpg,36M6c,3o4Ei,0
31AVm.jpg,31AVm,31AVm,1
N42LH.jpg,N42LH,N42IH,0
66l08.jpg,66l08,GK102,0
gQZi2.jpg,gQZi2,mQZ18,0
V388N.jpg,V388N,O3BcN,0
tmKpE.jpg,tmKpE,lmK9E,0
S2tI7.jpg,S2tI7,G2tHT,0
v17D6.jpg,v17D6,vj7D5,0
Wj11f.jpg,Wj11f,Wj1aO,0
4h1UZ.jpg,4h1UZ,4m1U2,0
aG1Ea.jpg,aG1Ea,eG1Eh,0
1PnlC.jpg,1PnlC,TPniC,0
ysA4p.jpg,ysA4p,TsA1p,0
mZP8f.jpg,mZP8f,mzP8I,0
0hynU.jpg,0hynU,CbJmU,0
82ON9.jpg,82ON9,32CA9,0
lUH4o.jpg,lUH4o,IUH4o,0
5EXW3.jpg,5EXW3,bCXh3,0
AN4xT.jpg,AN4xT,8M4sI,0
7UQK4.jpg,7UQK4,2UGK4,0
F7V01.jpg,F7V01,FZV01,0
GjxWl.jpg,GjxWl,C7xWt,0
s8Sq6.jpg,s8Sq6,xASqf,0
ta1lx.jpg,ta1lx,E01Hx,0
r2Hbr.jpg,r2Hbr,v2H8f,0
56mif.jpg,56mif,S6m1r,0
5ru44.jpg,5ru44,SrU9j,0
6a0a7.jpg,6a0a7,6sDM1,0
7dz4L.jpg,7dz4L,jdz4L,0
eV72a.jpg,eV72a,eVt2n,0
8TOnl.jpg,8TOnl,83Cnl,0
LXZ4n.jpg,LXZ4n,tXZ4p,0
dkDp0.jpg,dkDp0,d1Dp0,0
14SyU.jpg,14SyU,r4SjU,0
0Cmqq.jpg,0Cmqq,0Cm59,0
3d70R.jpg,3d70R,2d70A,0
8LzO0.jpg,8LzO0,8LxO4,0
CxyAI.jpg,CxyAI,CxWA1,0
7bn8a.jpg,7bn8a,7UmSa,0
KbpQX.jpg,KbpQX,H5PCv,0
AgqEr.jpg,AgqEr,Ag4Cr,0
M94wl.jpg,M94wl,M04yI,0
fuxXn.jpg,fuxXn,jyxXn,0
bq2d5.jpg,bq2d5,hg2d5,0
TK326.jpg,TK326,IH326,0
Nl35T.jpg,Nl35T,Ai257,0
N68Ud.jpg,N68Ud,K73Dq,0
rlJmJ.jpg,rlJmJ,rldR3,0
f62c2.jpg,f62c2,f62c7,0
hsx88.jpg,hsx88,hsXVR,0
856Bc.jpg,856Bc,3T6Bc,0
W1u36.jpg,W1u36,W1uP6,0
5R540.jpg,5R540,5K1W0,0
Iig5l.jpg,Iig5l,Tx95f,0
0AyBz.jpg,0AyBz,0AY8Z,0
1hPr6.jpg,1hPr6,1hPr5,0
9iGNz.jpg,9iGNz,9iGMZ,0
1j35M.jpg,1j35M,Tjx5M,0
eUB6o.jpg,eUB6o,zJBG9,0
5UUN9.jpg,5UUN9,5PDN9,0
Fp0Xx.jpg,Fp0Xx,Fp9X4,0
kS0FO.jpg,kS0FO,K50PV,0
c26Gv.jpg,c26Gv,c2hQV,0
O8CTs.jpg,O8CTs,0XcTs,0
XN2xK.jpg,XN2xK,XN2sK,0
K7fNK.jpg,K7fNK,B7cNu,0
U244h.jpg,U244h,O26dn,0
n5hb9.jpg,n5hb9,mBkz9,0
XaFTN.jpg,XaFTN,XaP1M,0
7P0MJ.jpg,7P0MJ,zF0WJ,0
l7d23.jpg,l7d23,17d23,0
jCz49.jpg,jCz49,IGZ49,0
D88gG.jpg,D88gG,MB9yC,0
evPbD.jpg,evPbD,4yPbA,0
2FsF4.jpg,2FsF4,ZJs74,0
C77b7.jpg,C77b7,Cg3b7,0
Y005c.jpg,Y005c,YUpkG,0
0Xvnh.jpg,0Xvnh,OXvmH,0
P3fo6.jpg,P3fo6,P3foW,0
3Sf48.jpg,3Sf48,3cI4x,0
4oFvV.jpg,4oFvV,4cExV,0
ff2zA.jpg,ff2zA,Gt2gA,0
90BI0.jpg,90BI0,94RIu,0
6f9gV.jpg,6f9gV,5f9gM,0
KDdsI.jpg,KDdsI,KDds1,0
X3773.jpg,X3773,K8C79,0
1rq9i.jpg,1rq9i,7xq9b,0
arV2I.jpg,arV2I,arH2l,0
Zv8gq.jpg,Zv8gq,2vKma,0
szFXg.jpg,szFXg,szFX9,0
0dtS3.jpg,0dtS3,DdiS2,0
28a7J.jpg,28a7J,28uTJ,0
oIigA.jpg,oIigA,wTjg4,0
0AyAv.jpg,0AyAv,0MzaV,0
495GC.jpg,495GC,492EQ,0
m31WI.jpg,m31WI,a31WE,0
V7td1.jpg,V7td1,M7td1,0
I26w9.jpg,I26w9,I26m0,0
y00bw.jpg,y00bw,yQ9bW,0
cEMFo.jpg,cEMFo,C3MF0,0
AaLmI.jpg,AaLmI,AacmI,0
034D0.jpg,034D0,034Ni,0
e9WF3.jpg,e9WF3,e9VF3,0
2wO9v.jpg,2wO9v,LwSjY,0
5513z.jpg,5513z,5R13z,0
S868P.jpg,S868P,Sa6QP,0
5A60F.jpg,5A60F,54OVP,0
35F61.jpg,35F61,25PC1,0
K3vwd.jpg,K3vwd,K3tmd,0
riu4h.jpg,riu4h,ciw4h,0
zp2oe.jpg,zp2oe,yb2S9,0
mWNue.jpg,mWNue,DWNuS,0
1K05R.jpg,1K05R,Ih0Sv,0
b68lj.jpg,b68lj,bG8Zx,0
W4DdF.jpg,W4DdF,w4hdE,0
9LZxH.jpg,9LZxH,0EpxH,0
c6m66.jpg,c6m66,tGm9y,0
7Hu27.jpg,7Hu27,rAu87,0
aBKTb.jpg,aBKTb,aBK7b,0
OKqOo.jpg,OKqOo,tA4Oc,0
EEt5I.jpg,EEt5I,PHwST,0
IfT1b.jpg,IfT1b,TCw1b,0
DVKN6.jpg,DVKN6,DuKN5,0
i61MA.jpg,i61MA,P61uA,0
KIz2i.jpg,KIz2i,KIx2C,0
qk0y6.jpg,qk0y6,Sk0yf,0
FO2Zx.jpg,FO2Zx,E02Jx,0
QaRrw.jpg,QaRrw,C3kIW,0
C58i8.jpg,C58i8,C5X16,0
9zj14.jpg,9zj14,92j14,0
92314.jpg,92314,9231K,0
qAeqv.jpg,qAeqv,qAzjv,0
P52Ac.jpg,P52Ac,P52Ai,0
V7SBt.jpg,V7SBt,V7SBt,1
iNNk4.jpg,iNNk4,jDWE4,0
Oa47b.jpg,Oa47b,OaW7k,0
UI7e3.jpg,UI7e3,Ui763,0
mEr4M.jpg,mEr4M,mEx4M,0
dWxHA.jpg,dWxHA,dtxHA,0
MXZTC.jpg,MXZTC,WX3Tg,0
o1CUY.jpg,o1CUY,o3CUX,0
sWzTH.jpg,sWzTH,sWaIH,0
n647i.jpg,n647i,m6d7i,0
Zu1SE.jpg,Zu1SE,7u15E,0
mF78c.jpg,mF78c,mF72C,0
74V56.jpg,74V56,74M5p,0
18pJT.jpg,18pJT,18mJT,0
9TDjh.jpg,9TDjh,9TDeh,0
2N9C1.jpg,2N9C1,2m9CI,0
6NFyv.jpg,6NFyv,3N7qv,0
5OhA6.jpg,5OhA6,3Ohw6,0
Su0Ld.jpg,Su0Ld,5yCId,0
6f9d9.jpg,6f9d9,6I9MJ,0
a52ND.jpg,a52ND,a5ZAD,0
S75m5.jpg,S75m5,875mA,0
hkaZz.jpg,hkaZz,mkdZc,0
rfAA7.jpg,rfAA7,gfAoJ,0
mV1J9.jpg,mV1J9,mVzj4,0
10c9r.jpg,10c9r,1nc9x,0
29LOV.jpg,29LOV,28LOV,0
1cJ53.jpg,1cJ53,YCm53,0
0YRi4.jpg,0YRi4,0YRI4,0
7wp5i.jpg,7wp5i,7vp5i,0
y68r1.jpg,y68r1,y68r1,1
7snT1.jpg,7snT1,Z5mT1,0
iqB1T.jpg,iqB1T,igBxT,0
i23J5.jpg,i23J5,CQ3N6,0
qVhE3.jpg,qVhE3,gVHE2,0
2Sc2m.jpg,2Sc2m,75c4m,0
XrgiY.jpg,XrgiY,KrgjV,0
hkOv7.jpg,hkOv7,hKQv7,0
dh4ID.jpg,dh4ID,wb4IP,0
7SwZy.jpg,7SwZy,73w2y,0
i72NG.jpg,i72NG,y75NG,0
LBI8b.jpg,LBI8b,Lmf8b,0
WnS5N.jpg,WnS5N,wnS5A,0
gvJCg.jpg,gvJCg,5vJCg,0
5eVwh.jpg,5eVwh,57Umh,0
XaM0e.jpg,XaM0e,XiM0e,0
Sb1oD.jpg,Sb1oD,Sb1XD,0
0eWQr.jpg,0eWQr,DeNGF,0
doCGX.jpg,doCGX,d9CFK,0
Zw28o.jpg,Zw28o,Lw28o,0
fIdMy.jpg,fIdMy,fidMy,0
057ec.jpg,057ec,057ac,0
Vp9Dg.jpg,Vp9Dg,MD9ig,0
ph57Z.jpg,ph57Z,pH8TZ,0
W2Bz1.jpg,W2Bz1,MC8Z1,0
9V27s.jpg,9V27s,9V2Ts,0
vndy9.jpg,vndy9,tndy9,0
IQE7r.jpg,IQE7r,9QE71,0
7k0E9.jpg,7k0E9,7xQE3,0
m0ZyB.jpg,m0ZyB,m02s8,0
6Z5yZ.jpg,6Z5yZ,0Z5Vj,0
75u8m.jpg,75u8m,7Ku8Q,0
RvyaF.jpg,RvyaF,G2yaE,0
an1f5.jpg,an1f5,amkf5,0
25Me4.jpg,25Me4,25K04,0
24i7V.jpg,24i7V,24c7W,0
IB662.jpg,IB662,In5v2,0
eQ9KM.jpg,eQ9KM,eO31M,0
530rW.jpg,530rW,5J0rV,0
5nBDx.jpg,5nBDx,5nHDX,0
vSBlE.jpg,vSBlE,vSK1P,0
7TEi9.jpg,7TEi9,ZTBi0,0
iUPHQ.jpg,iUPHQ,IvFHa,0
czjVY.jpg,czjVY,BZiMY,0
3U25U.jpg,3U25U,3Cz6N,0
l0Qq1.jpg,l0Qq1,l6QnX,0
HXi6r.jpg,HXi6r,HXj5r,0
ISvW5.jpg,ISvW5,ISuM2,0
gf282.jpg,gf282,yCk62,0
dO4e8.jpg,dO4e8,QI4e8,0
GgjTT.jpg,GgjTT,GgiTB,0
Z3M7q.jpg,Z3M7q,Z3H1u,0
4M7WZ.jpg,4M7WZ,4R7VZ,0
0YUaX.jpg,0YUaX,0NEsX,0
9y6HR.jpg,9y6HR,9urHY,0
0t93V.jpg,0t93V,0t9JK,0
Es8mh.jpg,Es8mh,Fz6mk,0
LV4Cv.jpg,LV4Cv,LMAco,0
Y286A.jpg,Y286A,YZx6A,0
O4g72.jpg,O4g72,0hgT2,0
PGhju.jpg,PGhju,PChju,0
94g0l.jpg,94g0l,R4g01,0
4XR50.jpg,4XR50,4MH50,0
B07t4.jpg,B07t4,R0Zt4,0
5l481.jpg,5l481,5k467,0
ietvv.jpg,ietvv,jekyW,0
o4912.jpg,o4912,uK91z,0
U1Q41.jpg,U1Q41,KF04i,0
PQCbq.jpg,PQCbq,PQEba,0
r8mc0.jpg,r8mc0,r3me0,0
anoCX.jpg,anoCX,4j0EK,0
O184d.jpg,O184d,Cr87d,0
SOSJ0.jpg,SOSJ0,Xws10,0
lFYY5.jpg,lFYY5,iRXm3,0
Y51JR.jpg,Y51JR,Vs1dB,0
3gBnm.jpg,3gBnm,1gBhW,0
cQ95l.jpg,cQ95l,DNv5l,0
4ss11.jpg,4ss11,m8bhY,0
n3YQf.jpg,n3YQf,n2YOf,0
s234v.jpg,s234v,k234V,0
y6d49.jpg,y6d49,v6U42,0
1WW4Q.jpg,1WW4Q,1Wr4O,0
I1VH0.jpg,I1VH0,r3VH6,0
E5V9X.jpg,E5V9X,E5UnK,0
dba9i.jpg,dba9i,JbmYi,0
4JeG2.jpg,4JeG2,4JrG2,0
jLUyU.jpg,jLUyU,jmoyV,0
1BKt5.jpg,1BKt5,1BKt5,1
mbpVd.jpg,mbpVd,mbP1d,0
500n5.jpg,500n5,TOaM5,0
5d2QW.jpg,5d2QW,5d2QN,0
HK3gJ.jpg,HK3gJ,AK2cJ,0
F0VGX.jpg,F0VGX,E0YmA,0
863Lt.jpg,863Lt,8eXyt,0
cbs75.jpg,cbs75,euW75,0
K3xtG.jpg,K3xtG,N9x0G,0
Qd42D.jpg,Qd42D,wd42D,0
hpv03.jpg,hpv03,hpv03,1
c23c9.jpg,c23c9,m23u0,0
qqVtA.jpg,qqVtA,GaVtA,0
ZJHr9.jpg,ZJHr9,2JQnV,0
g6k7J.jpg,g6k7J,g6K7J,0
Ibsg1.jpg,Ibsg1,Lm6g1,0
010D3.jpg,010D3,01yDX,0
r8VB4.jpg,r8VB4,r8VR4,0
24U3X.jpg,24U3X,e403K,0
KkpH5.jpg,KkpH5,KkPH3,0
B1m4d.jpg,B1m4d,E1m4d,0
rUW3k.jpg,rUW3k,rUy3K,0
0030W.jpg,0030W,oC34W,0
eKF2a.jpg,eKF2a,eKf2n,0
6JjJi.jpg,6JjJi,5J72v,0
O21bg.jpg,O21bg,O3Xbg,0
n2z3n.jpg,n2z3n,W2k3p,0
58Q82.jpg,58Q82,5BCN2,0
okci0.jpg,okci0,aKrI0,0
X4lBv.jpg,X4lBv,K4LBv,0
5UwMt.jpg,5UwMt,5LqMr,0
u2tTD.jpg,u2tTD,u2tTD,1
G5I0A.jpg,G5I0A,C5IuA,0
hoT0x.jpg,hoT0x,ReTbx,0
7N1W0.jpg,7N1W0,7Riw0,0
AGmou.jpg,AGmou,AEIou,0
3G2Qw.jpg,3G2Qw,3Eb0w,0
91379.jpg,91379,91u7R,0
9kMBb.jpg,9kMBb,9kABb,0
b452n.jpg,b452n,b4S2m,0
W5IrY.jpg,W5IrY,w37rY,0
6Lno6.jpg,6Lno6,6Ino3,0
e83tj.jpg,e83tj,z6Jtj,0
E9B3c.jpg,E9B3c,E7U3c,0
J3J1Z.jpg,J3J1Z,d3bh2,0
92CTk.jpg,92CTk,92CTK,0
Wy09P.jpg,Wy09P,Vy09P,0
C07Xd.jpg,C07Xd,t0jXd,0
myiK6.jpg,myiK6,mViK6,0
Rq5L7.jpg,Rq5L7,Wa5L7,0
cS354.jpg,cS354,C935W,0
5BO4R.jpg,5BO4R,5p01K,0
S97m2.jpg,S97m2,Q97h2,0
036D0.jpg,036D0,mx6L0,0
UyS9D.jpg,UyS9D,U7e9P,0
337hR.jpg,337hR,3q7hB,0
U8fuH.jpg,U8fuH,D8FuW,0
H5tcB.jpg,H5tcB,HXtv8,0
P29k4.jpg,P29k4,PZSk4,0
Mb9fD.jpg,Mb9fD,Ab9fD,0
T2qRR.jpg,T2qRR,T2qMB,0
EYDYN.jpg,EYDYN,EjOqA,0
131Zc.jpg,131Zc,13nZc,0
r9kkC.jpg,r9kkC,r9WxC,0
gqha2.jpg,gqha2,myhaZ,0
6W92r.jpg,6W92r,bH92r,0
fYp89.jpg,fYp89,fVm80,0
R409w.jpg,R409w,B409V,0
IveZv.jpg,IveZv,jWe2v,0
cvu99.jpg,cvu99,CvhA9,0
6AKmD.jpg,6AKmD,6AHvD,0
y4i1K.jpg,y4i1K,g4i1R,0
j6Lfs.jpg,j6Lfs,jW2fa,0
OC73M.jpg,OC73M,0E73k,0
AxA5T.jpg,AxA5T,4KN51,0
2mp7H.jpg,2mp7H,2Qp7H,0
Tl88t.jpg,Tl88t,7jR8t,0
I5VAm.jpg,I5VAm,I5UAm,0
9070g.jpg,9070g,S07Vg,0
13mEC.jpg,13mEC,13mEC,1
JGqV6.jpg,JGqV6,2CqVr,0
7019e.jpg,7019e,70H9c,0
2z4Pj.jpg,2z4Pj,wS7Ph,0
Sf8a4.jpg,Sf8a4,SI8a4,0
cZJAP.jpg,cZJAP,vZJAP,0
4E33o.jpg,4E33o,4EN3a,0
tn5QY.jpg,tn5QY,fh20T,0
HZSkw.jpg,HZSkw,H7SKm,0
uM2PS.jpg,uM2PS,uNkPS,0
sd0c0.jpg,sd0c0,s4WF0,0
0CZhk.jpg,0CZhk,0C7hx,0
6dVWw.jpg,6dVWw,6dVha,0
zw2x3.jpg,zw2x3,Em2YO,0
wOROb.jpg,wOROb,wCK7b,0
8029i.jpg,8029i,60291,0
S6t82.jpg,S6t82,Su182,0
8h3m3.jpg,8h3m3,BhzW2,0
9358c.jpg,9358c,W356t,0
B094G.jpg,B094G,B0a1G,0
57LiL.jpg,57LiL,57WrG,0
U6XRm.jpg,U6XRm,Vt3Rm,0
AItN7.jpg,AItN7,AJtN7,0
ng799.jpg,ng799,hs769,0
gYr5O.jpg,gYr5O,gTh5o,0
0SK90.jpg,0SK90,JSK70,0
MV4C2.jpg,MV4C2,Mv8i2,0
XM2po.jpg,XM2po,VA2n6,0
2K8Ru.jpg,2K8Ru,2k6Rv,0
954Uo.jpg,954Uo,954Ua,0
vn43I.jpg,vn43I,Vm43I,0
O8sED.jpg,O8sED,081KP,0
HA3c5.jpg,HA3c5,Hj3c5,0
L82D2.jpg,L82D2,t8WD0,0
lBkBD.jpg,lBkBD,IHkR0,0
q60iU.jpg,q60iU,q50iU,0
7iFv4.jpg,7iFv4,7kRv4,0
49w0d.jpg,49w0d,49KDd,0
AI44V.jpg,AI44V,QI4sv,0
3Q7xx.jpg,3Q7xx,3G7si,0
a342G.jpg,a342G,a34Z6,0
ZZWVf.jpg,ZZWVf,3oWvf,0
895id.jpg,895id,89mI4,0
2neKy.jpg,2neKy,2ncKJ,0
EpF8n.jpg,EpF8n,EpY3h,0
bTJVN.jpg,bTJVN,57jvA,0
Aj6Di.jpg,Aj6Di,AJ6Dk,0
Z9D87.jpg,Z9D87,Z9D3Y,0
j33Ko.jpg,j33Ko,j3ZH0,0
qYkQ9.jpg,qYkQ9,qTkC9,0
0Fe1K.jpg,0Fe1K,0Fe1K,1
F2r2r.jpg,F2r2r,EMv2q,0
A82fg.jpg,A82fg,W82fg,0
ja9dI.jpg,ja9dI,ja9Ut,0
7014B.jpg,7014B,70s4B,0
9hmRb.jpg,9hmRb,9hwRD,0
l57GD.jpg,l57GD,I57GD,0
g019D.jpg,g019D,y01KD,0
u3Lml.jpg,u3Lml,u2EmK,0
bmp4R.jpg,bmp4R,bm74K,0
W0m3h.jpg,W0m3h,W0m3L,0
mkbPA.jpg,mkbPA,qxEPA,0
We0E0.jpg,We0E0,HeGj5,0
q6n87.jpg,q6n87,y6wA7,0
2pM61.jpg,2pM61,zPM61,0
ErWo5.jpg,ErWo5,RrMd3,0
4Cp0D.jpg,4Cp0D,4Cw0J,0
Z55CN.jpg,Z55CN,Z4BjN,0
MCM2H.jpg,MCM2H,4GJ2K,0
x56M4.jpg,x56M4,x5GM4,0
8AJ82.jpg,8AJ82,0A1Sz,0
ig256.jpg,ig256,ig2O5,0
m363O.jpg,m363O,Wz6SQ,0
Mo7yv.jpg,Mo7yv,Ha7yC,0
I3blS.jpg,I3blS,TAhCS,0
LA5z9.jpg,LA5z9,LA3y9,0
s0wn6.jpg,s0wn6,30W76,0
s1VTF.jpg,s1VTF,a1yOE,0
KZu60.jpg,KZu60,KZuS0,0
096w0.jpg,096w0,09EHI,0
UmpGk.jpg,UmpGk,Um8cX,0
zxQw7.jpg,zxQw7,zKCuT,0
8nW0d.jpg,8nW0d,6rW0d,0
JU1QW.jpg,JU1QW,5DrGW,0
8k84K.jpg,8k84K,9bQ4K,0
SMg8c.jpg,SMg8c,FAg8C,0
aIm4G.jpg,aIm4G,aImk6,0
ljiHV.jpg,ljiHV,IjcHV,0
7Gb53.jpg,7Gb53,7Cb53,0
ujcpu.jpg,ujcpu,ujc24,0
r76SB.jpg,r76SB,r76SB,1
8SeOh.jpg,8SeOh,3FzCh,0
aAzPl.jpg,aAzPl,uA2PU,0
9cXgR.jpg,9cXgR,9CXgH,0
0ko6l.jpg,0ko6l,0Ka5T,0
3691y.jpg,3691y,3C91y,0
gsH70.jpg,gsH70,g3A70,0
m0ud1.jpg,m0ud1,m0ud1,1
FZftq.jpg,FZftq,D2CV0,0
Dwwx5.jpg,Dwwx5,DNwz5,0
4Gzbs.jpg,4Gzbs,wCzD9,0
ug321.jpg,ug321,wQ321,0
B3cLb.jpg,B3cLb,W3cLb,0
9HpiY.jpg,9HpiY,5HpiT,0
kD2AG.jpg,kD2AG,hD20G,0
61V4m.jpg,61V4m,61V4h,0
yBplx.jpg,yBplx,YBpIM,0
4G328.jpg,4G328,4mx28,0
L4ubq.jpg,L4ubq,t4wbg,0
5X46m.jpg,5X46m,5K16m,0
22n9m.jpg,22n9m,JXqSR,0
740VD.jpg,740VD,7m0VD,0
VJ2Ua.jpg,VJ2Ua,W12Ua,0
Lk4MG.jpg,Lk4MG,L24Mq,0
E4afU.jpg,E4afU,C4afU,0
j075j.jpg,j075j,pW75g,0
6visl.jpg,6visl,Bmrs1,0
ISEZM.jpg,ISEZM,I3EZH,0
zU0mT.jpg,zU0mT,zU9mT,0
t43xV.jpg,t43xV,t42xV,0
TY740.jpg,TY740,EY740,0
oa7Ft.jpg,oa7Ft,oaZFW,0
M3g36.jpg,M3g36,WJq3f,0
EaU5m.jpg,EaU5m,B2V5m,0
5iQhL.jpg,5iQhL,9f0hL,0
bU44s.jpg,bU44s,bQANS,0
geFu9.jpg,geFu9,zeFu9,0
3kksY.jpg,3kksY,3k4gY,0
LS87X.jpg,LS87X,L387K,0
EpG0R.jpg,EpG0R,ZjC43,0
rCcC1.jpg,rCcC1,nQ9u1,0
oB23v.jpg,oB23v,c824V,0
iT0ON.jpg,iT0ON,i52YM,0
bR305.jpg,bR305,pK305,0
394Jn.jpg,394Jn,3A4Ir,0
sp7Rh.jpg,sp7Rh,S07Kb,0
FMK6e.jpg,FMK6e,FMR6y,0
M2s3P.jpg,M2s3P,MZs3F,0
pzH25.jpg,pzH25,DxH25,0
bV163.jpg,bV163,bM153,0
8JMDX.jpg,8JMDX,8JMDX,1
hMCGd.jpg,hMCGd,bMC6a,0
OkNXU.jpg,OkNXU,0kAxu,0
9J8KN.jpg,9J8KN,9j8KN,0
Df0Hv.jpg,Df0Hv,Df0Hv,1
9ZGOC.jpg,9ZGOC,926At,0
3m1pP.jpg,3m1pP,3m1bP,0
sh2Vr.jpg,sh2Vr,sh2Mr,0
9VmyE.jpg,9VmyE,3UmyE,0
PH3yj.jpg,PH3yj,DH3vj,0
lXi8F.jpg,lXi8F,LXu3F,0
hZyP7.jpg,hZyP7,bZYD7,0
lV9F6.jpg,lV9F6,rV8Fh,0
M5MOY.jpg,M5MOY,P3M0V,0
x4S9E.jpg,x4S9E,xuSJL,0
Cl9nV.jpg,Cl9nV,C19hU,0
Uy55E.jpg,Uy55E,Ny35E,0
FQRH8.jpg,FQRH8,tQRh3,0
7vw79.jpg,7vw79,1VkR9,0
79LT0.jpg,79LT0,7cE3n,0
pQrus.jpg,pQrus,pCFuz,0
24aXz.jpg,24aXz,P4aKz,0
cwkZr.jpg,cwkZr,CVK2r,0
sTkP0.jpg,sTkP0,STKA0,0
fJr9A.jpg,fJr9A,fJC94,0
7PAX0.jpg,7PAX0,7P4XO,0
7f4un.jpg,7f4un,7S4Un,0
E6P25.jpg,E6P25,EhPX5,0
o152i.jpg,o152i,0152i,0
c5k3p.jpg,c5k3p,C5K3m,0
0I05e.jpg,0I05e,0IMSe,0
U6GpV.jpg,U6GpV,18CpH,0
4e24K.jpg,4e24K,1c2AK,0
rWIOY.jpg,rWIOY,rAl0Y,0
4012b.jpg,4012b,401Zb,0
3opxZ.jpg,3opxZ,90txZ,0
YsIXe.jpg,YsIXe,Ys1Km,0
RTr25.jpg,RTr25,K1rZ5,0
clep3.jpg,clep3,clVp3,0
VGKjm.jpg,VGKjm,V6kjm,0
33ZZi.jpg,33ZZi,35LOi,0
89zLC.jpg,89zLC,A9yEW,0
62QV2.jpg,62QV2,6aCMj,0
Hep8v.jpg,Hep8v,Hep8y,0
SC11W.jpg,SC11W,3C21W,0
U06L7.jpg,U06L7,V05t7,0
IGT83.jpg,IGT83,lCT82,0
Csr1Y.jpg,Csr1Y,C8r1M,0
aZsSR.jpg,aZsSR,07b9W,0
W0LA1.jpg,W0LA1,W0LA1,1
TE7hG.jpg,TE7hG,TEzkG,0
gMwEM.jpg,gMwEM,g7mEM,0
V1Atq.jpg,V1Atq,V1AEg,0
8vtad.jpg,8vtad,6vLad,0
aA3Z4.jpg,aA3Z4,a03L4,0
98iRV.jpg,98iRV,98inV,0
D6eK7.jpg,D6eK7,D5aH1,0
Z9gPB.jpg,Z9gPB,Z9giB,0
b10W6.jpg,b10W6,b7OVE,0
eM40r.jpg,eM40r,eA50i,0
9a5Vw.jpg,9a5Vw,3aEUm,0
SNJ46.jpg,SNJ46,SMI46,0
w5Dl3.jpg,w5Dl3,w5Df3,0
72Tpr.jpg,72Tpr,72T0r,0
Y7c7z.jpg,Y7c7z,VHG7a,0
r7HXE.jpg,r7HXE,r7H0E,0
02Dfk.jpg,02Dfk,m2BFk,0
kD0Td.jpg,kD0Td,KD0Td,0
9u1WA.jpg,9u1WA,9eIW6,0
n8kv4.jpg,n8kv4,m3KV4,0
l6mDA.jpg,l6mDA,7CmbA,0
W18l5.jpg,W18l5,W18r5,0
k8Jst.jpg,k8Jst,K9JSC,0
r7366.jpg,r7366,r13Bo,0
31Y29.jpg,31Y29,31v29,0
hT0Y0.jpg,hT0Y0,Hr2Y6,0
jsH90.jpg,jsH90,fSA90,0
38WkD.jpg,38WkD,28WiE,0
kXwxW.jpg,kXwxW,EXoxW,0
OuTch.jpg,OuTch,Qu7Zh,0
81W54.jpg,81W54,nIQ54,0
63y09.jpg,63y09,63Y09,0
84hoY.jpg,84hoY,34bcT,0
53V12.jpg,53V12,9aW1Z,0
5hU56.jpg,5hU56,5AUy6,0
7y31u.jpg,7y31u,7YR1u,0
UsI9r.jpg,UsI9r,UsF9A,0
Skrju.jpg,Skrju,3Krj0,0
5Lkt8.jpg,5Lkt8,3LKfg,0
Z5Z3b.jpg,Z5Z3b,Z5y3b,0
krwFp.jpg,krwFp,KtmFp,0
EuoG5.jpg,EuoG5,kyoG5,0
XSeyI.jpg,XSeyI,XSeyI,1
z721b.jpg,z721b,r7215,0
Ma1Xf.jpg,Ma1Xf,Md9xf,0
3ypNS.jpg,3ypNS,3yoN9,0
DRj52.jpg,DRj52,DNY52,0
Q2M9T.jpg,Q2M9T,C2M91,0
97X9J.jpg,97X9J,97KGu,0
dt72T.jpg,dt72T,dt72T,1
wB14l.jpg,wB14l,WBT4k,0
aFf90.jpg,aFf90,aEX80,0
R71Y1.jpg,R71Y1,67lYc,0
FOd21.jpg,FOd21,E0u2W,0
55B0y.jpg,55B0y,s3R0V,0
XzrzS.jpg,XzrzS,M0rzs,0
N6GAc.jpg,N6GAc,NtGAc,0
2H0C9.jpg,2H0C9,2HnC8,0
HyRpP.jpg,HyRpP,kYAoP,0
uPyUJ.jpg,uPyUJ,0PyH3,0
GpHQA.jpg,GpHQA,CpivA,0
904vO.jpg,904vO,364VC,0
4B28A.jpg,4B28A,4Dv6A,0
1zjQN.jpg,1zjQN,1eFQX,0
Oh90G.jpg,Oh90G,wh90G,0
vy3eS.jpg,vy3eS,vH2eS,0
fc2o8.jpg,fc2o8,IE2n6,0
OTW7Z.jpg,OTW7Z,0fH72,0
9o7O3.jpg,9o7O3,9pjC3,0
LyfW2.jpg,LyfW2,LyfW2,1
U5G7u.jpg,U5G7u,U3C7n,0
3DJGq.jpg,3DJGq,3DJCg,0
RUvoo.jpg,RUvoo,ALYnd,0
i4d8s.jpg,i4d8s,I4mDS,0
r7mf1.jpg,r7mf1,c7Rf1,0
LZ6ak.jpg,LZ6ak,L26mh,0
bZPFf.jpg,bZPFf,uz3Kf,0
0P6jb.jpg,0P6jb,0Pnyk,0
IYwtN.jpg,IYwtN,jTucA,0
B0Q70.jpg,B0Q70,BAG70,0
Pm9c5.jpg,Pm9c5,Pm2c5,0
8MfLq.jpg,8MfLq,3MTLo,0
lEMU4.jpg,lEMU4,j5MD4,0
9C3B0.jpg,9C3B0,9CJBA,0
651Ok.jpg,651Ok,631Oz,0
LQU2x.jpg,LQU2x,EOH7K,0
TeRLo.jpg,TeRLo,7eRL9,0
5s0aC.jpg,5s0aC,5y0ek,0
bOrNQ.jpg,bOrNQ,bcr8Q,0
o0tJI.jpg,o0tJI,oWx3l,0
78AAB.jpg,78AAB,734wD,0
HF7oz.jpg,HF7oz,HFYCz,0
1E65f.jpg,1E65f,1E6xf,0
OYevb.jpg,OYevb,QTexb,0
O3My1.jpg,O3My1,C3My1,0
OOeML.jpg,OOeML,QyaAI,0
Fk1Ye.jpg,Fk1Ye,Ek3Y6,0
DxSew.jpg,DxSew,D180w,0
VxWz8.jpg,VxWz8,Vxm26,0
qvY3I.jpg,qvY3I,GvY2i,0
QPtJm.jpg,QPtJm,0FtJh,0
cBU98.jpg,cBU98,rKU98,0
zx94j.jpg,zx94j,zw94I,0
OucWW.jpg,OucWW,0uz1W,0
Kk4ED.jpg,Kk4ED,Ky4eD,0
iWWaj.jpg,iWWaj,rWBaj,0
0m037.jpg,0m037,0me31,0
X03DR.jpg,X03DR,Xc3DR,0
URVhJ.jpg,URVhJ,O8Vhg,0
CC88K.jpg,CC88K,Qya9H,0
cXvIO.jpg,cXvIO,zKuI0,0
vVBb4.jpg,vVBb4,uMBb4,0
MFOk8.jpg,MFOk8,MP0K2,0
8jXE2.jpg,8jXE2,8jKEz,0
b8G86.jpg,b8G86,1gCPf,0
3pPYa.jpg,3pPYa,3tPGd,0
46bU6.jpg,46bU6,46FUi,0
HuCg3.jpg,HuCg3,AvCg3,0
qkOzL.jpg,qkOzL,qKD2L,0
adu6E.jpg,adu6E,sdV6E,0
A7R7m.jpg,A7R7m,AVs7m,0
M793s.jpg,M793s,A792s,0
n9O3H.jpg,n9O3H,n9CxH,0
1Fqvx.jpg,1Fqvx,1E9uX,0
w3e6w.jpg,w3e6w,03F6H,0
Ym616.jpg,Ym616,Vmk38,0
TQ8NI.jpg,TQ8NI,T03NL,0
SL95l.jpg,SL95l,3L05j,0
7Gg0z.jpg,7Gg0z,7KW0x,0
ixZ8b.jpg,ixZ8b,iw285,0
1Yo2V.jpg,1Yo2V,iXn2u,0
N9oG1.jpg,N9oG1,K8OC1,0
jYtv2.jpg,jYtv2,jTtv2,0
3IXSU.jpg,3IXSU,2fA5U,0
45uj4.jpg,45uj4,45ujP,0
rvfAB.jpg,rvfAB,zVf4B,0
i3hng.jpg,i3hng,i3bZg,0
70e1R.jpg,70e1R,70s1K,0
ncamM.jpg,ncamM,nfgFM,0
4X6zT.jpg,4X6zT,4w6zI,0
KE34s.jpg,KE34s,HL24u,0
kPz4W.jpg,kPz4W,kPz4w,0
AX7RS.jpg,AX7RS,4X7RS,0
ldIPU.jpg,ldIPU,46i2U,0
cObSB.jpg,cObSB,eOh3B,0
1fdob.jpg,1fdob,1fq2b,0
zH1kN.jpg,zH1kN,2GTkA,0
2eyNz.jpg,2eyNz,2cvAz,0
5zI4B.jpg,5zI4B,3zI4B,0
a8mRB.jpg,a8mRB,q3rKU,0
qQ71T.jpg,qQ71T,gO7kf,0
565b3.jpg,565b3,cmRb3,0
pQiXc.jpg,pQiXc,pQiXc,1
ambag.jpg,ambag,3mbey,0
t8uN8.jpg,t8uN8,ixuA9,0
9Ae1V.jpg,9Ae1V,9AC1w,0
ZwZbq.jpg,ZwZbq,zwPBq,0
Jtopl.jpg,Jtopl,JCwpI,0
9VS02.jpg,9VS02,gMSh2,0
6V0FK.jpg,6V0FK,fVDPK,0
4qCC0.jpg,4qCC0,43xC0,0
BIaF3.jpg,BIaF3,6imF2,0
2Krqv.jpg,2Krqv,2Kiqv,0
O0JnE.jpg,O0JnE,c0JnE,0
4382Q.jpg,4382Q,4a6ZC,0
33J1X.jpg,33J1X,9ap1K,0
16vF5.jpg,16vF5,16vP5,0
WE8Rq.jpg,WE8Rq,VE3Aq,0
5CFax.jpg,5CFax,5CPax,0
inMZI.jpg,inMZI,inAZT,0
3b7z9.jpg,3b7z9,3b7z9,1
k9W5g.jpg,k9W5g,k9M5z,0
Den1D.jpg,Den1D,USn1A,0
hSuRH.jpg,hSuRH,b3uRW,0
OXc2y.jpg,OXc2y,GKc2T,0
h2700.jpg,h2700,h27Uo,0
F7LvO.jpg,F7LvO,F3LVO,0
12vY3.jpg,12vY3,1zuY3,0
NqmqY.jpg,NqmqY,M02SY,0
3oN26.jpg,3oN26,xaH25,0
5O9c1.jpg,5O9c1,5O9v1,0
333Fj.jpg,333Fj,30AEi,0
t7cYp.jpg,t7cYp,f7CV5,0
cutBu.jpg,cutBu,cYI3a,0
F8t5Q.jpg,F8t5Q,E8v50,0
1DYwg.jpg,1DYwg,1DzMg,0
TM6Jk.jpg,TM6Jk,TM6jk,0
0D9C5.jpg,0D9C5,uM9C5,0
jhoU3.jpg,jhoU3,LbcW2,0
8ye07.jpg,8ye07,Rye0T,0
a1FLc.jpg,a1FLc,91Nbz,0
ROng4.jpg,ROng4,RCiy4,0
U27qN.jpg,U27qN,V270N,0
ZpQPV.jpg,ZpQPV,7pGRV,0
o62Tl.jpg,o62Tl,gGZTh,0
lWXGh.jpg,lWXGh,rW36H,0
9UA3l.jpg,9UA3l,9bA3l,0
Vj0xS.jpg,Vj0xS,MI0k5,0
2dMA3.jpg,2dMA3,2GHQ3,0
VSz3O.jpg,VSz3O,7HK3t,0
WIBl2.jpg,WIBl2,Wr6I2,0
C0f7n.jpg,C0f7n,C9f7h,0
qqI9H.jpg,qqI9H,ayI9A,0
vgIdS.jpg,vgIdS,v01HS,0
lFARF.jpg,lFARF,Uf4BP,0
6sH7B.jpg,6sH7B,6aW7R,0
a63xS.jpg,a63xS,a63kP,0
CqV0K.jpg,CqV0K,CjV3K,0
y0v69.jpg,y0v69,j0V69,0
6CPmV.jpg,6CPmV,6CFmv,0
w2QNK.jpg,w2QNK,v2ONK,0
l5shK.jpg,l5shK,15qhK,0
00rxE.jpg,00rxE,qDrXE,0
tVZv6.jpg,tVZv6,I3ZOA,0
AKxbj.jpg,AKxbj,QHX5J,0
mESj7.jpg,mESj7,mE3i7,0
n8r5F.jpg,n8r5F,m8z5F,0
3VTrt.jpg,3VTrt,2MTnt,0
7CbH7.jpg,7CbH7,rcwH7,0
J37jx.jpg,J37jx,c37jK,0
r0vH3.jpg,r0vH3,z0vH3,0
Bra68.jpg,Bra68,Hr268,0
6833r.jpg,6833r,b03ef,0
mh637.jpg,mh637,CheaP,0
VDen1.jpg,VDen1,9DCNi,0
eG462.jpg,eG462,vT462,0
ME32I.jpg,ME32I,ME32I,1
zbZ06.jpg,zbZ06,x52V6,0
dUODk.jpg,dUODk,dUCBK,0
C3M8q.jpg,C3M8q,E3MRQ,0
kuiwu.jpg,kuiwu,kdiV3,0
6vBTU.jpg,6vBTU,6vB1U,0
ysRy6.jpg,ysRy6,JaK75,0
tWr1y.jpg,tWr1y,twrzy,0
p6fA2.jpg,p6fA2,p6tA2,0
jSfZy.jpg,jSfZy,j8t2u,0
gY4uf.jpg,gY4uf,gV48j,0
oB2Q4.jpg,oB2Q4,oK2Q4,0
Tz7H8.jpg,Tz7H8,wz7H3,0
xf2kz.jpg,xf2kz,xDAKZ,0
ooNR2.jpg,ooNR2,jsMR2,0
ybivB.jpg,ybivB,qbiv8,0
82927.jpg,82927,3pwz7,0
V7YX1.jpg,V7YX1,V7oh6,0
L6jXH.jpg,L6jXH,L5jXH,0
s2pqW.jpg,s2pqW,52pqK,0
Hc14q.jpg,Hc14q,HCT4g,0
NnT2c.jpg,NnT2c,NaT2g,0
6P47l.jpg,6P47l,6P47f,0
QhvdD.jpg,QhvdD,QhxeP,0
mL8wI.jpg,mL8wI,XE8rj,0
96NM7.jpg,96NM7,96N41,0
31RNV.jpg,31RNV,31BcU,0
jXLNI.jpg,jXLNI,jK5NI,0
A7gT3.jpg,A7gT3,47cD3,0
4slJ4.jpg,4slJ4,G3lT4,0
C9jv6.jpg,C9jv6,Q9jv6,0
vFdht.jpg,vFdht,VEdA6,0
eZBq9.jpg,eZBq9,eZBq9,1
u9se5.jpg,u9se5,UAsfB,0
N3cb0.jpg,N3cb0,A2rb0,0
Pgnk7.jpg,Pgnk7,Pgmk7,0
zQ028.jpg,zQ028,iND28,0
N74sU.jpg,N74sU,KP4sU,0
97ov5.jpg,97ov5,97nVK,0
a9ROr.jpg,a9ROr,a9ROr,1
zK3aT.jpg,zK3aT,ZE3aO,0
esiAE.jpg,esiAE,mSjAE,0
c7A02.jpg,c7A02,w7462,0
qpoQF.jpg,qpoQF,4n3QF,0
FeHVH.jpg,FeHVH,faHVB,0
n5iIK.jpg,n5iIK,nSiTK,0
qyCFn.jpg,qyCFn,dVC53,0
IFlc8.jpg,IFlc8,jFVc8,0
k3uFy.jpg,k3uFy,K3ufy,0
x46H1.jpg,x46H1,X49H1,0
P9iWk.jpg,P9iWk,D0iVK,0
R650x.jpg,R650x,H6307,0
SUA97.jpg,SUA97,SUA1r,0
N4S19.jpg,N4S19,N4sI9,0
rrCm6.jpg,rrCm6,j7CW6,0
vcBj7.jpg,vcBj7,vaBj1,0
S3ssU.jpg,S3ssU,G7ryL,0
vN75J.jpg,vN75J,vM75J,0
3d6cZ.jpg,3d6cZ,3d6oZ,0
vOm78.jpg,vOm78,VCh78,0
Dsk73.jpg,Dsk73,DeK72,0
47oT6.jpg,47oT6,xZoTb,0
RYEn5.jpg,RYEn5,RYEm5,0
L35Y6.jpg,L35Y6,La5W6,0
9Rv0R.jpg,9Rv0R,9Fi0A,0
na0L4.jpg,na0L4,Re0E4,0
9228l.jpg,9228l,9K781,0
NTYLq.jpg,NTYLq,NTYLg,0
fWz92.jpg,fWz92,fWa0Z,0
Zg9V7.jpg,Zg9V7,EaBm7,0
0f8E1.jpg,0f8E1,0r8m1,0
XdqX9.jpg,XdqX9,hUcX9,0
2no0d.jpg,2no0d,2no4d,0
z4iYk.jpg,z4iYk,z4iVK,0
JKMr9.jpg,JKMr9,JKMt8,0
Nb7Zs.jpg,Nb7Zs,Ab72a,0
r65Hc.jpg,r65Hc,r63Kg,0
XFlBb.jpg,XFlBb,aF1Bh,0
4P77k.jpg,4P77k,4PjJK,0
v2htc.jpg,v2htc,V2hfC,0
rGoPn.jpg,rGoPn,tC0Ph,0
J8X6H.jpg,J8X6H,J8ACk,0
aEF1a.jpg,aEF1a,vEP14,0
a4w73.jpg,a4w73,p4W73,0
i1782.jpg,i1782,v17S2,0
zSzR8.jpg,zSzR8,JSZK0,0
s6929.jpg,s6929,m6y28,0
ZG58z.jpg,ZG58z,MC58a,0
3RS38.jpg,3RS38,2KSif,0
3GjLz.jpg,3GjLz,3GjEZ,0
9j36s.jpg,9j36s,Mj36s,0
VB19O.jpg,VB19O,UR14o,0
Xpy6f.jpg,Xpy6f,XCy6f,0
b89jN.jpg,b89jN,b891M,0
W3NpW.jpg,W3NpW,v2Np4,0
hG8X4.jpg,hG8X4,hC8K4,0
N20DT.jpg,N20DT,M20Eq,0
163ZL.jpg,163ZL,H63Zt,0
dLeY5.jpg,dLeY5,dLcV5,0
Q35BL.jpg,Q35BL,Q3oBL,0
8w57Y.jpg,8w57Y,8w5jY,0
ogvk6.jpg,ogvk6,DgjK6,0
KjI5H.jpg,KjI5H,xOT5H,0
lcbBS.jpg,lcbBS,1epK3,0
1yDwm.jpg,1yDwm,1gDVm,0
DOkj6.jpg,DOkj6,DwMj6,0
n4Z6b.jpg,n4Z6b,n476H,0
ITKnX.jpg,ITKnX,iTKm2,0
nrdJ7.jpg,nrdJ7,nxd37,0
Is7Pu.jpg,Is7Pu,rs7Pu,0
D1789.jpg,D1789,D1As9,0
Mge42.jpg,Mge42,Mge42,1
JZZ2r.jpg,JZZ2r,JW7Ar,0
abhJG.jpg,abhJG,aMfY2,0
EnT6m.jpg,EnT6m,ZzT6W,0
dMTg0.jpg,dMTg0,dMTzD,0
E2093.jpg,E2093,E209X,0
8K0zb.jpg,8K0zb,8A01b,0
WUiuI.jpg,WUiuI,WUCaI,0
2g1Ll.jpg,2g1Ll,281bm,0
CN3BM.jpg,CN3BM,CN3Bw,0
99Jf9.jpg,99Jf9,0XJfw,0
Hx85g.jpg,Hx85g,Hx85y,0
zb1w6.jpg,zb1w6,zFTW6,0
0aQ85.jpg,0aQ85,7a085,0
i3MSh.jpg,i3MSh,i3MGO,0
Z4r54.jpg,Z4r54,29r5h,0
8SuRH.jpg,8SuRH,8GuPH,0
ahD7k.jpg,ahD7k,uhD75,0
Aqe48.jpg,Aqe48,JqzK8,0
WDGbb.jpg,WDGbb,AKGbx,0
8789J.jpg,8789J,m789J,0
d4h85.jpg,d4h85,y4h8C,0
n15Gq.jpg,n15Gq,nx5Cg,0
7f8Y7.jpg,7f8Y7,4f3UZ,0
B0QTv.jpg,B0QTv,R0QTv,0
SmhrS.jpg,SmhrS,Xmhz9,0
xcqTr.jpg,xcqTr,WCqTn,0
NC893.jpg,NC893,AC891,0
d25JX.jpg,d25JX,nP5cX,0
5hN6z.jpg,5hN6z,5RA02,0
CgjB1.jpg,CgjB1,CgjBT,0
ub2xt.jpg,ub2xt,wb2Yf,0
Wm90V.jpg,Wm90V,km30V,0
6kS4y.jpg,6kS4y,6k34V,0
U3x3n.jpg,U3x3n,U3Kzn,0
y3VQM.jpg,y3VQM,y2V0M,0
0rB84.jpg,0rB84,0cJ84,0
05Ssx.jpg,05Ssx,0T9sX,0
DYpGC.jpg,DYpGC,DYpGt,0
PIbsX.jpg,PIbsX,PmbsX,0
Bt57a.jpg,Bt57a,Rt57a,0
fz8jV.jpg,fz8jV,mz8jV,0
0nROx.jpg,0nROx,6mBOX,0
ygV5l.jpg,ygV5l,xgV3I,0
qrp3R.jpg,qrp3R,uzD3K,0
2eyYE.jpg,2eyYE,ZeyWE,0
tC4h3.jpg,tC4h3,IC4b3,0
n6Kwu.jpg,n6Kwu,n6Kwy,0
6pam5.jpg,6pam5,CjaM5,0
6w65x.jpg,6w65x,fW05k,0
00Yq6.jpg,00Yq6,0ZYuA,0
w3p83.jpg,w3p83,MLp62,0
LUK1b.jpg,LUK1b,LUKYb,0
hL703.jpg,hL703,HL702,0
3p067.jpg,3p067,3m067,0
I19tu.jpg,I19tu,H19tu,0
00Pyb.jpg,00Pyb,a6Py5,0
Cv4Ja.jpg,Cv4Ja,CV4Ja,0
C20R3.jpg,C20R3,C20B1,0
4vcY6.jpg,4vcY6,4jcTB,0
9O971.jpg,9O971,8Cn71,0
Ycd57.jpg,Ycd57,YtuR4,0
0tAyo.jpg,0tAyo,0tAYs,0
5ZivV.jpg,5ZivV,52ivW,0
6U0A5.jpg,6U0A5,6V0A2,0
Uf96z.jpg,Uf96z,Uf96z,1
sFI7k.jpg,sFI7k,eFi7k,0
si360.jpg,si360,51XGm,0
210zg.jpg,210zg,210Eg,0
32WUb.jpg,32WUb,32XUt,0
O4jh6.jpg,O4jh6,C4jh5,0
Hhejh.jpg,Hhejh,PKaih,0
tf58n.jpg,tf58n,tf58m,0
QboNd.jpg,QboNd,QfzNd,0
I6Keo.jpg,I6Keo,16Kzy,0
3P9iW.jpg,3P9iW,zE9iW,0
Xn3iV.jpg,Xn3iV,Kn3iU,0
HPpku.jpg,HPpku,4PzKy,0
C2Lm3.jpg,C2Lm3,C2Im3,0
8b0M1.jpg,8b0M1,3b0A1,0
0tz8V.jpg,0tz8V,otZ8U,0
OhPb2.jpg,OhPb2,0HF52,0
C8yjX.jpg,C8yjX,G8yhK,0
pt84H.jpg,pt84H,xt3ZH,0
Q9iWY.jpg,Q9iWY,Q9iwT,0
23SH7.jpg,23SH7,2xSW7,0
766yi.jpg,766yi,75dVi,0
38N2o.jpg,38N2o,38H20,0
00Npi.jpg,00Npi,6UH2i,0
tvZ86.jpg,tvZ86,tv236,0
4hNO6.jpg,4hNO6,4hyO6,0
tfR15.jpg,tfR15,LfA15,0
7FOay.jpg,7FOay,7hCav,0
NVxrr.jpg,NVxrr,A92Cj,0
0lv5j.jpg,0lv5j,0lV5z,0
t481n.jpg,t481n,t48Tn,0
2wWqv.jpg,2wWqv,2aAGv,0
786z6.jpg,786z6,73Gk9,0
gqW6B.jpg,gqW6B,J0M6B,0
CMJhE.jpg,CMJhE,oMJhE,0
H2iXF.jpg,H2iXF,H2iXE,0
5iv4X.jpg,5iv4X,5iV4K,0
Ih0Dm.jpg,Ih0Dm,Is0Gm,0
z7k3m.jpg,z7k3m,z7k3m,1
O3ml1.jpg,O3ml1,O3mF4,0
OZ5Va.jpg,OZ5Va,OZ5Va,1
ZXB8L.jpg,ZXB8L,zhm8I,0
QbMth.jpg,QbMth,0BMth,0
YYgE6.jpg,YYgE6,YPgt6,0
ir8PE.jpg,ir8PE,iYgP5,0
0yhoT.jpg,0yhoT,0yhJT,0
ZInA2.jpg,ZInA2,ZtuA2,0
N5U5i.jpg,N5U5i,HS0B1,0
0PQ63.jpg,0PQ63,uFC63,0
pez92.jpg,pez92,Dex92,0
8ZudI.jpg,8ZudI,37vdi,0
Tzugg.jpg,Tzugg,T2bp0,0
YMC0N.jpg,YMC0N,YB6OM,0
zFC9H.jpg,zFC9H,2F69A,0
121kC.jpg,121kC,12mVC,0
nslAP.jpg,nslAP,ns1AZ,0
q81cR.jpg,q81cR,q81CK,0
i0846.jpg,i0846,i0846,1
YUX1K.jpg,YUX1K,VpXtR,0
7j0Mz.jpg,7j0Mz,7j0A2,0
95Bpk.jpg,95Bpk,95JmK,0
WZS58.jpg,WZS58,WzSp0,0
1bOY7.jpg,1bOY7,15Gv7,0
mWhM2.jpg,mWhM2,rWht2,0
3Fr4k.jpg,3Fr4k,37m4k,0
i7V78.jpg,i7V78,inM78,0
H8PEO.jpg,H8PEO,H8PEy,0
8wY6c.jpg,8wY6c,BwT4c,0
iU1Ui.jpg,iU1Ui,jU7m1,0
E6Wa9.jpg,E6Wa9,EsWa2,0
9xx7X.jpg,9xx7X,6rv7M,0
Q925H.jpg,Q925H,04z5H,0
0OHxn.jpg,0OHxn,0CFxn,0
Kc524.jpg,Kc524,Kc524,1
NTbm4.jpg,NTbm4,N75m4,0
ko4B3.jpg,ko4B3,K04B3,0
YbbQm.jpg,YbbQm,YbKGm,0
Myhnz.jpg,Myhnz,Ugha2,0
C7Ck0.jpg,C7Ck0,Cjmkd,0
0KOCq.jpg,0KOCq,0HUrg,0
0D20b.jpg,0D20b,NDZ9p,0
yzl37.jpg,yzl37,yzh37,0
QV5E0.jpg,QV5E0,QY5Eu,0
26B0J.jpg,26B0J,z6EmJ,0
wqR19.jpg,wqR19,WaB19,0
5X3Dr.jpg,5X3Dr,5X3Di,0
hZ288.jpg,hZ288,hY2R6,0
VCi8E.jpg,VCi8E,Vci8E,0
4uZD3.jpg,4uZD3,4uKD3,0
yGA80.jpg,yGA80,VLA80,0
1kvWd.jpg,1kvWd,1kvMG,0
mZC61.jpg,mZC61,mZx61,0
SS9Bq.jpg,SS9Bq,8JWRz,0
BA72Q.jpg,BA72Q,Ba720,0
36exH.jpg,36exH,26exH,0
44so7.jpg,44so7,UYs9j,0
cB5zZ.jpg,cB5zZ,cB3yZ,0
kb17u.jpg,kb17u,H637q,0
x2evZ.jpg,x2evZ,M2evL,0
TzLgr.jpg,TzLgr,T2L9r,0
dvA60.jpg,dvA60,dVA53,0
O3xxm.jpg,O3xxm,03xYm,0
e1GgZ.jpg,e1GgZ,e1Gq2,0
4liXk.jpg,4liXk,4ipRk,0
iQHkz.jpg,iQHkz,10Hb7,0
wF3j1.jpg,wF3j1,mF3j1,0
Nol07.jpg,Nol07,KoiO7,0
b9O2T.jpg,b9O2T,b9CzT,0
jy4b2.jpg,jy4b2,1y4b2,0
7Fx9o.jpg,7Fx9o,7EX9p,0
f6Tw6.jpg,f6Tw6,f47W6,0
4Lrl8.jpg,4Lrl8,4Cr18,0
46U9e.jpg,46U9e,46U9m,0
MK868.jpg,MK868,MKPG8,0
maZI7.jpg,maZI7,N0zt7,0
T1IF8.jpg,T1IF8,74iw3,0
MYXH0.jpg,MYXH0,8T2Hc,0
25nN0.jpg,25nN0,25rA0,0
8jZD5.jpg,8jZD5,8jZGf,0
LiKn9.jpg,LiKn9,EjXm0,0
ptqhv.jpg,ptqhv,pE3HV,0
V5dX2.jpg,V5dX2,V5uXZ,0
RwLSr.jpg,RwLSr,RwL9r,0
sO4yD.jpg,sO4yD,sN4yD,0
89U2v.jpg,89U2v,8qU2v,0
g62O7.jpg,g62O7,g62O1,0
PSyie.jpg,PSyie,P5Wke,0
G93t0.jpg,G93t0,wg3t0,0
mHU9e.jpg,mHU9e,mFU3c,0
x5Mu7.jpg,x5Mu7,X5Mu7,0
qj4h2.jpg,qj4h2,cI8h2,0
sLm2B.jpg,sLm2B,sLm2B,1
gVH96.jpg,gVH96,gVh5G,0
0js6c.jpg,0js6c,0j36Z,0
m8037.jpg,m8037,mbC31,0
08P3X.jpg,08P3X,08F3K,0
tBhhx.jpg,tBhhx,t6jnx,0
R9Lc9.jpg,R9Lc9,A81C9,0
R3049.jpg,R3049,B3M4Y,0
ezmBV.jpg,ezmBV,ezmBV,1
w3O5f.jpg,w3O5f,M20bl,0
M25e5.jpg,M25e5,MPGyh,0
9Qlq0.jpg,9Qlq0,9QIq6,0
kZrd8.jpg,kZrd8,K2jO3,0
37K3u.jpg,37K3u,Q7k8u,0
Gq6kq.jpg,Gq6kq,C38Xq,0
SxPIR.jpg,SxPIR,SXPIA,0
rDel0.jpg,rDel0,RDt10,0
e546P.jpg,e546P,c5167,0
5YF5e.jpg,5YF5e,bUF34,0
2Gl6J.jpg,2Gl6J,2Qf8J,0
TK68S.jpg,TK68S,1Knp5,0
fPIng.jpg,fPIng,C21h9,0
Zp2xm.jpg,Zp2xm,Lb2km,0
2OoCp.jpg,2OoCp,20SCp,0
w6Nge.jpg,w6Nge,w6N92,0
0R18o.jpg,0R18o,0w1Bc,0
UhmR7.jpg,UhmR7,UhmK7,0
30nX4.jpg,30nX4,30mKf,0
s3L1D.jpg,s3L1D,s8E7D,0
UvEYX.jpg,UvEYX,BvkTK,0
6D44a.jpg,6D44a,6DT4a,0
8U794.jpg,8U794,3Urq4,0
58VF9.jpg,58VF9,z6MF9,0
UoSX9.jpg,UoSX9,UcjT9,0
T97Ro.jpg,T97Ro,T97xu,0
vcmY9.jpg,vcmY9,vCmY9,0
yu94T.jpg,yu94T,yU94T,0
e9EOw.jpg,e9EOw,e9EQW,0
9HQ61.jpg,9HQ61,vnQ51,0
K80Ls.jpg,K80Ls,KP0I5,0
p96mr.jpg,p96mr,U96mY,0
7eyxl.jpg,7eyxl,76mxh,0
xZXmp.jpg,xZXmp,vZXmp,0
7g1yw.jpg,7g1yw,7c4yW,0
5EZUl.jpg,5EZUl,3E201,0
CbqCo.jpg,CbqCo,ihxT0,0
3FcNs.jpg,3FcNs,3kCAs,0
qdFxa.jpg,qdFxa,gJEKa,0
3I03s.jpg,3I03s,XI0Bs,0
dHAiy.jpg,dHAiy,dHArv,0
i14d4.jpg,i14d4,v1za4,0
xGbDr.jpg,xGbDr,3Gb9r,0
jGc3N.jpg,jGc3N,jGe3A,0
yc5n8.jpg,yc5n8,7C5m8,0
ztK0N.jpg,ztK0N,2tK0A,0
9587v.jpg,9587v,O587x,0
kxce2.jpg,kxce2,Hxt92,0
oa844.jpg,oa844,ox3T4,0
qQd3P.jpg,qQd3P,yDd3H,0
9O19r.jpg,9O19r,bC1gr,0
rx9v9.jpg,rx9v9,fKBVq,0
ale92.jpg,ale92,aIC92,0
87u1H.jpg,87u1H,67uLH,0
bBCd1.jpg,bBCd1,bBCd1,1
G60VA.jpg,G60VA,Q50Y4,0
56ZsF.jpg,56ZsF,56ZsE,0
8BhJE.jpg,8BhJE,8RhVC,0
7v1cT.jpg,7v1cT,7vkcr,0
x2hjN.jpg,x2hjN,X9biN,0
AV69M.jpg,AV69M,4V59H,0
Osf9r.jpg,Osf9r,Osf9r,1
eJwyn.jpg,eJwyn,e7wXn,0
m1g3D.jpg,m1g3D,mZy1D,0
6DDGE.jpg,6DDGE,6DmSk,0
xlC9L.jpg,xlC9L,XjC5t,0
iur1m.jpg,iur1m,iur3m,0
JRZ5r.jpg,JRZ5r,JRZ5r,1
Be34Q.jpg,Be34Q,Be34C,0
1k2B3.jpg,1k2B3,Yk2B3,0
60cFd.jpg,60cFd,s0jFd,0
iYJ9s.jpg,iYJ9s,iYT0x,0
oj722.jpg,oj722,0j7B2,0
5f1Zv.jpg,5f1Zv,3k1Zv,0
7w5Il.jpg,7w5Il,7W5th,0
M12Se.jpg,M12Se,M125O,0
w7DC8.jpg,w7DC8,w7DC8,1
H0e55.jpg,H0e55,H0y75,0
f3CwV.jpg,f3CwV,j3CmV,0
4vi6N.jpg,4vi6N,4vISN,0
zo2mD.jpg,zo2mD,7x2mD,0
0174R.jpg,0174R,01w4B,0
L43LN.jpg,L43LN,b43cM,0
Sy3J1.jpg,Sy3J1,5vaJ1,0
958m3.jpg,958m3,9C8m3,0
utXbq.jpg,utXbq,u1Xb9,0
lrS43.jpg,lrS43,lm543,0
CYv97.jpg,CYv97,CYM97,0
iN0vi.jpg,iN0vi,sH0vi,0
008ws.jpg,008ws,Gd8M5,0
hY805.jpg,hY805,HT805,0
2tA2P.jpg,2tA2P,7tN9P,0
dnufx.jpg,dnufx,dnufx,1
tfzDv.jpg,tfzDv,rfzDu,0
Qhrh5.jpg,Qhrh5,GM7p3,0
jUcnN.jpg,jUcnN,7UcyN,0
3G5W1.jpg,3G5W1,3p5W1,0
8DL5H.jpg,8DL5H,8DL5H,1
6l94H.jpg,6l94H,6I34H,0
EFzjb.jpg,EFzjb,Em2Ib,0
6mhSa.jpg,6mhSa,6mk3a,0
Z67It.jpg,Z67It,z07Iv,0
xHviw.jpg,xHviw,KByjC,0
ryfd4.jpg,ryfd4,puf8X,0
z6lQ7.jpg,z6lQ7,xSk07,0
7b0SX.jpg,7b0SX,7b03K,0
mWiKD.jpg,mWiKD,mXigD,0
4kj0V.jpg,4kj0V,4Ej0v,0
UmPJZ.jpg,UmPJZ,UmtJ2,0
kY9Hx.jpg,kY9Hx,j75HK,0
DbxTG.jpg,DbxTG,m5xTC,0
BoALQ.jpg,BoALQ,PaALQ,0
52fr6.jpg,52fr6,y2Mr6,0
JK9T2.jpg,JK9T2,dH912,0
di5IZ.jpg,di5IZ,mv51Z,0
wTBBt.jpg,wTBBt,W7b9t,0
Rk18x.jpg,Rk18x,Ak1ox,0
dY6s2.jpg,dY6s2,dT6r2,0
p5I5i.jpg,p5I5i,D5JKG,0
7tLVr.jpg,7tLVr,7tLV5,0
yNWHw.jpg,yNWHw,yNPHw,0
U0rTF.jpg,U0rTF,W0aTR,0
x7N1s.jpg,x7N1s,X7H1o,0
G9FO1.jpg,G9FO1,w9FO1,0
spaN8.jpg,spaN8,5PaQ8,0
o9UB9.jpg,o9UB9,nxUB9,0
5ozQ3.jpg,5ozQ3,5u4O3,0
1ze54.jpg,1ze54,1srP4,0
wTy4D.jpg,wTy4D,uTz4D,0
oPxN9.jpg,oPxN9,62xM9,0
p0c7F.jpg,p0c7F,w0c7E,0
OBf6p.jpg,OBf6p,QH16p,0
Q9OOy.jpg,Q9OOy,R2UoX,0
T6fz0.jpg,T6fz0,T6fz9,0
V6Bq6.jpg,V6Bq6,V6Bgj,0
2OmbV.jpg,2OmbV,2OmbV,1
oU2Tu.jpg,oU2Tu,oH2Fu,0
T37Uj.jpg,T37Uj,m87Uj,0
D4yaw.jpg,D4yaw,D4jew,0
7CJ2m.jpg,7CJ2m,kCJ2m,0
T2CZ0.jpg,T2CZ0,T2C7u,0
1PY9Q.jpg,1PY9Q,kpYSA,0
5M7m1.jpg,5M7m1,5M7ni,0
avQPj.jpg,avQPj,aVG2i,0
Ro8mI.jpg,Ro8mI,Az8mI,0
ednB5.jpg,ednB5,cunB5,0
AB7f2.jpg,AB7f2,4u7f2,0
W3Av9.jpg,W3Av9,WjAu9,0
gkLu6.jpg,gkLu6,9ZLu6,0
2gy6R.jpg,2gy6R,29V6K,0
QGC6I.jpg,QGC6I,XGZ51,0
80YiW.jpg,80YiW,60TFM,0
L4AKG.jpg,L4AKG,I4pKC,0
597k2.jpg,597k2,501K2,0
12pzy.jpg,12pzy,12pCq,0
7cCnW.jpg,7cCnW,1cOnH,0
X0e6B.jpg,X0e6B,X0m6B,0
r2FL4.jpg,r2FL4,r2RL4,0
90Lk4.jpg,90Lk4,9Qjk4,0
08rgU.jpg,08rgU,03rgU,0
MrchO.jpg,MrchO,MyEhQ,0
gg1md.jpg,gg1md,gofWd,0
7h26j.jpg,7h26j,Th26I,0
GKuXe.jpg,GKuXe,CRbZe,0
LVxYg.jpg,LVxYg,EVkYg,0
zIch0.jpg,zIch0,2Twh0,0
BxllP.jpg,BxllP,5K4I2,0
lro1O.jpg,lro1O,jr240,0
29Wvb.jpg,29Wvb,29Wxb,0
0TWDh.jpg,0TWDh,87VDb,0
ananQ.jpg,ananQ,3napC,0
6p2ce.jpg,6p2ce,5N2Ld,0
a7jFZ.jpg,a7jFZ,aJN5Z,0
Un5s4.jpg,Un5s4,Un5c4,0
vvMFs.jpg,vvMFs,LoAFs,0
xr2rn.jpg,xr2rn,KY2c0,0
60168.jpg,60168,601oS,0
NB390.jpg,NB390,M839C,0
0rsaa.jpg,0rsaa,VrkaX,0
4v5H6.jpg,4v5H6,4v2H6,0
ke5oT.jpg,ke5oT,Hw5o7,0
4y18Y.jpg,4y18Y,4y12Y,0
Hfx0o.jpg,Hfx0o,HfX0g,0
T61T2.jpg,T61T2,f6jm2,0
T4nU3.jpg,T4nU3,T4mU3,0
qX68A.jpg,qX68A,qK68N,0
CMeYT.jpg,CMeYT,CMaV3,0
kdQ3X.jpg,kdQ3X,EgO3K,0
1l0mv.jpg,1l0mv,1E0mv,0
uwA2n.jpg,uwA2n,UYA2h,0
96SX0.jpg,96SX0,9GBK0,0
07A63.jpg,07A63,07A63,1
Au153.jpg,Au153,Au15x,0
52OLx.jpg,52OLx,520Ix,0
1pkRu.jpg,1pkRu,49kBu,0
6akY6.jpg,6akY6,93H7f,0
7jz7F.jpg,7jz7F,0j27E,0
64M52.jpg,64M52,e4M52,0
Tbmlt.jpg,Tbmlt,Pbm1t,0
7ITrU.jpg,7ITrU,7k3cU,0
lkrT0.jpg,lkrT0,jwrT0,0
7E7a3.jpg,7E7a3,7fzn3,0
5286b.jpg,5286b,5236b,0
2h6x4.jpg,2h6x4,2H6v4,0
J93M9.jpg,J93M9,J63Wq,0
p9OWM.jpg,p9OWM,p7OWM,0
4Pa3J.jpg,4Pa3J,4Po3j,0
2ztEY.jpg,2ztEY,AzCjT,0
4hfT5.jpg,4hfT5,qhfT3,0
WKLlx.jpg,WKLlx,0KCia,0
q1b82.jpg,q1b82,m1k82,0
87ndC.jpg,87ndC,67hdC,0
Te4b1.jpg,Te4b1,Tc4bJ,0
bzSn8.jpg,bzSn8,DZ9N8,0
7nH96.jpg,7nH96,7mH96,0
65BZ0.jpg,65BZ0,6sH7P,0
2PTZM.jpg,2PTZM,2OTGM,0
5136s.jpg,5136s,5M3Cr,0
Y4PRn.jpg,Y4PRn,V4PRn,0
t45aD.jpg,t45aD,I45eD,0
Upf8u.jpg,Upf8u,UpF3w,0
iaHu8.jpg,iaHu8,iwWn8,0
2oVx9.jpg,2oVx9,fcVx9,0
a03hI.jpg,a03hI,a03Hf,0
IzXW7.jpg,IzXW7,IeXw7,0
42Za4.jpg,42Za4,42LaT,0
I4Ks1.jpg,I4Ks1,C4Ks1,0
pw9mM.jpg,pw9mM,Fy3mN,0
6d1ji.jpg,6d1ji,6A3Ph,0
0e9r5.jpg,0e9r5,0e9rh,0
J555R.jpg,J555R,1ebSA,0
0DVh8.jpg,0DVh8,2EVhS,0
5NgwK.jpg,5NgwK,54awK,0
v190t.jpg,v190t,V1S0t,0
I2S10.jpg,I2S10,F2S10,0
UE88k.jpg,UE88k,UER9m,0
2QB67.jpg,2QB67,2OBrI,0
a52NE.jpg,a52NE,a52AE,0
TQwJK.jpg,TQwJK,T0mJH,0
BZzgH.jpg,BZzgH,BZjsh,0
W2WcK.jpg,W2WcK,W2TcH,0
17445.jpg,17445,174k2,0
JJz6H.jpg,JJz6H,yj26H,0
AxT73.jpg,AxT73,AxT73,1
b2tJf.jpg,b2tJf,624Jf,0
1Hps1.jpg,1Hps1,dWps7,0
d1aeQ.jpg,d1aeQ,d13r0,0
45sHM.jpg,45sHM,45sIM,0
c9008.jpg,c9008,r9018,0
Z73t3.jpg,Z73t3,ZW1t8,0
xm570.jpg,xm570,Xm570,0
e0IN3.jpg,e0IN3,e01A2,0
ex0Nr.jpg,ex0Nr,ex5NF,0
cH88c.jpg,cH88c,cA9Bj,0
r35kC.jpg,r35kC,r45kC,0
1Z9q4.jpg,1Z9q4,IZ8q4,0
2p4T4.jpg,2p4T4,2n4TG,0
1A56z.jpg,1A56z,1w5GZ,0
gIOdy.jpg,gIOdy,gIO6x,0
b2m06.jpg,b2m06,b2m0S,0
65nl0.jpg,65nl0,k5nT0,0
6F90a.jpg,6F90a,GFV0a,0
EV0mL.jpg,EV0mL,EV0mz,0
COdR7.jpg,COdR7,C0dh7,0
oMgwS.jpg,oMgwS,6Agv3,0
3Lt2l.jpg,3Lt2l,3EQ2H,0
IoT19.jpg,IoT19,leNy9,0
pR14w.jpg,pR14w,CB1zw,0
NQRR1.jpg,NQRR1,sO8k1,0
4OhzY.jpg,4OhzY,f0heY,0
Vqs5U.jpg,Vqs5U,VgZ5L,0
8s11N.jpg,8s11N,8s7HM,0
tD0F5.jpg,tD0F5,yD0F2,0
r2faE.jpg,r2faE,rWfaE,0
bUG99.jpg,bUG99,kUC9y,0
1uo32.jpg,1uo32,1Go32,0
9wF9Z.jpg,9wF9Z,9WF3Z,0
25D73.jpg,25D73,25D73,1
5v2zq.jpg,5v2zq,5VZiQ,0
SFT6I.jpg,SFT6I,Swj6l,0
fQ605.jpg,fQ605,1qeD5,0
7hNQQ.jpg,7hNQQ,7bXqD,0
sljTy.jpg,sljTy,5UjXy,0
Ke7zw.jpg,Ke7zw,KoT2m,0
m5PaB.jpg,m5PaB,M5PzB,0
36s0D.jpg,36s0D,36sWD,0
r2xk4.jpg,r2xk4,r23k4,0
ZqokQ.jpg,ZqokQ,Z9okQ,0
0Oer6.jpg,0Oer6,0Cer5,0
CFX7M.jpg,CFX7M,CFX9H,0
65YNT.jpg,65YNT,c5YNj,0
Y88SP.jpg,Y88SP,LatSF,0
7Tb5L.jpg,7Tb5L,ATb5i,0
gC4Ap.jpg,gC4Ap,964Ar,0
Ma96o.jpg,Ma96o,Hz9Gy,0
Ae5q0.jpg,Ae5q0,Ke5q0,0
a8KQI.jpg,a8KQI,a8HC1,0
zmcZG.jpg,zmcZG,xwcYG,0
74mV5.jpg,74mV5,74mVS,0
KB54Y.jpg,KB54Y,KB54Y,1
AXs2K.jpg,AXs2K,OXs2G,0
M9q1V.jpg,M9q1V,MDq1v,0
1mcJD.jpg,1mcJD,1msJD,0
ZeLL3.jpg,ZeLL3,Z0Yu3,0
YGGtz.jpg,YGGtz,VGdtZ,0
sL3w6.jpg,sL3w6,sL3v0,0
rbC1E.jpg,rbC1E,rbQ1E,0
Gn8kr.jpg,Gn8kr,Cm9Kr,0
Qqx47.jpg,Qqx47,0bK47,0
DGKV8.jpg,DGKV8,DCFv2,0
g0tky.jpg,g0tky,eOfkv,0
0fIfw.jpg,0fIfw,0f15M,0
u9k40.jpg,u9k40,vSK40,0
uOdlt.jpg,uOdlt,y03lN,0
X61a9.jpg,X61a9,K6139,0
5jN4s.jpg,5jN4s,5jM4e,0
J9Vpa.jpg,J9Vpa,j9MRa,0
9HfW6.jpg,9HfW6,9xiW6,0
85cuq.jpg,85cuq,85rwQ,0
Lp959.jpg,Lp959,LpeJ9,0
BZ1Xv.jpg,BZ1Xv,B21Au,0
2uNhw.jpg,2uNhw,2UNHj,0
98tPJ.jpg,98tPJ,z8ETJ,0
k2idl.jpg,k2idl,K2ruJ,0
7BIi5.jpg,7BIi5,7Blk6,0
TW4dC.jpg,TW4dC,FM4dC,0
ztLv0.jpg,ztLv0,2Pkv0,0
u0K64.jpg,u0K64,m0K54,0
U3PHC.jpg,U3PHC,D3PKC,0
9L111.jpg,9L111,0CNX1,0
tb44M.jpg,tb44M,tb4oM,0
NMnF3.jpg,NMnF3,NkuE2,0
70s7m.jpg,70s7m,70sym,0
RT6h4.jpg,RT6h4,KT6h4,0
1q4AO.jpg,1q4AO,Tq48P,0
0rSMQ.jpg,0rSMQ,cr5HQ,0
CsH41.jpg,CsH41,ZsD41,0
85Drd.jpg,85Drd,85Drd,1
6t977.jpg,6t977,6k9rZ,0
Ck8SP.jpg,Ck8SP,vHBSF,0
Kq1CA.jpg,Kq1CA,Kq1C5,0
D4gg6.jpg,D4gg6,D4gZc,0
03Asc.jpg,03Asc,UJAsC,0
9Ny1X.jpg,9Ny1X,8Nv1X,0
L03IB.jpg,L03IB,L0XT8,0
7Lw44.jpg,7Lw44,Ppw3A,0
2YJRJ.jpg,2YJRJ,2VJBu,0
1Hb81.jpg,1Hb81,fHb81,0
agF3H.jpg,agF3H,AqFzW,0
1zpVO.jpg,1zpVO,1ZbvC,0
3wTBT.jpg,3wTBT,3mjK7,0
MLU1n.jpg,MLU1n,MLQ1n,0
SDr5U.jpg,SDr5U,3Cr5M,0
LlpBd.jpg,LlpBd,LYoB4,0
47K6b.jpg,47K6b,43K6v,0
2lhMt.jpg,2lhMt,2ThMt,0
5jGjA.jpg,5jGjA,SiQTk,0
tWJb5.jpg,tWJb5,twLbS,0
Ig5q7.jpg,Ig5q7,iy507,0
4QLGd.jpg,4QLGd,4QI6d,0
HD0Kc.jpg,HD0Kc,vD0Kf,0
wMF3I.jpg,wMF3I,vMp2I,0
1KPo6.jpg,1KPo6,1KFa5,0
VbgDB.jpg,VbgDB,VegDB,0
mR3Mh.jpg,mR3Mh,mR3Mh,1
C1VTY.jpg,C1VTY,CjuAY,0
3v0J6.jpg,3v0J6,2M0j6,0
nm9Kk.jpg,nm9Kk,um3KL,0
h30Ro.jpg,h30Ro,h30Rc,0
8Ie98.jpg,8Ie98,8IpWA,0
9fAPP.jpg,9fAPP,9fADv,0
gFUIW.jpg,gFUIW,gPU1A,0
2ea2n.jpg,2ea2n,2eaxb,0
Q7TWi.jpg,Q7TWi,Qz3Ms,0
dQuGp.jpg,dQuGp,dC4TP,0
GFyqk.jpg,GFyqk,mEvak,0
fDjq4.jpg,fDjq4,f0jg4,0
p52lV.jpg,p52lV,c72IV,0
PqOw9.jpg,PqOw9,FqCM3,0
03D7E.jpg,03D7E,Q3VNE,0
K60t5.jpg,K60t5,K60i5,0
IEAmV.jpg,IEAmV,IRAmV,0
QVv5t.jpg,QVv5t,0Ha3i,0
LixC3.jpg,LixC3,L6xG3,0
8bjJ5.jpg,8bjJ5,8bjJx,0
sd9pk.jpg,sd9pk,fd9pH,0
jpYJ8.jpg,jpYJ8,inK46,0
A1n7o.jpg,A1n7o,A1w7e,0
2d5EN.jpg,2d5EN,zJ5EN,0
Fdoo6.jpg,Fdoo6,FA2w6,0
EmiGV.jpg,EmiGV,BmjGX,0
4jKHA.jpg,4jKHA,4jKV0,0
WAgME.jpg,WAgME,W4gxE,0
8zv6W.jpg,8zv6W,82v5H,0
P5288.jpg,P5288,Y5Z8Q,0
YdlWg.jpg,YdlWg,7dIhs,0
69oF7.jpg,69oF7,U9cFz,0
F980N.jpg,F980N,E93uM,0
2rngF.jpg,2rngF,zrnU5,0
L9dK9.jpg,L9dK9,L3dKN,0
EAAH1.jpg,EAAH1,E5AHy,0
6V63t.jpg,6V63t,zV63k,0
VFuk6.jpg,VFuk6,VFak9,0
5nECH.jpg,5nECH,5nBCM,0
8D945.jpg,8D945,RD915,0
530sA.jpg,530sA,C39tA,0
nEc19.jpg,nEc19,hEC18,0
UlHk1.jpg,UlHk1,0EHP1,0
6sbwf.jpg,6sbwf,6shXr,0
TDwA7.jpg,TDwA7,TbvAf,0
8h19M.jpg,8h19M,3nJ9K,0
Ek3g2.jpg,Ek3g2,Eh3g2,0
9x0WL.jpg,9x0WL,9xOHL,0
90RaA.jpg,90RaA,50TnA,0
lmd8G.jpg,lmd8G,1mc2C,0
rtof9.jpg,rtof9,r1aA9,0
nx0hG.jpg,nx0hG,mz0jE,0
SvGS1.jpg,SvGS1,SukP1,0
RWc85.jpg,RWc85,AlC85,0
atLf6.jpg,atLf6,a1kF6,0
qhgeo.jpg,qhgeo,qbme3,0
ytfDh.jpg,ytfDh,yifDh,0
FdVBR.jpg,FdVBR,FdVDA,0
e0UQr.jpg,e0UQr,k9HQr,0
2KvI0.jpg,2KvI0,2Kvf0,0
XcU6g.jpg,XcU6g,XtU6g,0
23eV8.jpg,23eV8,2ShUC,0
6FbQo.jpg,6FbQo,4FZq9,0
3STq0.jpg,3STq0,2SYqp,0
HKfR3.jpg,HKfR3,uKf63,0
aIALt.jpg,aIALt,apALt,0
Km8AR.jpg,Km8AR,Ku8Tj,0
U0B1O.jpg,U0B1O,N5B1O,0
PJZjf.jpg,PJZjf,BdwLf,0
kg6P4.jpg,kg6P4,Kgz24,0
5L6ti.jpg,5L6ti,5ZAui,0
cTOih.jpg,cTOih,cX0iH,0
RH65p.jpg,RH65p,XH63j,0
Ood2A.jpg,Ood2A,tod2A,0
48Mq1.jpg,48Mq1,42MQI,0
YNyPZ.jpg,YNyPZ,1NvPk,0
Y3r0C.jpg,Y3r0C,J3r0C,0
0T7hk.jpg,0T7hk,0G74K,0
hw8Ss.jpg,hw8Ss,hwPSz,0
4E4tu.jpg,4E4tu,4EXiu,0
Y99G8.jpg,Y99G8,1D9CB,0
4RP36.jpg,4RP36,4RO36,0
17XTs.jpg,17XTs,17KEe,0
QUoqn.jpg,QUoqn,QUkgh,0
W2RSf.jpg,W2RSf,V2R5I,0
bfDfi.jpg,bfDfi,5K9Pi,0
R16MW.jpg,R16MW,P16ZW,0
8c2Df.jpg,8c2Df,3c2Df,0
6V1U9.jpg,6V1U9,GY1K9,0
nQrhz.jpg,nQrhz,Q9rh2,0
w4fgm.jpg,w4fgm,v4fzm,0
2DLRv.jpg,2DLRv,20IAV,0
Np4Y8.jpg,Np4Y8,Mp4Y8,0
1s2yj.jpg,1s2yj,1a2uk,0
mN3Pg.jpg,mN3Pg,mk3Py,0
MFe0w.jpg,MFe0w,M5e0v,0
njeL2.jpg,njeL2,mjxL2,0
0RqL6.jpg,0RqL6,2BqL6,0
q6BWl.jpg,q6BWl,76BWi,0
MArg1.jpg,MArg1,Mnrg2,0
2r0v9.jpg,2r0v9,2r0V8,0
hUw56.jpg,hUw56,h1w56,0
1wrk9.jpg,1wrk9,1vrK9,0
6QS4N.jpg,6QS4N,6OEjA,0
lxxnO.jpg,lxxnO,lXsmO,0
Llgy5.jpg,Llgy5,Ljev5,0
nuEwf.jpg,nuEwf,haEWf,0
6byMr.jpg,6byMr,Sb9Mr,0
Tboab.jpg,Tboab,1Nv2b,0
by46i.jpg,by46i,2y46i,0
97eu6.jpg,97eu6,9ZeuG,0
0nxct.jpg,0nxct,0mXcl,0
I6tFT.jpg,I6tFT,d6i92,0
diPy2.jpg,diPy2,dnFy2,0
4BATW.jpg,4BATW,zBA1W,0
qwBu8.jpg,qwBu8,qWEh8,0
77mPn.jpg,77mPn,zlW2s,0
zvS5A.jpg,zvS5A,7v9DA,0
xv05U.jpg,xv05U,Kv05L,0
1VaMY.jpg,1VaMY,1VaAY,0
v8bE2.jpg,v8bE2,VRbC2,0
54ePO.jpg,54ePO,31ePC,0
nt3bQ.jpg,nt3bQ,mt3bQ,0
bNnxW.jpg,bNnxW,bNqZW,0
M2yrg.jpg,M2yrg,A2jE9,0
s1m9n.jpg,s1m9n,s1m9h,0
lgXV7.jpg,lgXV7,LgKV7,0
mwgfh.jpg,mwgfh,mvSfH,0
5B66N.jpg,5B66N,3BvGA,0
824B9.jpg,824B9,8j4F9,0
Yu028.jpg,Yu028,YuD28,0
9WFvL.jpg,9WFvL,9WFvL,1
xWdMz.jpg,xWdMz,xWdA2,0
9u7Ze.jpg,9u7Ze,9hPZc,0
FY0aQ.jpg,FY0aQ,FY0zQ,0
AVOLS.jpg,AVOLS,4VOI3,0
SOv5O.jpg,SOv5O,3AvkO,0
jElB5.jpg,jElB5,yEi02,0
gQ15h.jpg,gQ15h,K015n,0
85shG.jpg,85shG,85xHC,0
EdWXK.jpg,EdWXK,5dW7K,0
B0rRP.jpg,B0rRP,B01XP,0
jwel7.jpg,jwel7,jWeL7,0
Ljzpk.jpg,Ljzpk,L9zpK,0
8CRHA.jpg,8CRHA,3CRU4,0
2S19u.jpg,2S19u,2S10u,0
27970.jpg,27970,27Hy0,0
D2V4a.jpg,D2V4a,D2U4a,0
Sf876.jpg,Sf876,SfP76,0
f9m17.jpg,f9m17,E9m17,0
L2kyl.jpg,L2kyl,L2Kvj,0
4FZpl.jpg,4FZpl,AF2pt,0
yB1J8.jpg,yB1J8,uP1J8,0
lLPwR.jpg,lLPwR,fLDW8,0
Vluma.jpg,Vluma,VEGme,0
S4k45.jpg,S4k45,SmI45,0
29N68.jpg,29N68,2yHG3,0
83Ij8.jpg,83Ij8,dwry9,0
DktLD.jpg,DktLD,uK7Lb,0
dx9Hz.jpg,dx9Hz,dX9Hz,0
7i348.jpg,7i348,7v348,0
90LPl.jpg,90LPl,9hzPT,0
b51M9.jpg,b51M9,p51M9,0
V0o14.jpg,V0o14,VpGF4,0
qiqdn.jpg,qiqdn,0IGdm,0
5Txw9.jpg,5Txw9,57xm0,0
1Cq4D.jpg,1Cq4D,YCq4D,0
nz4I4.jpg,nz4I4,nz4T9,0
VN8RX.jpg,VN8RX,VA6RX,0
W9Z12.jpg,W9Z12,H8R12,0
dem61.jpg,dem61,dvm51,0
54p2u.jpg,54p2u,54p2u,1
ziXGZ.jpg,ziXGZ,zIKC4,0
3B14Z.jpg,3B14Z,3B14Z,1
wjzBR.jpg,wjzBR,wjzGK,0
glLlx.jpg,glLlx,g4OlK,0
fuf36.jpg,fuf36,Kui26,0
55tbI.jpg,55tbI,25tpj,0
gBLN4.jpg,gBLN4,oBLV4,0
H026b.jpg,H026b,W0ZGb,0
ggD79.jpg,ggD79,qpA73,0
e5dIS.jpg,e5dIS,vb413,0
hK8O9.jpg,hK8O9,hK8C9,0
S6326.jpg,S6326,N03ZE,0
HMeKd.jpg,HMeKd,HM9Rg,0
W7CjC.jpg,W7CjC,W7sjO,0
x3EDd.jpg,x3EDd,x3E0d,0
7WEm9.jpg,7WEm9,7VEm9,0
T84sR.jpg,T84sR,784sK,0
0w7mJ.jpg,0w7mJ,0M7pi,0
9XwgC.jpg,9XwgC,5XhaC,0
vsPhV.jpg,vsPhV,qSPhV,0
4hmqw.jpg,4hmqw,4bT9M,0
G2N86.jpg,G2N86,C2A8j,0
Fv4i2.jpg,Fv4i2,Ev4i2,0
xJwCu.jpg,xJwCu,XjmCu,0
Q93kW.jpg,Q93kW,d9zkW,0
Lj168.jpg,Lj168,tjTb3,0
jj3R5.jpg,jj3R5,IvZR5,0
IX70r.jpg,IX70r,hK70c,0
Daq8n.jpg,Daq8n,DxgSh,0
9Wmha.jpg,9Wmha,9Vmla,0
091sZ.jpg,091sZ,091sZ,1
BdkUB.jpg,BdkUB,makUB,0
VIj4A.jpg,VIj4A,VIp4A,0
e0k41.jpg,e0k41,a0K41,0
18b51.jpg,18b51,i0m5W,0
NKZRy.jpg,NKZRy,MK23y,0
e16F4.jpg,e16F4,cV6F4,0
bwSGm.jpg,bwSGm,bvSCn,0
GL7ui.jpg,GL7ui,GL3ui,0
Vv163.jpg,Vv163,Up163,0
k5BaB.jpg,k5BaB,K5Ra0,0
x5QdJ.jpg,x5QdJ,xSQdj,0
0E917.jpg,0E917,0Ev1Z,0
098Xt.jpg,098Xt,u9Kj4,0
xiysM.jpg,xiysM,3fysA,0
yLCx5.jpg,yLCx5,yIQX5,0
D8met.jpg,D8met,D8mzf,0
mP02G.jpg,mP02G,mBV2C,0
T2M8X.jpg,T2M8X,T2w8K,0
EK65O.jpg,EK65O,EH630,0
EWqoL.jpg,EWqoL,PWq2i,0
Gb9yw.jpg,Gb9yw,f59yw,0
Z488N.jpg,Z488N,C43vM,0
R2tic.jpg,R2tic,BZtjc,0
EA1zM.jpg,EA1zM,EA1zm,0
2nEiC.jpg,2nEiC,2nc1Q,0
P086U.jpg,P086U,PZx6U,0
Do1ag.jpg,Do1ag,D613y,0
FyKwO.jpg,FyKwO,FyKwC,0
4V09c.jpg,4V09c,4V02r,0
ZG6dX.jpg,ZG6dX,ZGodX,0
FWkv8.jpg,FWkv8,IWkv3,0
99091.jpg,99091,cwDX1,0
Y3bXi.jpg,Y3bXi,YabKi,0
a5NeS.jpg,a5NeS,uTMc3,0
lm8I0.jpg,lm8I0,zm3Y0,0
a3jBR.jpg,a3jBR,a3iDR,0
YIG5Q.jpg,YIG5Q,TiGbm,0
esC8b.jpg,esC8b,esV8b,0
D77gu.jpg,D77gu,DA7gu,0
irUn8.jpg,irUn8,icUn8,0
nBq7X.jpg,nBq7X,nBq1K,0
VOi4B.jpg,VOi4B,VOi3Z,0
m20yZ.jpg,m20yZ,m30VI,0
Sy8w4.jpg,Sy8w4,SyZw4,0
2Fqkw.jpg,2Fqkw,2fgkw,0
OmPCh.jpg,OmPCh,0m2CH,0
K65PX.jpg,K65PX,k63PZ,0
QmdCa.jpg,QmdCa,0mjEa,0
8MEF4.jpg,8MEF4,8McT4,0
8sD0E.jpg,8sD0E,85D4E,0
3STI6.jpg,3STI6,2STj6,0
u9g5O.jpg,u9g5O,u9pkC,0
E2m42.jpg,E2m42,k2m47,0
t75kY.jpg,t75kY,ej5kY,0
RTm1n.jpg,RTm1n,8TW4e,0
1MsYN.jpg,1MsYN,7MsYF,0
jpXYX.jpg,jpXYX,jpwYX,0
V13HW.jpg,V13HW,vc2EW,0
U9H2s.jpg,U9H2s,U9KZx,0
TA2Gm.jpg,TA2Gm,7A2Gy,0
LcY9w.jpg,LcY9w,LcY9m,0
bB9wf.jpg,bB9wf,bB4wI,0
hMXr6.jpg,hMXr6,hUXi6,0
6Zoq1.jpg,6Zoq1,5Zvq1,0
qYoF1.jpg,qYoF1,qY6E1,0
FuIbl.jpg,FuIbl,FaO9k,0
677V9.jpg,677V9,6i4Y9,0
iqA7s.jpg,iqA7s,iqA7s,1
mo1uv.jpg,mo1uv,m57iV,0
3939f.jpg,3939f,2WA9r,0
1aX06.jpg,1aX06,1nKD5,0
952Zc.jpg,952Zc,N52LC,0
2Y2nb.jpg,2Y2nb,ZYPm6,0
84QlE.jpg,84QlE,84mJE,0
9621C.jpg,9621C,9n21C,0
FWDSz.jpg,FWDSz,fMDSz,0
c520h.jpg,c520h,c520h,1
fV2EA.jpg,fV2EA,fv2BA,0
N0M2G.jpg,N0M2G,h0Mzc,0
a21Hj.jpg,a21Hj,O21HJ,0
8rhb9.jpg,8rhb9,8rNw9,0
cvtKR.jpg,cvtKR,dvtWR,0
DSeYX.jpg,DSeYX,D3eyX,0
7YS1C.jpg,7YS1C,7Ym8C,0
WmPYm.jpg,WmPYm,wmPXi,0
0JgPU.jpg,0JgPU,0Ig2U,0
OGJ4J.jpg,OGJ4J,DSJ4w,0
763iS.jpg,763iS,7K2iS,0
60B75.jpg,60B75,6vp7S,0
xeLg1.jpg,xeLg1,Kcbg1,0
wRW0Q.jpg,wRW0Q,vRj0G,0
2j8C0.jpg,2j8C0,4j8c0,0
7Q5T5.jpg,7Q5T5,70kH5,0
s2Pd3.jpg,s2Pd3,s2Rd3,0
WgYMW.jpg,WgYMW,wqYAL,0
Z687s.jpg,Z687s,Z6WYs,0
0l1fP.jpg,0l1fP,qiHfP,0
9P55y.jpg,9P55y,9AbJV,0
lOMq8.jpg,lOMq8,1OMq8,0
6AZ8A.jpg,6AZ8A,GKZ8A,0
O2gks.jpg,O2gks,028ks,0
WBZSh.jpg,WBZSh,VB7Sh,0
5Y980.jpg,5Y980,5Y980,1
cQ37j.jpg,cQ37j,c027k,0
TsgTG.jpg,TsgTG,ms97C,0
DAikp.jpg,DAikp,DAjkg,0
8xZ46.jpg,8xZ46,3xZ46,0
hkNK8.jpg,hkNK8,7kDm8,0
U1La9.jpg,U1La9,U1ka9,0
4sp8X.jpg,4sp8X,1spBK,0
T250b.jpg,T250b,T2S0b,0
Bu47m.jpg,Bu47m,8u47m,0
ogcj9.jpg,ogcj9,MGej9,0
UidJB.jpg,UidJB,UiZ9p,0
RVHVA.jpg,RVHVA,RyiMA,0
eCOr5.jpg,eCOr5,etD75,0
jKzGg.jpg,jKzGg,jKzCg,0
V6sdy.jpg,V6sdy,M63dj,0
BDvl0.jpg,BDvl0,2AYI0,0
PyQU1.jpg,PyQU1,PvQb1,0
jXYce.jpg,jXYce,jKYue,0
Zy86X.jpg,Zy86X,2yB6K,0
4AnAt.jpg,4AnAt,JAw9t,0
q16Dx.jpg,q16Dx,q16Dx,1
44doh.jpg,44doh,4wjph,0
ah8F8.jpg,ah8F8,qh8Y3,0
bMaM5.jpg,bMaM5,CNal5,0
88rSe.jpg,88rSe,0XrSe,0
3Z58K.jpg,3Z58K,27beK,0
i9tXh.jpg,i9tXh,pGfXh,0
TGaL0.jpg,TGaL0,TS2k0,0
QMpP9.jpg,QMpP9,0HbP9,0
REwOX.jpg,REwOX,RcwOX,0
3l760.jpg,3l760,3l760,1
GavCH.jpg,GavCH,qavCh,0
u27KE.jpg,u27KE,u27KE,1
0Y4r9.jpg,0Y4r9,uV4r9,0
H7au6.jpg,H7au6,H7av5,0
s80xN.jpg,s80xN,8j0xA,0
W8129.jpg,W8129,W8129,1
nGxhB.jpg,nGxhB,mCxHE,0
Hd8QD.jpg,Hd8QD,Z48QD,0
6fjGk.jpg,6fjGk,4rjCk,0
0i7KJ.jpg,0i7KJ,0r7AJ,0
mF4e2.jpg,mF4e2,WF4c2,0
9bYqR.jpg,9bYqR,9bYqR,1
SXFNh.jpg,SXFNh,sWzNh,0
1OqA9.jpg,1OqA9,cDxd9,0
mi07b.jpg,mi07b,miO7b,0
tuSXJ.jpg,tuSXJ,fu5KJ,0
OSIJ3.jpg,OSIJ3,0Srd2,0
6gN76.jpg,6gN76,bgH7S,0
4OLTr.jpg,4OLTr,4oL7r,0
03BYU.jpg,03BYU,03BYj,0
5i846.jpg,5i846,5i8m6,0
9uJOQ.jpg,9uJOQ,9hJDA,0
DpL54.jpg,DpL54,DpI54,0
gLT3e.jpg,gLT3e,yLT2e,0
JbcDE.jpg,JbcDE,JbcOK,0
vg5C1.jpg,vg5C1,VgrC1,0
8I3Qq.jpg,8I3Qq,8tTQc,0
e6gH9.jpg,e6gH9,e6yA9,0
yB0LY.jpg,yB0LY,uE0fY,0
9X4vL.jpg,9X4vL,8K4mE,0
IfNch.jpg,IfNch,YPXob,0
WI7ce.jpg,WI7ce,Hl7cq,0
Pxi86.jpg,Pxi86,2Xid6,0
T03KV.jpg,T03KV,103Hv,0
i89Wf.jpg,i89Wf,i8OWT,0
i1GP8.jpg,i1GP8,r1w28,0
6g9Mz.jpg,6g9Mz,by9MZ,0
Z536Q.jpg,Z536Q,Z536O,0
5Q6Td.jpg,5Q6Td,5061d,0
0ZdGl.jpg,0ZdGl,02JCl,0
OV6Ji.jpg,OV6Ji,OV8Ji,0
1Jnol.jpg,1Jnol,3dncl,0
N4F1D.jpg,N4F1D,K6y10,0
PWmJ0.jpg,PWmJ0,PUm30,0
YK7js.jpg,YK7js,VH7i3,0
VyAt3.jpg,VyAt3,UyAt5,0
52RAJ.jpg,52RAJ,v2RAJ,0
8g6o7.jpg,8g6o7,2mbo1,0
jcw2r.jpg,jcw2r,1cW2r,0
L2mXY.jpg,L2mXY,LzmXJ,0
Q4IkL.jpg,Q4IkL,O4jKL,0
R4dq9.jpg,R4dq9,E4mv3,0
wCL3P.jpg,wCL3P,mCbX2,0
6XLAz.jpg,6XLAz,6KlPz,0
6oAVr.jpg,6oAVr,GoAUF,0
jRLkW.jpg,jRLkW,7RLkv,0
w5zGC.jpg,w5zGC,MAzSC,0
9Dv2Z.jpg,9Dv2Z,SBV2k,0
gRiv3.jpg,gRiv3,QHiV3,0
zJeNI.jpg,zJeNI,2J6Ai,0
66FJQ.jpg,66FJQ,svFJQ,0
odV5e.jpg,odV5e,0jM5Z,0
uFgFy.jpg,uFgFy,uAgEY,0
jlt3n.jpg,jlt3n,jI43n,0
XbNpr.jpg,XbNpr,K5Npc,0
iZwj6.jpg,iZwj6,izmy6,0
OsWA0.jpg,OsWA0,OrKA2,0
T27s0.jpg,T27s0,W27s0,0
lLSJz.jpg,lLSJz,tCSJz,0
f70sS.jpg,f70sS,fT0sw,0
aXRvI.jpg,aXRvI,eKBVI,0
gX5WB.jpg,gX5WB,gXfVB,0
czYwF.jpg,czYwF,czYuF,0
jJ92u.jpg,jJ92u,iJ92m,0
d0VN6.jpg,d0VN6,d0VA6,0
M7L2Y.jpg,M7L2Y,njE2V,0
Re003.jpg,Re003,BeQl3,0
V8a7i.jpg,V8a7i,M6a7i,0
1NevV.jpg,1NevV,1A6xU,0
548re.jpg,548re,548ra,0
xAgsz.jpg,xAgsz,xAgVJ,0
BnxDc.jpg,BnxDc,5nKDc,0
77iQ8.jpg,77iQ8,Jyi03,0
cPRnn.jpg,cPRnn,cIRph,0
504Z1.jpg,504Z1,S0421,0
2UFE8.jpg,2UFE8,2UPE3,0
7efBu.jpg,7efBu,7cfRU,0
5rsnP.jpg,5rsnP,5lemP,0
r8IV0.jpg,r8IV0,r21W0,0
t0Fi4.jpg,t0Fi4,Y0Ew4,0
lEon9.jpg,lEon9,1E6n9,0
Q5zyH.jpg,Q5zyH,052YA,0
W86TT.jpg,W86TT,W36zT,0
EOg2W.jpg,EOg2W,Ej27W,0
3x6jT.jpg,3x6jT,3w6jT,0
5u4GT.jpg,5u4GT,5m4CI,0
1ZjeN.jpg,1ZjeN,32icM,0
u5508.jpg,u5508,w5I08,0
3z96M.jpg,3z96M,3iO6H,0
4M4Gp.jpg,4M4Gp,zM4Cp,0
6KOpn.jpg,6KOpn,5HCpu,0
xs514.jpg,xs514,Xg51Q,0
z2Q5E.jpg,z2Q5E,x2C5E,0
3s2q2.jpg,3s2q2,TFLQ2,0
rF9gU.jpg,rF9gU,hT9zU,0
T22ya.jpg,T22ya,F42Vn,0
SS2kF.jpg,SS2kF,Su2kE,0
O9MdI.jpg,O9MdI,D9Ad1,0
3uTcB.jpg,3uTcB,3u1cB,0
A2DeF.jpg,A2DeF,A2DuF,0
2Fbf8.jpg,2Fbf8,2RwI8,0
38UG6.jpg,38UG6,2nUC6,0
6Re74.jpg,6Re74,5Ke74,0
7IY9Q.jpg,7IY9Q,7hY9D,0
80SqI.jpg,80SqI,80YmI,0
KRuI9.jpg,KRuI9,xBu19,0
L00U8.jpg,L00U8,jv0Ux,0
H1Ln0.jpg,H1Ln0,H3Lp0,0
9GSR8.jpg,9GSR8,9C8P4,0
uVqqO.jpg,uVqqO,mU9sO,0
156ym.jpg,156ym,15Cvm,0
8IdIi.jpg,8IdIi,3WcLj,0
Kbvpj.jpg,Kbvpj,KbVPj,0
LQEBQ.jpg,LQEBQ,LGrBn,0
fj7Ew.jpg,fj7Ew,BjZeW,0
85NE0.jpg,85NE0,8zwL0,0
6m9e1.jpg,6m9e1,Gm9c1,0
2R6mT.jpg,2R6mT,2A6m1,0
eAUZZ.jpg,eAUZZ,eAUYZ,0
c98k5.jpg,c98k5,c78K5,0
liGb3.jpg,liGb3,lrwb3,0
4QAv6.jpg,4QAv6,40ZV5,0
91LxO.jpg,91LxO,91Lx0,0
DYnm6.jpg,DYnm6,DYnM6,0
pm228.jpg,pm228,pW578,0
Nkb8e.jpg,Nkb8e,Ak53c,0
PUi39.jpg,PUi39,FHi2c,0
aBx9T.jpg,aBx9T,u6x91,0
nT019.jpg,nT019,mE01s,0
87Tu8.jpg,87Tu8,K7Tu2,0
pN2y8.jpg,pN2y8,0M2y8,0
OmVuT.jpg,OmVuT,OZVuT,0
5BKnW.jpg,5BKnW,eEkgW,0
ovfYP.jpg,ovfYP,ewfXh,0
8a96g.jpg,8a96g,8a9fq,0
Q1HTu.jpg,Q1HTu,Q153v,0
j1CyR.jpg,j1CyR,j1CV8,0
jYXOY.jpg,jYXOY,jVX0t,0
525QR.jpg,525QR,5zjOR,0
q90Lf.jpg,q90Lf,axQk7,0
3HGNv.jpg,3HGNv,2LCNv,0
r08jt.jpg,r08jt,r02Jt,0
ke3LZ.jpg,ke3LZ,Kc3T7,0
tf9CP.jpg,tf9CP,t7aCP,0
3yUkI.jpg,3yUkI,3yUK1,0
7L17L.jpg,7L17L,7w1xi,0
8CsyH.jpg,8CsyH,8CpyH,0
LeTT7.jpg,LeTT7,te9Tf,0
b1gBm.jpg,b1gBm,b19Rm,0
2eI0o.jpg,2eI0o,XwI0c,0
WyJEu.jpg,WyJEu,H73Eo,0
Lfhzv.jpg,Lfhzv,LfN2v,0
SghBL.jpg,SghBL,8yhB1,0
es9iE.jpg,es9iE,ax31E,0
g2T0k.jpg,g2T0k,g210K,0
6lCJs.jpg,6lCJs,BhCJs,0
XwG0X.jpg,XwG0X,zmi0X,0
EUQUG.jpg,EUQUG,EUQv6,0
9k7jh.jpg,9k7jh,3k7jn,0
r716g.jpg,r716g,r7W59,0
zWDKH.jpg,zWDKH,2v0KH,0
V757x.jpg,V757x,M75Cx,0
6FDPZ.jpg,6FDPZ,6EDP2,0
A8FMN.jpg,A8FMN,a8FMN,0
4OYtJ.jpg,4OYtJ,40MrJ,0
kSvef.jpg,kSvef,M3vnf,0
7d5E5.jpg,7d5E5,7d5Ex,0
sivH8.jpg,sivH8,cCwH8,0
Wz3xT.jpg,Wz3xT,Wg3rD,0
P5Z85.jpg,P5Z85,v578n,0
QSJs5.jpg,QSJs5,0ZJx5,0
2GF9J.jpg,2GF9J,2CF8J,0
D600o.jpg,D600o,D51Ao,0
2937H.jpg,2937H,2937H,1
2604k.jpg,2604k,2604k,1
Yqq14.jpg,Yqq14,Ygzl4,0
qQI9Z.jpg,qQI9Z,qw19Z,0
Z6j0z.jpg,Z6j0z,75j0x,0
D5UH8.jpg,D5UH8,Z3Hwe,0
4C6pi.jpg,4C6pi,3CAps,0
QuIRS.jpg,QuIRS,0uIB2,0
89Hjx.jpg,89Hjx,8OHjx,0
2f0xe.jpg,2f0xe,2I0xe,0
i0M4O.jpg,i0M4O,jnM4O,0
oR8ae.jpg,oR8ae,sP1de,0
0cY9x.jpg,0cY9x,dET9K,0
2410Q.jpg,2410Q,2410Q,1
M4WwR.jpg,M4WwR,74VuB,0
hNt9m.jpg,hNt9m,hMt3p,0
MP419.jpg,MP419,KD4i9,0
UgABH.jpg,UgABH,tg3BH,0
zptN0.jpg,zptN0,Zp5A0,0
yTlrY.jpg,yTlrY,yTlc4,0
eZNfX.jpg,eZNfX,05HfX,0
c1NQ6.jpg,c1NQ6,z1MQ5,0
cgt26.jpg,cgt26,cwf2K,0
81u6I.jpg,81u6I,8Ju6r,0
7N7bs.jpg,7N7bs,ZNvbs,0
0aA2o.jpg,0aA2o,UrN2c,0
c8U3n.jpg,c8U3n,C8U1n,0
W2149.jpg,W2149,M21a9,0
qf82H.jpg,qf82H,qf8zH,0
26N0u.jpg,26N0u,26N0u,1
V66ck.jpg,V66ck,V46rR,0
SVZfa.jpg,SVZfa,3VZfa,0
wGulH.jpg,wGulH,WGb1R,0
jiP2C.jpg,jiP2C,jhp2C,0
h9H0K.jpg,h9H0K,b3H0K,0
H8229.jpg,H8229,Hta3S,0
Ju9eH.jpg,Ju9eH,Ju9eH,1
1Oj9U.jpg,1Oj9U,1Cj9V,0
5iC4E.jpg,5iC4E,5jC4k,0
8D3ug.jpg,8D3ug,8Dzug,0
qUe0J.jpg,qUe0J,gUZmJ,0
Odm85.jpg,Odm85,CdmX5,0
qC7n9.jpg,qC7n9,qC7h9,0
rRdj1.jpg,rRdj1,rBd71,0
zvRRn.jpg,zvRRn,zLXPh,0
79eki.jpg,79eki,79mxU,0
2R66b.jpg,2R66b,2HOSb,0
ip98s.jpg,ip98s,iN9Ws,0
3Xqm2.jpg,3Xqm2,3Kgmj,0
wMPNE.jpg,wMPNE,gd2WE,0
eC17d.jpg,eC17d,eC17d,1
be7mO.jpg,be7mO,Ke7mU,0
Zk439.jpg,Zk439,7K430,0
YoIim.jpg,YoIim,YoEAm,0
ExamT.jpg,ExamT,Ex9mT,0
n8iwW.jpg,n8iwW,p8kvW,0
Z5ah0.jpg,Z5ah0,z5ah0,0
Tqq22.jpg,Tqq22,T4okP,0
83Jn3.jpg,83Jn3,82JC4,0
598B7.jpg,598B7,5C8D7,0
rifT9.jpg,rifT9,AuFT3,0
QnYr4.jpg,QnYr4,QnYz4,0
5qaCe.jpg,5qaCe,5TuCe,0
9SNSL.jpg,9SNSL,05NGL,0
4NO8P.jpg,4NO8P,4M03P,0
65SWo.jpg,65SWo,6l3Hp,0
fR0Tx.jpg,fR0Tx,fR0JX,0
6LdOO.jpg,6LdOO,ekdZO,0
508aA.jpg,508aA,L03jA,0
CW5h2.jpg,CW5h2,CW5h2,1
AtT8X.jpg,AtT8X,AtT8X,1
mGuk4.jpg,mGuk4,mV0k4,0
Jm0vv.jpg,Jm0vv,Jm0at,0
rb5bf.jpg,rb5bf,rh30f,0
r7cqE.jpg,r7cqE,r7Cqk,0
Hqx4y.jpg,Hqx4y,Hox4y,0
KeoQd.jpg,KeoQd,FCo7d,0
19ued.jpg,19ued,19wcd,0
FlZh8.jpg,FlZh8,FlZh3,0
O85pC.jpg,O85pC,085PC,0
qoA18.jpg,qoA18,voM18,0
TzRY4.jpg,TzRY4,IzBV4,0
sQaq7.jpg,sQaq7,sCJq7,0
59JqM.jpg,59JqM,59IaM,0
q1SBY.jpg,q1SBY,g1SbY,0
4b0o2.jpg,4b0o2,45mc2,0
398Kc.jpg,398Kc,398hC,0
6Wz4G.jpg,6Wz4G,6M24C,0
ekLDI.jpg,ekLDI,ek3DT,0
3tN72.jpg,3tN72,3twP6,0
JGnlY.jpg,JGnlY,26miT,0
Xmfzt.jpg,Xmfzt,Knfzt,0
Xe9gz.jpg,Xe9gz,Ke9yz,0
DgDPw.jpg,DgDPw,Cgb2W,0
aF8QC.jpg,aF8QC,aF7QL,0
3276E.jpg,3276E,32y6E,0
LcB8E.jpg,LcB8E,LzB9C,0
Uxt9n.jpg,Uxt9n,UXi9n,0
qM76f.jpg,qM76f,qM7Bf,0
g1vLA.jpg,g1vLA,STvLA,0
640TZ.jpg,640TZ,640TZ,1
sIV05.jpg,sIV05,eJV05,0
R20Hq.jpg,R20Hq,R20Hq,1
05zzl.jpg,05zzl,05zw1,0
51k2X.jpg,51k2X,31H2X,0
cQX3L.jpg,cQX3L,cOK3I,0
F077h.jpg,F077h,E03ZH,0
h80rp.jpg,h80rp,h80rw,0
JsJ7K.jpg,JsJ7K,Je07H,0
tgSH0.jpg,tgSH0,ts2H0,0
ZaO8M.jpg,ZaO8M,2xD6H,0
O1KxS.jpg,O1KxS,01KyS,0
uYwOT.jpg,uYwOT,bXnSF,0
8ogkT.jpg,8ogkT,3ogK1,0
j54fk.jpg,j54fk,j54CK,0
BtEIG.jpg,BtEIG,8vEjC,0
8Q8Mt.jpg,8Q8Mt,pQ6H1,0
zb3n3.jpg,zb3n3,ZbQm3,0
tAgIL.jpg,tAgIL,6AgrL,0
Xeg8e.jpg,Xeg8e,M4u8C,0
F1J1B.jpg,F1J1B,F4J7o,0
D0MMz.jpg,D0MMz,p0wY2,0
35YL5.jpg,35YL5,30YLh,0
UuQ9U.jpg,UuQ9U,VmO2T,0
AY1o2.jpg,AY1o2,AYLc2,0
hzNH8.jpg,hzNH8,hZwH3,0
9bGMn.jpg,9bGMn,8bCMa,0
hYrfy.jpg,hYrfy,hYefg,0
0N27B.jpg,0N27B,0M278,0
riT02.jpg,riT02,riT02,1
v8CZ1.jpg,v8CZ1,V3Cz1,0
7vb66.jpg,7vb66,7vh6g,0
7dB12.jpg,7dB12,7dRT2,0
J611a.jpg,J611a,M6r1a,0
4g4xe.jpg,4g4xe,4gHke,0
Zf848.jpg,Zf848,ZIS40,0
GvBOi.jpg,GvBOi,Gv80j,0
m1DBw.jpg,m1DBw,n1D8W,0
r9f5f.jpg,r9f5f,zV15f,0
01JbE.jpg,01JbE,01dbE,0
myDb0.jpg,myDb0,mXDt0,0
6Pt4a.jpg,6Pt4a,6Pj4a,0
05Sq4.jpg,05Sq4,05Sg4,0
4744K.jpg,4744K,a709B,0
UMSmn.jpg,UMSmn,tA3uz,0
BM44A.jpg,BM44A,BMg4A,0
bJVwh.jpg,bJVwh,b2Vmh,0
36R7r.jpg,36R7r,36RZr,0
b6y08.jpg,b6y08,hc7Q3,0
nuj1B.jpg,nuj1B,myi48,0
fY44h.jpg,fY44h,fT8z5,0
UJ8Pb.jpg,UJ8Pb,UJAzh,0
WfV6F.jpg,WfV6F,WTU6E,0
R98DR.jpg,R98DR,H9xDi,0
nGZ23.jpg,nGZ23,nGI23,0
QM0Gc.jpg,QM0Gc,rM06s,0
Bxft9.jpg,Bxft9,8Klt9,0
Edq6m.jpg,Edq6m,Edy6W,0
v1JPv.jpg,v1JPv,GTh2x,0
5G6xB.jpg,5G6xB,5C4XU,0
6RGyw.jpg,6RGyw,6RGyw,1
LhFY0.jpg,LhFY0,thPY0,0
zj9FA.jpg,zj9FA,Zj9PA,0
LNl3E.jpg,LNl3E,LHl3c,0
X67wR.jpg,X67wR,x61wF,0
9H5tw.jpg,9H5tw,0H5tu,0
Ui3kn.jpg,Ui3kn,Ui3Em,0
cWweR.jpg,cWweR,cWx2Q,0
1Ru76.jpg,1Ru76,1Ha75,0
630cm.jpg,630cm,63Usm,0
j7IIt.jpg,j7IIt,p7wKt,0
S89qi.jpg,S89qi,Sb9al,0
UCfBk.jpg,UCfBk,mCfBK,0
Qxu2V.jpg,Qxu2V,Cxn2M,0
68qhg.jpg,68qhg,fJyhQ,0
gVnn6.jpg,gVnn6,PUAm6,0
8cFxb.jpg,8cFxb,AcFxb,0
nSbcr.jpg,nSbcr,n3bGr,0
X4Xst.jpg,X4Xst,A4YSI,0
9Hn8Z.jpg,9Hn8Z,9Hn37,0
6OqS5.jpg,6OqS5,0Zy35,0
zGpK5.jpg,zGpK5,7vDH5,0
yAYUz.jpg,yAYUz,9AT0z,0
ZR9HK.jpg,ZR9HK,7B0HK,0
OnOsM.jpg,OnOsM,Cn93K,0
xPRGK.jpg,xPRGK,XDRGW,0
cZ9Xl.jpg,cZ9Xl,cZ9mh,0
YVowD.jpg,YVowD,j1GWP,0
kJb24.jpg,kJb24,KJb24,0
k68CU.jpg,k68CU,ky8CU,0
r91X4.jpg,r91X4,r9TK4,0
2GM2G.jpg,2GM2G,2fHjG,0
f0WYM.jpg,f0WYM,faWTM,0
VZ6gv.jpg,VZ6gv,MZ6gv,0
O7Hm0.jpg,O7Hm0,OzHw6,0
1Bs2X.jpg,1Bs2X,1Es2K,0
c55mo.jpg,c55mo,C45mo,0
ipRJD.jpg,ipRJD,lpA3O,0
Ubitv.jpg,Ubitv,0hiCy,0
16S6d.jpg,16S6d,1mS6A,0
571pH.jpg,571pH,571pH,1
0B8C0.jpg,0B8C0,9R1Cy,0
k54H3.jpg,k54H3,kC4H3,0
K5OSk.jpg,K5OSk,Tc0Jk,0
C6gC2.jpg,C6gC2,t6yD2,0
th0rc.jpg,th0rc,th0xc,0
GEC3r.jpg,GEC3r,WbC2r,0
XdQAH.jpg,XdQAH,XdCAH,0
2I4D5.jpg,2I4D5,2T4D5,0
x3j88.jpg,x3j88,K3jPG,0
889Bu.jpg,889Bu,z89Tu,0
Ns2k7.jpg,Ns2k7,Na9k7,0
Mb6B1.jpg,Mb6B1,HpGdT,0
oJ3r9.jpg,oJ3r9,cjXr9,0
593hI.jpg,593hI,594hT,0
8GCX4.jpg,8GCX4,3GtK4,0
6ri7N.jpg,6ri7N,5rk74,0
m0rL8.jpg,m0rL8,m0fL3,0
q4kQa.jpg,q4kQa,g4EQ3,0
D82F8.jpg,D82F8,D92FB,0
MG2xA.jpg,MG2xA,VCjXA,0
c9ori.jpg,c9ori,E9sxj,0
T7s23.jpg,T7s23,H7s20,0
24XZ5.jpg,24XZ5,24KL5,0
goZV6.jpg,goZV6,gA2V6,0
FXwX9.jpg,FXwX9,FMw3g,0
6CK77.jpg,6CK77,5DH21,0
30J5y.jpg,30J5y,2QJ6y,0
0JBBU.jpg,0JBBU,0xZpM,0
FDLJO.jpg,FDLJO,EDL30,0
8Jzia.jpg,8Jzia,8Jzin,0
aZxao.jpg,aZxao,3ZxHQ,0
2347n.jpg,2347n,2Sd7n,0
29QnG.jpg,29QnG,29Qh6,0
qTC76.jpg,qTC76,nTC26,0
3QjB1.jpg,3QjB1,3Cxbl,0
yNF10.jpg,yNF10,vNE40,0
uC6kk.jpg,uC6kk,uc63K,0
14bBE.jpg,14bBE,i4bRC,0
GfFFg.jpg,GfFFg,G1MFa,0
1w6Q6.jpg,1w6Q6,1KzQ5,0
TkGBJ.jpg,TkGBJ,7k08J,0
X1yVT.jpg,X1yVT,K1pVT,0
1z3pH.jpg,1z3pH,lZ3pH,0
6nrQV.jpg,6nrQV,6mZQW,0
IeRo7.jpg,IeRo7,ieB07,0
g63Jh.jpg,g63Jh,eQ3Jh,0
zbO25.jpg,zbO25,ybOAS,0
zU7FF.jpg,zU7FF,zW7DS,0
enX6R.jpg,enX6R,inX6P,0
7dg9k.jpg,7dg9k,7dg3H,0
qXgx7.jpg,qXgx7,qX6Cf,0
3W2yJ.jpg,3W2yJ,9K2rJ,0
238XF.jpg,238XF,23GKF,0
12mxE.jpg,12mxE,12mxE,1
BCX4z.jpg,BCX4z,80X92,0
T6gib.jpg,T6gib,76qib,0
A70Ot.jpg,A70Ot,A70Sl,0
5J36x.jpg,5J36x,BI36X,0
kaOZ1.jpg,kaOZ1,KaCq1,0
l8zIj.jpg,l8zIj,7wzMj,0
to2d3.jpg,to2d3,t0Zd3,0
28Iu1.jpg,28Iu1,28FuV,0
IP9ZF.jpg,IP9ZF,1A92F,0
9UQVR.jpg,9UQVR,9IQMR,0
wP8aJ.jpg,wP8aJ,MDzaJ,0
eiV59.jpg,eiV59,miV59,0
bOy1v.jpg,bOy1v,b0Xfs,0
p0078.jpg,p0078,cJV78,0
16qUw.jpg,16qUw,15aUx,0
Z409b.jpg,Z409b,L1Q9b,0
ifwcK.jpg,ifwcK,JfmcK,0
0Wh4T.jpg,0Wh4T,0Wh4J,0
h65v8.jpg,h65v8,H65v3,0
1wAS7.jpg,1wAS7,1wAST,0
03Rr9.jpg,03Rr9,0VKr9,0
K24Gc.jpg,K24Gc,N24Gc,0
7jnI6.jpg,7jnI6,7jnI6,1
wo4O2.jpg,wo4O2,wbTO2,0
37mHv.jpg,37mHv,87mHv,0
T2GVd.jpg,T2GVd,F2CMn,0
2xQA4.jpg,2xQA4,ExQA4,0
42POP.jpg,42POP,4ZRGp,0
J6DKn.jpg,J6DKn,36DKn,0
hYWcf.jpg,hYWcf,hYwcf,0
3gh9A.jpg,3gh9A,2dL9A,0
3OGZl.jpg,3OGZl,3AGZt,0
qF35P.jpg,qF35P,qf15P,0
7CgAN.jpg,7CgAN,7LgAN,0
bM88O.jpg,bM88O,bMT8C,0
n41d1.jpg,n41d1,w4Zd1,0
z02J9.jpg,z02J9,zmbJ9,0
q6Aj3.jpg,q6Aj3,g6Aj3,0
eN1hd.jpg,eN1hd,cM1bd,0
hSe63.jpg,hSe63,M5pQX,0
7Svfd.jpg,7Svfd,73Vfd,0
Jm0Cw.jpg,Jm0Cw,Jn0CW,0
ONz02.jpg,ONz02,DHrb2,0
RMM9M.jpg,RMM9M,BMr0v,0
f23cQ.jpg,f23cQ,fZ3cy,0
VbcFO.jpg,VbcFO,MbcF0,0
SjON6.jpg,SjON6,S1OA6,0
9j8iu.jpg,9j8iu,9Y8ru,0
mM2Kv.jpg,mM2Kv,m9zkV,0
20H8y.jpg,20H8y,20H3Y,0
q23DG.jpg,q23DG,y2iD6,0
wztFQ.jpg,wztFQ,XztFQ,0
3AuD0.jpg,3AuD0,3RuYC,0
Sy5j2.jpg,Sy5j2,SWbj2,0
EXTaX.jpg,EXTaX,EuTeK,0
855F9.jpg,855F9,8G2ry,0
65qzj.jpg,65qzj,05Wzj,0
P7y0y.jpg,P7y0y,B7n0V,0
061cl.jpg,061cl,063cI,0
788Y0.jpg,788Y0,z3kVu,0
cO51Z.jpg,cO51Z,C051Z,0
kgy7Q.jpg,kgy7Q,kqp7Q,0
1p35O.jpg,1p35O,1p3EC,0
5cM05.jpg,5cM05,TcM05,0
vtv11.jpg,vtv11,dCyhS,0
M497R.jpg,M497R,M497R,1
rg007.jpg,rg007,rso47,0
4S6ox.jpg,4S6ox,4STox,0
wP0Ac.jpg,wP0Ac,wP0Ac,1
ekA9D.jpg,ekA9D,skA9D,0
w367M.jpg,w367M,m367k,0
hdyzF.jpg,hdyzF,bdwzF,0
f8NI0.jpg,f8NI0,f3Al0,0
HRBwe.jpg,HRBwe,H7Bwe,0
TBjS4.jpg,TBjS4,7BiSv,0
xq5S2.jpg,xq5S2,xgH52,0
BGbbY.jpg,BGbbY,BGniY,0
RRnEc.jpg,RRnEc,jRmEe,0
D5mx6.jpg,D5mx6,P3mx6,0
5s48k.jpg,5s48k,5vAdl,0
9A4Q6.jpg,9A4Q6,9ATQp,0
Nx7ty.jpg,Nx7ty,HxZty,0
RdR8V.jpg,RdR8V,KdF3v,0
GQSzJ.jpg,GQSzJ,c0SMJ,0
4u5mD.jpg,4u5mD,4y5mD,0
9359C.jpg,9359C,4359m,0
pXmv2.jpg,pXmv2,pKmV2,0
NiGeR.jpg,NiGeR,M1CaB,0
TFd4p.jpg,TFd4p,Tkd4m,0
1S7hf.jpg,1S7hf,13Zbf,0
Gns45.jpg,Gns45,GMsfP,0
o1ccg.jpg,o1ccg,01Zry,0
02b08.jpg,02b08,o2F78,0
DgKA0.jpg,DgKA0,DyKA0,0
Bx5wY.jpg,Bx5wY,Px5wY,0
8eFdZ.jpg,8eFdZ,8wEd2,0
n99z6.jpg,n99z6,mA926,0
85t6l.jpg,85t6l,8wt6I,0
p34H9.jpg,p34H9,r34HL,0
TxnR0.jpg,TxnR0,7XnA0,0
NzCfE.jpg,NzCfE,MzCf8,0
e6xGR.jpg,e6xGR,e6xQR,0
UWOqB.jpg,UWOqB,UW0qf,0
nHd0D.jpg,nHd0D,nFd0l,0
RDpVU.jpg,RDpVU,ADnV4,0
RAOy3.jpg,RAOy3,RAOy3,1
WP7gR.jpg,WP7gR,wf1gB,0
G129j.jpg,G129j,C129j,0
nYoNY.jpg,nYoNY,zvoHT,0
160s2.jpg,160s2,16Ns2,0
Q4h80.jpg,Q4h80,Y4b80,0
Z4vo1.jpg,Z4vo1,Z4W8j,0
eKttf.jpg,eKttf,oRxtj,0
9smW0.jpg,9smW0,2SrV0,0
2BqVX.jpg,2BqVX,fBoVK,0
jl9Xk.jpg,jl9Xk,ul9Tk,0
7ndLt.jpg,7ndLt,7ndtk,0
R2Z2m.jpg,R2Z2m,B3Ybu,0
4HVD6.jpg,4HVD6,4jvD6,0
2Di6f.jpg,2Di6f,2D16f,0
R30Ci.jpg,R30Ci,A30Cy,0
6PrV3.jpg,6PrV3,6Fiw3,0
ILSJ7.jpg,ILSJ7,1L5N2,0
xHaD9.jpg,xHaD9,xWaD9,0
32AQb.jpg,32AQb,T240b,0
w08sM.jpg,w08sM,a03jM,0
i8DnP.jpg,i8DnP,i8ZuX,0
36xAI.jpg,36xAI,2CxAI,0
03H4e.jpg,03H4e,0SM4e,0
muaE0.jpg,muaE0,my4f0,0
W9hWq.jpg,W9hWq,M9hxa,0
8pxgL.jpg,8pxgL,3WxgI,0
iCkQS.jpg,iCkQS,1CkQS,0
4pz0C.jpg,4pz0C,4mY0C,0
W368U.jpg,W368U,W3r8U,0
e6h80.jpg,e6h80,eG120,0
EU7N8.jpg,EU7N8,EU7M8,0
Y2xxw.jpg,Y2xxw,Y2gfw,0
53rQ8.jpg,53rQ8,5JrC6,0
X9KY7.jpg,X9KY7,x9RU7,0
lx6Ne.jpg,lx6Ne,1x6He,0
f73cj.jpg,f73cj,R7wCi,0
j0x2V.jpg,j0x2V,jDk2U,0
7jFgb.jpg,7jFgb,7iRgb,0
8027Q.jpg,8027Q,8027w,0
0a9tb.jpg,0a9tb,0a3tb,0
iu9ZJ.jpg,iu9ZJ,iu9ZJ,1
Gwk4H.jpg,Gwk4H,Cwb4H,0
8ldqb.jpg,8ldqb,8fJqb,0
dxNjz.jpg,dxNjz,QxBjz,0
qS25y.jpg,qS25y,g425Y,0
E1Q74.jpg,E1Q74,E1O74,0
06idY.jpg,06idY,0SjdT,0
O8Z5Y.jpg,O8Z5Y,Q8ZcY,0
KiAJ7.jpg,KiAJ7,Ht4J7,0
aMmRz.jpg,aMmRz,aMmBZ,0
9BVWK.jpg,9BVWK,9BVWK,1
E818E.jpg,E818E,FG10s,0
EPXkr.jpg,EPXkr,LP0kc,0
0ih3p.jpg,0ih3p,0Lh3p,0
gV3Z1.jpg,gV3Z1,gV3Zi,0
v1Nrz.jpg,v1Nrz,v1Nra,0
633qj.jpg,633qj,638dL,0
lu38N.jpg,lu38N,fu36A,0
FskFQ.jpg,FskFQ,ZsXP0,0
40i5d.jpg,40i5d,40j5d,0
2unp1.jpg,2unp1,ZMGpT,0
Z9d4f.jpg,Z9d4f,Z9d4F,0
6kLT3.jpg,6kLT3,6hLT2,0
75uXT.jpg,75uXT,75UKT,0
23LiD.jpg,23LiD,73CnD,0
3Kv1n.jpg,3Kv1n,2KCIm,0
0DsN9.jpg,0DsN9,CDsA9,0
FJz65.jpg,FJz65,vJN6s,0
l78CU.jpg,l78CU,i78CU,0
8u7CT.jpg,8u7CT,8w7Cr,0
7gC0z.jpg,7gC0z,7gC0x,0
40Y39.jpg,40Y39,4DY39,0
6XhVV.jpg,6XhVV,6rh3V,0
XRnZU.jpg,XRnZU,KSn7t,0
ZzL91.jpg,ZzL91,mzL51,0
k41Fu.jpg,k41Fu,kA1Da,0
l44h3.jpg,l44h3,I4eb3,0
0Z0y6.jpg,0Z0y6,GZDys,0
A03r4.jpg,A03r4,A03ry,0
mUV12.jpg,mUV12,m4M12,0
tx506.jpg,tx506,ix3d6,0
u51EW.jpg,u51EW,o57tM,0
RxBA1.jpg,RxBA1,Kx6A1,0
FXd9h.jpg,FXd9h,EXd9h,0
HEFf2.jpg,HEFf2,HEvf2,0
Ugr8s.jpg,Ugr8s,UjrAS,0
4i5dN.jpg,4i5dN,4i5dN,1
P6ek6.jpg,P6ek6,D4eK5,0
4qbSX.jpg,4qbSX,4qD3x,0
Jl2D8.jpg,Jl2D8,dC2D8,0
UyThE.jpg,UyThE,UyThE,1
1AN4s.jpg,1AN4s,IAP4S,0
JBkfr.jpg,JBkfr,aBK1s,0
bhSR3.jpg,bhSR3,6jSPz,0
srU23.jpg,srU23,srU73,0
vsuxI.jpg,vsuxI,VeHzI,0
Yko75.jpg,Yko75,Vk075,0
RqNV9.jpg,RqNV9,ByNV9,0
O7rFA.jpg,O7rFA,C7xFA,0
0xXNa.jpg,0xXNa,DxIMa,0
cj0lr.jpg,cj0lr,cjB2r,0
Lqdkh.jpg,Lqdkh,7qvKn,0
S756P.jpg,S756P,S7huP,0
4lzU6.jpg,4lzU6,4IxU5,0
7zwtm.jpg,7zwtm,72wth,0
n63K9.jpg,n63K9,m63K9,0
4Lq3v.jpg,4Lq3v,4Eg3v,0
0X68M.jpg,0X68M,0Yf3A,0
lXqri.jpg,lXqri,DXgpi,0
egE96.jpg,egE96,cXl36,0
136iW.jpg,136iW,Z36iH,0
7Ybrx.jpg,7Ybrx,7Y6rK,0
9JIRP.jpg,9JIRP,0J1KP,0
v73Cg.jpg,v73Cg,V73Cg,0
9W1OF.jpg,9W1OF,zw10P,0
60H43.jpg,60H43,G0K43,0
71ndi.jpg,71ndi,Z1ndi,0
RaO72.jpg,RaO72,KaC72,0
6d8oI.jpg,6d8oI,6dAp1,0
IA4Es.jpg,IA4Es,1Q4Ex,0
YUE3W.jpg,YUE3W,Y0E3H,0
e42g9.jpg,e42g9,c42y9,0
2f31T.jpg,2f31T,268uT,0
bkvER.jpg,bkvER,hsvEA,0
KtLu5.jpg,KtLu5,KzLu3,0
TiyQj.jpg,TiyQj,TKa0j,0
58XqL.jpg,58XqL,58MgI,0
99gzi.jpg,99gzi,96uZj,0
q71jb.jpg,q71jb,a7KjB,0
SzDMB.jpg,SzDMB,SzDMu,0
7wrTV.jpg,7wrTV,7mr2V,0
toDxb.jpg,toDxb,foDXb,0
VFE93.jpg,VFE93,MRE93,0
O8V41.jpg,O8V41,08UA1,0
l2l1j.jpg,l2l1j,f2t4y,0
4P195.jpg,4P195,4Ej95,0
Zim2H.jpg,Zim2H,xim2H,0
FhiMX.jpg,FhiMX,EboMX,0
28X5q.jpg,28X5q,hJX5q,0
0ZpB8.jpg,0ZpB8,0XjB8,0
02gbe.jpg,02gbe,02yhe,0
g4ac9.jpg,g4ac9,pAar9,0
N54Py.jpg,N54Py,M5zFy,0
W447Q.jpg,W447Q,W9j7O,0
RYOXW.jpg,RYOXW,RJczW,0
f7Fbr.jpg,f7Fbr,t7Fbm,0
7PuP0.jpg,7PuP0,7PuX0,0
fK0pn.jpg,fK0pn,fK0pu,0
ThdyX.jpg,ThdyX,Phdox,0
41aE4.jpg,41aE4,ZVaEQ,0
12yP7.jpg,12yP7,12vR7,0
77DMl.jpg,77DMl,7sDMi,0
Khrx3.jpg,Khrx3,THry2,0
1ms7n.jpg,1ms7n,im5Zh,0
ufqyW.jpg,ufqyW,ufovW,0
tBM8I.jpg,tBM8I,toM3j,0
I1cr5.jpg,I1cr5,jLcr5,0
vqsNp.jpg,vqsNp,vGsHp,0
ZVhBt.jpg,ZVhBt,Z9hBt,0
irYAZ.jpg,irYAZ,irV42,0
395zP.jpg,395zP,395ZP,0
77D9C.jpg,77D9C,T4D9C,0
2m2b7.jpg,2m2b7,7mcbT,0
jLwCj.jpg,jLwCj,jLw6h,0
48f5X.jpg,48f5X,48f5X,1
l60dP.jpg,l60dP,15Oa2,0
02INI.jpg,02INI,02JHF,0
L6iDv.jpg,L6iDv,l6jDV,0
4231M.jpg,4231M,4Z3IM,0
27Egb.jpg,27Egb,2VEqb,0
8i51k.jpg,8i51k,8r5TW,0
PP0fX.jpg,PP0fX,P8GiK,0
yjN4P.jpg,yjN4P,yIM4P,0
02us3.jpg,02us3,0ZwF3,0
1gZy1.jpg,1gZy1,VePw1,0
bR7fS.jpg,bR7fS,bK7fS,0
Tg50h.jpg,Tg50h,rg30h,0
l3Q6w.jpg,l3Q6w,12Q4u,0
KFrUp.jpg,KFrUp,AExOg,0
UR9O7.jpg,UR9O7,UK5Q7,0
73FdE.jpg,73FdE,Zs1dE,0
ZO924.jpg,ZO924,KCB24,0
6aLsw.jpg,6aLsw,6alsW,0
UK6c2.jpg,UK6c2,UF6t2,0
m0a6c.jpg,m0a6c,m0akc,0
3BTg1.jpg,3BTg1,2Rrq1,0
X5JFc.jpg,X5JFc,K5JfC,0
644l9.jpg,644l9,64Kj9,0
3BTgP.jpg,3BTgP,26TuP,0
VPGc1.jpg,VPGc1,VFGs1,0
R35i8.jpg,R35i8,Gq5ix,0
Mx681.jpg,Mx681,Hv681,0
J48mI.jpg,J48mI,U48mI,0
H8XsN.jpg,H8XsN,l8YcN,0
67MRU.jpg,67MRU,57MRU,0
42TN1.jpg,42TN1,42TK1,0
sy8Bu.jpg,sy8Bu,sY8Du,0
8Qn2U.jpg,8Qn2U,8Cn2U,0
8z677.jpg,8z677,82u7h,0
m2W2c.jpg,m2W2c,Q2HJ6,0
5fCsQ.jpg,5fCsQ,51LsQ,0
nB3Ax.jpg,nB3Ax,nB1Mx,0
8f1bi.jpg,8f1bi,2f1wi,0
TMUWt.jpg,TMUWt,7pUWt,0
411ae.jpg,411ae,H7kaR,0
9O34e.jpg,9O34e,9034e,0
01236.jpg,01236,0i2N5,0
676Kd.jpg,676Kd,875Ha,0
T3Lb4.jpg,T3Lb4,T3Lb4,1
9Sj08.jpg,9Sj08,9E74M,0
yCY68.jpg,yCY68,j0Y58,0
330Uz.jpg,330Uz,2a0Vr,0
07Qit.jpg,07Qit,07cit,0
gV4FX.jpg,gV4FX,gV4EK,0
9J561.jpg,9J561,9JZ6T,0
l2R7N.jpg,l2R7N,i2R7N,0
muMkw.jpg,muMkw,TeAkv,0
I119t.jpg,I119t,Id3mc,0
YTZYR.jpg,YTZYR,47zWB,0
42T92.jpg,42T92,4pF92,0
rhmW6.jpg,rhmW6,rhaV6,0
nAhE8.jpg,nAhE8,nAhE8,1
kx6eJ.jpg,kx6eJ,Hz5eJ,0
bgrsl.jpg,bgrsl,bgr31,0
ndy3Y.jpg,ndy3Y,RQy2I,0
pX3Da.jpg,pX3Da,pK3Dv,0
SCr74.jpg,SCr74,SCr74,1
fLuN7.jpg,fLuN7,6LaN7,0
7ijvk.jpg,7ijvk,7jNvE,0
P1986.jpg,P1986,Piy8b,0
XfcJ5.jpg,XfcJ5,KhCJ5,0
j736O.jpg,j736O,j7360,0
VVt16.jpg,VVt16,aVtj6,0
rT812.jpg,rT812,mT012,0
wHYkL.jpg,wHYkL,wHYkj,0
2YAbM.jpg,2YAbM,2OjbA,0
nr9ph.jpg,nr9ph,Qr3oh,0
Ty3aM.jpg,Ty3aM,Fv8aA,0
y6422.jpg,y6422,V642D,0
8Zx4F.jpg,8Zx4F,8ZX4F,0
WF2v8.jpg,WF2v8,WF2x6,0
TFHb9.jpg,TFHb9,TSWko,0
0d63Z.jpg,0d63Z,0N637,0
08k16.jpg,08k16,a8kT6,0
v7T1H.jpg,v7T1H,v7T1M,0
69QB8.jpg,69QB8,r9QE8,0
Qt04c.jpg,Qt04c,Qku4c,0
h4r13.jpg,h4r13,k4r13,0
bac9z.jpg,bac9z,H3c9Z,0
PpRPf.jpg,PpRPf,PnK9f,0
Ik873.jpg,Ik873,1K873,0
zO9D1.jpg,zO9D1,ZO9m1,0
RdLQB.jpg,RdLQB,PaiO5,0
ng57w.jpg,ng57w,hgB7w,0
C2TRb.jpg,C2TRb,uATxb,0
0gqpS.jpg,0gqpS,0J4nS,0
TAJYN.jpg,TAJYN,1AJYm,0
5s896.jpg,5s896,SaRY6,0
6eB5C.jpg,6eB5C,5ePXC,0
GNTPR.jpg,GNTPR,CATpk,0
2La1Z.jpg,2La1Z,Ob41Z,0
VPG6n.jpg,VPG6n,M2G8h,0
4j57J.jpg,4j57J,4j5yu,0
vlp1u.jpg,vlp1u,3lpU6,0
02ias.jpg,02ias,021aS,0
fgHxa.jpg,fgHxa,f9Hxn,0
t7I69.jpg,t7I69,t7169,0
36z8a.jpg,36z8a,36rRa,0
5Lvw4.jpg,5Lvw4,SLyM4,0
SrgAE.jpg,SrgAE,SryAL,0
3ru0c.jpg,3ru0c,2ry0Z,0
02I7c.jpg,02I7c,04K7s,0
yUwwI.jpg,yUwwI,yUkX7,0
f78i6.jpg,f78i6,f73i5,0
4Gy35.jpg,4Gy35,4CY3b,0
41Q9o.jpg,41Q9o,K109p,0
y2OC3.jpg,y2OC3,yzQE3,0
VJs1a.jpg,VJs1a,VJsha,0
aOUBR.jpg,aOUBR,qOU8P,0
5EoZK.jpg,5EoZK,3FoZK,0
198wj.jpg,198wj,198wj,1
n0pH0.jpg,n0pH0,mvP4S,0
1gqj9.jpg,1gqj9,1xqF9,0
izVy4.jpg,izVy4,jzMy4,0
4pxF2.jpg,4pxF2,4psF2,0
Vf7r1.jpg,Vf7r1,Uf2x1,0
F4vVs.jpg,F4vVs,E4jVs,0
r7pf1.jpg,r7pf1,r7aO1,0
iiWes.jpg,iiWes,jTME3,0
92Z4r.jpg,92Z4r,92b4F,0
a229h.jpg,a229h,a2YSM,0
7i18l.jpg,7i18l,7i46H,0
26qg1.jpg,26qg1,26ay1,0
w65kR.jpg,w65kR,w93jR,0
GW7fg.jpg,GW7fg,CW7t9,0
lY9cg.jpg,lY9cg,iY3zd,0
Q5nGb.jpg,Q5nGb,Q3yGb,0
YJ9m2.jpg,YJ9m2,Vj9m2,0
O49KQ.jpg,O49KQ,u19KC,0
I3KQv.jpg,I3KQv,f3KQv,0
fl20Z.jpg,fl20Z,fJmqX,0
ro3s5.jpg,ro3s5,re3k5,0
0r3BN.jpg,0r3BN,0r2BN,0
Fwgw2.jpg,Fwgw2,Fmg42,0
PEN11.jpg,PEN11,PcAz1,0
t840w.jpg,t840w,t340W,0
1V3F1.jpg,1V3F1,HV3F4,0
m065D.jpg,m065D,m7e3D,0
Kop57.jpg,Kop57,HOp51,0
mrDL0.jpg,mrDL0,mrPL0,0
3yfPI.jpg,3yfPI,2yrN3,0
aeuri.jpg,aeuri,a9wrT,0
8Jpf1.jpg,8Jpf1,wJpj1,0
FPYre.jpg,FPYre,FzYmo,0
PSRA4.jpg,PSRA4,D5RN4,0
g7Ceu.jpg,g7Ceu,q7Ceh,0
TjWC9.jpg,TjWC9,7iMC3,0
kqa0q.jpg,kqa0q,ETn0g,0
Trr1R.jpg,Trr1R,TZr1R,0
d862P.jpg,d862P,d8W2F,0
Q31Vj.jpg,Q31Vj,C2TVj,0
ccg6F.jpg,ccg6F,c2u6M,0
kqMp7.jpg,kqMp7,kqMw7,0
d0E9I.jpg,d0E9I,dQE9x,0
BmBFe.jpg,BmBFe,XmBfc,0
XxLjy.jpg,XxLjy,Sx4iy,0
LRCPK.jpg,LRCPK,LS0Ph,0
RS8jO.jpg,RS8jO,pS8jO,0
a3oG8.jpg,a3oG8,aJWC8,0
0hN9H.jpg,0hN9H,CfX9H,0
73h0P.jpg,73h0P,73bGD,0
9882B.jpg,9882B,9XNYU,0
Cg5NC.jpg,Cg5NC,795HC,0
0a9CI.jpg,0a9CI,0x9C1,0
Mo5Xv.jpg,Mo5Xv,Ha5Xv,0
N0p3q.jpg,N0p3q,M0p3y,0
2B3zh.jpg,2B3zh,CB3rb,0
Li88u.jpg,Li88u,KIdPu,0
2B8Jy.jpg,2B8Jy,2RSJV,0
mAgiw.jpg,mAgiw,mAZiw,0
Pw78n.jpg,Pw78n,PW78n,0
X8F65.jpg,X8F65,K3t6j,0
Grv5d.jpg,Grv5d,Gw63d,0
9TcC1.jpg,9TcC1,8YnC1,0
Q85OR.jpg,Q85OR,jx5OK,0
15kOA.jpg,15kOA,15uCA,0
y6Xpz.jpg,y6Xpz,g6ApL,0
7I1as.jpg,7I1as,7iWa5,0
iZZ6j.jpg,iZZ6j,naZ61,0
IG708.jpg,IG708,iG70x,0
fOrX3.jpg,fOrX3,f0nK3,0
yoDYx.jpg,yoDYx,L6DVx,0
aUQNq.jpg,aUQNq,alCAj,0
7csJD.jpg,7csJD,7csjD,0
j6ilE.jpg,j6ilE,W0zIE,0
0OnOF.jpg,0OnOF,4YnGE,0
zGFUj.jpg,zGFUj,z6PUi,0
7MvU1.jpg,7MvU1,ZMvO1,0
513Ok.jpg,513Ok,5u3Qk,0
4PQ7N.jpg,4PQ7N,4POjM,0
A199N.jpg,A199N,A1z9N,0
6j1E2.jpg,6j1E2,6i1K2,0
Qx4W7.jpg,Qx4W7,0p4V7,0
5c5UV.jpg,5c5UV,5CA0Y,0
S8sQ2.jpg,S8sQ2,9BaQj,0
X6a2h.jpg,X6a2h,Y6a2h,0
glW5S.jpg,glW5S,gIW5O,0
T9LsH.jpg,T9LsH,T04sH,0
1RQ70.jpg,1RQ70,1Kw70,0
z2Gjc.jpg,z2Gjc,42G7P,0
MwyYz.jpg,MwyYz,AEjTz,0
Y286P.jpg,Y286P,yM96P,0
rZDTG.jpg,rZDTG,r2DT6,0
SBJZ1.jpg,SBJZ1,SpJZ1,0
PsIvk.jpg,PsIvk,PsIyk,0
025P9.jpg,025P9,02srW,0
AIo51.jpg,AIo51,DHds7,0
wHY20.jpg,wHY20,wHV20,0
P6Bzz.jpg,P6Bzz,Fs8J4,0
axoxG.jpg,axoxG,aZbwG,0
89nk8.jpg,89nk8,29mk8,0
A8iF3.jpg,A8iF3,A6iP3,0
782Z5.jpg,782Z5,T8PZ5,0
F0MFm.jpg,F0MFm,I0MZn,0
H0u2K.jpg,H0u2K,I0y3K,0
n8V8c.jpg,n8V8c,h8MgC,0
D991l.jpg,D991l,Dv93i,0
FIqmG.jpg,FIqmG,5XghG,0
aCAgq.jpg,aCAgq,aCAyq,0
6kkqm.jpg,6kkqm,6jKqm,0
GeboT.jpg,GeboT,GrbuX,0
IJ78m.jpg,IJ78m,qJ78w,0
0N8O1.jpg,0N8O1,0H8C1,0
k4Qh9.jpg,k4Qh9,K4ml9,0
2V0kb.jpg,2V0kb,2V0Kb,0
pAW8n.jpg,pAW8n,pAV67,0
d6S44.jpg,d6S44,dtSh4,0
5Q0XU.jpg,5Q0XU,5CnKU,0
J06g5.jpg,J06g5,J0hg5,0
OP325.jpg,OP325,0P325,0
hWOJl.jpg,hWOJl,bWC3I,0
ljQCU.jpg,ljQCU,IjQc4,0
BDi6e.jpg,BDi6e,PQi6s,0
dzf1t.jpg,dzf1t,dwCTt,0
J5BuV.jpg,J5BuV,J5RqV,0
1Xv8n.jpg,1Xv8n,lXv6h,0
S7YMl.jpg,S7YMl,SzVmL,0
4aXgZ.jpg,4aXgZ,QaX9L,0
6U3s5.jpg,6U3s5,6U7x5,0
U5cV8.jpg,U5cV8,U5tRA,0
2Oa4L.jpg,2Oa4L,20u4I,0
Ukj3T.jpg,Ukj3T,Ukp3T,0
50uhe.jpg,50uhe,5UyHc,0
EV0wE.jpg,EV0wE,7N0wE,0
3iG1u.jpg,3iG1u,3z61y,0
Bgl42.jpg,Bgl42,wgI42,0
cAATP.jpg,cAATP,C4Q1P,0
7YE4A.jpg,7YE4A,7YE4A,1
EFmkl.jpg,EFmkl,6PaKl,0
bw3Fn.jpg,bw3Fn,bV2En,0
6xQy8.jpg,6xQy8,620v8,0
grj20.jpg,grj20,gmi20,0
4FQ97.jpg,4FQ97,4EQ37,0
XBc98.jpg,XBc98,XHc48,0
mk9FN.jpg,mk9FN,mL3FM,0
t1634.jpg,t1634,E16xA,0
9gpt9.jpg,9gpt9,5aK1C,0
RqU4O.jpg,RqU4O,BgL4O,0
5230N.jpg,5230N,5230A,0
73S15.jpg,73S15,73etb,0
P4M3b.jpg,P4M3b,Q4Mzb,0
92110.jpg,92110,92JhC,0
BzFn0.jpg,BzFn0,BzYm0,0
g9F8C.jpg,g9F8C,qVE2C,0
XefP0.jpg,XefP0,Kc1B0,0
Q3vj0.jpg,Q3vj0,Q2WI0,0
TBhDK.jpg,TBhDK,T8hDx,0
71R7Q.jpg,71R7Q,S1RyQ,0
9sDqM.jpg,9sDqM,9iDqX,0
k57xH.jpg,k57xH,L37aH,0
1J1A2.jpg,1J1A2,1JCA2,0
GMh02.jpg,GMh02,6Mbu2,0
003EZ.jpg,003EZ,v03Ez,0
9W426.jpg,9W426,9K426,0
rY85F.jpg,rY85F,vY85F,0
tvgWS.jpg,tvgWS,fvaHS,0
tST82.jpg,tST82,vSTb2,0
oYoY6.jpg,oYoY6,nVGI8,0
4tMyM.jpg,4tMyM,4tQyM,0
ZgqcJ.jpg,ZgqcJ,Zxqtj,0
kmaWM.jpg,kmaWM,kn3GM,0
P7O4I.jpg,P7O4I,B704t,0
Jb200.jpg,Jb200,Fb2dC,0
tZOy0.jpg,tZOy0,tZOu8,0
6PG4J.jpg,6PG4J,sBC4J,0
3PDQ5.jpg,3PDQ5,2rDQ5,0
WCaV9.jpg,WCaV9,WCaP7,0
kU8cx.jpg,kU8cx,HU6ty,0
316cA.jpg,316cA,916cA,0
M3DV4.jpg,M3DV4,N3pv4,0
2R510.jpg,2R510,aB5j0,0
SI9V6.jpg,SI9V6,sI9M6,0
sTq8v.jpg,sTq8v,sTaDv,0
ZUoC8.jpg,ZUoC8,ZUjE8,0
a2Rue.jpg,a2Rue,a2RVE,0
Bbc35.jpg,Bbc35,phC3q,0
rsfW3.jpg,rsfW3,rbfM3,0
BG59R.jpg,BG59R,DCS9R,0
94U71.jpg,94U71,94U71,1
2RPt6.jpg,2RPt6,2KDt6,0
NtcF4.jpg,NtcF4,MtcF4,0
EXL2d.jpg,EXL2d,FxL20,0
Cy6OE.jpg,Cy6OE,mV5OE,0
4gKO8.jpg,4gKO8,4gk08,0
ltNeF.jpg,ltNeF,LtMeP,0
1XqFd.jpg,1XqFd,3X4Ed,0
EpTq2.jpg,EpTq2,EmT02,0
Mp01H.jpg,Mp01H,Mp01F,0
6735N.jpg,6735N,w7j5N,0
A7h0o.jpg,A7h0o,C7kms,0
ro32m.jpg,ro32m,rc32M,0
0XXwv.jpg,0XXwv,0K7sp,0
8Dr0P.jpg,8Dr0P,8DzQP,0
dJ031.jpg,dJ031,AJ0xt,0
LkUiz.jpg,LkUiz,LKvjz,0
MhPP5.jpg,MhPP5,AnI25,0
pmfC3.jpg,pmfC3,ymfC2,0
7uzcq.jpg,7uzcq,7vxjQ,0
6ygo0.jpg,6ygo0,6y3m0,0
WRO7C.jpg,WRO7C,W807c,0
W7Vqr.jpg,W7Vqr,W2dqr,0
9fDZ5.jpg,9fDZ5,9fDZB,0
v5741.jpg,v5741,Vc74i,0
9jp17.jpg,9jp17,0km17,0
6tnZ0.jpg,6tnZ0,Btm2Q,0
GIC3g.jpg,GIC3g,GjO3g,0
Ektt2.jpg,Ektt2,Eh4yo,0
0V4LP.jpg,0V4LP,0MALP,0
jt9CB.jpg,jt9CB,JM9CB,0
6G3xs.jpg,6G3xs,6GjXg,0
sL343.jpg,sL343,sCP43,0
c0UA0.jpg,c0UA0,cuL7B,0
2Gk19.jpg,2Gk19,2CK19,0
8M5Ne.jpg,8M5Ne,8l5NO,0
ZL00L.jpg,ZL00L,2CN0i,0
tO39G.jpg,tO39G,1D29G,0
7nZF0.jpg,7nZF0,7m2F9,0
xps78.jpg,xps78,KPs78,0
cBFaM.jpg,cBFaM,CBFaW,0
K1WeB.jpg,K1WeB,k1WcP,0
qgmTC.jpg,qgmTC,8bmTC,0
uY4Ig.jpg,uY4Ig,wY4ig,0
cwzuG.jpg,cwzuG,rM2y6,0
5Je2l.jpg,5Je2l,5Jw2f,0
3r2yS.jpg,3r2yS,dr2Y5,0
9hmrs.jpg,9hmrs,9hmJ5,0
7UJez.jpg,7UJez,7mAok,0
R0ps9.jpg,R0ps9,AUps2,0
r0gpy.jpg,r0gpy,f0gpW,0
r02fh.jpg,r02fh,s02fb,0
BQgfS.jpg,BQgfS,BGgf5,0
2tvJa.jpg,2tvJa,PLWJa,0
IKJ22.jpg,IKJ22,TKJc3,0
LjOFj.jpg,LjOFj,LxO5N,0
j9187.jpg,j9187,j9167,0
exBiK.jpg,exBiK,eyBIK,0
b37RI.jpg,b37RI,ba7BV,0
aSY3N.jpg,aSY3N,aSYkN,0
jzyND.jpg,jzyND,j2qAD,0
36a9E.jpg,36a9E,76a9E,0
4Tmvu.jpg,4Tmvu,4jmVu,0
5Ko8l.jpg,5Ko8l,5H07I,0
4Sffm.jpg,4Sffm,4Svfm,0
rWCUZ.jpg,rWCUZ,pMCU2,0
Jh117.jpg,Jh117,dw4L7,0
F754m.jpg,F754m,E754m,0
oH2zc.jpg,oH2zc,0H27j,0
41eHT.jpg,41eHT,4toHT,0
7U29X.jpg,7U29X,7U29K,0
Mt1S8.jpg,Mt1S8,MtT3n,0
wK1m8.jpg,wK1m8,QE1m3,0
Lecbu.jpg,Lecbu,LeSBu,0
4hBvH.jpg,4hBvH,4iBvK,0
E48Fb.jpg,E48Fb,b43Fv,0
E2iW3.jpg,E2iW3,EAiW5,0
5CTjp.jpg,5CTjp,5CFjp,0
7mWff.jpg,7mWff,zmWLS,0
4KwsF.jpg,4KwsF,1KwsE,0
2OGBZ.jpg,2OGBZ,2WG8L,0
s85Kh.jpg,s85Kh,sd5H1,0
4KuHY.jpg,4KuHY,4KpHY,0
0NEUk.jpg,0NEUk,oN5Uk,0
rmd2A.jpg,rmd2A,rmU2A,0
i7Fgr.jpg,i7Fgr,i7FgN,0
4q882.jpg,4q882,4qF8V,0
ekPAA.jpg,ekPAA,eKPa3,0
0TtM4.jpg,0TtM4,oTtM4,0
fguUW.jpg,fguUW,f9wUP,0
Xoy53.jpg,Xoy53,HryP3,0
Z1Ffz.jpg,Z1Ffz,ZUwfa,0
nFlgI.jpg,nFlgI,mFigt,0
lOjU5.jpg,lOjU5,T0jW5,0
a4yW1.jpg,a4yW1,a4yK1,0
4J14u.jpg,4J14u,AJiqw,0
1l8tm.jpg,1l8tm,1y8Tm,0
17I5U.jpg,17I5U,17t50,0
6jK8W.jpg,6jK8W,6jK3V,0
d65ow.jpg,d65ow,465eW,0
rmS0d.jpg,rmS0d,rW30d,0
1jY6j.jpg,1jY6j,1LXof,0
ZxipA.jpg,ZxipA,ZKiDA,0
VqPe6.jpg,VqPe6,VaPi6,0
xaieL.jpg,xaieL,xajeL,0
dI8X8.jpg,dI8X8,D1uK8,0
Zx9XR.jpg,Zx9XR,7s0XR,0
Kfvua.jpg,Kfvua,Kfvja,0
6Yo9h.jpg,6Yo9h,6J39b,0
SAp7p.jpg,SAp7p,5Apym,0
0v9P2.jpg,0v9P2,0n9F2,0
7P8Yu.jpg,7P8Yu,7E8Yu,0
9n8VQ.jpg,9n8VQ,5nBjQ,0
Jg230.jpg,Jg230,jGZ30,0
jXGJz.jpg,jXGJz,IKGn4,0
LA8eQ.jpg,LA8eQ,EHBc0,0
97Ssn.jpg,97Ssn,97Kem,0
nNcsP.jpg,nNcsP,uAC3B,0
zrlQ6.jpg,zrlQ6,2rlO5,0
7c9E2.jpg,7c9E2,7C9B2,0
vLxPR.jpg,vLxPR,VLxpA,0
Zx5Ov.jpg,Zx5Ov,ZX5QV,0
6P8aa.jpg,6P8aa,6D9ja,0
o91ad.jpg,o91ad,p91xd,0
9W22Q.jpg,9W22Q,9ME4C,0
1jLZl.jpg,1jLZl,4pv2b,0
69e0y.jpg,69e0y,E940V,0
37JOv.jpg,37JOv,37R0w,0
kHJ0d.jpg,kHJ0d,KPJ0c,0
5udTN.jpg,5udTN,5vdZN,0
Nh25C.jpg,Nh25C,mhp3C,0
LO3Ue.jpg,LO3Ue,IP3ue,0
D4qz2.jpg,D4qz2,D4qxZ,0
580E0.jpg,580E0,58oi7,0
Pym0S.jpg,Pym0S,Pvm03,0
Q6oD5.jpg,Q6oD5,Q6aD3,0
Juix9.jpg,Juix9,JuiK9,0
y29sa.jpg,y29sa,U29sa,0
91579.jpg,91579,9t57C,0
GDPn0.jpg,GDPn0,GlRa0,0
z9YtH.jpg,z9YtH,z9XIh,0
7j5qw.jpg,7j5qw,7j5gW,0
SzWcB.jpg,SzWcB,s2WoB,0
7D9em.jpg,7D9em,7D9ak,0
eSeb5.jpg,eSeb5,CSuh6,0
65S71.jpg,65S71,03S7t,0
I22W9.jpg,I22W9,I2aA9,0
B0h74.jpg,B0h74,B0h74,1
LFA38.jpg,LFA38,iFm58,0
O48ts.jpg,O48ts,Q46ls,0
271o6.jpg,271o6,27hoG,0
FqprS.jpg,FqprS,k4wr3,0
Hv1s0.jpg,Hv1s0,Av150,0
0ZfPs.jpg,0ZfPs,0MfBs,0
iWREW.jpg,iWREW,z3RJu,0
3Y09E.jpg,3Y09E,3N09E,0
DP2H7.jpg,DP2H7,DFah7,0
6y1Gd.jpg,6y1Gd,6vlK2,0
2ZrpY.jpg,2ZrpY,GZfpV,0
X2eY3.jpg,X2eY3,R2cV3,0
4J1Nf.jpg,4J1Nf,6d1Hf,0
YmfZ2.jpg,YmfZ2,YmtZ3,0
10LSR.jpg,10LSR,10L52,0
7aqJ5.jpg,7aqJ5,HurJS,0
21BHh.jpg,21BHh,2t8Hw,0
74r97.jpg,74r97,w4t87,0
V5h69.jpg,V5h69,U5169,0
064S1.jpg,064S1,O64S1,0
Zs1Xe.jpg,Zs1Xe,2m1Ke,0
J6C50.jpg,J6C50,JxC50,0
BPEBQ.jpg,BPEBQ,hKL8q,0
u9FGT.jpg,u9FGT,u9zCT,0
4w5Mt.jpg,4w5Mt,4wSMj,0
F6Q1I.jpg,F6Q1I,F5w1J,0
58pdq.jpg,58pdq,58kmq,0
0VEb5.jpg,0VEb5,0VtDz,0
P97kb.jpg,P97kb,P9jKB,0
Y85Um.jpg,Y85Um,X2FUm,0
06Ade.jpg,06Ade,07Ade,0
ECCi1.jpg,ECCi1,Bm6p4,0
ab3do.jpg,ab3do,ab34c,0
1BOtv.jpg,1BOtv,jbG3V,0
l1Z3W.jpg,l1Z3W,L173V,0
27o3S.jpg,27o3S,i7cHS,0
6EflO.jpg,6EflO,6arJD,0
C67kU.jpg,C67kU,C67KU,0
U5In5.jpg,U5In5,U5Yn4,0
i2BPD.jpg,i2BPD,iX6PN,0
mad8A.jpg,mad8A,mod8A,0
gXP35.jpg,gXP35,cKD35,0
oZw7n.jpg,oZw7n,0ZWSy,0
NQHUs.jpg,NQHUs,NZh0s,0
v1JDq.jpg,v1JDq,u1dDZ,0
9Yucu.jpg,9Yucu,9XuCA,0
qzdg0.jpg,qzdg0,qZNR0,0
iTbq5.jpg,iTbq5,xTbqS,0
LQPMe.jpg,LQPMe,10PMe,0
N6in3.jpg,N6in3,Ngt43,0
0Uw4w.jpg,0Uw4w,CUy2w,0
T5Pyz.jpg,T5Pyz,C5Pyr,0
9W9X2.jpg,9W9X2,GVDx2,0
FK8Gl.jpg,FK8Gl,FA8v1,0
h0QQI.jpg,h0QQI,H0XcJ,0
8Bpbk.jpg,8Bpbk,3PmbK,0
6KFLJ.jpg,6KFLJ,6KrLJ,0
8Vxvq.jpg,8Vxvq,8VxCq,0
S7O1R.jpg,S7O1R,370iA,0
rAr89.jpg,rAr89,mXj69,0
SU45Y.jpg,SU45Y,SH46Y,0
OQV3X.jpg,OQV3X,DQU2K,0
KjecE.jpg,KjecE,Kj8rE,0
dW55N.jpg,dW55N,dV85x,0
ilGWf.jpg,ilGWf,sjGWf,0
A6m1p.jpg,A6m1p,A6w1P,0
79EsM.jpg,79EsM,j9EsM,0
TTrBo.jpg,TTrBo,jXrBo,0
BAP6K.jpg,BAP6K,3AIcK,0
6azb0.jpg,6azb0,6aTh0,0
WyH3S.jpg,WyH3S,WoH3f,0
DpWt9.jpg,DpWt9,ZpHt3,0
8nA55.jpg,8nA55,8mAV5,0
8Md6F.jpg,8Md6F,8HuR7,0
34fi7.jpg,34fi7,34cD7,0
Go84F.jpg,Go84F,Gv84F,0
WJ9QV.jpg,WJ9QV,WJ9QH,0
WSMD4.jpg,WSMD4,YS7D4,0
gg7tP.jpg,gg7tP,ug2iD,0
os9cQ.jpg,os9cQ,os7iG,0
52bGU.jpg,52bGU,s2kCU,0
y1P29.jpg,y1P29,w1F29,0
uB5JP.jpg,uB5JP,wH5JP,0
2651W.jpg,2651W,2601W,0
083Vh.jpg,083Vh,o3tVh,0
CSb7c.jpg,CSb7c,CSH7q,0
1kAX7.jpg,1kAX7,4kmX7,0
A3PD0.jpg,A3PD0,A3PLo,0
c8GTJ.jpg,c8GTJ,e8C7J,0
yK513.jpg,yK513,yK519,0
PWjZ8.jpg,PWjZ8,FMiZ8,0
qTTvA.jpg,qTTvA,aNEv2,0
zx2Qa.jpg,zx2Qa,rW2Oa,0
XH20x.jpg,XH20x,KH20s,0
13I24.jpg,13I24,1sU24,0
tgxy0.jpg,tgxy0,tgxY0,0
j99wZ.jpg,j99wZ,jD9M2,0
XOlcZ.jpg,XOlcZ,K01S2,0
45l0U.jpg,45l0U,45j0U,0
U1PHE.jpg,U1PHE,uxPHC,0
q2O46.jpg,q2O46,g2O4K,0
7U5RS.jpg,7U5RS,2L5K9,0
KYz70.jpg,KYz70,HYs70,0
NaWK5.jpg,NaWK5,NavK5,0
9699W.jpg,9699W,o6r7M,0
0vn0p.jpg,0vn0p,0Vr8j,0
1fmf4.jpg,1fmf4,15w9q,0
jYZxf.jpg,jYZxf,j928P,0
wBc09.jpg,wBc09,wBi0Z,0
A0yP1.jpg,A0yP1,X0yP1,0
RC4tv.jpg,RC4tv,A641u,0
K8Skv.jpg,K8Skv,A2SbV,0
xGtw8.jpg,xGtw8,xGtw8,1
N25Yj.jpg,N25Yj,A25Ti,0
X1996.jpg,X1996,K13g6,0
Umz0R.jpg,Umz0R,Um20B,0
15si5.jpg,15si5,19ar5,0
v0E34.jpg,v0E34,W0E34,0
sJdEn.jpg,sJdEn,s3dEh,0
Y6ULY.jpg,Y6ULY,36H4Y,0
X6UVe.jpg,X6UVe,KGLVe,0
Vd5JQ.jpg,Vd5JQ,Va5JO,0
MUBBu.jpg,MUBBu,XOGPy,0
41i38.jpg,41i38,41r36,0
t2kZh.jpg,t2kZh,uQkZn,0
33s21.jpg,33s21,9asZl,0
4z2cf.jpg,4z2cf,4x2cI,0
8qAL5.jpg,8qAL5,8OAI5,0
Ct77A.jpg,Ct77A,CtyzA,0
cCO5c.jpg,cCO5c,eCD3N,0
sA0VZ.jpg,sA0VZ,sA0V2,0
7t3mh.jpg,7t3mh,7t2mh,0
RQ3Vo.jpg,RQ3Vo,FC3Mo,0
HiXuC.jpg,HiXuC,HiXuC,1
A9Uep.jpg,A9Uep,49Uxp,0
wYt68.jpg,wYt68,W7t63,0
99fS2.jpg,99fS2,V2fKA,0
wpTAV.jpg,wpTAV,mb34V,0
ozGqO.jpg,ozGqO,jzGqQ,0
oEncK.jpg,oEncK,07mCK,0
D381m.jpg,D381m,Dx81m,0
h1Iro.jpg,h1Iro,h4Ix0,0
2258K.jpg,2258K,2v58K,0
dgA7h.jpg,dgA7h,dgA7b,0
2G83j.jpg,2G83j,26W3I,0
2Zu5Y.jpg,2Zu5Y,2Cu5Y,0
h1IP1.jpg,h1IP1,bxTD1,0
w5Hob.jpg,w5Hob,M310b,0
91Ya7.jpg,91Ya7,91WaP,0
in3pL.jpg,in3pL,iw3pZ,0
5Iz4R.jpg,5Iz4R,5Ix4P,0
V54hA.jpg,V54hA,Y54HA,0
9uTqP.jpg,9uTqP,5uTq2,0
L00UZ.jpg,L00UZ,I0vWz,0
jhskc.jpg,jhskc,Jm3K6,0
X52L2.jpg,X52L2,X5kt2,0
9I6N0.jpg,9I6N0,91aA0,0
A92Bv.jpg,A92Bv,A92BU,0
Gc5hx.jpg,Gc5hx,Ge5hX,0
4Se52.jpg,4Se52,4Ke52,0
FPXUa.jpg,FPXUa,fmXUa,0
5r4Hf.jpg,5r4Hf,9m4Hf,0
M1sMW.jpg,M1sMW,M1cPW,0
u34SJ.jpg,u34SJ,ux4SJ,0
k5a1D.jpg,k5a1D,E5u1P,0
ix46d.jpg,ix46d,IK46Q,0
2xd9T.jpg,2xd9T,2wd9T,0
xQ3Jb.jpg,xQ3Jb,w03Ib,0
V9K0M.jpg,V9K0M,J3k0N,0
K2q4J.jpg,K2q4J,K2gtJ,0
7pObA.jpg,7pObA,7v0bA,0
oteG3.jpg,oteG3,vIZD3,0
SxVQu.jpg,SxVQu,5xMCu,0
JYv78.jpg,JYv78,JKu76,0
TUCg6.jpg,TUCg6,TUCy8,0
2vAqT.jpg,2vAqT,ZvAgT,0
Y4D6D.jpg,Y4D6D,Y4D63,0
bMS3r.jpg,bMS3r,bMS9r,0
873sX.jpg,873sX,872sK,0
cMxOO.jpg,cMxOO,cjx9G,0
JSSCD.jpg,JSSCD,JS2CD,0
7sm0A.jpg,7sm0A,7smCA,0
FJlRy.jpg,FJlRy,F0iRv,0
6c7eY.jpg,6c7eY,6E7pV,0
lq259.jpg,lq259,LQws9,0
zTF9k.jpg,zTF9k,zDP9h,0
Q53R7.jpg,Q53R7,0r3B7,0
7xyx0.jpg,7xyx0,7wyx0,0
JkAgD.jpg,JkAgD,YKAgD,0
6Y8vS.jpg,6Y8vS,618vS,0
lQK7v.jpg,lQK7v,iCK7V,0
T59F4.jpg,T59F4,Tb9FQ,0
WHo4k.jpg,WHo4k,VIcjK,0
iDTjv.jpg,iDTjv,iBT2w,0
e822f.jpg,e822f,m8x21,0
l4W8F.jpg,l4W8F,14W8F,0
9qzlf.jpg,9qzlf,8uZHf,0
9B9ep.jpg,9B9ep,4B9ej,0
aLx78.jpg,aLx78,aLw76,0
JThwh.jpg,JThwh,J7Hvp,0
5o0hX.jpg,5o0hX,5oUhK,0
Izlgd.jpg,Izlgd,W2Lgd,0
34J0S.jpg,34J0S,34jQS,0
x8PeR.jpg,x8PeR,x4PeR,0
RIZ3e.jpg,RIZ3e,RtZ3a,0
q1S6c.jpg,q1S6c,q1Z6c,0
MF61J.jpg,MF61J,MF6zJ,0
HctS9.jpg,HctS9,HytS9,0
g7kiH.jpg,g7kiH,g7kiw,0
6T6E4.jpg,6T6E4,oTbE4,0
zpSH5.jpg,zpSH5,ZpGN5,0
b9397.jpg,b9397,b93Qm,0
5LnRl.jpg,5LnRl,5CnKf,0
9N4wO.jpg,9N4wO,3H4vC,0
183t3.jpg,183t3,18XEW,0
8w9x7.jpg,8w9x7,bW9k1,0
O9T29.jpg,O9T29,CMT29,0
DjMdQ.jpg,DjMdQ,DjHdQ,0
2L99w.jpg,2L99w,2iCSW,0
Su1gR.jpg,Su1gR,3u1gA,0
m8Jcr.jpg,m8Jcr,W8Jcr,0
HxSpI.jpg,HxSpI,Wr3p1,0
8qqgO.jpg,8qqgO,8ydMC,0
scDIv.jpg,scDIv,p6Amv,0
U2yPp.jpg,U2yPp,Q2yPb,0
TCDy2.jpg,TCDy2,TCby8,0
m0ICc.jpg,m0ICc,m0jLs,0
0ofaS.jpg,0ofaS,2zfqN,0
2554a.jpg,2554a,2D51a,0
2lUTd.jpg,2lUTd,2rLTd,0
62630.jpg,62630,62hT0,0
WB1Y1.jpg,WB1Y1,0B1Xs,0
A2z5q.jpg,A2z5q,N2i50,0
5hW7L.jpg,5hW7L,SNw7t,0
iXAw7.jpg,iXAw7,ipAw7,0
9DD68.jpg,9DD68,yAU63,0
1x29K.jpg,1x29K,1v20B,0
H9aoi.jpg,H9aoi,H9w0i,0
N8B14.jpg,N8B14,H6PI4,0
FHA6R.jpg,FHA6R,FHA6R,1
4Y78y.jpg,4Y78y,4YZ3u,0
8oNOA.jpg,8oNOA,2wjOA,0
dpw95.jpg,dpw95,dpw9E,0
R5BV1.jpg,R5BV1,h5Bv1,0
Qi0VM.jpg,Qi0VM,QI0VM,0
NxMqE.jpg,NxMqE,NjXgE,0
Cjo9z.jpg,Cjo9z,C1oRz,0
SF26z.jpg,SF26z,VE26x,0
f8ow5.jpg,f8ow5,f8oW5,0
oW0Ma.jpg,oW0Ma,oWfX4,0
wkzFP.jpg,wkzFP,mkzE1,0
9njqn.jpg,9njqn,2uIGN,0
MQ04M.jpg,MQ04M,zQ64M,0
rfg9l.jpg,rfg9l,rfd91,0
CKyVZ.jpg,CKyVZ,CHjVZ,0
cBu48.jpg,cBu48,cFu48,0
93zQj.jpg,93zQj,93zWc,0
40ZLF.jpg,40ZLF,40Ztv,0
5ANm1.jpg,5ANm1,Z6Km1,0
5QFGH.jpg,5QFGH,5QfGH,0
BIJVd.jpg,BIJVd,BrTWd,0
2zWtT.jpg,2zWtT,9xHCT,0
4g844.jpg,4g844,rZ8u9,0
7aOzK.jpg,7aOzK,TaCzH,0
dUVj2.jpg,dUVj2,QCMi2,0
hrj6a.jpg,hrj6a,Hr763,0
at46c.jpg,at46c,3t48c,0
yAw4X.jpg,yAw4X,jRv4X,0
EDfm5.jpg,EDfm5,ED1m3,0
Fec0o.jpg,Fec0o,FejJw,0
IQ6y8.jpg,IQ6y8,IO6z3,0
cUowD.jpg,cUowD,fUawD,0
k5815.jpg,k5815,K9Q13,0
4GQ1T.jpg,4GQ1T,46UkT,0
E7fiA.jpg,E7fiA,E7fiA,1
FgIQo.jpg,FgIQo,Fg1Q6,0
32774.jpg,32774,O27V4,0
QS6Om.jpg,QS6Om,V36Dn,0
89684.jpg,89684,PV684,0
9z2Ox.jpg,9z2Ox,9f2CK,0
4CMKe.jpg,4CMKe,1CHxa,0
HG320.jpg,HG320,HG320,1
FQy8e.jpg,FQy8e,fCy8m,0
4F5O1.jpg,4F5O1,4F5O1,1
OgSY1.jpg,OgSY1,OaSZ1,0
4yNn9.jpg,4yNn9,4ykh9,0
wM72w.jpg,wM72w,w8r2G,0
0ILhw.jpg,0ILhw,0rLhw,0
7tsmm.jpg,7tsmm,7tsp0,0
TkUD6.jpg,TkUD6,7kuD5,0
4aWyR.jpg,4aWyR,4aWyB,0
p0rbw.jpg,p0rbw,k0zbw,0
pAHtu.jpg,pAHtu,DAHtu,0
3uj09.jpg,3uj09,3Mf09,0
FSjWL.jpg,FSjWL,PSjWU,0
b8Gc1.jpg,b8Gc1,b8Qc1,0
0e48V.jpg,0e48V,0e48V,1
7LO3q.jpg,7LO3q,7LC2g,0
35y4L.jpg,35y4L,35y4L,1
203BM.jpg,203BM,203BM,1
mCUU5.jpg,mCUU5,mC8U2,0
DKibk.jpg,DKibk,DHz5y,0
Ss2gg.jpg,Ss2gg,Sv2uy,0
PFtE2.jpg,PFtE2,FxCw2,0
nk2jP.jpg,nk2jP,nKZQF,0
1wf64.jpg,1wf64,TWP64,0
OU1Hh.jpg,OU1Hh,Ow1Rh,0
jot57.jpg,jot57,j0t57,0
cbYUm.jpg,cbYUm,2bYAm,0
QRYuW.jpg,QRYuW,Q81aW,0
rw7S1.jpg,rw7S1,rWZ51,0
qcW89.jpg,qcW89,7cWx9,0
CBK04.jpg,CBK04,j5K34,0
v4gBF.jpg,v4gBF,V4nBF,0
M2QE3.jpg,M2QE3,A2CE3,0
RT2sY.jpg,RT2sY,RT23V,0
0w34S.jpg,0w34S,0w24S,0
5q104.jpg,5q104,5d1m4,0
kl8Qb.jpg,kl8Qb,KJ8Qv,0
C0XFy.jpg,C0XFy,C0MFY,0
gQ23h.jpg,gQ23h,gXz3h,0
5341e.jpg,5341e,5341c,0
1hj49.jpg,1hj49,1bjX8,0
9c8RG.jpg,9c8RG,973H0,0
Ie7H0.jpg,Ie7H0,VE7h0,0
dV1RM.jpg,dV1RM,dl3kM,0
bhix3.jpg,bhix3,NHCz3,0
1h4DH.jpg,1h4DH,1b4sW,0
k58Ix.jpg,k58Ix,k58Tx,0
1Gp9R.jpg,1Gp9R,1up9K,0
6ub1x.jpg,6ub1x,6uA1x,0
mPmI1.jpg,mPmI1,wFeY1,0
24x90.jpg,24x90,24xS0,0
g84ZR.jpg,g84ZR,g84LR,0
GrGn8.jpg,GrGn8,CrTA8,0
sq6qk.jpg,sq6qk,sv6qk,0
52y1s.jpg,52y1s,j2Uhx,0
i4zQb.jpg,i4zQb,I4z0b,0
SFysS.jpg,SFysS,9jWz6,0
Y1RJ6.jpg,Y1RJ6,V1BJ6,0
z24P7.jpg,z24P7,i2WP7,0
h1e13.jpg,h1e13,HT6i2,0
R9A0o.jpg,R9A0o,E7A0e,0
jk3Y8.jpg,jk3Y8,ik3V8,0
1Un54.jpg,1Un54,1Om54,0
LW6I9.jpg,LW6I9,im649,0
9zRM5.jpg,9zRM5,0zPM5,0
6g7w8.jpg,6g7w8,6g1w3,0
U177y.jpg,U177y,Uk3jy,0
HDA34.jpg,HDA34,HDA3Y,0
xTguF.jpg,xTguF,rTgwS,0
57dq2.jpg,57dq2,57Mg2,0
24Qd9.jpg,24Qd9,Z4Cd3,0
2BG25.jpg,2BG25,4NCZ5,0
mDw54.jpg,mDw54,mDW54,0
hVf3d.jpg,hVf3d,hQf3d,0
co04f.jpg,co04f,cmU4f,0
DX1Pw.jpg,DX1Pw,0X1Pu,0
iSe5O.jpg,iSe5O,iK45O,0
cW26z.jpg,cW26z,gWP6z,0
M7g6x.jpg,M7g6x,H7g6x,0
09yDK.jpg,09yDK,09vDK,0
4q3f4.jpg,4q3f4,4g3rh,0
YtwK8.jpg,YtwK8,YtmK8,0
v8a55.jpg,v8a55,V8a5j,0
dq6U0.jpg,dq6U0,JqfI0,0
WsVGO.jpg,WsVGO,45VG0,0
77L8m.jpg,77L8m,7xE0m,0
Ab844.jpg,Ab844,AD2y4,0
XOps1.jpg,XOps1,KCps1,0
y74XQ.jpg,y74XQ,Wj4K0,0
au96Q.jpg,au96Q,ay96Q,0
NF04a.jpg,NF04a,NE043,0
MKS2O.jpg,MKS2O,mK52O,0
NmX4e.jpg,NmX4e,NmX46,0
k5fM1.jpg,k5fM1,kSfM1,0
6gwXr.jpg,6gwXr,6quXr,0
2aUE2.jpg,2aUE2,3NUEZ,0
Va1p7.jpg,Va1p7,Ma1p7,0
OPevI.jpg,OPevI,OReV1,0
3VF5c.jpg,3VF5c,2VF5c,0
n126R.jpg,n126R,m12OK,0
5Nm6H.jpg,5Nm6H,5Nme1,0
e2917.jpg,e2917,e29j7,0
It72x.jpg,It72x,lt7ow,0
0F38J.jpg,0F38J,QFz3J,0
fx59S.jpg,fx59S,fz50S,0
kEf72.jpg,kEf72,Hmf72,0
5ae36.jpg,5ae36,54eY6,0
654F1.jpg,654F1,654FY,0
C57v2.jpg,C57v2,C5jw2,0
0U5Tz.jpg,0U5Tz,9U8TZ,0
097Qa.jpg,097Qa,o37Qu,0
kRP5M.jpg,kRP5M,hRPgM,0
7ecHG.jpg,7ecHG,7sjHG,0
sh9iK.jpg,sh9iK,vb9iX,0
4NXwL.jpg,4NXwL,47XwL,0
ErjyO.jpg,ErjyO,ErAvO,0
08ohM.jpg,08ohM,08ehY,0
YD3ot.jpg,YD3ot,VD3ot,0
5RMRO.jpg,5RMRO,384K0,0
x3sA1.jpg,x3sA1,X36A1,0
55U16.jpg,55U16,r2U10,0
LQ70q.jpg,LQ70q,LQ76g,0
0yxju.jpg,0yxju,0yKIu,0
rvJ51.jpg,rvJ51,ruJ51,0
fjLiR.jpg,fjLiR,fjLv8,0
JYT7M.jpg,JYT7M,JsP7M,0
3X8qS.jpg,3X8qS,2K6qE,0
1Vi8Y.jpg,1Vi8Y,1Mr3Q,0
lTo4d.jpg,lTo4d,lTpWd,0
7W3e9.jpg,7W3e9,7W3e9,1
AWHZE.jpg,AWHZE,0WAZE,0
u0a5p.jpg,u0a5p,u0Y5p,0
iL27f.jpg,iL27f,mL37e,0
q0E4O.jpg,q0E4O,y6F4C,0
qTc4x.jpg,qTc4x,oIE4x,0
mW176.jpg,mW176,vWi76,0
308pQ.jpg,308pQ,168pQ,0
9swe6.jpg,9swe6,9swK6,0
Rg62L.jpg,Rg62L,Byf2L,0
x15LG.jpg,x15LG,xT5LG,0
f1mT7.jpg,f1mT7,f1mT7,1
mzqP4.jpg,mzqP4,mLgF4,0
x0mv1.jpg,x0mv1,k0mv1,0
404vC.jpg,404vC,40KvC,0
5IX97.jpg,5IX97,5tA97,0
1av0M.jpg,1av0M,1aY0A,0
7L3C5.jpg,7L3C5,7T0C8,0
kBqCO.jpg,kBqCO,k84LO,0
Q8f7e.jpg,Q8f7e,C3f7c,0
9iZmB.jpg,9iZmB,0j2W8,0
q180Z.jpg,q180Z,g1802,0
5r19W.jpg,5r19W,5rj0W,0
S201H.jpg,S201H,SZ01H,0
a4uoZ.jpg,a4uoZ,34U0Z,0
KHhsA.jpg,KHhsA,KHq57,0
B6It2.jpg,B6It2,D6Yt2,0
t48E1.jpg,t48E1,t43wT,0
LI27G.jpg,LI27G,Lfa7C,0
H7QP3.jpg,H7QP3,k7CF3,0
ZcR8M.jpg,ZcR8M,zfK8M,0
jk4JI.jpg,jk4JI,jK4Jc,0
rr8MB.jpg,rr8MB,zJqHB,0
67Ul3.jpg,67Ul3,67Uh3,0
T194H.jpg,T194H,7j84N,0
Uhp3O.jpg,Uhp3O,vhp3G,0
IqXcK.jpg,IqXcK,IdxcB,0
Kzopk.jpg,Kzopk,Xz0pl,0
94OR6.jpg,94OR6,94tR6,0
1U0Sh.jpg,1U0Sh,7V03A,0
pQ93F.jpg,pQ93F,pCz3F,0
UpLl6.jpg,UpLl6,UgEjx,0
ShIb5.jpg,ShIb5,eh745,0
Wy1fh.jpg,Wy1fh,WyjSh,0
4M6KS.jpg,4M6KS,4U6K3,0
Ii8VX.jpg,Ii8VX,Ic8WX,0
M533m.jpg,M533m,4L93n,0
mN04R.jpg,mN04R,rM04B,0
848DA.jpg,848DA,8by3H,0
4uMJ3.jpg,4uMJ3,4uMJ3,1
dF0E7.jpg,dF0E7,dF0G2,0
0RUX5.jpg,0RUX5,0RUX3,0
lkoy7.jpg,lkoy7,UkpyT,0
AdYal.jpg,AdYal,AGV3i,0
WV5a3.jpg,WV5a3,M15a3,0
0e69p.jpg,0e69p,Ux69p,0
FVu78.jpg,FVu78,FXu78,0
FEFC6.jpg,FEFC6,ISXC6,0
g0N9C.jpg,g0N9C,g0N7C,0
UI1pE.jpg,UI1pE,0IXm5,0
ttrB8.jpg,ttrB8,E4r0X,0
0REPc.jpg,0REPc,0Alxc,0
9XO66.jpg,9XO66,9KC8h,0
O331A.jpg,O331A,C3N1m,0
9DqoI.jpg,9DqoI,3Bqw1,0
6KOJB.jpg,6KOJB,6XOJB,0
31KWP.jpg,31KWP,3iKWP,0
E2283.jpg,E2283,E2WR3,0
VZjVI.jpg,VZjVI,m2jUT,0
L66r9.jpg,L66r9,Lucm9,0
P3wUW.jpg,P3wUW,P2mU6,0
7W8z0.jpg,7W8z0,7HSz0,0
61vAA.jpg,61vAA,6jvNZ,0
6fM81.jpg,6fM81,GiKa1,0
Dv1JK.jpg,Dv1JK,Dv1JK,1
2P2OH.jpg,2P2OH,2Fa0H,0
5DSN7.jpg,5DSN7,5DeM1,0
R4q0l.jpg,R4q0l,K450I,0
91Nz1.jpg,91Nz1,9iAzT,0
Y7z42.jpg,Y7z42,VPzA2,0
iE2n4.jpg,iE2n4,iS2G4,0
CM33r.jpg,CM33r,GMjsr,0
C1KZV.jpg,C1KZV,C1n29,0
7Dind.jpg,7Dind,7DiNd,0
3SE0A.jpg,3SE0A,3SE0N,0
z07Uj.jpg,z07Uj,x0TUh,0
82KAa.jpg,82KAa,82KAq,0
knig3.jpg,knig3,Kmfg3,0
mN7h1.jpg,mN7h1,mNZb1,0
undi3.jpg,undi3,yNdi3,0
4COfw.jpg,4COfw,4c0fW,0
eJTeD.jpg,eJTeD,qJKZD,0
3Jxww.jpg,3Jxww,3IiwQ,0
W0KJ7.jpg,W0KJ7,WoAJ7,0
zn5wB.jpg,zn5wB,zh5wB,0
uGqSh.jpg,uGqSh,uCqXh,0
r69Fc.jpg,r69Fc,r69Fs,0
Ebg5y.jpg,Ebg5y,EM95V,0
YJ432.jpg,YJ432,TDt32,0
sc8ca.jpg,sc8ca,5cMta,0
5Ybum.jpg,5Ybum,5YbqA,0
R67JX.jpg,R67JX,R67JX,1
PF8HJ.jpg,PF8HJ,Pt9HJ,0
9JsU6.jpg,9JsU6,oJxW6,0
7zJvw.jpg,7zJvw,7zHQm,0
pXgNJ.jpg,pXgNJ,pXgNJ,1
FLDt1.jpg,FLDt1,FLD73,0
byPum.jpg,byPum,bgPuA,0
538Is.jpg,538Is,53WIx,0
15mzg.jpg,15mzg,15mej,0
wHTBZ.jpg,wHTBZ,mHI52,0
6bZST.jpg,6bZST,4b7SY,0
0FdNd.jpg,0FdNd,054Ae,0
hZe7N.jpg,hZe7N,b2eTW,0
PJlzS.jpg,PJlzS,DJhz5,0
QZ47o.jpg,QZ47o,OZ4Tp,0
Q5TLd.jpg,Q5TLd,05TWA,0
8vAtm.jpg,8vAtm,3VALr,0
tZUjQ.jpg,tZUjQ,tzbjQ,0
4c161.jpg,4c161,Mg36f,0
zU93A.jpg,zU93A,ZU93A,0
8p76P.jpg,8p76P,3p76P,0
h6W73.jpg,h6W73,h6W73,1
nzYX6.jpg,nzYX6,mzvH6,0
5LGoN.jpg,5LGoN,31GdA,0
c5Umh.jpg,c5Umh,C5Umh,0
7KMii.jpg,7KMii,7KMis,0
EH7T8.jpg,EH7T8,EH7Q3,0
aX5R7.jpg,aX5R7,aX5B7,0
R74jr.jpg,R74jr,R7ajv,0
b9QLz.jpg,b9QLz,6HOj2,0
35dlF.jpg,35dlF,2bdlF,0
9g5I2.jpg,9g5I2,0m5I2,0
a19W8.jpg,a19W8,a19K6,0
La759.jpg,La759,Dx7c9,0
0M39P.jpg,0M39P,aMz9F,0
em9Tm.jpg,em9Tm,cB2Ir,0
Jid49.jpg,Jid49,JidA9,0
ZebV0.jpg,ZebV0,2abV0,0
J4HrG.jpg,J4HrG,J4HrG,1
AM154.jpg,AM154,PK15q,0
n32VJ.jpg,n32VJ,h3ZVJ,0
mm42L.jpg,mm42L,my42L,0
ZY07W.jpg,ZY07W,2Y0iH,0
wJDI2.jpg,wJDI2,wJDf2,0
d49wo.jpg,d49wo,d4Sm6,0
u6d54.jpg,u6d54,v8J54,0
m3X09.jpg,m3X09,m1XC9,0
t818N.jpg,t818N,t8TzN,0
K9J8v.jpg,K9J8v,KOJ8v,0
TO3O7.jpg,TO3O7,TusOZ,0
faR72.jpg,faR72,fuR72,0
1Hw67.jpg,1Hw67,1Ha57,0
g8BE8.jpg,g8BE8,y8Trx,0
Uw4Jo.jpg,Uw4Jo,UW4Jc,0
M25da.jpg,M25da,MZ5de,0
8Zs1B.jpg,8Zs1B,82wWD,0
qNFF6.jpg,qNFF6,4ATp5,0
532s7.jpg,532s7,532w7,0
esqPh.jpg,esqPh,esyPh,0
5eq3K.jpg,5eq3K,5eq3K,1
Cp1j4.jpg,Cp1j4,CBvj4,0
xh4pb.jpg,xh4pb,q1Qmb,0
qxhRy.jpg,qxhRy,qxhRY,0
Ze98t.jpg,Ze98t,ze93t,0
00jJ3.jpg,00jJ3,CRkJ2,0
vpKBm.jpg,vpKBm,vpK8m,0
0kkv3.jpg,0kkv3,0kEv3,0
vd8nu.jpg,vd8nu,U78nL,0
5Od5r.jpg,5Od5r,5CaZi,0
vCo6Y.jpg,vCo6Y,uC26Y,0
zsRkt.jpg,zsRkt,zsBhf,0
SIRj6.jpg,SIRj6,S7Ry6,0
4KZ9c.jpg,4KZ9c,4KZ3c,0
P06mx.jpg,P06mx,Fj5mM,0
BYM8Q.jpg,BYM8Q,uYM8Q,0
8XYqQ.jpg,8XYqQ,3Kiu0,0
eM2g1.jpg,eM2g1,eK2g1,0
9h3TE.jpg,9h3TE,gh3jE,0
IyFWN.jpg,IyFWN,Ig6WN,0
yU78i.jpg,yU78i,vUT3i,0
uv2Tp.jpg,uv2Tp,Uv2Tp,0
Fk9Az.jpg,Fk9Az,fk9mZ,0
5m7up.jpg,5m7up,3m7UP,0
CWv7I.jpg,CWv7I,CWv7I,1
Syoyu.jpg,Syoyu,SZCyu,0
rX226.jpg,rX226,rX736,0
w9tH7.jpg,w9tH7,w9tA7,0
YWvfS.jpg,YWvfS,YHuf3,0
Axx78.jpg,Axx78,Arx72,0
yg923.jpg,yg923,Yngz3,0
k5RfO.jpg,k5RfO,k5Rf0,0
73J02.jpg,73J02,7wJ02,0
zhk6z.jpg,zhk6z,pnt6Z,0
MR62Q.jpg,MR62Q,MK52O,0
7f70z.jpg,7f70z,5fM0a,0
YTD0P.jpg,YTD0P,hTD0P,0
Ro3eX.jpg,Ro3eX,P0jcx,0
IcpF8.jpg,IcpF8,icuK8,0
XY40r.jpg,XY40r,K740E,0
27YMS.jpg,27YMS,24TMS,0
Bw4Ce.jpg,Bw4Ce,BV1Ce,0
Ff5Dd.jpg,Ff5Dd,TfxDd,0
8927i.jpg,8927i,8uZ7s,0
mppF8.jpg,mppF8,mcpF2,0
ss4S2.jpg,ss4S2,ks49P,0
92Qk1.jpg,92Qk1,92Qky,0
hkhJY.jpg,hkhJY,N2hJY,0
d32J1.jpg,d32J1,Q3Zv1,0
0dj70.jpg,0dj70,Cdi7p,0
9SZYc.jpg,9SZYc,9K2Vc,0
9P1Y7.jpg,9P1Y7,9B1Y7,0
6wRy6.jpg,6wRy6,3mRJc,0
T1qLI.jpg,T1qLI,T80LS,0
zEbZ3.jpg,zEbZ3,zEbZ3,1
f873G.jpg,f873G,k073G,0
HfMi8.jpg,HfMi8,DfMc3,0
SFjq3.jpg,SFjq3,GFju2,0
03jzR.jpg,03jzR,031ZN,0
wlNLb.jpg,wlNLb,WjNE5,0
xNK5R.jpg,xNK5R,zMk5T,0
ErW5W.jpg,ErW5W,Evw5N,0
y3bW2.jpg,y3bW2,r3bH2,0
tCEkw.jpg,tCEkw,tJEWq,0
8zJ0S.jpg,8zJ0S,8KJ05,0
o84b3.jpg,o84b3,O84b3,0
72GEJ.jpg,72GEJ,7aGEJ,0
42FJ3.jpg,42FJ3,4zry3,0
T0k4z.jpg,T0k4z,t0K4Z,0
ZkpdX.jpg,ZkpdX,TkpdX,0
oK43L.jpg,oK43L,oK43i,0
zh292.jpg,zh292,ZHX9P,0
4E4ci.jpg,4E4ci,0EMci,0
cML33.jpg,cML33,eMLw3,0
yk880.jpg,yk880,yK9B0,0
PC16c.jpg,PC16c,FO16c,0
AfIJR.jpg,AfIJR,hs1yB,0
k037d.jpg,k037d,H037e,0
j7duT.jpg,j7duT,i7dwr,0
3qNVR.jpg,3qNVR,sqhVR,0
IZ3S6.jpg,IZ3S6,iZ3Sb,0
w9t3a.jpg,w9t3a,W9I3e,0
kpNd9.jpg,kpNd9,kpAd9,0
0B2Xs.jpg,0B2Xs,0B2Xs,1
21mLY.jpg,21mLY,21mkV,0
O9Y7X.jpg,O9Y7X,C9m7K,0
ijiIX.jpg,ijiIX,c9uTK,0
Rpv7h.jpg,Rpv7h,Bpv7h,0
GRXZx.jpg,GRXZx,CPYZx,0
B560K.jpg,B560K,P5Z0K,0
ZdVZU.jpg,ZdVZU,2dVPD,0
V3mO5.jpg,V3mO5,V3m05,0
JgASw.jpg,JgASw,IaASw,0
CTask.jpg,CTask,6TdsK,0
BJn2o.jpg,BJn2o,xJh2o,0
3U2wP.jpg,3U2wP,SU2wD,0
1C3yz.jpg,1C3yz,1C3vz,0
UAh5a.jpg,UAh5a,UAb5a,0
6B2PU.jpg,6B2PU,5BzFU,0
oRPv5.jpg,oRPv5,0Ajv3,0
ft20m.jpg,ft20m,7t20m,0
7FW2V.jpg,7FW2V,7Em2V,0
nPcvJ.jpg,nPcvJ,hFCV3,0
D4u5S.jpg,D4u5S,D4v5S,0
6Bw52.jpg,6Bw52,6Bm3Z,0
VK5nB.jpg,VK5nB,Uk5nB,0
8IYG0.jpg,8IYG0,2fYC0,0
0WGix.jpg,0WGix,0Hci2,0
qSG7N.jpg,qSG7N,05p7A,0
t6Mhn.jpg,t6Mhn,L6MH3,0
0nMl7.jpg,0nMl7,0nHi7,0
mcjx6.jpg,mcjx6,mcIX6,0
1Ghjl.jpg,1Ghjl,3GnjI,0
nThNt.jpg,nThNt,nTHNt,0
4Lztp.jpg,4Lztp,4LzFp,0
3d9I1.jpg,3d9I1,3Q9K1,0
fIqXP.jpg,fIqXP,l5qXP,0
z08hX.jpg,z08hX,208bK,0
8qINC.jpg,8qINC,3q1MC,0
p57qz.jpg,p57qz,b57GX,0
207Zx.jpg,207Zx,207ZX,0
SxKds.jpg,SxKds,S2Wdp,0
D8CsC.jpg,D8CsC,D8j5C,0
s86bD.jpg,s86bD,x96hD,0
znJcg.jpg,znJcg,2mJC9,0
x51RA.jpg,x51RA,w51P4,0
4qEc1.jpg,4qEc1,4qBcT,0
K82L6.jpg,K82L6,H37ic,0
7uv9Y.jpg,7uv9Y,Zuv9h,0
znHZG.jpg,znHZG,smH70,0
1GOnu.jpg,1GOnu,1qOnz,0
029D0.jpg,029D0,g2NBO,0
fJfgE.jpg,fJfgE,wJ7gE,0
e9ngF.jpg,e9ngF,e9xnF,0
J52i7.jpg,J52i7,J52i4,0
h0Y3T.jpg,h0Y3T,H0V2f,0
r4k4d.jpg,r4k4d,T5K4d,0
1G3pQ.jpg,1G3pQ,16SpQ,0
l8GjC.jpg,l8GjC,l8SjC,0
0q1iG.jpg,0q1iG,0yTiR,0
f5lVM.jpg,f5lVM,f5lVM,1
9Axqj.jpg,9Axqj,9Awqj,0
YkS2J.jpg,YkS2J,YkS2a,0
y70Ok.jpg,y70Ok,V39CH,0
EJ021.jpg,EJ021,7J024,0
09x8x.jpg,09x8x,0Tj8v,0
H88rm.jpg,H88rm,H26im,0
Tmg29.jpg,Tmg29,Imd29,0
Q71IM.jpg,Q71IM,C7EtM,0
uToU2.jpg,uToU2,uTOM2,0
uk8a6.jpg,uk8a6,mk9a6,0
755CY.jpg,755CY,785CV,0
KQv1N.jpg,KQv1N,EQv2N,0
HDWN9.jpg,HDWN9,HDwx9,0
t3Iq2.jpg,t3Iq2,t3hQ2,0
A8ep2.jpg,A8ep2,A8Lp7,0
LBYf4.jpg,LBYf4,LRYf4,0
y00nF.jpg,y00nF,yeGnE,0
eE45j.jpg,eE45j,oD45j,0
KoNHS.jpg,KoNHS,koNHS,0
la573.jpg,la573,lub73,0
7MfPa.jpg,7MfPa,7MtPe,0
KV6Kg.jpg,KV6Kg,KU6jo,0
9Nw1b.jpg,9Nw1b,9Av1b,0
92S03.jpg,92S03,9KS0a,0
WPRoZ.jpg,WPRoZ,WjRaZ,0
VUo4u.jpg,VUo4u,GMe4u,0
y28BI.jpg,y28BI,y29DI,0
x2Ax2.jpg,x2Ax2,s9AMZ,0
Me50w.jpg,Me50w,Ae50v,0
PMORd.jpg,PMORd,PMixd,0
b37hf.jpg,b37hf,b37Kf,0
8qpbb.jpg,8qpbb,8QTth,0
j96QT.jpg,j96QT,i46QT,0
Df42f.jpg,Df42f,Dfs2y,0
zYlf7.jpg,zYlf7,zVD7m,0
kjJqy.jpg,kjJqy,KjdQv,0
rCkX5.jpg,rCkX5,rCkX3,0
5O82t.jpg,5O82t,5O87t,0
0q84N.jpg,0q84N,0y34W,0
zk7XC.jpg,zk7XC,ab7X0,0
4S3J2.jpg,4S3J2,4E3jR,0
T28B4.jpg,T28B4,F26v4,0
UEV43.jpg,UEV43,0EV43,0
4NPlx.jpg,4NPlx,4MPIx,0
XU0F0.jpg,XU0F0,KU0Fa,0
7ekpH.jpg,7ekpH,7eKpU,0
v468Z.jpg,v468Z,VAC8Z,0
os8P0.jpg,os8P0,wsLP0,0
dMRdJ.jpg,dMRdJ,dNR2j,0
lUhn8.jpg,lUhn8,jUhm3,0
Dp815.jpg,Dp815,CpX15,0
9KAmP.jpg,9KAmP,3K4mB,0
ADt3Y.jpg,ADt3Y,A0e2V,0
eh82K.jpg,eh82K,Ch3PK,0
1F5bZ.jpg,1F5bZ,1m502,0
u6DvD.jpg,u6DvD,a6TvD,0
qiZCt.jpg,qiZCt,niXGt,0
I2Sf5.jpg,I2Sf5,j2Sf5,0
zoINJ.jpg,zoINJ,xoFMU,0
K6PuV.jpg,K6PuV,K6BaU,0
aNVBy.jpg,aNVBy,aKVEx,0
iHJmW.jpg,iHJmW,iR3m4,0
m8R23.jpg,m8R23,t8K2A,0
VEwBU.jpg,VEwBU,ac7by,0
67A0n.jpg,67A0n,57Arn,0
F6K7h.jpg,F6K7h,EoK7b,0
vX6Rq.jpg,vX6Rq,vM6jg,0
m0O9W.jpg,m0O9W,m0j8V,0
pGvom.jpg,pGvom,jC49T,0
9R991.jpg,9R991,QRs91,0
XDpqF.jpg,XDpqF,Khpaf,0
38s01.jpg,38s01,38r01,0
izDd6.jpg,izDd6,IzDd6,0
T4yZ7.jpg,T4yZ7,T4vX7,0
c1SJY.jpg,c1SJY,c15JV,0
jJdJy.jpg,jJdJy,jAG5V,0
JZ200.jpg,JZ200,IZwg6,0
Hso9U.jpg,Hso9U,Axo7L,0
71W0P.jpg,71W0P,z1WoP,0
96fO0.jpg,96fO0,96FOp,0
1DaqU.jpg,1DaqU,1EawM,0
55v8M.jpg,55v8M,j5vPA,0
2qL9G.jpg,2qL9G,2gt9T,0
gLy7U.jpg,gLy7U,akx3G,0
KN42L.jpg,KN42L,Kny2I,0
0mDuG.jpg,0mDuG,9mDuG,0
sTscB.jpg,sTscB,sTjcB,0
3E4Ib.jpg,3E4Ib,3E4Ib,1
D4pGx.jpg,D4pGx,04FGK,0
kDzxO.jpg,kDzxO,kD7x6,0
C58K7.jpg,C58K7,C56K1,0
1n67W.jpg,1n67W,1m67V,0
Qb256.jpg,Qb256,OK2Tc,0
150Xz.jpg,150Xz,150K2,0
gqD94.jpg,gqD94,jaDS1,0
d5c6z.jpg,d5c6z,d5CGx,0
Iu2pV.jpg,Iu2pV,iuZpV,0
4NbqL.jpg,4NbqL,4MBGI,0
p932o.jpg,p932o,DW320,0
l3Q6C.jpg,l3Q6C,I3y6C,0
uzqrv.jpg,uzqrv,H4qrV,0
2D0vi.jpg,2D0vi,2BGVi,0
6wr6r.jpg,6wr6r,dMr51,0
38Mnx.jpg,38Mnx,f2MhX,0
t4215.jpg,t4215,F4zi5,0
FDCTE.jpg,FDCTE,FDO1E,0
6L5oC.jpg,6L5oC,615aC,0
rVlw5.jpg,rVlw5,p0lw5,0
4BOc2.jpg,4BOc2,4B0r2,0
jg16I.jpg,jg16I,jgT5t,0
B9wVe.jpg,B9wVe,B9mVa,0
pu62I.jpg,pu62I,pu62I,1
CYdII.jpg,CYdII,CYdHf,0
6Lub6.jpg,6Lub6,5juhQ,0
