file,real_target,pred_target,is_same
R6489.jpg,R6489,H6489,0
AXc49.jpg,AXc49,AYc49,0
oNUUc.jpg,oNUUc,nPHVc,0
I4pdR.jpg,I4pdR,IZpdR,0
YL47W.jpg,YL47W,YL47W,1
9Juoe.jpg,9Juoe,9JKoe,0
66bEu.jpg,66bEu,G5b1u,0
QrSl2.jpg,QrSl2,OrSH2,0
RLtem.jpg,RLtem,RWtem,0
p8012.jpg,p8012,p80l2,0
7tU6Q.jpg,7tU6Q,7tU6Q,1
Ts8nf.jpg,Ts8nf,Js8Hf,0
qVx4p.jpg,qVx4p,gjB4p,0
a1Yo7.jpg,a1Yo7,MiYo7,0
MTg43.jpg,MTg43,HFc43,0
Yp37T.jpg,Yp37T,V037I,0
J8n2F.jpg,J8n2F,J8u2F,0
Zq6i5.jpg,Zq6i5,Kq6i7,0
Ai85b.jpg,Ai85b,Ai85b,1
cSh6W.jpg,cSh6W,cSh6V,0
3l6Rk.jpg,3l6Rk,3I6BK,0
6T950.jpg,6T950,6r950,0
1D8RR.jpg,1D8RR,1D8RA,0
k8r8Q.jpg,k8r8Q,kdYGO,0
4uBt7.jpg,4uBt7,4uBt7,1
51dMF.jpg,51dMF,51QMF,0
SDlhI.jpg,SDlhI,5DlhT,0
4qk40.jpg,4qk40,4qkL0,0
3kzJz.jpg,3kzJz,3kzJ9,0
a9XTx.jpg,a9XTx,C9XTz,0
gS7xi.jpg,gS7xi,a37Xh,0
ee8XP.jpg,ee8XP,Ne8XP,0
VDsDt.jpg,VDsDt,VT3pt,0
0o5yt.jpg,0o5yt,0XDyt,0
RlJnn.jpg,RlJnn,RlJZn,0
9Cl6T.jpg,9Cl6T,9Cz6M,0
BGBTM.jpg,BGBTM,R4DTM,0
K3qqH.jpg,K3qqH,K2pqH,0
bY4z9.jpg,bY4z9,bY4z9,1
71WGI.jpg,71WGI,7IWGZ,0
0A98E.jpg,0A98E,QA98E,0
QL9RZ.jpg,QL9RZ,Oi9RZ,0
6We77.jpg,6We77,6WeF2,0
mbe5P.jpg,mbe5P,mbe5P,1
MdjT1.jpg,MdjT1,MdfT1,0
Nr53m.jpg,Nr53m,KI53w,0
3fZT5.jpg,3fZT5,3FZT5,0
i47oW.jpg,i47oW,l47QV,0
eVW1a.jpg,eVW1a,cVX1a,0
1GXBa.jpg,1GXBa,rQXBa,0
VhB3k.jpg,VhB3k,V0B3k,0
z919s.jpg,z919s,zU19s,0
A62rm.jpg,A62rm,A62rV,0
IYAD2.jpg,IYAD2,tYoD2,0
3ZOi5.jpg,3ZOi5,3Z0H5,0
NVPj7.jpg,NVPj7,KVBI7,0
Hre39.jpg,Hre39,Kvc39,0
QE52f.jpg,QE52f,0n52f,0
00v9r.jpg,00v9r,g6V91,0
ZsPE1.jpg,ZsPE1,ZJPQl,0
Qc1cW.jpg,Qc1cW,QcYSh,0
xjUMd.jpg,xjUMd,xjOWJ,0
2p3R9.jpg,2p3R9,Cp3R9,0
2a8Yn.jpg,2a8Yn,2a8VK,0
7gf6g.jpg,7gf6g,Ynf6g,0
4U7AK.jpg,4U7AK,4U7Ak,0
ePSa5.jpg,ePSa5,cPSJV,0
6kiq5.jpg,6kiq5,8KIq5,0
E4UB9.jpg,E4UB9,F4UB9,0
9Wf84.jpg,9Wf84,9UC64,0
UjRE4.jpg,UjRE4,UjRf4,0
jCxuk.jpg,jCxuk,jCxuk,1
XJbCu.jpg,XJbCu,NJbcu,0
7tbL9.jpg,7tbL9,7tuL9,0
KICfN.jpg,KICfN,K4CfN,0
66k4h.jpg,66k4h,6vk4h,0
jp9d8.jpg,jp9d8,1p9d8,0
0z938.jpg,0z938,0793B,0
w716r.jpg,w716r,w7I6r,0
6nJcH.jpg,6nJcH,6nJyH,0
2N02G.jpg,2N02G,2N07G,0
qM81T.jpg,qM81T,aK3zT,0
lr1A5.jpg,lr1A5,LrTA5,0
lc8Rf.jpg,lc8Rf,1qZRF,0
gh5k0.jpg,gh5k0,gh5kO,0
wQ3Y7.jpg,wQ3Y7,w03V7,0
937m6.jpg,937m6,937H6,0
S42Xt.jpg,S42Xt,542XI,0
5Oq7X.jpg,5Oq7X,5Oq1X,0
KNMi1.jpg,KNMi1,KNM01,0
rEz1V.jpg,rEz1V,rEzTV,0
nH4ut.jpg,nH4ut,nH4uf,0
2jl3e.jpg,2jl3e,2yh30,0
72pr5.jpg,72pr5,72Rr5,0
VnVH3.jpg,VnVH3,vnyH3,0
1g68Y.jpg,1g68Y,1g6kY,0
NyxU1.jpg,NyxU1,NyZUI,0
2Bx04.jpg,2Bx04,2Bfo4,0
EH1A2.jpg,EH1A2,EH1Q2,0
5ru7Q.jpg,5ru7Q,5Yp7Q,0
7p7Eo.jpg,7p7Eo,7pzkQ,0
157Pm.jpg,157Pm,T67Pm,0
pXZO3.jpg,pXZO3,FK203,0
0becJ.jpg,0becJ,0bxcJ,0
d2qsq.jpg,d2qsq,d1n5q,0
hfvj9.jpg,hfvj9,bfVj9,0
3jUpS.jpg,3jUpS,AjUpS,0
do4dW.jpg,do4dW,dcZIW,0
C42N5.jpg,C42N5,C42N5,1
whUQa.jpg,whUQa,whUOa,0
api0h.jpg,api0h,apY0h,0
Z5wOa.jpg,Z5wOa,Zfw0a,0
LuQOe.jpg,LuQOe,LnQ7e,0
xmEF7.jpg,xmEF7,XaEf7,0
eqy0C.jpg,eqy0C,egyhC,0
nLqys.jpg,nLqys,nLqyj,0
wV8I8.jpg,wV8I8,xVB19,0
mJQl2.jpg,mJQl2,mJQt2,0
18bxR.jpg,18bxR,18bxR,1
ildR2.jpg,ildR2,clHP2,0
2KX08.jpg,2KX08,2FXO8,0
7JTl4.jpg,7JTl4,xJTfu,0
m8LaG.jpg,m8LaG,m8LaG,1
QIzME.jpg,QIzME,0IzHE,0
I6jxn.jpg,I6jxn,Z6jXm,0
V1Ndn.jpg,V1Ndn,V1Ndr,0
O3WeT.jpg,O3WeT,Q5Wa7,0
iEao0.jpg,iEao0,IRa60,0
4hhvX.jpg,4hhvX,4hEvX,0
wS011.jpg,wS011,M50Yj,0
Y1hw1.jpg,Y1hw1,Yjhwd,0
g94i7.jpg,g94i7,g9Ni7,0
g17ig.jpg,g17ig,atJi6,0
b8Cx2.jpg,b8Cx2,bYCx2,0
gU87U.jpg,gU87U,gb87W,0
23N06.jpg,23N06,23M0B,0
9Je28.jpg,9Je28,9Jmz8,0
aq86X.jpg,aq86X,Mc86X,0
8927S.jpg,8927S,892XS,0
q3156.jpg,q3156,q315Z,0
18lB2.jpg,18lB2,18lBC,0
409i7.jpg,409i7,409i7,1
3RLsk.jpg,3RLsk,3PLek,0
C79Wg.jpg,C79Wg,Cz9Wq,0
XxwI8.jpg,XxwI8,XYwl6,0
PRTK5.jpg,PRTK5,pR1K5,0
UIlDO.jpg,UIlDO,UI2Do,0
9igtk.jpg,9igtk,9id7k,0
hfj80.jpg,hfj80,hfJS0,0
7ekKO.jpg,7ekKO,7ekA0,0
QQQQa.jpg,QQQQa,lQmUa,0
p06A7.jpg,p06A7,p0nAY,0
3y4u2.jpg,3y4u2,3y4u2,1
QjMe8.jpg,QjMe8,O1Me8,0
9uEkn.jpg,9uEkn,9uEkn,1
IsfDT.jpg,IsfDT,hSfDT,0
ovwLB.jpg,ovwLB,dvwLB,0
YA8SP.jpg,YA8SP,VA8SF,0
52CO3.jpg,52CO3,52CH3,0
0naLA.jpg,0naLA,0neLA,0
gim1l.jpg,gim1l,gkmYl,0
9Ws8Z.jpg,9Ws8Z,JWs6Z,0
Zdd1K.jpg,Zdd1K,2Sd1K,0
V6ypo.jpg,V6ypo,V6JPa,0
y1Cph.jpg,y1Cph,y1CpA,0
5PQ9L.jpg,5PQ9L,5PQ9L,1
b831y.jpg,b831y,be31v,0
413bR.jpg,413bR,4l3bK,0
09C8B.jpg,09C8B,09clB,0
6Pp65.jpg,6Pp65,cHp65,0
2L6P0.jpg,2L6P0,2IsF0,0
VRS3d.jpg,VRS3d,4RSrd,0
EHs6v.jpg,EHs6v,EHs6V,0
ua160.jpg,ua160,ua160,1
A8ipS.jpg,A8ipS,AVipS,0
SNB4C.jpg,SNB4C,SN8p1,0
GxX24.jpg,GxX24,GxX24,1
DJ0K1.jpg,DJ0K1,DJ2K1,0
NTmem.jpg,NTmem,KTmeG,0
2Nb7Q.jpg,2Nb7Q,2NbjO,0
O79O9.jpg,O79O9,Q7uUY,0
cGn7c.jpg,cGn7c,dE27o,0
h0294.jpg,h0294,E02S4,0
z9OPa.jpg,z9OPa,z9CPa,0
5D5a7.jpg,5D5a7,sD6M7,0
V7v04.jpg,V7v04,V7x04,0
4OXF6.jpg,4OXF6,4OXJc,0
sPd3v.jpg,sPd3v,XPd3v,0
jh72p.jpg,jh72p,ih72p,0
A7jRC.jpg,A7jRC,M7jRC,0
jt750.jpg,jt750,Ht750,0
HvUD5.jpg,HvUD5,HVUD5,0
4g53Q.jpg,4g53Q,1m5fQ,0
XN0yr.jpg,XN0yr,XN0yr,1
14M19.jpg,14M19,14MT9,0
kU10a.jpg,kU10a,kW1Oa,0
lRZHC.jpg,lRZHC,1PZHC,0
3cec4.jpg,3cec4,2cOCj,0
2b3MM.jpg,2b3MM,2b3MC,0
W7s4k.jpg,W7s4k,W7r4h,0
5IYdl.jpg,5IYdl,5iYdw,0
d2V7u.jpg,d2V7u,d2V7u,1
8Lx5H.jpg,8Lx5H,8Lx5u,0
32T2R.jpg,32T2R,3cI2K,0
g7X2M.jpg,g7X2M,a7X2M,0
ivPB4.jpg,ivPB4,tv9B4,0
uFx0u.jpg,uFx0u,rF40u,0
k17d8.jpg,k17d8,M17d8,0
8L8M6.jpg,8L8M6,5nRM6,0
CV9tv.jpg,CV9tv,CV3tm,0
2Et2y.jpg,2Et2y,2ENzy,0
L25Rs.jpg,L25Rs,I25Rs,0
0rfnj.jpg,0rfnj,0Yfup,0
o5dU0.jpg,o5dU0,o5dU7,0
RIg39.jpg,RIg39,R1g39,0
8GBp1.jpg,8GBp1,8QBp1,0
Oxn7E.jpg,Oxn7E,CXm7E,0
IH1Lz.jpg,IH1Lz,FHT3z,0
wn6fx.jpg,wn6fx,wu6f2,0
ER987.jpg,ER987,ER987,1
29I3k.jpg,29I3k,29tJK,0
AMdun.jpg,AMdun,AMdvn,0
MvjfU.jpg,MvjfU,MvjfU,1
pX68X.jpg,pX68X,P758H,0
wn8KP.jpg,wn8KP,Wn8KF,0
A0CU1.jpg,A0CU1,M0fU1,0
0T5I4.jpg,0T5I4,0k214,0
aD8J4.jpg,aD8J4,mD6J4,0
zjsKP.jpg,zjsKP,ZjsKP,0
6V4Dm.jpg,6V4Dm,5V4Dm,0
Uxp5P.jpg,Uxp5P,Uxn6j,0
lhYb0.jpg,lhYb0,tnVb0,0
sDIcJ.jpg,sDIcJ,RDIcJ,0
0H0Pv.jpg,0H0Pv,6HbPz,0
Nc2o4.jpg,Nc2o4,NC2o1,0
DYAqy.jpg,DYAqy,BYAey,0
t00tN.jpg,t00tN,7QJtK,0
IAO0E.jpg,IAO0E,mAO9E,0
0Hu51.jpg,0Hu51,0Hv51,0
QonUM.jpg,QonUM,ConWM,0
joexj.jpg,joexj,C9mxj,0
hhJ5D.jpg,hhJ5D,UnJCP,0
X6fY9.jpg,X6fY9,A6fY9,0
2nWvg.jpg,2nWvg,2mHvg,0
72WlT.jpg,72WlT,72WeT,0
Z1i53.jpg,Z1i53,Z1i53,1
5L4T2.jpg,5L4T2,5LxT2,0
3hz6d.jpg,3hz6d,3hz6d,1
SQRqf.jpg,SQRqf,5OHa1,0
NC2NQ.jpg,NC2NQ,jC2NQ,0
Ud5v2.jpg,Ud5v2,UJ5Y2,0
aEWRg.jpg,aEWRg,aGmRg,0
Fgmp4.jpg,Fgmp4,FgmV4,0
uJ9A3.jpg,uJ9A3,vJ9A4,0
YQnQ5.jpg,YQnQ5,VemC5,0
0PG0t.jpg,0PG0t,OPHdI,0
85C7k.jpg,85C7k,85C7K,0
YkhiP.jpg,YkhiP,YkhiF,0
570V0.jpg,570V0,57GVe,0
J22rX.jpg,J22rX,JZ36X,0
1IOu6.jpg,1IOu6,1IRu6,0
240Z6.jpg,240Z6,240y6,0
8npbP.jpg,8npbP,3NpbF,0
4k8zY.jpg,4k8zY,4K8zY,0
djgkn.jpg,djgkn,8Ygkm,0
khGzL.jpg,khGzL,Eh6zm,0
a82EA.jpg,a82EA,s62EA,0
07aZp.jpg,07aZp,07aZP,0
3cK74.jpg,3cK74,5cH74,0
WRXaR.jpg,WRXaR,VNXaD,0
fZ5l1.jpg,fZ5l1,HZ5r1,0
c7B6z.jpg,c7B6z,c7MKz,0
zCDI8.jpg,zCDI8,mCHI1,0
NP3Sd.jpg,NP3Sd,MP35d,0
Qwg1g.jpg,Qwg1g,Ow5f9,0
vgVSC.jpg,vgVSC,ygW5C,0
Lz0a1.jpg,Lz0a1,Lx9a1,0
NUeyb.jpg,NUeyb,NUejb,0
60QWx.jpg,60QWx,50QWx,0
zp0aq.jpg,zp0aq,zpCaq,0
Vkl7V.jpg,Vkl7V,WklaX,0
m8N6Q.jpg,m8N6Q,m376O,0
4ue3i.jpg,4ue3i,2BX3r,0
WRv84.jpg,WRv84,WRvp4,0
N7u7X.jpg,N7u7X,NZwYX,0
nPAAL.jpg,nPAAL,vPA4L,0
pJ81o.jpg,pJ81o,p481o,0
4ZV6V.jpg,4ZV6V,4ZH5V,0
p4sar.jpg,p4sar,p4saM,0
GQ00k.jpg,GQ00k,GQVaK,0
QHS8x.jpg,QHS8x,OHSJx,0
n4v89.jpg,n4v89,n4j89,0
Eg4V2.jpg,Eg4V2,Ex4V2,0
0z333.jpg,0z333,0F83J,0
z2XQV.jpg,z2XQV,cpA9V,0
AXp6y.jpg,AXp6y,AXP6y,0
j7yam.jpg,j7yam,j7ykm,0
s7qBq.jpg,s7qBq,s7QBu,0
t0Z7g.jpg,t0Z7g,tOZyq,0
C8upG.jpg,C8upG,78upQ,0
mC0Pu.jpg,mC0Pu,mC9Pu,0
8RH69.jpg,8RH69,8RH69,1
gw8T7.jpg,gw8T7,ew8I7,0
B2033.jpg,B2033,K20J3,0
VD0nQ.jpg,VD0nQ,VP0nq,0
Q117m.jpg,Q117m,O2Y7m,0
TQXZU.jpg,TQXZU,IQxZU,0
7qby4.jpg,7qby4,7aby4,0
hUoJE.jpg,hUoJE,hUoJE,1
gp3F0.jpg,gp3F0,gp3EU,0
MsmMx.jpg,MsmMx,VsmMx,0
r0D44.jpg,r0D44,iGDW1,0
iY2K0.jpg,iY2K0,iY2KU,0
10NDB.jpg,10NDB,10M28,0
9q65k.jpg,9q65k,Ya65K,0
b9f9F.jpg,b9f9F,b9V0F,0
1ueh2.jpg,1ueh2,Jueh2,0
5MAST.jpg,5MAST,5MA3T,0
wkSxE.jpg,wkSxE,Wk57E,0
Mp833.jpg,Mp833,Mn851,0
Ym4Ep.jpg,Ym4Ep,Ym4Ep,1
pHAhS.jpg,pHAhS,PCAb5,0
hoLo9.jpg,hoLo9,h0Ye9,0
287Pr.jpg,287Pr,2A7PR,0
5Ayxq.jpg,5Ayxq,5Ayxh,0
3z5MX.jpg,3z5MX,3ZOMX,0
Q5FR0.jpg,Q5FR0,Q5ERv,0
5FrhI.jpg,5FrhI,5FrhL,0
glD94.jpg,glD94,qkD94,0
0N2xi.jpg,0N2xi,0M2xi,0
FKx0p.jpg,FKx0p,FMx0p,0
OD670.jpg,OD670,O2Wr0,0
75F77.jpg,75F77,1GEl7,0
jIPPO.jpg,jIPPO,jIPk0,0
ji2g6.jpg,ji2g6,j12q6,0
82bKF.jpg,82bKF,82bKE,0
Aiu01.jpg,Aiu01,ALu01,0
Am2S1.jpg,Am2S1,Am2x1,0
rxDc1.jpg,rxDc1,rxDO1,0
qOFUs.jpg,qOFUs,qOF7s,0
txcOo.jpg,txcOo,rxc9a,0
e0T7W.jpg,e0T7W,e0T7W,1
arR2E.jpg,arR2E,arRZu,0
7TXj9.jpg,7TXj9,7TAi9,0
e1P3D.jpg,e1P3D,ejP3d,0
TyY6X.jpg,TyY6X,lgY6X,0
6edx2.jpg,6edx2,CeJx2,0
6fs03.jpg,6fs03,6FsO3,0
NwbpY.jpg,NwbpY,NCbPY,0
578wk.jpg,578wk,578vk,0
lAAEL.jpg,lAAEL,JOXEL,0
6diwn.jpg,6diwn,6diwP,0
1Hx11.jpg,1Hx11,fHx5i,0
6r0Mb.jpg,6r0Mb,6r0Hb,0
1C767.jpg,1C767,Ic467,0
6Ulpt.jpg,6Ulpt,6UZpt,0
I8UAM.jpg,I8UAM,I8DAM,0
6QNvr.jpg,6QNvr,dOMkp,0
q9EON.jpg,q9EON,d9EOA,0
uskYG.jpg,uskYG,DskYC,0
QD5ae.jpg,QD5ae,QD5zc,0
1Zqhf.jpg,1Zqhf,jZqhf,0
8r147.jpg,8r147,8r247,0
R0jOz.jpg,R0jOz,R0jus,0
M6f4U.jpg,M6f4U,M6f3U,0
o1Gt2.jpg,o1Gt2,oT6t2,0
Fa441.jpg,Fa441,EaK4Y,0
0V0yy.jpg,0V0yy,AVo7y,0
3G18m.jpg,3G18m,3G1Vm,0
vA6MW.jpg,vA6MW,vA6MY,0
cCDKH.jpg,cCDKH,rC9Kd,0
gR51Q.jpg,gR51Q,yR5VO,0
9f5ZW.jpg,9f5ZW,9152W,0
ypuuC.jpg,ypuuC,yPwvC,0
2u6Wk.jpg,2u6Wk,2u6Yk,0
mx0uU.jpg,mx0uU,mx0yL,0
2SGH1.jpg,2SGH1,25CH1,0
rKRS9.jpg,rKRS9,tKAS9,0
sF7eo.jpg,sF7eo,xFtd3,0
KP1i3.jpg,KP1i3,KE1iS,0
p13Nb.jpg,p13Nb,p13NH,0
efBN5.jpg,efBN5,efBN5,1
hL72f.jpg,hL72f,hL72y,0
3KpHN.jpg,3KpHN,3KpHN,1
We6Gb.jpg,We6Gb,1e6qb,0
7adsB.jpg,7adsB,7adsB,1
5fbCr.jpg,5fbCr,5fbCN,0
bcXot.jpg,bcXot,bcX2t,0
OVQ72.jpg,OVQ72,OJQ72,0
0VE72.jpg,0VE72,0VE72,1
UYeE1.jpg,UYeE1,UYeF1,0
OMQe1.jpg,OMQe1,O5Qe1,0
jY3JU.jpg,jY3JU,jYeJU,0
FaxWh.jpg,FaxWh,EaxVb,0
ZE17h.jpg,ZE17h,4e17h,0
QXNQI.jpg,QXNQI,qXHD1,0
1LDGB.jpg,1LDGB,1LDGH,0
MpJy7.jpg,MpJy7,KPJy7,0
JMp7e.jpg,JMp7e,JNp7i,0
Jet13.jpg,Jet13,JotH8,0
m2Z52.jpg,m2Z52,m2Z5t,0
dcx28.jpg,dcx28,dCK28,0
ZWAmc.jpg,ZWAmc,ZVAmC,0
1Y6qK.jpg,1Y6qK,1V6aK,0
9VZWI.jpg,9VZWI,5yZWI,0
K8Mvt.jpg,K8Mvt,K8mvt,0
85r6s.jpg,85r6s,8Ur65,0
hNtt9.jpg,hNtt9,kNlr9,0
cyI9y.jpg,cyI9y,i7H9y,0
YUQ5v.jpg,YUQ5v,YHQZv,0
x3CEi.jpg,x3CEi,M3O2i,0
976M2.jpg,976M2,976H2,0
r8Yf9.jpg,r8Yf9,r6Vf9,0
4Jf5T.jpg,4Jf5T,4JC5T,0
78M48.jpg,78M48,ZRM48,0
3T5cV.jpg,3T5cV,3T5cV,1
69L4T.jpg,69L4T,69LeT,0
6HSjD.jpg,6HSjD,eHSLD,0
kq0rg.jpg,kq0rg,kT0ry,0
b82O4.jpg,b82O4,Wx2O4,0
TSK8L.jpg,TSK8L,TSK6L,0
oJ1hz.jpg,oJ1hz,e4tbz,0
wpv95.jpg,wpv95,wpV95,0
8tnS8.jpg,8tnS8,6tnZ3,0
q929w.jpg,q929w,q92Mi,0
996Mv.jpg,996Mv,jS6Av,0
Zn0dJ.jpg,Zn0dJ,ZK0dJ,0
QFS6A.jpg,QFS6A,CFSbA,0
z02Gf.jpg,z02Gf,zB2Gf,0
s46xG.jpg,s46xG,s4bXC,0
UpE1S.jpg,UpE1S,UpE1S,1
uyb5q.jpg,uyb5q,uHl5q,0
q5Xwn.jpg,q5Xwn,q5Xw0,0
c6P5w.jpg,c6P5w,c6P5w,1
SKNyx.jpg,SKNyx,CKUyx,0
yP94s.jpg,yP94s,yP94s,1
8Dmht.jpg,8Dmht,6Dmkt,0
R4XCc.jpg,R4XCc,B4XC5,0
jKJM6.jpg,jKJM6,jXZMo,0
66XB0.jpg,66XB0,k2XB0,0
W7k3z.jpg,W7k3z,W7k3t,0
0TSgk.jpg,0TSgk,0T4pk,0
TICz5.jpg,TICz5,mICz5,0
7TAI7.jpg,7TAI7,GTAI7,0
s7swe.jpg,s7swe,s7kva,0
75X0v.jpg,75X0v,75R0v,0
9Sw00.jpg,9Sw00,1SwD0,0
SoN3u.jpg,SoN3u,5cM1u,0
NH7RE.jpg,NH7RE,NH7PE,0
0GWeO.jpg,0GWeO,pGTsO,0
qf6Q9.jpg,qf6Q9,qfvQ9,0
vZQnU.jpg,vZQnU,v9QnU,0
EtbjK.jpg,EtbjK,EtbjK,1
34V8r.jpg,34V8r,34V6F,0
q8q73.jpg,q8q73,u6g73,0
803is.jpg,803is,803Lc,0
J648D.jpg,J648D,JG48D,0
N65qi.jpg,N65qi,NO5yi,0
W81E5.jpg,W81E5,H81E5,0
z234H.jpg,z234H,zC34H,0
Fy695.jpg,Fy695,EY695,0
DaiF9.jpg,DaiF9,DaiF9,1
e9Tnd.jpg,e9Tnd,e2Tnd,0
8VSEW.jpg,8VSEW,87SEW,0
X2iY2.jpg,X2iY2,X8mT2,0
b8Wj8.jpg,b8Wj8,beVj3,0
9b0cB.jpg,9b0cB,9p0cB,0
8aUtC.jpg,8aUtC,8aHfC,0
ThUUi.jpg,ThUUi,TXUOi,0
lOOqc.jpg,lOOqc,lGOqZ,0
DSNPd.jpg,DSNPd,D5MPd,0
XdmgW.jpg,XdmgW,X4P9V,0
83Hy6.jpg,83Hy6,82Hu6,0
b08Qk.jpg,b08Qk,bv8Qk,0
Ey0SL.jpg,Ey0SL,Ey0Sl,0
Ij4H2.jpg,Ij4H2,CJ4H2,0
66Z92.jpg,66Z92,ocZ92,0
1lxA2.jpg,1lxA2,1OxA2,0
RFYHq.jpg,RFYHq,RCYHg,0
2czns.jpg,2czns,2Fxns,0
4sWPp.jpg,4sWPp,45URp,0
aNI9g.jpg,aNI9g,aNL3p,0
l5T5P.jpg,l5T5P,h9T5P,0
vFc64.jpg,vFc64,vFO64,0
4899u.jpg,4899u,4895K,0
09BRk.jpg,09BRk,09BR1,0
y2po8.jpg,y2po8,y2fo8,0
59My8.jpg,59My8,59My8,1
Cbnyy.jpg,Cbnyy,Cbnj7,0
y1boj.jpg,y1boj,vZboj,0
3TKRH.jpg,3TKRH,3TkRd,0
cl5Cv.jpg,cl5Cv,cl57u,0
CqCsh.jpg,CqCsh,ZqCsH,0
5g32A.jpg,5g32A,5g32A,1
xMZ1F.jpg,xMZ1F,xHZ1E,0
N0Cqv.jpg,N0Cqv,A0fqv,0
02Dr2.jpg,02Dr2,62hr4,0
1sj0F.jpg,1sj0F,tsj0W,0
cL21h.jpg,cL21h,cL21A,0
zD7jf.jpg,zD7jf,zd7wF,0
G0K1A.jpg,G0K1A,G0K1m,0
UG6bn.jpg,UG6bn,UC6Fn,0
51KEB.jpg,51KEB,51MEB,0
B6G8o.jpg,B6G8o,RhG8o,0
y7drG.jpg,y7drG,y7drH,0
e9O8c.jpg,e9O8c,e9k8r,0
nIJCq.jpg,nIJCq,nLJOg,0
D46HO.jpg,D46HO,P46H0,0
a549K.jpg,a549K,a549K,1
wRiw5.jpg,wRiw5,uRJw5,0
lDE1K.jpg,lDE1K,lDS1K,0
NR44i.jpg,NR44i,MR4aj,0
SgVf9.jpg,SgVf9,SaAfO,0
Vkf68.jpg,Vkf68,Vkf68,1
f5Dwm.jpg,f5Dwm,f5DWm,0
k3Pu6.jpg,k3Pu6,k3Pu6,1
658do.jpg,658do,6524o,0
jB1BP.jpg,jB1BP,iG1BP,0
CZY4X.jpg,CZY4X,CZY4K,0
097F3.jpg,097F3,0w7E3,0
l2OT6.jpg,l2OT6,l2nT6,0
HI1QJ.jpg,HI1QJ,H21OJ,0
TdVH7.jpg,TdVH7,TdVR7,0
jnNBg.jpg,jnNBg,jnN4g,0
uw9n1.jpg,uw9n1,ut9n1,0
1Z32D.jpg,1Z32D,1z32D,0
cBL7Z.jpg,cBL7Z,eRU1Z,0
FK43B.jpg,FK43B,IX43B,0
ZSdZJ.jpg,ZSdZJ,fSu2I,0
ki57d.jpg,ki57d,ki57d,1
ru6U9.jpg,ru6U9,rm6V9,0
mm9c9.jpg,mm9c9,um3CS,0
Ut519.jpg,Ut519,Ur519,0
HbIvV.jpg,HbIvV,AolxV,0
6bsb8.jpg,6bsb8,PdzK8,0
w0nOd.jpg,w0nOd,w0nId,0
64EBe.jpg,64EBe,6mFPe,0
7mr5r.jpg,7mr5r,7mL5r,0
78OmD.jpg,78OmD,78QKD,0
8n334.jpg,8n334,Xn374,0
2109j.jpg,2109j,2x09j,0
1vuKN.jpg,1vuKN,JvukN,0
5LE7M.jpg,5LE7M,52EuM,0
3bl4w.jpg,3bl4w,3bl4w,1
g8a5Q.jpg,g8a5Q,g8x5O,0
5JjvM.jpg,5JjvM,9JjvM,0
92ivb.jpg,92ivb,92cVb,0
ReWw0.jpg,ReWw0,Re7w0,0
5ti8Y.jpg,5ti8Y,5Zh8V,0
zlqu4.jpg,zlqu4,zlqu4,1
7Q9tV.jpg,7Q9tV,7A9tV,0
NyYSP.jpg,NyYSP,N4osp,0
c50hI.jpg,c50hI,c5Vhl,0
f7y99.jpg,f7y99,f7y9Q,0
TyU7f.jpg,TyU7f,TyU7r,0
LsFRt.jpg,LsFRt,LsMRt,0
or1Js.jpg,or1Js,Br1Us,0
a5338.jpg,a5338,aL138,0
PEFdI.jpg,PEFdI,PEla7,0
YwU6L.jpg,YwU6L,YRU6L,0
Z00Gs.jpg,Z00Gs,ZOdWs,0
14peQ.jpg,14peQ,14EeQ,0
nYb2I.jpg,nYb2I,mYb2f,0
9qow9.jpg,9qow9,Bqow1,0
tZw0m.jpg,tZw0m,eZwFy,0
98P3P.jpg,98P3P,9zB3F,0
61oZS.jpg,61oZS,61oZH,0
21KX6.jpg,21KX6,21KX6,1
Kks4X.jpg,Kks4X,Mks4X,0
y27k2.jpg,y27k2,y2jk0,0
0X2wB.jpg,0X2wB,0X2wB,1
W1OzZ.jpg,W1OzZ,W1oz7,0
UfrF8.jpg,UfrF8,UlmF5,0
O1900.jpg,O1900,Q19P0,0
jaT77.jpg,jaT77,GaT7Y,0
25nX6.jpg,25nX6,25mX6,0
2ZPpw.jpg,2ZPpw,2ZPnw,0
1Yoj1.jpg,1Yoj1,zYoj1,0
K0784.jpg,K0784,K0784,1
8658W.jpg,8658W,8659H,0
319Qg.jpg,319Qg,5i9Qg,0
cDhiD.jpg,cDhiD,cDh12,0
WRPtm.jpg,WRPtm,WRP1m,0
tc6IH.jpg,tc6IH,2c5jH,0
en30S.jpg,en30S,em30S,0
hz04d.jpg,hz04d,hzoAT,0
egdIi.jpg,egdIi,wgd7i,0
806Mh.jpg,806Mh,826Mh,0
TfYmg.jpg,TfYmg,TlYmg,0
eHeQU.jpg,eHeQU,zHeQJ,0
sWned.jpg,sWned,sWnfd,0
Po6s8.jpg,Po6s8,Pm6K8,0
6Cn35.jpg,6Cn35,6Ca35,0
u60hD.jpg,u60hD,y60hD,0
h121v.jpg,h121v,hC21v,0
5KyRs.jpg,5KyRs,5KyRd,0
t60qC.jpg,t60qC,160qC,0
s1Kz7.jpg,s1Kz7,sfKx7,0
O85pZ.jpg,O85pZ,085PZ,0
vBjZF.jpg,vBjZF,vBjZt,0
SwETQ.jpg,SwETQ,5WE1O,0
wgB96.jpg,wgB96,mgB96,0
5U1v7.jpg,5U1v7,5Ujv7,0
Hg46R.jpg,Hg46R,hg46P,0
WY4Bi.jpg,WY4Bi,WY4Rr,0
3R3gY.jpg,3R3gY,3RMqY,0
rluoY.jpg,rluoY,rlPoY,0
mao2r.jpg,mao2r,mag2r,0
2ixD2.jpg,2ixD2,2cxD7,0
syBPZ.jpg,syBPZ,s4BPZ,0
x06Ub.jpg,x06Ub,x06Hp,0
00I9A.jpg,00I9A,0UIS4,0
oI1O2.jpg,oI1O2,oY1n2,0
X82Pn.jpg,X82Pn,X82Fm,0
U6p2D.jpg,U6p2D,U6p2D,1
BddfC.jpg,BddfC,BdYfC,0
j5hUf.jpg,j5hUf,j5hUf,1
3Gz27.jpg,3Gz27,3Gz27,1
8Ns1Y.jpg,8Ns1Y,8MzlY,0
7rY30.jpg,7rY30,wrY30,0
hNz7q.jpg,hNz7q,hNz7q,1
u31Mr.jpg,u31Mr,u3IM7,0
eRJCz.jpg,eRJCz,eRJCz,1
D98TG.jpg,D98TG,D987G,0
DxZ5e.jpg,DxZ5e,DxZ5e,1
8hYNz.jpg,8hYNz,8hYMg,0
YA972.jpg,YA972,YAQl2,0
EOiE4.jpg,EOiE4,E0JL4,0
Y9ZUc.jpg,Y9ZUc,V32Hc,0
12D10.jpg,12D10,52BT0,0
l86eX.jpg,l86eX,18GeX,0
Gst1k.jpg,Gst1k,Gst1k,1
aX5fH.jpg,aX5fH,aX2fH,0
DUQ9r.jpg,DUQ9r,DUQ9r,1
7236F.jpg,7236F,7e36F,0
3K7yS.jpg,3K7yS,3H7Y5,0
eelG9.jpg,eelG9,ruZG9,0
rq63W.jpg,rq63W,Fg63W,0
8im8z.jpg,8im8z,9cV8z,0
z0014.jpg,z0014,F9U14,0
75Qw1.jpg,75Qw1,75Owt,0
y91jY.jpg,y91jY,y91EM,0
ivJEG.jpg,ivJEG,ivJpG,0
Y80S2.jpg,Y80S2,M6052,0
8wr04.jpg,8wr04,8wF04,0
PJ9YX.jpg,PJ9YX,Pd9YX,0
5I6uo.jpg,5I6uo,5l6ue,0
4w0JN.jpg,4w0JN,4w0jM,0
ps8Y0.jpg,ps8Y0,Hs8Y0,0
Su12T.jpg,Su12T,Su12F,0
F1Z8i.jpg,F1Z8i,F1Z8h,0
ZRpuc.jpg,ZRpuc,ZRFuC,0
Sz5BZ.jpg,Sz5BZ,SxjBZ,0
H91dm.jpg,H91dm,H9YdC,0
FKT3p.jpg,FKT3p,zKT3p,0
5Sp6o.jpg,5Sp6o,5Xp6o,0
YiVxn.jpg,YiVxn,9lVxn,0
mrpRu.jpg,mrpRu,mrJRu,0
ni4Jh.jpg,ni4Jh,wi4Jh,0
smVVu.jpg,smVVu,smvUu,0
1m5Oo.jpg,1m5Oo,1m5Ce,0
h7Qk5.jpg,h7Qk5,n7Ok5,0
2Z9td.jpg,2Z9td,2b9td,0
m1so3.jpg,m1so3,m1zo3,0
34QQg.jpg,34QQg,34YUF,0
8jDyG.jpg,8jDyG,JiDyG,0
6HdRY.jpg,6HdRY,6WdRV,0
afdNL.jpg,afdNL,afdAL,0
R38u4.jpg,R38u4,R58u1,0
i31cM.jpg,i31cM,b3TcM,0
NV1l2.jpg,NV1l2,NV4l2,0
4gva8.jpg,4gva8,4gVz8,0
TSw1S.jpg,TSw1S,TSw19,0
v5hxC.jpg,v5hxC,v5hxC,1
wDPob.jpg,wDPob,yDPoh,0
6riY6.jpg,6riY6,Ew1Y6,0
Q8sAv.jpg,Q8sAv,QSsA7,0
bHK8A.jpg,bHK8A,7HKGA,0
kr2Ot.jpg,kr2Ot,k72Op,0
Bpg60.jpg,Bpg60,Bpq60,0
ayJxQ.jpg,ayJxQ,qyH7O,0
44Dz1.jpg,44Dz1,4NDz1,0
lK4xZ.jpg,lK4xZ,IK4xZ,0
5Jv0w.jpg,5Jv0w,5JV0r,0
Zn7yG.jpg,Zn7yG,Zn1yk,0
5yU44.jpg,5yU44,3yHQA,0
2S9Vw.jpg,2S9Vw,2C3Vw,0
v8tVQ.jpg,v8tVQ,y31U0,0
jlsY9.jpg,jlsY9,jhsY9,0
a4UWp.jpg,a4UWp,a1CVp,0
L1x39.jpg,L1x39,E1X30,0
7Ckbw.jpg,7Ckbw,7Ckpv,0
ZJgov.jpg,ZJgov,ZJQov,0
5S7ha.jpg,5S7ha,fS7ha,0
7V7zM.jpg,7V7zM,7VfcM,0
U08Yd.jpg,U08Yd,LA8T4,0
0bs3a.jpg,0bs3a,Cbs3a,0
P8Ad7.jpg,P8Ad7,P8Ad7,1
WSf92.jpg,WSf92,H5E02,0
48w7t.jpg,48w7t,48w7t,1
K8dj3.jpg,K8dj3,K8cL3,0
V3w3k.jpg,V3w3k,VJw3k,0
8d62B.jpg,8d62B,8462E,0
4N11p.jpg,4N11p,CNTlp,0
O604X.jpg,O604X,Q594X,0
aEva1.jpg,aEva1,AFvaL,0
3fP45.jpg,3fP45,3fR45,0
Ym8K6.jpg,Ym8K6,1m3K6,0
Ce5ad.jpg,Ce5ad,CeFad,0
ko88Q.jpg,ko88Q,KJSBC,0
RH0m5.jpg,RH0m5,RHex5,0
RH90J.jpg,RH90J,RHZ0J,0
B12z8.jpg,B12z8,R12xO,0
TC17c.jpg,TC17c,VC17e,0
NBgqF.jpg,NBgqF,MB9qF,0
XkUpP.jpg,XkUpP,XkUoF,0
pwVi2.jpg,pwVi2,pwVC2,0
5336K.jpg,5336K,537GK,0
nS5ZV.jpg,nS5ZV,H852U,0
sJd1l.jpg,sJd1l,2Jd1k,0
2O7sQ.jpg,2O7sQ,207sQ,0
248By.jpg,248By,248hv,0
HlE5y.jpg,HlE5y,NlE5y,0
w84N7.jpg,w84N7,w8iN7,0
740Lv.jpg,740Lv,74oEv,0
f4259.jpg,f4259,f4z59,0
d1wb3.jpg,d1wb3,d1Wb3,0
0ceSn.jpg,0ceSn,lxeSg,0
Vf8y4.jpg,Vf8y4,VfSy4,0
e9HH5.jpg,e9HH5,c9wh5,0
k325M.jpg,k325M,k325M,1
xYuWc.jpg,xYuWc,xYuMc,0
MkVX8.jpg,MkVX8,mkVX8,0
UBwKH.jpg,UBwKH,U3wKH,0
a3w5y.jpg,a3w5y,alw5y,0
WGIr1.jpg,WGIr1,VGbr1,0
A3pEO.jpg,A3pEO,A3PEO,0
I9sD8.jpg,I9sD8,19sD8,0
g6OCJ.jpg,g6OCJ,mfOCJ,0
Uy7At.jpg,Uy7At,Uy7At,1
RMVC0.jpg,RMVC0,RMYC0,0
OUh3b.jpg,OUh3b,OUh35,0
4XauY.jpg,4XauY,4XauY,1
8b5D0.jpg,8b5D0,8bzN0,0
4bruC.jpg,4bruC,4bjwC,0
z7BYp.jpg,z7BYp,t2BYp,0
BR12B.jpg,BR12B,Bx129,0
FjKy4.jpg,FjKy4,rTKu4,0
dAu4p.jpg,dAu4p,dAV4F,0
Ha5u5.jpg,Ha5u5,Ha6u5,0
9pwOB.jpg,9pwOB,9pKCB,0
5ER84.jpg,5ER84,5ERn4,0
1Yo0b.jpg,1Yo0b,1YsCb,0
9L06Z.jpg,9L06Z,91062,0
26Wd6.jpg,26Wd6,25Wdb,0
20zh9.jpg,20zh9,20zhs,0
7pMUp.jpg,7pMUp,7qMUp,0
OmFSQ.jpg,OmFSQ,CmF3Q,0
Gd273.jpg,Gd273,Qd273,0
50fkm.jpg,50fkm,50fkn,0
J51x0.jpg,J51x0,J3ex0,0
H7tZ8.jpg,H7tZ8,HvtP8,0
1EOCl.jpg,1EOCl,1EOZl,0
rI3N3.jpg,rI3N3,rESHJ,0
rDoL1.jpg,rDoL1,rHoL1,0
xH576.jpg,xH576,xH576,1
gIER4.jpg,gIER4,gIER4,1
rcF1g.jpg,rcF1g,rOF1g,0
B3890.jpg,B3890,E1890,0
68SEZ.jpg,68SEZ,68JEZ,0
3Pnp7.jpg,3Pnp7,3PAp7,0
s8Lqz.jpg,s8Lqz,s8LqZ,0
Yi4bq.jpg,Yi4bq,Yr4bq,0
B9Z3U.jpg,B9Z3U,A923U,0
1u7Ag.jpg,1u7Ag,Yu7Ag,0
JqL65.jpg,JqL65,JqL65,1
1Reqy.jpg,1Reqy,1Reqv,0
9GaL9.jpg,9GaL9,sGa1o,0
0EC96.jpg,0EC96,0HC96,0
wXG04.jpg,wXG04,wXG01,0
eSld1.jpg,eSld1,eSLdX,0
QvLKv.jpg,QvLKv,OWfKy,0
Kxb5i.jpg,Kxb5i,Kxb5I,0
1991m.jpg,1991m,j9Z1m,0
koz9D.jpg,koz9D,KozSD,0
kL4rx.jpg,kL4rx,kL4yx,0
2TRrn.jpg,2TRrn,2T6rn,0
J3PZk.jpg,J3PZk,j3POK,0
cnAeN.jpg,cnAeN,cnA5H,0
9Ay8t.jpg,9Ay8t,9AyBL,0
894Mp.jpg,894Mp,894Mp,1
2G35l.jpg,2G35l,2C3ml,0
zk620.jpg,zk620,zk610,0
THB5O.jpg,THB5O,TKB5O,0
1U5On.jpg,1U5On,1H5Cm,0
T382V.jpg,T382V,T38AG,0
cz2iv.jpg,cz2iv,Cz2LV,0
Tg1J1.jpg,Tg1J1,To1ZW,0
napZ7.jpg,napZ7,nJBZ7,0
CfGz8.jpg,CfGz8,CfDz8,0
HBEvz.jpg,HBEvz,H0Evz,0
25N4H.jpg,25N4H,25C4H,0
27x3s.jpg,27x3s,27x35,0
0Xe62.jpg,0Xe62,OXe62,0
6bF9w.jpg,6bF9w,6hF9w,0
PPdA9.jpg,PPdA9,PEUA9,0
94s5D.jpg,94s5D,94r5D,0
u98a8.jpg,u98a8,m9baR,0
y0vyA.jpg,y0vyA,r0vyA,0
q6HM1.jpg,q6HM1,q6HZj,0
yds65.jpg,yds65,yHz65,0
8gV6t.jpg,8gV6t,8zV6l,0
X5096.jpg,X5096,X5f96,0
9NMMJ.jpg,9NMMJ,SnMkJ,0
GlfXx.jpg,GlfXx,GlZXV,0
NvOr4.jpg,NvOr4,NyQr6,0
7cNE6.jpg,7cNE6,7iNF6,0
0r96P.jpg,0r96P,0196P,0
wiGkx.jpg,wiGkx,miGkx,0
Xc190.jpg,Xc190,Hc190,0
IYnzl.jpg,IYnzl,GYnzI,0
4e5hu.jpg,4e5hu,4e5hu,1
Ju2mG.jpg,Ju2mG,JuYmG,0
6Zqt7.jpg,6Zqt7,6Zotz,0
nte34.jpg,nte34,nteJ4,0
7425K.jpg,7425K,7425K,1
C22k9.jpg,C22k9,C7zKg,0
9SgbT.jpg,9SgbT,9SybT,0
Y8YM9.jpg,Y8YM9,Y8XH9,0
8tBe9.jpg,8tBe9,8LGc9,0
3krPK.jpg,3krPK,3LrPK,0
K7u4O.jpg,K7u4O,K7u4O,1
9sry0.jpg,9sry0,9srV0,0
fOz8k.jpg,fOz8k,pO78k,0
Beipj.jpg,Beipj,Ba1pY,0
f3W2u.jpg,f3W2u,f3W2v,0
6U06J.jpg,6U06J,8Um4J,0
6uI5W.jpg,6uI5W,OuI5N,0
H9TOj.jpg,H9TOj,HzYOj,0
A35a1.jpg,A35a1,A25a1,0
9isgs.jpg,9isgs,92mgS,0
eBy30.jpg,eBy30,eBY20,0
W64uY.jpg,W64uY,WS4rY,0
15h0Q.jpg,15h0Q,15KUQ,0
ss9ch.jpg,ss9ch,z59Cb,0
0BsPG.jpg,0BsPG,07sPG,0
94Mgo.jpg,94Mgo,91Mgo,0
TP9mf.jpg,TP9mf,TP9mf,1
uv65A.jpg,uv65A,ux65A,0
UxDqK.jpg,UxDqK,UxDaK,0
rabGA.jpg,rabGA,raVQA,0
16M0X.jpg,16M0X,16F0X,0
11360.jpg,11360,H1360,0
a9Nkv.jpg,a9Nkv,a9Hkv,0
cYpm4.jpg,cYpm4,clpmS,0
fXYZ1.jpg,fXYZ1,hXW2v,0
ALD3Z.jpg,ALD3Z,AcD3Z,0
IXoor.jpg,IXoor,IXmOr,0
zKDXU.jpg,zKDXU,zKjXC,0
6Dr5M.jpg,6Dr5M,6Di5H,0
gtVkS.jpg,gtVkS,gtVkS,1
2YgzU.jpg,2YgzU,2YgxU,0
8045G.jpg,8045G,8D45G,0
29VDz.jpg,29VDz,29MDz,0
7iKkn.jpg,7iKkn,7GKkn,0
fuYf7.jpg,fuYf7,fmY27,0
lt6O8.jpg,lt6O8,l46O8,0
OB7XT.jpg,OB7XT,087KT,0
y2k5k.jpg,y2k5k,y2k5h,0
2MvB8.jpg,2MvB8,2KVG8,0
BZ98L.jpg,BZ98L,HZy6L,0
b014E.jpg,b014E,bOx4E,0
5SbjB.jpg,5SbjB,CSmjB,0
qeX48.jpg,qeX48,geV43,0
mf1T1.jpg,mf1T1,mC5T1,0
u204R.jpg,u204R,u1J4Z,0
Tfk1K.jpg,Tfk1K,Tfk1U,0
MWF4I.jpg,MWF4I,MWF4s,0
ZVr2K.jpg,ZVr2K,7V62K,0
h9ZNV.jpg,h9ZNV,b9ZNV,0
S9Hm9.jpg,S9Hm9,s7wm9,0
4ij08.jpg,4ij08,4rj08,0
1512H.jpg,1512H,d572H,0
9J8k3.jpg,9J8k3,9T8K3,0
525en.jpg,525en,S2geW,0
qe4Zq.jpg,qe4Zq,9pNZy,0
wOZ91.jpg,wOZ91,wpZ91,0
xmjZV.jpg,xmjZV,xmi4V,0
dM82y.jpg,dM82y,dH82v,0
3zEf0.jpg,3zEf0,3ZEI0,0
f2QvN.jpg,f2QvN,f2QyN,0
72xjz.jpg,72xjz,72xhz,0
PG2cb.jpg,PG2cb,PG2Kb,0
90VOw.jpg,90VOw,9dVQK,0
0emX7.jpg,0emX7,0emX7,1
Qn7eX.jpg,Qn7eX,Qn7zX,0
tmmfP.jpg,tmmfP,1amSP,0
qE4X8.jpg,qE4X8,gE4X8,0
52k77.jpg,52k77,50KF7,0
0Bspp.jpg,0Bspp,0BsMP,0
Oc678.jpg,Oc678,Qr6J8,0
229a5.jpg,229a5,2L9u5,0
431z3.jpg,431z3,45Iz3,0
b9o2i.jpg,b9o2i,b9o21,0
nq8S0.jpg,nq8S0,rqx50,0
GbcIp.jpg,GbcIp,Gbc1p,0
akOwZ.jpg,akOwZ,akQwZ,0
taK1U.jpg,taK1U,taK7U,0
63w0K.jpg,63w0K,63wOK,0
0Y3XS.jpg,0Y3XS,0Y3Xf,0
4alxM.jpg,4alxM,4aIxH,0
bZRSn.jpg,bZRSn,hZRNr,0
j6454.jpg,j6454,L6u5A,0
2SpGS.jpg,2SpGS,2SpGf,0
J8j1X.jpg,J8j1X,d8j1X,0
3gJwM.jpg,3gJwM,3CJwM,0
wKA1H.jpg,wKA1H,wk4TH,0
mWQ4D.jpg,mWQ4D,mVC4D,0
V4Iw2.jpg,V4Iw2,VArw2,0
3nvf8.jpg,3nvf8,JnVf8,0
YEi45.jpg,YEi45,VEl45,0
iBYP8.jpg,iBYP8,cBYPJ,0
5zley.jpg,5zley,57ley,0
KMZlJ.jpg,KMZlJ,KQZLJ,0
hRpJi.jpg,hRpJi,hRpJC,0
5l6Oz.jpg,5l6Oz,516OZ,0
Y1oJJ.jpg,Y1oJJ,YKo1d,0
8CU4z.jpg,8CU4z,8CU4z,1
s0uVO.jpg,s0uVO,sNuVO,0
78261.jpg,78261,78261,1
4p4Jc.jpg,4p4Jc,dp6JC,0
K93nL.jpg,K93nL,KO3nL,0
0JT09.jpg,0JT09,0JThS,0
96CFa.jpg,96CFa,96CFa,1
z38Lf.jpg,z38Lf,u38Lf,0
29yb4.jpg,29yb4,29ybN,0
F5u5e.jpg,F5u5e,FbmSO,0
9N2ly.jpg,9N2ly,9Mzlv,0
GllLa.jpg,GllLa,GlFXa,0
ko7s2.jpg,ko7s2,ko7s2,1
AcfN4.jpg,AcfN4,Acfm3,0
h3n7p.jpg,h3n7p,h3A2f,0
B9gEc.jpg,B9gEc,B9mEe,0
X0EXi.jpg,X0EXi,X0E2i,0
F65R4.jpg,F65R4,F65KV,0
QH7U5.jpg,QH7U5,QK7U5,0
9f18G.jpg,9f18G,9f1NG,0
fu4w7.jpg,fu4w7,fu4B7,0
6W069.jpg,6W069,6VOr9,0
6RvOI.jpg,6RvOI,6PVO1,0
NK1lI.jpg,NK1lI,NKyUj,0
zF9P5.jpg,zF9P5,zF9m5,0
30U84.jpg,30U84,3ZU84,0
w870x.jpg,w870x,W810x,0
28qRN.jpg,28qRN,28oDN,0
iE45h.jpg,iE45h,jM45h,0
kQTgg.jpg,kQTgg,KOTyp,0
kjhpd.jpg,kjhpd,k7Dpd,0
ciP01.jpg,ciP01,chP01,0
LVH1p.jpg,LVH1p,LvA1p,0
m0xyk.jpg,m0xyk,m0XVk,0
J25v6.jpg,J25v6,J2Av6,0
qx6W8.jpg,qx6W8,qx6WI,0
1858P.jpg,1858P,1C53P,0
p33LY.jpg,p33LY,P23CY,0
4Aq7N.jpg,4Aq7N,4Ag7H,0
K0XQZ.jpg,K0XQZ,H9XQ2,0
xKhSM.jpg,xKhSM,xKb5M,0
Dwz2l.jpg,Dwz2l,Dw42I,0
fiXjG.jpg,fiXjG,fTXj6,0
v127q.jpg,v127q,v1z7g,0
6uqH4.jpg,6uqH4,6uqH4,1
5NlsU.jpg,5NlsU,5NIs0,0
s1Fr0.jpg,s1Fr0,51Fn0,0
wBgi8.jpg,wBgi8,WDg13,0
DPaR9.jpg,DPaR9,D2aKM,0
wlGiK.jpg,wlGiK,wbGrK,0
x42k3.jpg,x42k3,x42K3,0
9oSYt.jpg,9oSYt,9dSYf,0
6PkxT.jpg,6PkxT,6PkzT,0
cIgFM.jpg,cIgFM,cbgrM,0
fJHSt.jpg,fJHSt,fJH7U,0
m7tOB.jpg,m7tOB,m7IOB,0
rYhDG.jpg,rYhDG,rYhDG,1
0R1Mn.jpg,0R1Mn,0R7Mn,0
bPT41.jpg,bPT41,bP741,0
8G5S5.jpg,8G5S5,8C5SJ,0
3b8HN.jpg,3b8HN,2b8XN,0
zIq84.jpg,zIq84,zIM84,0
qcsc1.jpg,qcsc1,gr5c1,0
yZc52.jpg,yZc52,xZC52,0
l1UOF.jpg,l1UOF,lrMOT,0
uoA2r.jpg,uoA2r,woA2F,0
S7744.jpg,S7744,S7YH4,0
tYqCl.jpg,tYqCl,rXgCl,0
xvNjd.jpg,xvNjd,xvMId,0
exK75.jpg,exK75,OxH75,0
AsPnj.jpg,AsPnj,AsPnV,0
qzL3M.jpg,qzL3M,qzlAM,0
5tZA8.jpg,5tZA8,5yZA8,0
652j8.jpg,652j8,652i8,0
Nde92.jpg,Nde92,NdE92,0
wDJib.jpg,wDJib,wDSLb,0
907e1.jpg,907e1,9UFe1,0
bA676.jpg,bA676,bAw76,0
M4xIU.jpg,M4xIU,M4ZIU,0
3Iy8D.jpg,3Iy8D,3Ly8D,0
h35tE.jpg,h35tE,h3wtF,0
0r16N.jpg,0r16N,Or16W,0
DUNww.jpg,DUNww,DUMwz,0
cMGVd.jpg,cMGVd,2MGVJ,0
mqoVT.jpg,mqoVT,mq2Vf,0
yDu8Y.jpg,yDu8Y,yku8V,0
k9HY7.jpg,k9HY7,k9bnq,0
X42e8.jpg,X42e8,X42c8,0
f8YDC.jpg,f8YDC,f8YDC,1
OfAMx.jpg,OfAMx,0fAMx,0
Wvop2.jpg,Wvop2,WvCpZ,0
GT000.jpg,GT000,GTpQ0,0
LQf03.jpg,LQf03,LQf93,0
5Eam6.jpg,5Eam6,S7am6,0
ZSeG7.jpg,ZSeG7,Z5aC7,0
G2WlC.jpg,G2WlC,G2MlL,0
dSoO1.jpg,dSoO1,dSpO1,0
DUEe8.jpg,DUEe8,DUhe8,0
6B7lS.jpg,6B7lS,6DZh5,0
g9Hb3.jpg,g9Hb3,g9ib3,0
91vs0.jpg,91vs0,9rVs0,0
Ug5f3.jpg,Ug5f3,ug5f2,0
3Gge3.jpg,3Gge3,Pkqe3,0
Ey192.jpg,Ey192,Eu192,0
5kx49.jpg,5kx49,5ky49,0
diEBX.jpg,diEBX,drE8X,0
7RhS0.jpg,7RhS0,7PhS0,0
v4Jiw.jpg,v4Jiw,vOJrw,0
leE6Q.jpg,leE6Q,IeM6Q,0
0nctD.jpg,0nctD,6mc1U,0
918qe.jpg,918qe,9AEqo,0
1w9vS.jpg,1w9vS,1w9d5,0
xHFO7.jpg,xHFO7,xHF07,0
dOOiB.jpg,dOOiB,d9QIB,0
rb83p.jpg,rb83p,rbS3p,0
QAUO1.jpg,QAUO1,QAxD1,0
63f06.jpg,63f06,63H0t,0
152Yp.jpg,152Yp,152Yj,0
OpMbi.jpg,OpMbi,OPMbf,0
YTj16.jpg,YTj16,YPj16,0
XU7Yn.jpg,XU7Yn,XU7Sh,0
uGGtm.jpg,uGGtm,uWGtm,0
70h8l.jpg,70h8l,7qV8l,0
H0ue3.jpg,H0ue3,H0uz3,0
0932O.jpg,0932O,0E32D,0
KYNFP.jpg,KYNFP,KYN0P,0
64xOE.jpg,64xOE,64XOE,0
4THg4.jpg,4THg4,4TBgA,0
mFe08.jpg,mFe08,nFe08,0
34RZu.jpg,34RZu,34KZm,0
rS1w7.jpg,rS1w7,r81u7,0
4v2X7.jpg,4v2X7,4v2X5,0
kS54m.jpg,kS54m,KS74m,0
Ud0E6.jpg,Ud0E6,Ud2f6,0
JEehg.jpg,JEehg,3EOh9,0
xY8Su.jpg,xY8Su,xYP5h,0
8400k.jpg,8400k,84mUK,0
fk9m4.jpg,fk9m4,jk9m4,0
bAXvE.jpg,bAXvE,54XvE,0
pp7l3.jpg,pp7l3,pbZl3,0
py95N.jpg,py95N,py954,0
Kvh8w.jpg,Kvh8w,Kzh8w,0
lEy12.jpg,lEy12,l6yT2,0
21o7w.jpg,21o7w,21c7M,0
9X0w4.jpg,9X0w4,9Xew4,0
IjbL2.jpg,IjbL2,FjbL2,0
xHd51.jpg,xHd51,xHd51,1
aLy3k.jpg,aLy3k,aTy3k,0
13ad7.jpg,13ad7,13udr,0
4oHUk.jpg,4oHUk,4ojuk,0
hl8T4.jpg,hl8T4,hf874,0
cPcA2.jpg,cPcA2,cPGA2,0
4mr26.jpg,4mr26,4mt2B,0
O32U9.jpg,O32U9,O3Zu9,0
O3EX7.jpg,O3EX7,OvEX7,0
Jcxwb.jpg,Jcxwb,Jczwh,0
w447i.jpg,w447i,w547i,0
2RBrS.jpg,2RBrS,2RB1S,0
t4eeI.jpg,t4eeI,H4pwf,0
6ApN5.jpg,6ApN5,C4PH5,0
L8Y5T.jpg,L8Y5T,L0V5T,0
FpPX4.jpg,FpPX4,FPHX4,0
1xs36.jpg,1xs36,1Ze36,0
4T8xO.jpg,4T8xO,4T8XO,0
6gCjt.jpg,6gCjt,6aCjt,0
Af5cS.jpg,Af5cS,Ar5cS,0
wegPe.jpg,wegPe,WcjPo,0
6lul1.jpg,6lul1,6fuD3,0
3mruF.jpg,3mruF,3m7uf,0
3NEk6.jpg,3NEk6,3nEk6,0
041tO.jpg,041tO,dfTAO,0
gW0O5.jpg,gW0O5,gWwC5,0
0V871.jpg,0V871,0V871,1
FV1mQ.jpg,FV1mQ,FY1mQ,0
zw2Bw.jpg,zw2Bw,zN7Bw,0
5g0th.jpg,5g0th,5g0Yh,0
Xv2N8.jpg,Xv2N8,YerNp,0
Q5PBp.jpg,Q5PBp,Q528p,0
tS6Ms.jpg,tS6Ms,t56Ag,0
Ky7PL.jpg,Ky7PL,Ky7PH,0
uMRd8.jpg,uMRd8,u7Rd8,0
Z1GU7.jpg,Z1GU7,ZY6U7,0
w5BUj.jpg,w5BUj,w5B4r,0
Vo5gR.jpg,Vo5gR,Ve5g1,0
UoHuU.jpg,UoHuU,LcAuU,0
FE5OU.jpg,FE5OU,rE5CM,0
twc0K.jpg,twc0K,fwc0K,0
60O1w.jpg,60O1w,6lO1y,0
VOKaR.jpg,VOKaR,VOKzP,0
cIuBl.jpg,cIuBl,cRaBl,0
3mn2N.jpg,3mn2N,Tsp2N,0
U4Krj.jpg,U4Krj,UaKry,0
OAs35.jpg,OAs35,OAx3F,0
gwg58.jpg,gwg58,gwl58,0
wDO68.jpg,wDO68,wDQ6f,0
9Ipa0.jpg,9Ipa0,91paO,0
85q15.jpg,85q15,BX2lS,0
pk5rM.jpg,pk5rM,pk5jM,0
91f45.jpg,91f45,9JrR5,0
0BRAN.jpg,0BRAN,0JRAN,0
c5fAY.jpg,c5fAY,c5fAY,1
dn06b.jpg,dn06b,drV6b,0
3fo55.jpg,3fo55,37eS6,0
V67E2.jpg,V67E2,H6JE2,0
hTMZT.jpg,hTMZT,h9MzT,0
S5aS6.jpg,S5aS6,SjaW6,0
486K5.jpg,486K5,186K5,0
O9RE1.jpg,O9RE1,C8AE1,0
UwHni.jpg,UwHni,VwHni,0
59i8r.jpg,59i8r,59L8K,0
oyf3m.jpg,oyf3m,Zyf3m,0
Z2YbV.jpg,Z2YbV,Z2YbM,0
w5Nb8.jpg,w5Nb8,w5Nb8,1
87WgG.jpg,87WgG,87WmG,0
6gz2Z.jpg,6gz2Z,6gx2Z,0
gl5u3.jpg,gl5u3,gI5u3,0
Eb8wW.jpg,Eb8wW,Eb8qW,0
yCBx6.jpg,yCBx6,vCBX5,0
3LArc.jpg,3LArc,3LAro,0
LVQq9.jpg,LVQq9,iVOa9,0
0spBM.jpg,0spBM,0skBM,0
89LsG.jpg,89LsG,RYLsG,0
lmJ57.jpg,lmJ57,tmJ57,0
qBNQl.jpg,qBNQl,a8HQ1,0
IVr4f.jpg,IVr4f,0Vr4f,0
sj0wm.jpg,sj0wm,si9vm,0
D818o.jpg,D818o,DR1gd,0
aUFbe.jpg,aUFbe,aWFbc,0
xMk32.jpg,xMk32,xMG32,0
E8fyM.jpg,E8fyM,E8fyM,1
62Ylh.jpg,62Ylh,O2Yln,0
C6oZ6.jpg,C6oZ6,C5a7R,0
T0Y1S.jpg,T0Y1S,I0V45,0
H39yO.jpg,H39yO,H39vC,0
2iy9E.jpg,2iy9E,2jy9E,0
QZgn0.jpg,QZgn0,QZYuo,0
SzjnY.jpg,SzjnY,SzjnY,1
m0mt5.jpg,m0mt5,u0h15,0
6mZUU.jpg,6mZUU,6mZEe,0
Qdh4M.jpg,Qdh4M,QDH4M,0
86418.jpg,86418,86d1p,0
WbUAl.jpg,WbUAl,WbOAl,0
EBHs1.jpg,EBHs1,EDasT,0
MzW1Q.jpg,MzW1Q,MeF3Q,0
MVcyh.jpg,MVcyh,MVcy5,0
81Tio.jpg,81Tio,8IAYy,0
GPruu.jpg,GPruu,Gjrwu,0
YR2gw.jpg,YR2gw,YRlow,0
f061g.jpg,f061g,fOR7g,0
V22IG.jpg,V22IG,VP2IQ,0
09aOB.jpg,09aOB,05aO1,0
fQxEI.jpg,fQxEI,fOxUI,0
8567V.jpg,8567V,8561V,0
18lzC.jpg,18lzC,18lMC,0
QnFsZ.jpg,QnFsZ,0nFsZ,0
uzZ5H.jpg,uzZ5H,uOZ5H,0
Q98Lv.jpg,Q98Lv,Q98Lv,1
1Qj3Y.jpg,1Qj3Y,1Mj3Y,0
QHuwZ.jpg,QHuwZ,CHgw7,0
fL21D.jpg,fL21D,fd2jQ,0
7TkJ1.jpg,7TkJ1,ZOkJ9,0
8ILgE.jpg,8ILgE,8IUg4,0
5d9n4.jpg,5d9n4,5d9m6,0
2D2NA.jpg,2D2NA,2DSNA,0
7yP51.jpg,7yP51,7yP51,1
12bJw.jpg,12bJw,12bFw,0
Qvsst.jpg,Qvsst,OYzdt,0
f9q9b.jpg,f9q9b,f9qQb,0
OS423.jpg,OS423,LS423,0
224Ha.jpg,224Ha,2F4Ha,0
12Gtu.jpg,12Gtu,126ta,0
Re6pg.jpg,Re6pg,Rc6pq,0
k12ap.jpg,k12ap,kj2ap,0
Rs4PV.jpg,Rs4PV,R54CV,0
3JLPP.jpg,3JLPP,3aLRE,0
NY6zU.jpg,NY6zU,NY6qU,0
vFe7V.jpg,vFe7V,vEeZW,0
FhY1X.jpg,FhY1X,FhYtX,0
E9im9.jpg,E9im9,ESImD,0
W50je.jpg,W50je,W50xl,0
1T0Z5.jpg,1T0Z5,xT0Z5,0
mgjiv.jpg,mgjiv,mgjZV,0
2oTa3.jpg,2oTa3,261a3,0
Tx0c6.jpg,Tx0c6,1K0c5,0
k10X1.jpg,k10X1,k10XJ,0
88409.jpg,88409,Ex409,0
dwh94.jpg,dwh94,dwh91,0
256RS.jpg,256RS,2y6RS,0
6DX87.jpg,6DX87,6DXR7,0
60syP.jpg,60syP,60xqP,0
M8B50.jpg,M8B50,V8R50,0
mBIvZ.jpg,mBIvZ,qBkvZ,0
PXQre.jpg,PXQre,PXQIe,0
YvkYD.jpg,YvkYD,7wKYD,0
U9GvG.jpg,U9GvG,U9G1S,0
81jAW.jpg,81jAW,81jAW,1
90kaz.jpg,90kaz,9UKa7,0
XbAoF.jpg,XbAoF,VbAoF,0
Olq9J.jpg,Olq9J,0kq9J,0
i3799.jpg,i3799,i37G9,0
8fH5T.jpg,8fH5T,8xH5T,0
3oX83.jpg,3oX83,3cX8L,0
d682b.jpg,d682b,4682b,0
F962R.jpg,F962R,E962K,0
xjk3O.jpg,xjk3O,Tjk3Q,0
GmFRQ.jpg,GmFRQ,Gm1RQ,0
q1BM1.jpg,q1BM1,p2RN4,0
78wGf.jpg,78wGf,78wGf,1
SMB17.jpg,SMB17,CMB17,0
916di.jpg,916di,91wdi,0
dRP2i.jpg,dRP2i,dxPzm,0
Aspxr.jpg,Aspxr,ASpxr,0
xo37z.jpg,xo37z,xnS7z,0
33b3p.jpg,33b3p,3JhYp,0
n076P.jpg,n076P,n076P,1
FdX7M.jpg,FdX7M,F0ynM,0
DI7HC.jpg,DI7HC,DI7WC,0
FON23.jpg,FON23,FQp23,0
6ag5L.jpg,6ag5L,7cf5L,0
L69b5.jpg,L69b5,169b5,0
4l1gP.jpg,4l1gP,4lYqP,0
CS15I.jpg,CS15I,CSY5h,0
qyKfX.jpg,qyKfX,2yKfY,0
3l4kH.jpg,3l4kH,3I4kH,0
Xtozy.jpg,Xtozy,XtoZu,0
jolD8.jpg,jolD8,5e1D8,0
gb9Mi.jpg,gb9Mi,qbSMi,0
CUl3j.jpg,CUl3j,CDx3j,0
ulQh3.jpg,ulQh3,dlQb3,0
HuEgJ.jpg,HuEgJ,tu5gJ,0
B5J49.jpg,B5J49,F5JX9,0
znd4E.jpg,znd4E,zmd4E,0
XsvWB.jpg,XsvWB,XevWB,0
1uqM2.jpg,1uqM2,1cqM2,0
Louc3.jpg,Louc3,Lfre3,0
NqrPp.jpg,NqrPp,KgfFp,0
I9r59.jpg,I9r59,I9r5R,0
6WRah.jpg,6WRah,6wP3b,0
S3kVD.jpg,S3kVD,S3kVD,1
5OqLl.jpg,5OqLl,50qfU,0
X7rnb.jpg,X7rnb,X7rN5,0
16pJx.jpg,16pJx,16pJx,1
8TSQt.jpg,8TSQt,3TSQt,0
7QZhJ.jpg,7QZhJ,1OZhs,0
5S64g.jpg,5S64g,53C4g,0
mqjsI.jpg,mqjsI,mqTsI,0
aZ7qS.jpg,aZ7qS,aANqS,0
NY3Db.jpg,NY3Db,MV3Bh,0
a4zs4.jpg,a4zs4,M4zsA,0
5t89f.jpg,5t89f,5t89f,1
839tk.jpg,839tk,H35tk,0
aR8Dn.jpg,aR8Dn,5K6Dm,0
6GsBv.jpg,6GsBv,6C1Bv,0
UZJg8.jpg,UZJg8,UZJg8,1
5i2bW.jpg,5i2bW,5r9hW,0
q5y0C.jpg,q5y0C,q2v0C,0
7oNRK.jpg,7oNRK,7eiRK,0
m0a54.jpg,m0a54,m0754,0
1NO42.jpg,1NO42,1NQ42,0
rulk8.jpg,rulk8,rulM8,0
o64Zh.jpg,o64Zh,gO4Ph,0
WlIsh.jpg,WlIsh,WFjsh,0
DcnU8.jpg,DcnU8,DcnV3,0
6B7t6.jpg,6B7t6,GB7t9,0
nfhG4.jpg,nfhG4,mYhG4,0
EA6hB.jpg,EA6hB,EA6h3,0
eUu7m.jpg,eUu7m,8Uu7m,0
WEKj2.jpg,WEKj2,WEKj2,1
ffewD.jpg,ffewD,fNewD,0
3of3s.jpg,3of3s,Xof3s,0
Z7V1k.jpg,Z7V1k,Z7Q1k,0
atuDQ.jpg,atuDQ,eIuDQ,0
iShru.jpg,iShru,iSHFu,0
eFo07.jpg,eFo07,vfoG7,0
pWWBa.jpg,pWWBa,pjwBa,0
3cruA.jpg,3cruA,3CruA,0
RLFuj.jpg,RLFuj,RLFuj,1
dRi39.jpg,dRi39,dP139,0
AT5d4.jpg,AT5d4,AT5d4,1
5t3PH.jpg,5t3PH,5I3FH,0
I4BTu.jpg,I4BTu,14BFu,0
xZMM6.jpg,xZMM6,xZWJ6,0
Z0hA7.jpg,Z0hA7,Z0hAT,0
hA8hF.jpg,hA8hF,hM8nF,0
8A1m4.jpg,8A1m4,8A1m4,1
VnCS5.jpg,VnCS5,V7CS5,0
u5Mmd.jpg,u5Mmd,u5MhJ,0
rGun6.jpg,rGun6,rPun6,0
Q1iR8.jpg,Q1iR8,01jP8,0
29ul0.jpg,29ul0,2Suf0,0
bV5o6.jpg,bV5o6,fV5o6,0
xOHVp.jpg,xOHVp,wOHta,0
6dvmp.jpg,6dvmp,BdvmZ,0
83yvP.jpg,83yvP,8zYvP,0
h07Ea.jpg,h07Ea,h07Ea,1
2i9o2.jpg,2i9o2,215ez,0
2yA82.jpg,2yA82,zyh82,0
A1WOZ.jpg,A1WOZ,AtH0Z,0
ZC4ZC.jpg,ZC4ZC,2CJZm,0
Yj79K.jpg,Yj79K,VE79K,0
2tmDR.jpg,2tmDR,2tmDY,0
7T2Gs.jpg,7T2Gs,7X2Cs,0
9rW7i.jpg,9rW7i,9cWZi,0
aei58.jpg,aei58,acL58,0
onNl4.jpg,onNl4,onMI4,0
S7Pqs.jpg,S7Pqs,S7mgs,0
wogOD.jpg,wogOD,WpgCN,0
kh5rI.jpg,kh5rI,kh5rI,1
p48Ea.jpg,p48Ea,p48Ea,1
k0V0Y.jpg,k0V0Y,KqVCf,0
NzdZ6.jpg,NzdZ6,Nzdf6,0
7Oguq.jpg,7Oguq,7C8uq,0
d9Rll.jpg,d9Rll,d9R1G,0
39rRT.jpg,39rRT,3CmRT,0
03jlQ.jpg,03jlQ,93ylQ,0
70sL7.jpg,70sL7,70Xl2,0
1z0vP.jpg,1z0vP,1S0uP,0
6dHf2.jpg,6dHf2,6dWf2,0
3J04R.jpg,3J04R,aJ0ZR,0
Hafmj.jpg,Hafmj,HafQj,0
KW2Om.jpg,KW2Om,KY20m,0
KX3tJ.jpg,KX3tJ,KX3CJ,0
48AD1.jpg,48AD1,u8AD1,0
Q3hv5.jpg,Q3hv5,O3hoN,0
2zDOy.jpg,2zDOy,2zFqV,0
ufs7Y.jpg,ufs7Y,ufs7Y,1
biNMS.jpg,biNMS,b1Nw8,0
Y6Sa6.jpg,Y6Sa6,YBEaG,0
q4t0F.jpg,q4t0F,g4L0F,0
sdL2N.jpg,sdL2N,sd12N,0
Yx0mb.jpg,Yx0mb,Ys0mb,0
ZMZzZ.jpg,ZMZzZ,7M4zL,0
td9Bj.jpg,td9Bj,Zd9Bj,0
842h1.jpg,842h1,842D1,0
DTAw3.jpg,DTAw3,0IAu3,0
N0w7P.jpg,N0w7P,N0wjP,0
5Eovg.jpg,5Eovg,ALoVg,0
UOd5G.jpg,UOd5G,UOd51,0
a8n4T.jpg,a8n4T,a8v4I,0
al70N.jpg,al70N,Al7qN,0
U3ijr.jpg,U3ijr,U3iTr,0
2efO2.jpg,2efO2,ZefO2,0
9V2OA.jpg,9V2OA,5V2Om,0
bQLM1.jpg,bQLM1,b0LH1,0
3w338.jpg,3w338,0mz36,0
05g68.jpg,05g68,DFq68,0
JIzQt.jpg,JIzQt,JkzOt,0
n6JJ6.jpg,n6JJ6,5CMj6,0
nnyVD.jpg,nnyVD,neJVD,0
6826W.jpg,6826W,632gk,0
Y4YTx.jpg,Y4YTx,Y4Spx,0
MF997.jpg,MF997,MEoa7,0
Bl6hb.jpg,Bl6hb,Bi6hp,0
lYLyZ.jpg,lYLyZ,jYtqZ,0
YwZjD.jpg,YwZjD,YwZjD,1
hdwxL.jpg,hdwxL,b4WxI,0
5la83.jpg,5la83,51a83,0
2094X.jpg,2094X,2u94X,0
O4IYC.jpg,O4IYC,QATYC,0
24iwB.jpg,24iwB,24IvB,0
IThHR.jpg,IThHR,eThHR,0
ts6Yt.jpg,ts6Yt,Uz6Yf,0
iT85J.jpg,iT85J,iT85J,1
N8Cu8.jpg,N8Cu8,MSCu0,0
752P1.jpg,752P1,75XP1,0
9R7ZW.jpg,9R7ZW,9P1ZW,0
GVf8T.jpg,GVf8T,QVf8T,0
ROtBG.jpg,ROtBG,ROYBG,0
046df.jpg,046df,045dI,0
5IUrO.jpg,5IUrO,51Urh,0
9q2yE.jpg,9q2yE,9q2xE,0
9V07X.jpg,9V07X,SVb7X,0
0Tkb0.jpg,0Tkb0,C7Kb9,0
f3v8t.jpg,f3v8t,k3V8t,0
tgi7T.jpg,tgi7T,tgi7Y,0
jWKCz.jpg,jWKCz,jWKCz,1
zyWeT.jpg,zyWeT,zyWel,0
7iXpx.jpg,7iXpx,7lXPw,0
mSySe.jpg,mSySe,mSyCe,0
X288Q.jpg,X288Q,X2b8q,0
n9553.jpg,n9553,a95F3,0
8wVK2.jpg,8wVK2,8mVK2,0
5wO3v.jpg,5wO3v,5mO3V,0
z9t32.jpg,z9t32,X9t32,0
YQ518.jpg,YQ518,YO518,0
5a8Sf.jpg,5a8Sf,5axS7,0
hr9aA.jpg,hr9aA,Wr9cA,0
8u9ou.jpg,8u9ou,7v9ou,0
Fb01v.jpg,Fb01v,Fb01v,1
Rw3qR.jpg,Rw3qR,KW1qB,0
QgOBC.jpg,QgOBC,mgOBC,0
LaGdz.jpg,LaGdz,LKCdz,0
jaNFV.jpg,jaNFV,J0NEV,0
V82LH.jpg,V82LH,V82IH,0
BX9Ld.jpg,BX9Ld,BX91d,0
0Utp9.jpg,0Utp9,Zutp9,0
P65aa.jpg,P65aa,PG5zM,0
8cLcY.jpg,8cLcY,KnleY,0
NPzxz.jpg,NPzxz,NDaxZ,0
V91MF.jpg,V91MF,V91MF,1
laKPE.jpg,laKPE,lqK0U,0
10O68.jpg,10O68,1MO58,0
f1Ky8.jpg,f1Ky8,FTKy8,0
k5EI5.jpg,k5EI5,K0EI5,0
43wVq.jpg,43wVq,43wVq,1
wP7h1.jpg,wP7h1,wP7h1,1
3s4K6.jpg,3s4K6,3c4R6,0
oA125.jpg,oA125,cP12T,0
7h7kf.jpg,7h7kf,6hzNf,0
xg0YJ.jpg,xg0YJ,xn0VJ,0
lXq00.jpg,lXq00,1Xa6O,0
zY7jh.jpg,zY7jh,xY7jh,0
Lmjw7.jpg,Lmjw7,Lmjv7,0
3W6L4.jpg,3W6L4,3M6L4,0
641iJ.jpg,641iJ,641LJ,0
a9ZUJ.jpg,a9ZUJ,a9ZkJ,0
aY2h9.jpg,aY2h9,aY2b9,0
1w9TY.jpg,1w9TY,1u9TY,0
ICwCJ.jpg,ICwCJ,f2wQJ,0
Z17HQ.jpg,Z17HQ,s17HO,0
dECa1.jpg,dECa1,dEQn1,0
j574K.jpg,j574K,j5V4K,0
oxlX7.jpg,oxlX7,0wIX7,0
0EBpp.jpg,0EBpp,0FB7p,0
q3169.jpg,q3169,a3t69,0
6U1H2.jpg,6U1H2,601H2,0
Ha6SC.jpg,Ha6SC,Ha69C,0
TQGtn.jpg,TQGtn,TDGzn,0
zSl90.jpg,zSl90,zSigD,0
IjWbu.jpg,IjWbu,tjm2u,0
f3cwi.jpg,f3cwi,fSAwi,0
c1Tu2.jpg,c1Tu2,ckTu2,0
dTxlZ.jpg,dTxlZ,dTXlZ,0
adQ52.jpg,adQ52,aLC52,0
8L6bC.jpg,8L6bC,31EbC,0
n1A60.jpg,n1A60,n146Q,0
k93NY.jpg,k93NY,k93nV,0
3O3FD.jpg,3O3FD,JQ8FD,0
Glr11.jpg,Glr11,6lr13,0
4lt62.jpg,4lt62,4lr62,0
IV9H9.jpg,IV9H9,IZPH9,0
vg1Ya.jpg,vg1Ya,vR1Ya,0
098Z1.jpg,098Z1,09m2l,0
28auc.jpg,28auc,26Xuc,0
Iwm12.jpg,Iwm12,lwmYa,0
2MgmH.jpg,2MgmH,2XdwH,0
5J2hN.jpg,5J2hN,eJ2hN,0
q6Y9a.jpg,q6Y9a,q6V9a,0
3021M.jpg,3021M,502IM,0
y5cAq.jpg,y5cAq,Y52Aq,0
k2wXj.jpg,k2wXj,k2wXj,1
52Az3.jpg,52Az3,52AzK,0
ZuqHb.jpg,ZuqHb,ZvqMb,0
G5G3K.jpg,G5G3K,05G3n,0
uzF2h.jpg,uzF2h,ucY2l,0
NGw43.jpg,NGw43,HCw43,0
1kR48.jpg,1kR48,1wR43,0
l3M3g.jpg,l3M3g,l3MUz,0
b2Q68.jpg,b2Q68,h2C68,0
86ver.jpg,86ver,36uef,0
Q5B0C.jpg,Q5B0C,q5M0c,0
D77e0.jpg,D77e0,DZ1c0,0
Q7Mlz.jpg,Q7Mlz,47Mlk,0
5SvzU.jpg,5SvzU,5gYZU,0
dFoFC.jpg,dFoFC,dzoPC,0
KJ4nu.jpg,KJ4nu,KF4hu,0
Hkh3h.jpg,Hkh3h,Hkh3e,0
w5BMy.jpg,w5BMy,w5BMy,1
E6aIa.jpg,E6aIa,E6xIy,0
94IQ2.jpg,94IQ2,94fO2,0
2hvo1.jpg,2hvo1,2hvof,0
jJ8cM.jpg,jJ8cM,fd3CM,0
EFD8v.jpg,EFD8v,eFm8Y,0
nMli2.jpg,nMli2,nMlC2,0
9Hq5c.jpg,9Hq5c,9Hq5c,1
6KwNF.jpg,6KwNF,6XwnF,0
xh83p.jpg,xh83p,xh8Jp,0
GNce0.jpg,GNce0,GHca0,0
gut4s.jpg,gut4s,q0Y4S,0
ABWqA.jpg,ABWqA,2BVgk,0
lswJZ.jpg,lswJZ,iswJZ,0
C0l9G.jpg,C0l9G,Col3G,0
UaHL1.jpg,UaHL1,UaHLf,0
xre0m.jpg,xre0m,xfeGm,0
aD63f.jpg,aD63f,mr63f,0
4IYRP.jpg,4IYRP,4CVHP,0
3smfv.jpg,3smfv,32mfv,0
6vSL1.jpg,6vSL1,AvSL1,0
T2ax2.jpg,T2ax2,T2aX9,0
WvJbP.jpg,WvJbP,WvJbP,1
7w0ym.jpg,7w0ym,7w0Vr,0
0ZRCE.jpg,0ZRCE,04RCF,0
LQzY2.jpg,LQzY2,LQAY2,0
HdNXN.jpg,HdNXN,HdCXN,0
8yQCl.jpg,8yQCl,8ymCI,0
21M5h.jpg,21M5h,21M5b,0
2Z8kd.jpg,2Z8kd,2C8kd,0
G082t.jpg,G082t,G082l,0
dc9Lr.jpg,dc9Lr,8c9Ur,0
I3joH.jpg,I3joH,t3joH,0
6tht2.jpg,6tht2,6xht2,0
f610Q.jpg,f610Q,f610U,0
sr3jf.jpg,sr3jf,sm3jt,0
3hE6T.jpg,3hE6T,3AEoT,0
u08lG.jpg,u08lG,v08lG,0
qS3es.jpg,qS3es,qG3eM,0
vkcdF.jpg,vkcdF,vk7dF,0
g7WNE.jpg,g7WNE,yZVNE,0
8ro2b.jpg,8ro2b,8roZb,0
jlJ4B.jpg,jlJ4B,Wlo48,0
Bkpr1.jpg,Bkpr1,Bkpq1,0
o0oE9.jpg,o0oE9,uGeEy,0
t174i.jpg,t174i,t174k,0
g8458.jpg,g8458,gP458,0
49H0i.jpg,49H0i,49R01,0
gEMFl.jpg,gEMFl,gEPTh,0
qgGLv.jpg,qgGLv,dgGIv,0
e6GEs.jpg,e6GEs,a6CE3,0
knN5b.jpg,knN5b,VnN5b,0
F8hen.jpg,F8hen,F8hen,1
TygkH.jpg,TygkH,TyckH,0
8EngR.jpg,8EngR,8Em4R,0
G8T9I.jpg,G8T9I,G8Z7I,0
0bQJi.jpg,0bQJi,0bwJi,0
hL7H7.jpg,hL7H7,bLFH7,0
wcLi9.jpg,wcLi9,wcUf9,0
3uQg4.jpg,3uQg4,3LOg4,0
53oDs.jpg,53oDs,51oDs,0
B36y7.jpg,B36y7,B36u2,0
4kroT.jpg,4kroT,4kroT,1
2XFbn.jpg,2XFbn,2XFbn,1
w4P55.jpg,w4P55,w4P5S,0
EP7l1.jpg,EP7l1,EY7L1,0
dG6th.jpg,dG6th,dC5th,0
5w01i.jpg,5w01i,5W02h,0
TI1g1.jpg,TI1g1,TE1gj,0
9YRkw.jpg,9YRkw,9VRkm,0
ev3JB.jpg,ev3JB,eVzJB,0
7ycaT.jpg,7ycaT,ZycaT,0
13lbY.jpg,13lbY,13L6X,0
vs8e1.jpg,vs8e1,Ns8e1,0
Gfmx1.jpg,Gfmx1,Gfmx1,1
n89iS.jpg,n89iS,nB5i2,0
V2V2E.jpg,V2V2E,VkYaE,0
FDeMx.jpg,FDeMx,FDeMX,0
5CjBG.jpg,5CjBG,5CjRV,0
n311H.jpg,n311H,n31CH,0
XcOfl.jpg,XcOfl,XcDfL,0
8551V.jpg,8551V,85D1U,0
7Pt6A.jpg,7Pt6A,7Pt6A,1
81pj3.jpg,81pj3,8Cpj3,0
0uI1G.jpg,0uI1G,0mF1C,0
90Xa0.jpg,90Xa0,SDXr0,0
u7twz.jpg,u7twz,u7twz,1
CiTq9.jpg,CiTq9,CiTq9,1
3tkjZ.jpg,3tkjZ,3QkjZ,0
z14V4.jpg,z14V4,zIAV4,0
HuzQ5.jpg,HuzQ5,Hu2O5,0
C41D7.jpg,C41D7,CwID7,0
R62WX.jpg,R62WX,r62WX,0
foMAL.jpg,foMAL,foMAL,1
miW26.jpg,miW26,N1w26,0
m4p2i.jpg,m4p2i,m4p2L,0
G8qQl.jpg,G8qQl,G8qO1,0
oUjE3.jpg,oUjE3,qUjE3,0
CluwT.jpg,CluwT,CHuwT,0
AJKPG.jpg,AJKPG,AJKP6,0
7M5Q0.jpg,7M5Q0,7M5Q6,0
4157k.jpg,4157k,2Y57k,0
E9C60.jpg,E9C60,L9CA0,0
j40YH.jpg,j40YH,r40YH,0
rxD69.jpg,rxD69,txUkA,0
Dja3G.jpg,Dja3G,D1a36,0
erfCu.jpg,erfCu,eMfyu,0
Wg0II.jpg,Wg0II,Wq0ZI,0
ys521.jpg,ys521,yxT2t,0
v5mS4.jpg,v5mS4,V5NS4,0
1j754.jpg,1j754,1jz54,0
7bT2i.jpg,7bT2i,7bY2i,0
q86do.jpg,q86do,y86do,0
F51zb.jpg,F51zb,F51zO,0
7q0h3.jpg,7q0h3,Mq0h3,0
83vJQ.jpg,83vJQ,83vIO,0
g26ej.jpg,g26ej,gZ6ej,0
K70S5.jpg,K70S5,K10w5,0
g3E7w.jpg,g3E7w,h3Rtw,0
Hcjci.jpg,Hcjci,HoJsi,0
Ollmv.jpg,Ollmv,OfJmv,0
wsJ6D.jpg,wsJ6D,MsJ6D,0
wHT9c.jpg,wHT9c,whT9C,0
JJ5RI.jpg,JJ5RI,UJ5RI,0
nr3r0.jpg,nr3r0,nZ3r0,0
ZGUWs.jpg,ZGUWs,7GUWs,0
qev4C.jpg,qev4C,aev4C,0
AmIeZ.jpg,AmIeZ,Am1Ew,0
58945.jpg,58945,c3945,0
8H5nq.jpg,8H5nq,8H5rg,0
PGK94.jpg,PGK94,FGK94,0
5l90H.jpg,5l90H,5190H,0
GuB3Z.jpg,GuB3Z,0aB17,0
1yTDx.jpg,1yTDx,4yTDX,0
DxXcB.jpg,DxXcB,DyXcB,0
4Da2G.jpg,4Da2G,4Da2C,0
y5e59.jpg,y5e59,y5eh4,0
vULF7.jpg,vULF7,DUgFj,0
tjfYR.jpg,tjfYR,ZjfYR,0
XWe0v.jpg,XWe0v,Xhe0v,0
A4L5r.jpg,A4L5r,A4L5r,1
hCAs9.jpg,hCAs9,hCAx9,0
vz6E2.jpg,vz6E2,v16E2,0
66vm3.jpg,66vm3,bkvm3,0
U8BAw.jpg,U8BAw,U89Aw,0
b1u1T.jpg,b1u1T,b1uST,0
Gyow4.jpg,Gyow4,GyeT4,0
kWqgw.jpg,kWqgw,kY4gw,0
1ueE6.jpg,1ueE6,1uMEG,0
W3g9D.jpg,W3g9D,W3g9D,1
Rfl1b.jpg,Rfl1b,RFj9M,0
A4U9D.jpg,A4U9D,A4x9D,0
47f11.jpg,47f11,47fTm,0
C2RfN.jpg,C2RfN,C2RfM,0
Psv4u.jpg,Psv4u,Pcv4u,0
rRhFd.jpg,rRhFd,rKkF1,0
72612.jpg,72612,72613,0
sGTI7.jpg,sGTI7,uGNI7,0
Tse51.jpg,Tse51,TsQ51,0
MKO7k.jpg,MKO7k,MKO7k,1
Gl4Ka.jpg,Gl4Ka,6I4Ha,0
5Wp1M.jpg,5Wp1M,5Wp1M,1
AKMBL.jpg,AKMBL,AKWEL,0
u22t9.jpg,u22t9,uZ2F9,0
4T2Vz.jpg,4T2Vz,4T2Vm,0
jLjnF.jpg,jLjnF,jxPnF,0
P7G5k.jpg,P7G5k,P7G5K,0
gx7LQ.jpg,gx7LQ,gx7LO,0
Hb7d1.jpg,Hb7d1,HD7d1,0
O1UfK.jpg,O1UfK,QTUfK,0
guiVW.jpg,guiVW,qyrVh,0
487Ug.jpg,487Ug,487Ug,1
rrzyO.jpg,rrzyO,RczyO,0
blNU8.jpg,blNU8,brNV8,0
dqX7a.jpg,dqX7a,Buf7a,0
RmZ4j.jpg,RmZ4j,RmZ4j,1
lh63m.jpg,lh63m,Ih63m,0
So043.jpg,So043,SeO4M,0
v561D.jpg,v561D,vF61D,0
0N7hC.jpg,0N7hC,o97hC,0
z0WtS.jpg,z0WtS,z0WtS,1
0P1Ne.jpg,0P1Ne,0P4Nc,0
DG45S.jpg,DG45S,DQH5S,0
hSiX2.jpg,hSiX2,bS1X2,0
13bB7.jpg,13bB7,13hBZ,0
u7a7h.jpg,u7a7h,u7eYh,0
4qHkO.jpg,4qHkO,4gHk0,0
NM6w0.jpg,NM6w0,NM6w0,1
vrk7z.jpg,vrk7z,vrVOp,0
o76hG.jpg,o76hG,o76hQ,0
c0xqi.jpg,c0xqi,F0xq1,0
Kkaef.jpg,Kkaef,KTAuf,0
96LN1.jpg,96LN1,96gN1,0
4oNNR.jpg,4oNNR,4o2LR,0
QTMNJ.jpg,QTMNJ,GTMNJ,0
6HQpk.jpg,6HQpk,6HCpk,0
QMUc0.jpg,QMUc0,QMUS0,0
nW911.jpg,nW911,nA9lX,0
19i89.jpg,19i89,1Jr89,0
kQl89.jpg,kQl89,nQl89,0
rSPq1.jpg,rSPq1,r8Mg1,0
y9CAq.jpg,y9CAq,y91Aq,0
487aU.jpg,487aU,487aU,1
8QO7T.jpg,8QO7T,3qD7r,0
mooIc.jpg,mooIc,R0oIC,0
19iXE.jpg,19iXE,d9rXE,0
8yk2x.jpg,8yk2x,8yk2r,0
E0mV9.jpg,E0mV9,EOmVH,0
59vow.jpg,59vow,59vfw,0
8co1c.jpg,8co1c,8ro1c,0
1ph78.jpg,1ph78,1phV8,0
GZtj3.jpg,GZtj3,6Ztj3,0
Cq600.jpg,Cq600,CX6p0,0
2y91M.jpg,2y91M,2W91M,0
7NNnM.jpg,7NNnM,7KNhM,0
U8W9c.jpg,U8W9c,l8W9c,0
zPxWE.jpg,zPxWE,zPxUE,0
3Be0b.jpg,3Be0b,xBe0b,0
Zz4R7.jpg,Zz4R7,nz4R7,0
6L1tt.jpg,6L1tt,5LTIt,0
86UN6.jpg,86UN6,2BUKS,0
H4j95.jpg,H4j95,H4y95,0
xSkc7.jpg,xSkc7,x5HC7,0
x96Yn.jpg,x96Yn,z96Yc,0
1k674.jpg,1k674,1k67U,0
vNbZl.jpg,vNbZl,vJf9l,0
nT5x4.jpg,nT5x4,nT5i4,0
0OJXD.jpg,0OJXD,2OJYD,0
4n4Xs.jpg,4n4Xs,1n4Xs,0
rNqxR.jpg,rNqxR,tNqxB,0
y5gM7.jpg,y5gM7,y5eH7,0
bxaRS.jpg,bxaRS,7kaRE,0
34M80.jpg,34M80,34Zfo,0
jML2L.jpg,jML2L,YML2C,0
75c0u.jpg,75c0u,15E0u,0
JkDv0.jpg,JkDv0,JkDj0,0
602Sb.jpg,602Sb,60XSb,0
7eA2O.jpg,7eA2O,yeA2O,0
hvO8D.jpg,hvO8D,HVO8r,0
kjRVF.jpg,kjRVF,kjRUF,0
cc4Y7.jpg,cc4Y7,r64V7,0
ajKhv.jpg,ajKhv,aLKhv,0
4r1BK.jpg,4r1BK,4rT8K,0
95LG3.jpg,95LG3,952W3,0
fRr8Z.jpg,fRr8Z,fRpXZ,0
VgP2H.jpg,VgP2H,VgP2H,1
GYOax.jpg,GYOax,GY0ak,0
PCGP8.jpg,PCGP8,pcmFb,0
e7qFM.jpg,e7qFM,67afM,0
HOw76.jpg,HOw76,hOw76,0
9t524.jpg,9t524,9r5Gv,0
na04Q.jpg,na04Q,rYe4Q,0
E8e3d.jpg,E8e3d,C8e3d,0
KacW6.jpg,KacW6,KarW6,0
2LBYv.jpg,2LBYv,2kBYv,0
CD6c2.jpg,CD6c2,CH6c2,0
5n8v1.jpg,5n8v1,5m8v1,0
ExJpo.jpg,ExJpo,EX1Po,0
xiOBe.jpg,xiOBe,XlOBe,0
rarZB.jpg,rarZB,raMjB,0
pzav7.jpg,pzav7,pzaC7,0
elYqc.jpg,elYqc,eZYq0,0
scMLk.jpg,scMLk,0cMTk,0
CvOeB.jpg,CvOeB,CvQeH,0
1VkCb.jpg,1VkCb,1vkCb,0
qReHB.jpg,qReHB,qRzH8,0
ib93n.jpg,ib93n,1b93m,0
pW63Q.jpg,pW63Q,pH63Q,0
2Yw38.jpg,2Yw38,2YuN8,0
5E9rq.jpg,5E9rq,5E91Q,0
Qq9HM.jpg,Qq9HM,Oq9LM,0
EUmH1.jpg,EUmH1,EVqX1,0
FDIA7.jpg,FDIA7,FDI27,0
tY9u8.jpg,tY9u8,fY9u8,0
j6SPd.jpg,j6SPd,ioSPd,0
ftfmH.jpg,ftfmH,pLfmH,0
2HRCW.jpg,2HRCW,2IRCW,0
kNGS7.jpg,kNGS7,kNGS1,0
Cs76C.jpg,Cs76C,qs7bC,0
LmISk.jpg,LmISk,LmfSk,0
97FSN.jpg,97FSN,9lYcN,0
7491J.jpg,7491J,74B1J,0
ZAh37.jpg,ZAh37,ZAb3F,0
9tECY.jpg,9tECY,mtECY,0
74713.jpg,74713,C4713,0
PzsDZ.jpg,PzsDZ,V2KDZ,0
8OLV9.jpg,8OLV9,8OfV9,0
ocT6n.jpg,ocT6n,ovTBH,0
z999N.jpg,z999N,z1B9K,0
5C8e8.jpg,5C8e8,5CSzE,0
9y79X.jpg,9y79X,5u7oX,0
SV3CZ.jpg,SV3CZ,5V3EZ,0
tUT3M.jpg,tUT3M,eUT3M,0
2lBUB.jpg,2lBUB,2CBJK,0
H0tTN.jpg,H0tTN,H0tTN,1
uh59u.jpg,uh59u,0m52V,0
W1Cln.jpg,W1Cln,d1Qlv,0
I946V.jpg,I946V,I946M,0
mJ0EL.jpg,mJ0EL,mJ4eL,0
dOEHo.jpg,dOEHo,dOEHp,0
i8779.jpg,i8779,i8X79,0
TcFAo.jpg,TcFAo,TcFAo,1
QWC02.jpg,QWC02,QWEp2,0
CVxhh.jpg,CVxhh,CVxhN,0
eNZ5F.jpg,eNZ5F,eKZ5F,0
3tI1X.jpg,3tI1X,3tlTX,0
29D9F.jpg,29D9F,29dSF,0
B2RDt.jpg,B2RDt,B2RD1,0
p7PYo.jpg,p7PYo,pZEYO,0
OZU49.jpg,OZU49,QzU49,0
uA0rg.jpg,uA0rg,YA0rq,0
1Bo95.jpg,1Bo95,JRo9f,0
5lUD8.jpg,5lUD8,51UD3,0
X1P3A.jpg,X1P3A,X1PzA,0
r8l2l.jpg,r8l2l,M812T,0
rknxM.jpg,rknxM,fknxM,0
woV8L.jpg,woV8L,weY8I,0
IHWVB.jpg,IHWVB,IHWv6,0
Tgs29.jpg,Tgs29,Fns29,0
irx11.jpg,irx11,i6xI1,0
r57Bp.jpg,r57Bp,r57Kp,0
JLXH9.jpg,JLXH9,JLeH9,0
O7QyL.jpg,O7QyL,07Qy4,0
3Rcl3.jpg,3Rcl3,hBcl3,0
6WZ58.jpg,6WZ58,6WZ58,1
6dibL.jpg,6dibL,6d9b1,0
DdzD7.jpg,DdzD7,Dczb7,0
B7TdI.jpg,B7TdI,BZTdr,0
u15t2.jpg,u15t2,ujoCZ,0
8Wu7U.jpg,8Wu7U,8Hu1U,0
kz814.jpg,kz814,kz814,1
4n4vX.jpg,4n4vX,4n8vX,0
09G5u.jpg,09G5u,I9G5u,0
2MoYS.jpg,2MoYS,2MeYS,0
N1u1Z.jpg,N1u1Z,MfoTZ,0
u33vo.jpg,u33vo,u3Rxo,0
TP2I1.jpg,TP2I1,TP2G1,0
Sih7N.jpg,Sih7N,Sih7N,1
5z91H.jpg,5z91H,5Z91H,0
g95Ou.jpg,g95Ou,q95Ou,0
93qbn.jpg,93qbn,93qLn,0
77un0.jpg,77un0,f7Zc0,0
zf64L.jpg,zf64L,zf6aL,0
98IJy.jpg,98IJy,98LJv,0
9yg3c.jpg,9yg3c,9ygHc,0
s9qwV.jpg,s9qwV,s9qwV,1
Fd7hN.jpg,Fd7hN,Cd7hN,0
xYUX8.jpg,xYUX8,4VUX8,0
7f3EM.jpg,7f3EM,7f3EH,0
869ya.jpg,869ya,869ja,0
241e6.jpg,241e6,24Ie6,0
RSN7H.jpg,RSN7H,R3m7H,0
YyEDX.jpg,YyEDX,YvEDX,0
5EuFk.jpg,5EuFk,5BurK,0
lHmEx.jpg,lHmEx,lWmEX,0
3C8NR.jpg,3C8NR,3C8VR,0
c04qv.jpg,c04qv,cH4qv,0
cdoNs.jpg,cdoNs,oPiNu,0
3Z769.jpg,3Z769,3ZV69,0
m2895.jpg,m2895,m7c95,0
vtVPe.jpg,vtVPe,y1VPs,0
VF30o.jpg,VF30o,VE30e,0
XRzsN.jpg,XRzsN,XRzsM,0
RElb3.jpg,RElb3,RDlb3,0
iYY6k.jpg,iYY6k,iXV6K,0
6F11E.jpg,6F11E,6ny4E,0
q1d4H.jpg,q1d4H,qId9H,0
qzHJb.jpg,qzHJb,qzKJb,0
ey9vK.jpg,ey9vK,eY5iK,0
jASgu.jpg,jASgu,jACgu,0
WD0A8.jpg,WD0A8,WmCA8,0
f4yp3.jpg,f4yp3,f4yp8,0
r3fsa.jpg,r3fsa,r3fsa,1
i25d0.jpg,i25d0,i2Sd0,0
G9kkK.jpg,G9kkK,CUMRK,0
vZTH2.jpg,vZTH2,vZTH2,1
fpXVC.jpg,fpXVC,fpXV0,0
5u3mk.jpg,5u3mk,Fq3mk,0
wpdkg.jpg,wpdkg,WDdkg,0
n1rb7.jpg,n1rb7,nIgb7,0
0xW1J.jpg,0xW1J,0xW1S,0
gTD4f.jpg,gTD4f,gTD4f,1
uW5V8.jpg,uW5V8,dW5V8,0
Sx42l.jpg,Sx42l,Ox4y1,0
9dT24.jpg,9dT24,9dT24,1
zzTR2.jpg,zzTR2,M4TR2,0
X8YNr.jpg,X8YNr,X3VAC,0
9kkt7.jpg,9kkt7,9AVt7,0
Tvq0I.jpg,Tvq0I,Nvi0I,0
U8960.jpg,U8960,UP96o,0
7YTt8.jpg,7YTt8,7Nuf8,0
UvD0C.jpg,UvD0C,UvDRC,0
186i3.jpg,186i3,186j3,0
SqS93.jpg,SqS93,SqYAx,0
3dX5h.jpg,3dX5h,3VX5f,0
yA96C.jpg,yA96C,yA96L,0
Vd5DT.jpg,Vd5DT,Vd5Q1,0
S736m.jpg,S736m,X736m,0
72aq0.jpg,72aq0,72aqo,0
RdmXt.jpg,RdmXt,AdwX1,0
0vg72.jpg,0vg72,0rg72,0
77k09.jpg,77k09,E7k0P,0
WV76k.jpg,WV76k,AV76k,0
qib3I.jpg,qib3I,glb3M,0
Hf03p.jpg,Hf03p,Zf03p,0
s7Snr.jpg,s7Snr,s78nx,0
1LhiQ.jpg,1LhiQ,y2MiQ,0
uV3IB.jpg,uV3IB,uV3IB,1
PX5K2.jpg,PX5K2,EY5K2,0
X73hG.jpg,X73hG,X73hG,1
4xZ86.jpg,4xZ86,4wZ8r,0
uw0k6.jpg,uw0k6,Nw0k6,0
FG59c.jpg,FG59c,FG59e,0
iL04g.jpg,iL04g,IL04g,0
Fv9a9.jpg,Fv9a9,FvgaQ,0
Bky80.jpg,Bky80,EK7s0,0
e2gMj.jpg,e2gMj,c2gMj,0
7p89q.jpg,7p89q,1p89a,0
eq8M3.jpg,eq8M3,ej8MB,0
oYW0I.jpg,oYW0I,eYHOI,0
67Y6c.jpg,67Y6c,h7Y6c,0
cayH3.jpg,cayH3,CayH3,0
28ND2.jpg,28ND2,i6H05,0
PQK9g.jpg,PQK9g,PQH9g,0
bUa5C.jpg,bUa5C,JUa5c,0
nAKVV.jpg,nAKVV,pAKyw,0
zT8EA.jpg,zT8EA,zy8EA,0
P2cO0.jpg,P2cO0,P2cOu,0
Zt6hI.jpg,Zt6hI,ZGohJ,0
ZEhUN.jpg,ZEhUN,ZEbyN,0
j4i7Y.jpg,j4i7Y,j4i7Y,1
lK3RK.jpg,lK3RK,IX3PK,0
axe65.jpg,axe65,qxeG5,0
87Mz8.jpg,87Mz8,EuMze,0
k18TN.jpg,k18TN,k18yN,0
93XFY.jpg,93XFY,63XEV,0
2N3Wa.jpg,2N3Wa,2N3Wd,0
4nFh3.jpg,4nFh3,4nFh2,0
uZ9QO.jpg,uZ9QO,uZ9AO,0
35ltF.jpg,35ltF,35lnF,0
3hw19.jpg,3hw19,3nCl9,0
9p75V.jpg,9p75V,9n75W,0
s2KKg.jpg,s2KKg,52NKq,0
fWTnA.jpg,fWTnA,cWTnA,0
s4f1x.jpg,s4f1x,sQf1X,0
h4dbZ.jpg,h4dbZ,h4vbZ,0
MSVbb.jpg,MSVbb,MzV6l,0
822yn.jpg,822yn,82Iyn,0
9V30H.jpg,9V30H,9V3eH,0
7ZcDC.jpg,7ZcDC,72cD6,0
1950g.jpg,1950g,1Z50g,0
T8wUy.jpg,T8wUy,T8why,0
Qy4Gj.jpg,Qy4Gj,QY4Gj,0
mj9Cs.jpg,mj9Cs,mjVCs,0
n4qq8.jpg,n4qq8,n7dg8,0
ce7yc.jpg,ce7yc,Eo2uc,0
BwyEt.jpg,BwyEt,BwyEf,0
8eRNm.jpg,8eRNm,8JRNm,0
lw81t.jpg,lw81t,PW61t,0
O4HeL.jpg,O4HeL,O4HcT,0
I5R70.jpg,I5R70,I5RE0,0
Hudc5.jpg,Hudc5,Hmdc5,0
5tpLa.jpg,5tpLa,5tpka,0
paZ00.jpg,paZ00,na769,0
6ooOE.jpg,6ooOE,sdnOE,0
iLPbd.jpg,iLPbd,7LPbd,0
BqQVj.jpg,BqQVj,BQ7VJ,0
dm4Hd.jpg,dm4Hd,dm7Hp,0
nuzBy.jpg,nuzBy,nuzSy,0
k56Gs.jpg,k56Gs,kn6Gs,0
186EQ.jpg,186EQ,18KEQ,0
Jhj0x.jpg,Jhj0x,JhL0x,0
0MgI2.jpg,0MgI2,0MSI2,0
99QrT.jpg,99QrT,BSOcI,0
A4W5d.jpg,A4W5d,pJf3a,0
pfHx1.jpg,pfHx1,pqHx1,0
TCTPn.jpg,TCTPn,YCFwn,0
3kNTF.jpg,3kNTF,3kNTF,1
Phz2U.jpg,Phz2U,Phy2U,0
4goB5.jpg,4goB5,1ucB5,0
kzh7l.jpg,kzh7l,kZh79,0
t6Bn8.jpg,t6Bn8,16Ba8,0
8uFvV.jpg,8uFvV,AaFoV,0
Sxzh5.jpg,Sxzh5,Yxzm5,0
pe6bD.jpg,pe6bD,neSID,0
9oWvk.jpg,9oWvk,9oWvk,1
ICs6S.jpg,ICs6S,ICa6S,0
N4AtI.jpg,N4AtI,K4Atj,0
11f83.jpg,11f83,1jc83,0
z7IiB.jpg,z7IiB,z7VFB,0
iePaD.jpg,iePaD,1eF5U,0
Qg527.jpg,Qg527,Cg527,0
Kn579.jpg,Kn579,Km579,0
686T1.jpg,686T1,68HT1,0
P530h.jpg,P530h,P5z0h,0
2IVF7.jpg,2IVF7,2iVF7,0
YMOfm.jpg,YMOfm,YMGfm,0
5788l.jpg,5788l,57N8l,0
hg1QM.jpg,hg1QM,bc1DH,0
0C7bi.jpg,0C7bi,0C7Bi,0
Fs3YY.jpg,Fs3YY,Fs3nY,0
2CML5.jpg,2CML5,2xML5,0
t7DP0.jpg,t7DP0,X7DF0,0
TISkc.jpg,TISkc,TIOke,0
1YCfK.jpg,1YCfK,1V0fH,0
aw3As.jpg,aw3As,av3As,0
QC2i5.jpg,QC2i5,Qv2I5,0
3SwTe.jpg,3SwTe,3Cw1e,0
uIayj.jpg,uIayj,uI2yj,0
tGF1M.jpg,tGF1M,tCF1M,0
3ei2o.jpg,3ei2o,3e12o,0
uo78L.jpg,uo78L,ue78L,0
j1VzK.jpg,j1VzK,J1UZK,0
vo8ow.jpg,vo8ow,ynS0w,0
sf066.jpg,sf066,sf264,0
FK3V6.jpg,FK3V6,EK2V6,0
LwHYm.jpg,LwHYm,L8HYm,0
7uEO9.jpg,7uEO9,7uEO9,1
rNHA2.jpg,rNHA2,rNHA2,1
MA3cF.jpg,MA3cF,MA3cF,1
eflCI.jpg,eflCI,orlCT,0
9m4R6.jpg,9m4R6,9m4R6,1
VqpIM.jpg,VqpIM,VQplM,0
iE273.jpg,iE273,iE273,1
865WP.jpg,865WP,8ejWZ,0
B6U1K.jpg,B6U1K,B6U1K,1
uJF62.jpg,uJF62,mJE62,0
2I348.jpg,2I348,2I348,1
YXjIX.jpg,YXjIX,YMolX,0
7iGq8.jpg,7iGq8,7iGq8,1
g64M0.jpg,g64M0,g64M0,1
473s9.jpg,473s9,473w9,0
0ULUw.jpg,0ULUw,0VLCw,0
AS4xs.jpg,AS4xs,AS4Xs,0
I1U99.jpg,I1U99,K1Us9,0
1qPAB.jpg,1qPAB,1dPAB,0
tjT2W.jpg,tjT2W,tjT2w,0
kO3iM.jpg,kO3iM,kO3i9,0
0CEe6.jpg,0CEe6,0CNe4,0
dMfmE.jpg,dMfmE,JMtnE,0
1gpy6.jpg,1gpy6,1gpX6,0
hEglK.jpg,hEglK,hE9iK,0
JrB3y.jpg,JrB3y,hc83y,0
CLWbv.jpg,CLWbv,CLWba,0
1EXvc.jpg,1EXvc,15XvC,0
x5G77.jpg,x5G77,K50Z2,0
pCKQ0.jpg,pCKQ0,PCKQ9,0
T9OUD.jpg,T9OUD,h9OUD,0
ssi1K.jpg,ssi1K,sur1K,0
rSbmv.jpg,rSbmv,i8bmV,0
C25O4.jpg,C25O4,c25D4,0
i3349.jpg,i3349,IJ349,0
1AZQv.jpg,1AZQv,iAZqV,0
p3B48.jpg,p3B48,b3R48,0
TG4tF.jpg,TG4tF,TC4sF,0
bM4uC.jpg,bM4uC,bM4uC,1
5Gq23.jpg,5Gq23,fGq23,0
ag258.jpg,ag258,aC258,0
k8F2h.jpg,k8F2h,k8F2h,1
07u05.jpg,07u05,67uQ5,0
0aHu3.jpg,0aHu3,0aHy3,0
q7285.jpg,q7285,g1285,0
uca0y.jpg,uca0y,uRa0y,0
NS592.jpg,NS592,N5T92,0
s0Fnc.jpg,s0Fnc,s9Fnc,0
dXdq6.jpg,dXdq6,uXdm6,0
f4EZW.jpg,f4EZW,fAEZW,0
I0h20.jpg,I0h20,Toh26,0
I7891.jpg,I7891,h76QY,0
H415R.jpg,H415R,H4y5R,0
30M2w.jpg,30M2w,3LM2w,0
0u5tb.jpg,0u5tb,0JStb,0
OTYOq.jpg,OTYOq,uTVQa,0
387e5.jpg,387e5,387O5,0
U2915.jpg,U2915,UZ915,0
e10e3.jpg,e10e3,e10R3,0
X4t0s.jpg,X4t0s,X4rGs,0
9WL8K.jpg,9WL8K,9WEsK,0
2SGI7.jpg,2SGI7,250I7,0
XBE53.jpg,XBE53,XBEb3,0
1afCB.jpg,1afCB,TafCB,0
K959j.jpg,K959j,K0591,0
lHsw8.jpg,lHsw8,IH2w8,0
F7U55.jpg,F7U55,F7U5e,0
3PN3D.jpg,3PN3D,3PHGb,0
4v846.jpg,4v846,4v8n6,0
9ZGbL.jpg,9ZGbL,9ZCnL,0
6Uwit.jpg,6Uwit,6UMit,0
7lD83.jpg,7lD83,mlD93,0
f1f1t.jpg,f1f1t,fjhXv,0
i5Kyr.jpg,i5Kyr,156Yr,0
0Fqym.jpg,0Fqym,0EgYm,0
YyP0x.jpg,YyP0x,YyP0x,1
20ojk.jpg,20ojk,2Oojk,0
e5ue7.jpg,e5ue7,c5u27,0
lh1Oy.jpg,lh1Oy,ZWsOY,0
e9T6j.jpg,e9T6j,e9T6j,1
5N67p.jpg,5N67p,5A61P,0
5VM60.jpg,5VM60,5VM6Q,0
0OMFr.jpg,0OMFr,0CMTr,0
teIA6.jpg,teIA6,tejA6,0
62oR6.jpg,62oR6,C1oK6,0
cDT9p.jpg,cDT9p,cD19p,0
jYQss.jpg,jYQss,jVOez,0
ukkBy.jpg,ukkBy,okNBy,0
qlh38.jpg,qlh38,qih38,0
m9NPq.jpg,m9NPq,b9NSJ,0
9gxY9.jpg,9gxY9,bqrW9,0
wdr79.jpg,wdr79,wdF79,0
AxWFz.jpg,AxWFz,AxW9z,0
6z3l4.jpg,6z3l4,6u3I4,0
zL4Qh.jpg,zL4Qh,zi40h,0
L1QXH.jpg,L1QXH,LTDXH,0
e7mMZ.jpg,e7mMZ,eFmHZ,0
0zJ2E.jpg,0zJ2E,OzJ2E,0
ab1qu.jpg,ab1qu,zb1qu,0
Dc6k9.jpg,Dc6k9,Dc6H9,0
WDue0.jpg,WDue0,WDu70,0
Tf2fz.jpg,Tf2fz,Tk2Fa,0
Ab1RN.jpg,Ab1RN,Ab1RN,1
9O987.jpg,9O987,5O98L,0
DJSy0.jpg,DJSy0,D1SY0,0
5EWH4.jpg,5EWH4,3ERH4,0
Jhsq5.jpg,Jhsq5,JHsq5,0
s67q9.jpg,s67q9,sM7q9,0
87467.jpg,87467,8146J,0
5vdJK.jpg,5vdJK,5velK,0
15ANw.jpg,15ANw,15ANv,0
we822.jpg,we822,wc8h3,0
0HZ14.jpg,0HZ14,0HZ14,1
01AjI.jpg,01AjI,M1AjT,0
9X8LB.jpg,9X8LB,9XeLB,0
u0O5g.jpg,u0O5g,u0Q5g,0
5f7zY.jpg,5f7zY,5f7zY,1
QhM04.jpg,QhM04,QbM04,0
Z92i5.jpg,Z92i5,79PI5,0
xm63e.jpg,xm63e,xm6Le,0
oI8qI.jpg,oI8qI,mI3gV,0
2T7lk.jpg,2T7lk,2T7uK,0
5dmez.jpg,5dmez,5dmIz,0
80SI4.jpg,80SI4,80GIN,0
FOm7J.jpg,FOm7J,E0M7J,0
f9WW0.jpg,f9WW0,f9WMe,0
9Opj5.jpg,9Opj5,9UpF5,0
w0E0R.jpg,w0E0R,wJZ0R,0
6eXkv.jpg,6eXkv,6EZkv,0
2yB1H.jpg,2yB1H,2v61H,0
XyGsV.jpg,XyGsV,XyC5N,0
A7gaz.jpg,A7gaz,Hbq0z,0
Hwg0X.jpg,Hwg0X,Hng0X,0
i4D7C.jpg,i4D7C,IAD7C,0
J4bkv.jpg,J4bkv,J9hfm,0
8PN6Y.jpg,8PN6Y,8FM5V,0
50DhW.jpg,50DhW,52DhW,0
KAJDi.jpg,KAJDi,KAJDc,0
Fl3xu.jpg,Fl3xu,Fj3xu,0
Btbvx.jpg,Btbvx,8fbux,0
hXSfJ.jpg,hXSfJ,hXDfJ,0
r7HwB.jpg,r7HwB,r7Hw8,0
S2Y9a.jpg,S2Y9a,SEY9a,0
8898j.jpg,8898j,2eM8i,0
rK5V5.jpg,rK5V5,rKdV5,0
m9dkg.jpg,m9dkg,m9dig,0
j3VZN.jpg,j3VZN,j3VZM,0
2X02a.jpg,2X02a,zXC2a,0
jJ3R8.jpg,jJ3R8,jJ2R8,0
uPxPn.jpg,uPxPn,uDxPp,0
8L3PC.jpg,8L3PC,8h3FC,0
5A3oB.jpg,5A3oB,5A3tB,0
v34A7.jpg,v34A7,v34A9,0
lWk3f.jpg,lWk3f,AWhof,0
PCqBG.jpg,PCqBG,Pca36,0
02u35.jpg,02u35,f2u35,0
Y70wu.jpg,Y70wu,Y70wu,1
w4ds1.jpg,w4ds1,w4d51,0
ixi5d.jpg,ixi5d,izU9d,0
a1nZX.jpg,a1nZX,S1nZX,0
73SJm.jpg,73SJm,73GJm,0
5rBxl.jpg,5rBxl,5CRxI,0
ZPg8r.jpg,ZPg8r,ZTg8r,0
K5WzJ.jpg,K5WzJ,K5W2J,0
rhZbW.jpg,rhZbW,Ch26V,0
7YK6h.jpg,7YK6h,79K6h,0
83wa6.jpg,83wa6,8jwa6,0
41Td3.jpg,41Td3,41Fc3,0
U8jn1.jpg,U8jn1,U6ja1,0
q9cbM.jpg,q9cbM,q9cbM,1
uHV3Q.jpg,uHV3Q,aHY3Q,0
1UZKN.jpg,1UZKN,1UZKN,1
B3KMG.jpg,B3KMG,73KMC,0
WdAU2.jpg,WdAU2,WdAE2,0
WQquQ.jpg,WQquQ,KQguP,0
MzLG4.jpg,MzLG4,MzLG4,1
UMGGn.jpg,UMGGn,U16qn,0
vmV8z.jpg,vmV8z,vaVJz,0
J48XD.jpg,J48XD,J48XD,1
N6zV2.jpg,N6zV2,A6zV2,0
2RL2u.jpg,2RL2u,zHL2u,0
NOHp0.jpg,NOHp0,xQHP9,0
66NFv.jpg,66NFv,oBMfv,0
84nNS.jpg,84nNS,84uNS,0
71ElR.jpg,71ElR,7VEiR,0
0m3M1.jpg,0m3M1,Cn3M1,0
v69R7.jpg,v69R7,vo2Kr,0
y21Qy.jpg,y21Qy,y2YQf,0
Golri.jpg,Golri,Gokvi,0
qjD6n.jpg,qjD6n,qjD6v,0
oe6S8.jpg,oe6S8,nabY8,0
6312u.jpg,6312u,63IZU,0
49LqB.jpg,49LqB,49LpB,0
vp24t.jpg,vp24t,vp24I,0
iuuON.jpg,iuuON,7nqON,0
m9Z5O.jpg,m9Z5O,m925C,0
vx62c.jpg,vx62c,VF62c,0
HWHb9.jpg,HWHb9,HW7be,0
VCh3K.jpg,VCh3K,VCb3K,0
97Kvn.jpg,97Kvn,97kyn,0
vu6xU.jpg,vu6xU,cy6xV,0
Pk7q6.jpg,Pk7q6,Ek7qh,0
TKOmw.jpg,TKOmw,TKOmw,1
5pA1N.jpg,5pA1N,5pA1N,1
0F9Zl.jpg,0F9Zl,0F9Zl,1
4ne5P.jpg,4ne5P,4nc5P,0
M8LyT.jpg,M8LyT,M8GvT,0
3l6Ds.jpg,3l6Ds,3l6De,0
khgZy.jpg,khgZy,Khe7y,0
xkji4.jpg,xkji4,xkjc4,0
6s20J.jpg,6s20J,Ws20J,0
44uCM.jpg,44uCM,4UuCM,0
8AHut.jpg,8AHut,8AHut,1
v3464.jpg,v3464,V346H,0
06bzO.jpg,06bzO,J6YzO,0
6oE8Z.jpg,6oE8Z,6pEyZ,0
zAELR.jpg,zAELR,zAELR,1
1SpBK.jpg,1SpBK,1SpBK,1
2MP89.jpg,2MP89,zKP89,0
rFxym.jpg,rFxym,tF5ym,0
juhQ8.jpg,juhQ8,juhO8,0
zqJ5G.jpg,zqJ5G,zqJ5C,0
Bdpb0.jpg,Bdpb0,Bcnk0,0
2IGPP.jpg,2IGPP,ZICPn,0
unU2A.jpg,unU2A,uhU2A,0
2z61n.jpg,2z61n,2z61p,0
ZMJdV.jpg,ZMJdV,ZMJoV,0
jx3vf.jpg,jx3vf,jX3vE,0
1e9QT.jpg,1e9QT,1v9QT,0
W4a7A.jpg,W4a7A,W4o7A,0
i8S4b.jpg,i8S4b,i8S4b,1
Ee4ux.jpg,Ee4ux,Ee4ux,1
Ocn2p.jpg,Ocn2p,Ocn2j,0
zPEZE.jpg,zPEZE,aPEZL,0
C4glB.jpg,C4glB,C4glB,1
0cz1K.jpg,0cz1K,0cz1H,0
Af9b8.jpg,Af9b8,Af958,0
B6vt9.jpg,B6vt9,R6v19,0
q9C9Z.jpg,q9C9Z,q9C5Z,0
J0fMA.jpg,J0fMA,30tMA,0
L0842.jpg,L0842,L08W2,0
goKZ2.jpg,goKZ2,6ejZ2,0
hQpyF.jpg,hQpyF,hOpyF,0
rSFZl.jpg,rSFZl,vGFZl,0
nftLb.jpg,nftLb,nfvkb,0
2N58U.jpg,2N58U,2F58u,0
0PBU5.jpg,0PBU5,0PBV5,0
qXqS1.jpg,qXqS1,qXrP1,0
UaVjb.jpg,UaVjb,OaYjb,0
J5UT0.jpg,J5UT0,J5U10,0
t6qO5.jpg,t6qO5,16qO5,0
0t25u.jpg,0t25u,0I25w,0
jVH4r.jpg,jVH4r,IVR4c,0
mMS7M.jpg,mMS7M,mM57v,0
9QnDl.jpg,9QnDl,9SnDl,0
1zG9J.jpg,1zG9J,IzG9J,0
9Q9J8.jpg,9Q9J8,6O5Ix,0
BHV8d.jpg,BHV8d,DHi64,0
O0n7A.jpg,O0n7A,QVm7A,0
5ql0x.jpg,5ql0x,5gI0x,0
yX2b8.jpg,yX2b8,yX2bG,0
XGK78.jpg,XGK78,Xck78,0
9GuJt.jpg,9GuJt,9EVJt,0
60xp6.jpg,60xp6,8QxpG,0
dQLqr.jpg,dQLqr,HQLgr,0
73JIc.jpg,73JIc,73JIc,1
R187q.jpg,R187q,Rt87Q,0
OHTvL.jpg,OHTvL,OHnvL,0
FdSJg.jpg,FdSJg,FdSYg,0
1cx26.jpg,1cx26,1cx2k,0
7Y0vF.jpg,7Y0vF,7Y0uE,0
8J5bA.jpg,8J5bA,8y3br,0
6UZT2.jpg,6UZT2,6H7T2,0
LCDzM.jpg,LCDzM,LCDZM,0
h5t6a.jpg,h5t6a,h5twa,0
mmc10.jpg,mmc10,hmc16,0
gw27y.jpg,gw27y,gw27Y,0
PNzCw.jpg,PNzCw,PNzCw,1
k3TU0.jpg,k3TU0,K3jU0,0
c39H5.jpg,c39H5,C39H5,0
ZIDXs.jpg,ZIDXs,ZlDXs,0
7qzSv.jpg,7qzSv,laz5V,0
GufPY.jpg,GufPY,GaKPY,0
Y9EM4.jpg,Y9EM4,Y6FM4,0
SZsX4.jpg,SZsX4,SZsXA,0
09Jei.jpg,09Jei,D9hej,0
qNaof.jpg,qNaof,uMaof,0
6g4p1.jpg,6g4p1,6q4P1,0
iGUfA.jpg,iGUfA,rGUfA,0
JapmC.jpg,JapmC,TarmC,0
s7GEM.jpg,s7GEM,s7GkM,0
Rzc37.jpg,Rzc37,RWc37,0
zb0io.jpg,zb0io,zb0iw,0
kn1bW.jpg,kn1bW,Ka1bW,0
FS9T4.jpg,FS9T4,Fs9V4,0
rSXrT.jpg,rSXrT,mSKtT,0
3jbdy.jpg,3jbdy,3jbdZ,0
214Lp.jpg,214Lp,21dLp,0
F5WU8.jpg,F5WU8,F5WU0,0
HN5PV.jpg,HN5PV,Hm5zy,0
472z6.jpg,472z6,4Y2k6,0
tO34Y.jpg,tO34Y,tH34Y,0
NKqn0.jpg,NKqn0,NSqn0,0
aIz93.jpg,aIz93,alz9w,0
A0Q18.jpg,A0Q18,A9O18,0
p8blk.jpg,p8blk,P3biK,0
BQ77Q.jpg,BQ77Q,BWzlu,0
z5580.jpg,z5580,z5N80,0
W60N5.jpg,W60N5,WC0P5,0
Owz6V.jpg,Owz6V,Owl6V,0
YKqk9.jpg,YKqk9,VKaz9,0
R6mT4.jpg,R6mT4,R6mT4,1
j9x33.jpg,j9x33,j9x23,0
yMLb1.jpg,yMLb1,yMUbf,0
ee1JI.jpg,ee1JI,cZTJk,0
VXF76.jpg,VXF76,kXJ76,0
r6v72.jpg,r6v72,r6V72,0
j1rmF.jpg,j1rmF,y4CQF,0
K9Vr7.jpg,K9Vr7,K9Vr7,1
PqDrE.jpg,PqDrE,PqDrK,0
rQB7w.jpg,rQB7w,cOB7w,0
qyi0k.jpg,qyi0k,qyiOk,0
38QFZ.jpg,38QFZ,58OyZ,0
Gag9J.jpg,Gag9J,6aq91,0
kXZ3h.jpg,kXZ3h,KXZ3H,0
b6vvP.jpg,b6vvP,b6MyF,0
33KVI.jpg,33KVI,25KUE,0
GW9qo.jpg,GW9qo,gWjq0,0
NGw9t.jpg,NGw9t,NGw91,0
pIt8Q.jpg,pIt8Q,pTt8C,0
ns357.jpg,ns357,ns35C,0
2qnXS.jpg,2qnXS,2qhX5,0
he31w.jpg,he31w,heW1w,0
xiI80.jpg,xiI80,vKl80,0
gYKux.jpg,gYKux,gYKOx,0
1l091.jpg,1l091,vK091,0
kq3t1.jpg,kq3t1,Ka3p1,0
FkkI2.jpg,FkkI2,FRX12,0
xTmms.jpg,xTmms,xTmos,0
cZ82I.jpg,cZ82I,a782I,0
5UIP3.jpg,5UIP3,5MIP3,0
09omQ.jpg,09omQ,01pmQ,0
H4EJF.jpg,H4EJF,24WJF,0
7Gtp0.jpg,7Gtp0,7WtnO,0
nw4nt.jpg,nw4nt,uw4Hf,0
ywMiD.jpg,ywMiD,ZwMiD,0
T2Q3C.jpg,T2Q3C,12w3C,0
qj6ik.jpg,qj6ik,qj6rk,0
B8vb1.jpg,B8vb1,Rdvh1,0
k67RH.jpg,k67RH,kC7zH,0
N9963.jpg,N9963,H9Z63,0
T1joJ.jpg,T1joJ,T4t0J,0
35cp7.jpg,35cp7,35cP7,0
1naBm.jpg,1naBm,1nzBw,0
1696p.jpg,1696p,1B96p,0
IO3Ck.jpg,IO3Ck,vQ3Ck,0
DFZ18.jpg,DFZ18,DPZY8,0
96vfz.jpg,96vfz,9Wvfz,0
2Jl31.jpg,2Jl31,2ak31,0
x0eAH.jpg,x0eAH,x0e4H,0
3asqm.jpg,3asqm,3J6qm,0
L2E86.jpg,L2E86,L2EY6,0
6GZ00.jpg,6GZ00,6GRU0,0
fXdzB.jpg,fXdzB,1XdzB,0
64AT8.jpg,64AT8,vkJT8,0
F4jiN.jpg,F4jiN,wtLiN,0
tKCB4.jpg,tKCB4,IKCB4,0
1P5wg.jpg,1P5wg,lP5wg,0
GI6h4.jpg,GI6h4,G18h2,0
xGYjg.jpg,xGYjg,x6VLa,0
E02ya.jpg,E02ya,E62ya,0
vN147.jpg,vN147,vMj47,0
AuhAe.jpg,AuhAe,Xub6e,0
8BAY2.jpg,8BAY2,8PAY2,0
9c7tp.jpg,9c7tp,9c7tP,0
6UZ74.jpg,6UZ74,5Un74,0
5phT7.jpg,5phT7,5phTZ,0
8j97p.jpg,8j97p,8j97p,1
9pXhJ.jpg,9pXhJ,9pXhJ,1
DrY7z.jpg,DrY7z,DrY7z,1
aORjq.jpg,aORjq,zCRjq,0
LJs8n.jpg,LJs8n,LJe8h,0
z6l1B.jpg,z6l1B,z6CJB,0
hp8rD.jpg,hp8rD,hp8xD,0
q0Txb.jpg,q0Txb,80Txb,0
tInpo.jpg,tInpo,tLHpo,0
91xH6.jpg,91xH6,DfxH6,0
1qC5d.jpg,1qC5d,tuCZd,0
0pKh6.jpg,0pKh6,epKhS,0
blzr2.jpg,blzr2,blzw2,0
5OA1F.jpg,5OA1F,5OA1F,1
BG97m.jpg,BG97m,BC97h,0
PU18c.jpg,PU18c,FU13c,0
d37b1.jpg,d37b1,d37bV,0
cyd0n.jpg,cyd0n,zyd0n,0
6fn1r.jpg,6fn1r,GknTr,0
qkB1S.jpg,qkB1S,qKB1S,0
M6WtV.jpg,M6WtV,M6WfJ,0
KihwY.jpg,KihwY,KlOWY,0
4xyqg.jpg,4xyqg,4Xy0q,0
1sb2E.jpg,1sb2E,1sm2E,0
IWoj1.jpg,IWoj1,CWoj1,0
rV0Hl.jpg,rV0Hl,rV0H5,0
2HxTc.jpg,2HxTc,2UAPc,0
P4DWP.jpg,P4DWP,210MF,0
ojPUv.jpg,ojPUv,ofPUc,0
S3nKk.jpg,S3nKk,93mHk,0
gr89B.jpg,gr89B,qr89W,0
3iyw4.jpg,3iyw4,3lYw4,0
WtGDy.jpg,WtGDy,WtGhg,0
90Kb4.jpg,90Kb4,9CKb4,0
g8YfZ.jpg,g8YfZ,A6YfZ,0
89i48.jpg,89i48,69I4P,0
eURgz.jpg,eURgz,ehRqz,0
D4BY9.jpg,D4BY9,a4BY9,0
AFlln.jpg,AFlln,AFZln,0
1tKBB.jpg,1tKBB,1tK5P,0
DNYID.jpg,DNYID,BKYiQ,0
Q4cHq.jpg,Q4cHq,O4cHg,0
KtUWr.jpg,KtUWr,KluYc,0
7ww31.jpg,7ww31,7cH31,0
S45rd.jpg,S45rd,S4Vrd,0
J0sOF.jpg,J0sOF,JosDM,0
6u4LI.jpg,6u4LI,6n4Mf,0
2UW05.jpg,2UW05,2UW05,1
A9s16.jpg,A9s16,A9s16,1
4W63c.jpg,4W63c,4W63c,1
Oz438.jpg,Oz438,OYm38,0
2bV21.jpg,2bV21,2bVRJ,0
JAr9Y.jpg,JAr9Y,J4r9Y,0
SmlJ9.jpg,SmlJ9,5m4J9,0
x9wq6.jpg,x9wq6,x9rg5,0
x6Tr5.jpg,x6Tr5,x6TME,0
yv2x3.jpg,yv2x3,vf2x3,0
EvRx4.jpg,EvRx4,EvRXA,0
1t9Pj.jpg,1t9Pj,1t9Pu,0
RwdF2.jpg,RwdF2,RvdF2,0
d6AdB.jpg,d6AdB,v6AdB,0
N5qND.jpg,N5qND,H5JND,0
65G04.jpg,65G04,65G01,0
hk8z5.jpg,hk8z5,4k8z5,0
w9A37.jpg,w9A37,w9A3i,0
57N0Y.jpg,57N0Y,57N0Y,1
lePBE.jpg,lePBE,l4PBE,0
cscRK.jpg,cscRK,d5iPK,0
TymDZ.jpg,TymDZ,fvmDZ,0
W4CaD.jpg,W4CaD,W4CnD,0
M1UBG.jpg,M1UBG,X1UBC,0
hi28O.jpg,hi28O,hi28O,1
05P9m.jpg,05P9m,05P9m,1
M31v1.jpg,M31v1,H3quY,0
GRal9.jpg,GRal9,CPMI9,0
kC10G.jpg,kC10G,Rc10G,0
9KCul.jpg,9KCul,9KCmI,0
s5zJA.jpg,s5zJA,s5z0A,0
883cv.jpg,883cv,B43CV,0
R2V0s.jpg,R2V0s,R2V6s,0
GJTla.jpg,GJTla,CJTka,0
iBF39.jpg,iBF39,cBA59,0
lkNjX.jpg,lkNjX,tkNjX,0
B3i4Z.jpg,B3i4Z,w3i4Z,0
60fc3.jpg,60fc3,60fc3,1
BsHYb.jpg,BsHYb,BpHZh,0
Txibv.jpg,Txibv,TxQBv,0
7c6Vs.jpg,7c6Vs,7c6Us,0
Bavta.jpg,Bavta,BzU1e,0
4Mgpn.jpg,4Mgpn,4Wgpn,0
ybCOB.jpg,ybCOB,yhC9B,0
Vq1Up.jpg,Vq1Up,Vq3Up,0
J60cb.jpg,J60cb,J60rb,0
I7B3w.jpg,I7B3w,F7X3w,0
7ZrF6.jpg,7ZrF6,74rF6,0
5StWq.jpg,5StWq,5SLWq,0
l5EaR.jpg,l5EaR,I5EaR,0
wjVcE.jpg,wjVcE,wjVcZ,0
Sqe3X.jpg,Sqe3X,SqelX,0
AoR2n.jpg,AoR2n,AoR2w,0
Ifjn4.jpg,Ifjn4,Dfjn4,0
5Y4f8.jpg,5Y4f8,5Y4fH,0
fO72F.jpg,fO72F,KO72F,0
9K1G6.jpg,9K1G6,9K1C6,0
VZ585.jpg,VZ585,VZs8j,0
iE1kg.jpg,iE1kg,lE1K0,0
93pks.jpg,93pks,93Pks,0
7i8gg.jpg,7i8gg,7i8ge,0
c2f9l.jpg,c2f9l,cZf97,0
75L85.jpg,75L85,7DL85,0
79S6l.jpg,79S6l,70S6i,0
wcF2V.jpg,wcF2V,wC52V,0
0YBNv.jpg,0YBNv,0lBNv,0
6sIh0.jpg,6sIh0,6sFha,0
9375J.jpg,9375J,9315J,0
1898Z.jpg,1898Z,1698Z,0
u8XgR.jpg,u8XgR,u8XdR,0
tcUtb.jpg,tcUtb,kcUEb,0
USSJ4.jpg,USSJ4,UfSJ4,0
p103f.jpg,p103f,e103X,0
Jt7xz.jpg,Jt7xz,Jt7xW,0
f9x0c.jpg,f9x0c,F9X0c,0
SZC2d.jpg,SZC2d,5ZC2J,0
7W902.jpg,7W902,7W9C2,0
VIVfV.jpg,VIVfV,UlyRV,0
rK1uX.jpg,rK1uX,FK1uX,0
GspPf.jpg,GspPf,msrPz,0
CCrU3.jpg,CCrU3,CcnU3,0
Xd565.jpg,Xd565,Xd165,0
UMU99.jpg,UMU99,UMe5O,0
NOfKG.jpg,NOfKG,NezRG,0
k46Z4.jpg,k46Z4,kq6ZA,0
s0u6B.jpg,s0u6B,sYu6B,0
EZaaZ.jpg,EZaaZ,ENngZ,0
0BLeR.jpg,0BLeR,9P1eX,0
EK1Qu.jpg,EK1Qu,EK1Qu,1
4r03m.jpg,4r03m,4K0Ow,0
1603F.jpg,1603F,160MF,0
6xzq2.jpg,6xzq2,6xzJ2,0
6nJ88.jpg,6nJ88,6MJy8,0
xDU9H.jpg,xDU9H,xDu9H,0
cWmCZ.jpg,cWmCZ,eVmC2,0
9927P.jpg,9927P,5927E,0
034GS.jpg,034GS,0j4CS,0
s1681.jpg,s1681,sA68Y,0
ob8Jn.jpg,ob8Jn,ob8JH,0
RC5Qg.jpg,RC5Qg,PL5Qg,0
1Xfs4.jpg,1Xfs4,1MvsQ,0
Z9zQL.jpg,Z9zQL,Z9yXl,0
LG6o7.jpg,LG6o7,LQfo7,0
6j6m5.jpg,6j6m5,8jGm5,0
V57V9.jpg,V57V9,k57y8,0
DMBcN.jpg,DMBcN,DMjcN,0
ekDeL.jpg,ekDeL,CkDqL,0
k59Od.jpg,k59Od,k59OV,0
iP1nu.jpg,iP1nu,iPTmv,0
JF0Y9.jpg,JF0Y9,JE0M9,0
Rp4NZ.jpg,Rp4NZ,R54M7,0
9dpRh.jpg,9dpRh,9qpRh,0
rzXJm.jpg,rzXJm,CzXJm,0
7XSA3.jpg,7XSA3,7XSn3,0
h5jpk.jpg,h5jpk,h5jPk,0
ApP36.jpg,ApP36,ApP3C,0
p1YAD.jpg,p1YAD,u1YAD,0
k4z6U.jpg,k4z6U,k496U,0
6Q8G5.jpg,6Q8G5,KQ8G5,0
1Y7a6.jpg,1Y7a6,1X7a6,0
t88Rr.jpg,t88Rr,j68Rr,0
0KUK6.jpg,0KUK6,0NLF5,0
07sqx.jpg,07sqx,07sqx,1
EFHN8.jpg,EFHN8,zfHu3,0
IP4q2.jpg,IP4q2,jP4q2,0
lFb78.jpg,lFb78,lEu78,0
PNOB9.jpg,PNOB9,PNQb1,0
qq67X.jpg,qq67X,qY5ZX,0
UZxxW.jpg,UZxxW,UZexW,0
Ng23D.jpg,Ng23D,Ag23D,0
CT1b0.jpg,CT1b0,ZT1b0,0
eUBA4.jpg,eUBA4,cUBA4,0
mhp11.jpg,mhp11,mhpZ1,0
i70tp.jpg,i70tp,i70Np,0
dLXn7.jpg,dLXn7,dtXn7,0
VjaXp.jpg,VjaXp,VjaXp,1
59W2R.jpg,59W2R,59U1R,0
W0crR.jpg,W0crR,W9crR,0
vUa9a.jpg,vUa9a,vUn9a,0
MRm2I.jpg,MRm2I,M8m2f,0
sOsiQ.jpg,sOsiQ,sQxZm,0
rx99G.jpg,rx99G,iKd9C,0
oLZQg.jpg,oLZQg,oLZOy,0
bLFBk.jpg,bLFBk,ba9Bk,0
Ha160.jpg,Ha160,Hw460,0
Bt1VF.jpg,Bt1VF,BtjVF,0
iF42F.jpg,iF42F,LW42F,0
tI0uG.jpg,tI0uG,kI0uG,0
FppZm.jpg,FppZm,Fvp2m,0
T9p7f.jpg,T9p7f,T9sZf,0
5Red6.jpg,5Red6,5AedG,0
escuF.jpg,escuF,o1BuF,0
zx14O.jpg,zx14O,avrkO,0
gV4JD.jpg,gV4JD,RV4JD,0
fBRgE.jpg,fBRgE,fBMgE,0
Nk4H4.jpg,Nk4H4,Nk2wd,0
fx4rU.jpg,fx4rU,fy49U,0
K03TI.jpg,K03TI,K03Tl,0
OJE4d.jpg,OJE4d,07E4d,0
52F3T.jpg,52F3T,52Q3Y,0
G59X5.jpg,G59X5,Ch9X5,0
ND5rV.jpg,ND5rV,RD5rV,0
wfI50.jpg,wfI50,WfL50,0
cB6P7.jpg,cB6P7,MB6P7,0
Sf47s.jpg,Sf47s,SF47s,0
67O3Q.jpg,67O3Q,2mQ59,0
sBTr4.jpg,sBTr4,sBYr4,0
sw641.jpg,sw641,ew641,0
3l4G8.jpg,3l4G8,3I4G8,0
7H0xD.jpg,7H0xD,7M0xD,0
F6YQW.jpg,F6YQW,F6YQW,1
D3NCA.jpg,D3NCA,p3NCA,0
9SC5t.jpg,9SC5t,9XC51,0
MZ7fQ.jpg,MZ7fQ,KZTf0,0
1T5jM.jpg,1T5jM,iFS3M,0
2b8Kw.jpg,2b8Kw,Ib8Kw,0
Y8OsC.jpg,Y8OsC,18DsC,0
zhyEd.jpg,zhyEd,7hyEd,0
Jct4n.jpg,Jct4n,yct4m,0
Uod54.jpg,Uod54,Vzd54,0
T45mj.jpg,T45mj,I45nj,0
MAw84.jpg,MAw84,MAw54,0
353x7.jpg,353x7,36Jw7,0
PlI8H.jpg,PlI8H,PlfoH,0
8AV3I.jpg,8AV3I,8AVsf,0
ZGDMs.jpg,ZGDMs,ZGDMs,1
044Ky.jpg,044Ky,04AKy,0
neorM.jpg,neorM,uZaiM,0
wRM5T.jpg,wRM5T,wRM51,0
40U1b.jpg,40U1b,Z0Unb,0
CsQBk.jpg,CsQBk,CYOBk,0
zZIfT.jpg,zZIfT,zZL9T,0
IWhB8.jpg,IWhB8,IW4R8,0
BxRGi.jpg,BxRGi,BXR01,0
BU08O.jpg,BU08O,BUo1D,0
Fr4L3.jpg,Fr4L3,Fr4L3,1
wOIA3.jpg,wOIA3,wOih3,0
9Wq6b.jpg,9Wq6b,9Wq6b,1
4i5PC.jpg,4i5PC,qI5PC,0
psLKO.jpg,psLKO,PsLKO,0
AN66y.jpg,AN66y,2NS6y,0
KWPX1.jpg,KWPX1,KWpX1,0
zo079.jpg,zo079,zoC79,0
ggf6w.jpg,ggf6w,pAf6W,0
Gab17.jpg,Gab17,GabTZ,0
nHxou.jpg,nHxou,nHxou,1
u2C4o.jpg,u2C4o,u2SAr,0
EB6Z9.jpg,EB6Z9,ER6Z9,0
Q0v7v.jpg,Q0v7v,Q5V7v,0
n40Uf.jpg,n40Uf,n4OUf,0
feb62.jpg,feb62,fcN62,0
q0TL5.jpg,q0TL5,qOTL5,0
1Oyb5.jpg,1Oyb5,AOvb5,0
2d7hU.jpg,2d7hU,2e7hV,0
ir596.jpg,ir596,IrD96,0
QmM1N.jpg,QmM1N,QmS1N,0
v01Og.jpg,v01Og,vb1Qg,0
FzYYI.jpg,FzYYI,FzYyl,0
sxW48.jpg,sxW48,oxWMG,0
mE92Y.jpg,mE92Y,HE92V,0
djw6C.jpg,djw6C,djw6L,0
6nZPD.jpg,6nZPD,6nZVD,0
eHXPF.jpg,eHXPF,aHX2F,0
TO8p5.jpg,TO8p5,TOKp5,0
1kizJ.jpg,1kizJ,1RHcJ,0
3hZNy.jpg,3hZNy,3bZNV,0
7hpbN.jpg,7hpbN,7WfbN,0
Fen4v.jpg,Fen4v,Fen4v,1
Ciw9I.jpg,Ciw9I,CjWap,0
Z739e.jpg,Z739e,zZH9c,0
N307m.jpg,N307m,H307m,0
dH8fj.jpg,dH8fj,dH8fj,1
69t3T.jpg,69t3T,69e3T,0
i1oP8.jpg,i1oP8,L1oP3,0
70Zso.jpg,70Zso,7OZsp,0
7OlqW.jpg,7OlqW,7OiyH,0
b3gVs.jpg,b3gVs,fRgvs,0
6q3nP.jpg,6q3nP,643hF,0
02BJb.jpg,02BJb,02B1b,0
3yFEU.jpg,3yFEU,3yFCU,0
a4j9e.jpg,a4j9e,h4j9e,0
s99BH.jpg,s99BH,sOSZH,0
xa6gn.jpg,xa6gn,x36yh,0
jD64a.jpg,jD64a,jD64a,1
08Y61.jpg,08Y61,08YJm,0
u071M.jpg,u071M,uO71M,0
Wjjjl.jpg,Wjjjl,W4jnL,0
XQ70H.jpg,XQ70H,XO7sH,0
PEr9W.jpg,PEr9W,PEr5W,0
o1toV.jpg,o1toV,o4tmV,0
vV817.jpg,vV817,eV8A7,0
U9G93.jpg,U9G93,tJG9R,0
jGZe0.jpg,jGZe0,jS2e0,0
MyyMP.jpg,MyyMP,LxYMP,0
zUv43.jpg,zUv43,rUY43,0
p3Z06.jpg,p3Z06,p9Zak,0
OS8Jt.jpg,OS8Jt,OS8JM,0
R1Oog.jpg,R1Oog,K1Qog,0
vs947.jpg,vs947,vs947,1
9CN49.jpg,9CN49,9Ok4B,0
oR5ei.jpg,oR5ei,UR5sI,0
BY3F7.jpg,BY3F7,eJ3F7,0
00MBc.jpg,00MBc,0bMB5,0
5Tm49.jpg,5Tm49,5Tm49,1
Zau08.jpg,Zau08,Zfu08,0
ApRee.jpg,ApRee,4pRgr,0
0hUmz.jpg,0hUmz,0hUyz,0
9F16K.jpg,9F16K,9mI6K,0
Oez2z.jpg,Oez2z,CeK2z,0
28S2v.jpg,28S2v,zHS2v,0
YVL0W.jpg,YVL0W,YVf0u,0
f8WKD.jpg,f8WKD,f8wKD,0
C8spg.jpg,C8spg,C8spy,0
5GIC6.jpg,5GIC6,5GIc8,0
75g05.jpg,75g05,S5wfe,0
Zab39.jpg,Zab39,7ab39,0
IxYIx.jpg,IxYIx,fXaj8,0
9EjDM.jpg,9EjDM,9EjuM,0
7qjwF.jpg,7qjwF,7ajWF,0
Fh9S8.jpg,Fh9S8,EH9Se,0
8c9WE.jpg,8c9WE,kc9WE,0
Y7bKR.jpg,Y7bKR,Y7uKB,0
74vX7.jpg,74vX7,L4uX7,0
Y88kL.jpg,Y88kL,T30KL,0
zeN9R.jpg,zeN9R,7sMGR,0
TwF8t.jpg,TwF8t,Tw38t,0
472Z2.jpg,472Z2,4T3x2,0
ZJM9J.jpg,ZJM9J,ZrM9J,0
3L80W.jpg,3L80W,3Lc0W,0
AeITr.jpg,AeITr,AokYr,0
6tlL5.jpg,6tlL5,6fkL3,0
q6PJf.jpg,q6PJf,q6PJf,1
JkRjW.jpg,JkRjW,JkPjV,0
9zsP4.jpg,9zsP4,9ZxPd,0
2WD3g.jpg,2WD3g,2kd3g,0
TDkD4.jpg,TDkD4,7GKD4,0
L9ff5.jpg,L9ff5,L9gf5,0
bF136.jpg,bF136,bF13C,0
Ttau3.jpg,Ttau3,TtaN3,0
7Zwa2.jpg,7Zwa2,7tVa2,0
KhuhF.jpg,KhuhF,KluhF,0
Dlz5t.jpg,Dlz5t,Dlz5N,0
4i5I7.jpg,4i5I7,4k5I7,0
RBdw6.jpg,RBdw6,R3dv6,0
Z940I.jpg,Z940I,Z940L,0
6D3F3.jpg,6D3F3,6D2K3,0
yIw3D.jpg,yIw3D,yIw2D,0
EU5z7.jpg,EU5z7,EU5z7,1
Obs5i.jpg,Obs5i,Ohs5i,0
z935t.jpg,z935t,z93Tt,0
V57Aq.jpg,V57Aq,V57Ae,0
H8x0w.jpg,H8x0w,H8x0w,1
7c1g9.jpg,7c1g9,7CIg9,0
KObeE.jpg,KObeE,KOjeE,0
c869u.jpg,c869u,c8A9u,0
TsS3X.jpg,TsS3X,TsS2X,0
9BS1M.jpg,9BS1M,9B51n,0
Gk59B.jpg,Gk59B,CK57B,0
TRno3.jpg,TRno3,fRno3,0
DVN0s.jpg,DVN0s,DVNoZ,0
CDYPK.jpg,CDYPK,CDYJK,0
T07pf.jpg,T07pf,T07pf,1
QqvZQ.jpg,QqvZQ,Qqv7r,0
FV3nX.jpg,FV3nX,FV3nX,1
kxxRw.jpg,kxxRw,bz4PW,0
5Pa3B.jpg,5Pa3B,5P0XB,0
4tQeo.jpg,4tQeo,4NQeo,0
tsCAK.jpg,tsCAK,fsCAK,0
XTQ0q.jpg,XTQ0q,XTQJq,0
2MuRF.jpg,2MuRF,2MuRF,1
zzUoJ.jpg,zzUoJ,xZHc3,0
0flOu.jpg,0flOu,UZTQu,0
NgWBP.jpg,NgWBP,NgwBP,0
sPoZi.jpg,sPoZi,GPek1,0
9F6h7.jpg,9F6h7,9FCh7,0
Wv8rB.jpg,Wv8rB,W58lB,0
50BgZ.jpg,50BgZ,5QBgZ,0
Y3p26.jpg,Y3p26,k3u26,0
WEyc1.jpg,WEyc1,WEyO1,0
jpbDL.jpg,jpbDL,jnbDz,0
cz4Jl.jpg,cz4Jl,cz4Jl,1
B2OKO.jpg,B2OKO,B2OKe,0
2Q76G.jpg,2Q76G,2X76g,0
Mc1X9.jpg,Mc1X9,Mu1X9,0
Fihn5.jpg,Fihn5,FLhy5,0
499Eh.jpg,499Eh,4S8Ek,0
y90w5.jpg,y90w5,y90W5,0
4J0j2.jpg,4J0j2,4J052,0
O4Be5.jpg,O4Be5,QABc5,0
65U8S.jpg,65U8S,r5U8S,0
i6zFe.jpg,i6zFe,J6zFe,0
vP25T.jpg,vP25T,GP25T,0
51V2v.jpg,51V2v,61V2D,0
olHWn.jpg,olHWn,o1HSn,0
6cz6f.jpg,6cz6f,c2z6f,0
zih4D.jpg,zih4D,zib4D,0
tM0po.jpg,tM0po,1Mgrb,0
c7iQn.jpg,c7iQn,cTiQn,0
6WwiU.jpg,6WwiU,SWmIU,0
WHGuQ.jpg,WHGuQ,wHG12,0
9a81O.jpg,9a81O,Je81O,0
9hohU.jpg,9hohU,9FehU,0
DqusK.jpg,DqusK,Dgm3H,0
jaG5Q.jpg,jaG5Q,jaG5Q,1
vPGUU.jpg,vPGUU,v1GHD,0
4B1Sb.jpg,4B1Sb,vB1jh,0
i5h1b.jpg,i5h1b,c5h1b,0
si7yj.jpg,si7yj,si7vM,0
0cd5t.jpg,0cd5t,0iw5t,0
b47Qf.jpg,b47Qf,b47Cf,0
uaVFR.jpg,uaVFR,ugYFA,0
Tl68w.jpg,Tl68w,TN68w,0
7Mx4l.jpg,7Mx4l,7Mx4I,0
kbGf3.jpg,kbGf3,kbGF3,0
b7Y9a.jpg,b7Y9a,b7Y9a,1
N5T26.jpg,N5T26,K5126,0
jenwi.jpg,jenwi,ZenwI,0
45jRl.jpg,45jRl,45yRt,0
Qm1tJ.jpg,Qm1tJ,OmltJ,0
oVg3P.jpg,oVg3P,mVg3P,0
OpJJT.jpg,OpJJT,OpyiT,0
1MHNy.jpg,1MHNy,1MhNy,0
Nae99.jpg,Nae99,HrEj9,0
HJQxj.jpg,HJQxj,Hd0xj,0
vsV38.jpg,vsV38,vsH36,0
GfSSa.jpg,GfSSa,GFS8a,0
urz0g.jpg,urz0g,vrZAg,0
sYr44.jpg,sYr44,oYrGA,0
N5yXd.jpg,N5yXd,H5y2d,0
U3vq8.jpg,U3vq8,U2kq8,0
eX6Vh.jpg,eX6Vh,zX69h,0
TgvLB.jpg,TgvLB,7qvsB,0
zyf0q.jpg,zyf0q,zy1Mg,0
uMAJK.jpg,uMAJK,nMA7K,0
VKd7Y.jpg,VKd7Y,VKd7Y,1
J1aW3.jpg,J1aW3,C1aW3,0
FQ5c1.jpg,FQ5c1,EQ5c1,0
XcXEH.jpg,XcXEH,X0YEH,0
vhhJN.jpg,vhhJN,vZhJN,0
F8h1s.jpg,F8h1s,F6HLs,0
qG7D6.jpg,qG7D6,qG7D5,0
OoN2C.jpg,OoN2C,soA2C,0
2zg1R.jpg,2zg1R,26g1R,0
3D1SK.jpg,3D1SK,3U19K,0
zU9Gr.jpg,zU9Gr,zU9Gr,1
2E0rB.jpg,2E0rB,2NPkB,0
5cDnN.jpg,5cDnN,7cDnW,0
7Za0j.jpg,7Za0j,7Ze0i,0
C0me0.jpg,C0me0,CWme9,0
471eD.jpg,471eD,H71eD,0
bFY1e.jpg,bFY1e,bFX4e,0
D01hk.jpg,D01hk,Do1hk,0
yg10X.jpg,yg10X,yg10X,1
n5RIq.jpg,n5RIq,hSRIq,0
p6373.jpg,p6373,pQS73,0
s9f6g.jpg,s9f6g,s9Z6u,0
i08c8.jpg,i08c8,jO2r8,0
6hayj.jpg,6hayj,Gkayj,0
PZ67T.jpg,PZ67T,Pz67H,0
s91m8.jpg,s91m8,s91m8,1
EONv4.jpg,EONv4,E0Hv4,0
4Xdpa.jpg,4Xdpa,4XdpC,0
4Y57H.jpg,4Y57H,4V57H,0
r6pA7.jpg,r6pA7,rWpA7,0
UKPTp.jpg,UKPTp,uKZTp,0
3D8YA.jpg,3D8YA,3D8YA,1
304kJ.jpg,304kJ,304ky,0
F6fj8.jpg,F6fj8,F67jd,0
lQkW7.jpg,lQkW7,JQkC7,0
mt1S2.jpg,mt1S2,mt7W2,0
UcH5o.jpg,UcH5o,UcH59,0
SzKqk.jpg,SzKqk,SzAqf,0
EH2J1.jpg,EH2J1,6H2J1,0
DY5N7.jpg,DY5N7,DY5n7,0
p7Y2N.jpg,p7Y2N,p7Y24,0
mfc09.jpg,mfc09,mfc09,1
2K9z3.jpg,2K9z3,2K0z3,0
Ky1Fw.jpg,Ky1Fw,KyYFm,0
rJvZJ.jpg,rJvZJ,MJvZ1,0
4B512.jpg,4B512,4R5Y2,0
uPgr0.jpg,uPgr0,uP8r0,0
paO2R.jpg,paO2R,puO2R,0
0614p.jpg,0614p,0614p,1
3KN8K.jpg,3KN8K,Jfv8K,0
pWFw8.jpg,pWFw8,pYAu8,0
G35Fi.jpg,G35Fi,G35Pi,0
7fJSb.jpg,7fJSb,7fJSb,1
I4td1.jpg,I4td1,P4td1,0
3VC1s.jpg,3VC1s,3vC1a,0
1SSs2.jpg,1SSs2,ISP02,0
1a63Y.jpg,1a63Y,1a63Y,1
5a9TG.jpg,5a9TG,5J9TG,0
MpOJ4.jpg,MpOJ4,MpQJ4,0
f84x5.jpg,f84x5,f84u5,0
3l5w5.jpg,3l5w5,3lgwT,0
a7Kuv.jpg,a7Kuv,a7Kuv,1
5t0Y6.jpg,5t0Y6,Kt0V6,0
FECsb.jpg,FECsb,FLCVb,0
JnL4D.jpg,JnL4D,JmL4D,0
D0AC5.jpg,D0AC5,D0AC5,1
fVyz3.jpg,fVyz3,FVyZ3,0
e71rI.jpg,e71rI,aZ1rY,0
lo4Rz.jpg,lo4Rz,Io4Rz,0
P7GMu.jpg,P7GMu,P76Mu,0
vUNs1.jpg,vUNs1,vUNs1,1
43mE4.jpg,43mE4,sImEa,0
bQ15l.jpg,bQ15l,bO1He,0
75a03.jpg,75a03,75a03,1
AwhuA.jpg,AwhuA,QYbuA,0
9E5Fr.jpg,9E5Fr,9E5Wr,0
54a26.jpg,54a26,54Y2h,0
2xVIg.jpg,2xVIg,2xVfg,0
Vfct0.jpg,Vfct0,VfcZ0,0
KI7nh.jpg,KI7nh,Ki7wh,0
Prr1P.jpg,Prr1P,PNrd7,0
594np.jpg,594np,594ne,0
O349p.jpg,O349p,C349F,0
H226y.jpg,H226y,HZ25y,0
IdSwg.jpg,IdSwg,IdSWg,0
fRniz.jpg,fRniz,fKMiz,0
3RMyy.jpg,3RMyy,3RMCy,0
6b3x4.jpg,6b3x4,6i3X4,0
23VTq.jpg,23VTq,Z3VFg,0
Hly05.jpg,Hly05,H1y05,0
hzpVd.jpg,hzpVd,KZPVJ,0
MyJx9.jpg,MyJx9,Myfx9,0
GOhH1.jpg,GOhH1,GObH1,0
b1ype.jpg,b1ype,b1YPc,0
Q2Zmz.jpg,Q2Zmz,Q9Zmz,0
p8389.jpg,p8389,pRJ89,0
2333h.jpg,2333h,2V83H,0
2O2Yq.jpg,2O2Yq,P02Va,0
q1a12.jpg,q1a12,qHsF2,0
rc309.jpg,rc309,rcM09,0
YtR6v.jpg,YtR6v,Z1Rcv,0
FwJQT.jpg,FwJQT,EnJQ1,0
6uN0z.jpg,6uN0z,6uN0z,1
AsMy4.jpg,AsMy4,AsMy4,1
QfmKC.jpg,QfmKC,QFm7C,0
9Q4ur.jpg,9Q4ur,9Q4uF,0
7iU80.jpg,7iU80,7wb80,0
OOKtM.jpg,OOKtM,QdKTM,0
vvBwx.jpg,vvBwx,yw8hx,0
vOao4.jpg,vOao4,vQaF4,0
TYNLw.jpg,TYNLw,T9MLw,0
3ZB8k.jpg,3ZB8k,37D8k,0
y0d3f.jpg,y0d3f,y0n3f,0
rh0X3.jpg,rh0X3,ch4X3,0
biZhU.jpg,biZhU,5yZhU,0
Pzjsc.jpg,Pzjsc,Mzjsc,0
VHzY0.jpg,VHzY0,wH2Y0,0
1ETBO.jpg,1ETBO,1zTBO,0
kS3l6.jpg,kS3l6,R52I6,0
JTF6C.jpg,JTF6C,JTFAC,0
rMM4U.jpg,rMM4U,rkm4O,0
YHEdF.jpg,YHEdF,YH2dF,0
88w7j.jpg,88w7j,8Aw7j,0
585t7.jpg,585t7,58JI7,0
8ae22.jpg,8ae22,8xe27,0
Anrm8.jpg,Anrm8,AnFw8,0
ig6zM.jpg,ig6zM,ig6zM,1
XM3UO.jpg,XM3UO,XMSUQ,0
9h2qU.jpg,9h2qU,9h2qi,0
zBFNf.jpg,zBFNf,zBLQf,0
m8JyV.jpg,m8JyV,m8JyV,1
t01RH.jpg,t01RH,t9laH,0
5NHIO.jpg,5NHIO,5NHlO,0
YW7Os.jpg,YW7Os,YW7eS,0
7YJFK.jpg,7YJFK,7YJeK,0
IJfMC.jpg,IJfMC,IJfMO,0
8IxoF.jpg,8IxoF,8TxeF,0
j8M9e.jpg,j8M9e,18H9c,0
r6G96.jpg,r6G96,r6V94,0
976mu.jpg,976mu,9Z6Uu,0
rE988.jpg,rE988,rW9d6,0
jaxoq.jpg,jaxoq,jAxoq,0
6O8WN.jpg,6O8WN,6O2WN,0
IBgU7.jpg,IBgU7,IBmU7,0
8Tk9E.jpg,8Tk9E,8JkOE,0
4o9AQ.jpg,4o9AQ,1v9AO,0
0XEbl.jpg,0XEbl,OXEhI,0
3VjAJ.jpg,3VjAJ,zVj9F,0
L7bP9.jpg,L7bP9,i7bP9,0
pyC1e.jpg,pyC1e,pyC1a,0
F7e3l.jpg,F7e3l,K7e3l,0
177Ks.jpg,177Ks,iP7Hs,0
NW0NC.jpg,NW0NC,hWoRC,0
hA7zI.jpg,hA7zI,HA7zi,0
hvmC5.jpg,hvmC5,bYmC5,0
Q2oU2.jpg,Q2oU2,Q2eH3,0
xT9E6.jpg,xT9E6,wT9E6,0
6s8PO.jpg,6s8PO,6V8PC,0
l3nXm.jpg,l3nXm,I30Kw,0
DtNdn.jpg,DtNdn,DLN4n,0
sG8Qk.jpg,sG8Qk,sG8Qk,1
9vjPW.jpg,9vjPW,9vIFW,0
kwF19.jpg,kwF19,KWE19,0
c5e3S.jpg,c5e3S,iBe3S,0
W1a8f.jpg,W1a8f,Wca8f,0
EuX13.jpg,EuX13,EuX13,1
bNHuh.jpg,bNHuh,bNku9,0
OU49S.jpg,OU49S,0UX9s,0
n8927.jpg,n8927,n89u7,0
0AOs1.jpg,0AOs1,0Acs1,0
0GGbf.jpg,0GGbf,0GObz,0
WsJa4.jpg,WsJa4,HsJe4,0
fV7U7.jpg,fV7U7,fYqU7,0
Xvmuc.jpg,Xvmuc,XMmz9,0
i12EM.jpg,i12EM,i13EM,0
7ZQ98.jpg,7ZQ98,mZQ98,0
Akz51.jpg,Akz51,Akz51,1
T25iT.jpg,T25iT,I25GJ,0
HxFsW.jpg,HxFsW,HxFsV,0
38Ewx.jpg,38Ewx,38Emx,0
HXm5v.jpg,HXm5v,h2m5v,0
BjA5O.jpg,BjA5O,Bj45C,0
l56c6.jpg,l56c6,15oQb,0
BT9cY.jpg,BT9cY,8T9cy,0
y96BD.jpg,y96BD,y9eID,0
AmIqm.jpg,AmIqm,AuIgH,0
1qr8L.jpg,1qr8L,Ygr8j,0
gKhbW.jpg,gKhbW,sKhpW,0
52y1X.jpg,52y1X,52y1X,1
DkKuK.jpg,DkKuK,DfKuW,0
4mHYj.jpg,4mHYj,4eHVj,0
Ou6Bq.jpg,Ou6Bq,Qu6Bq,0
w1D33.jpg,w1D33,C1D8s,0
m05Sq.jpg,m05Sq,mj5Kq,0
9knEH.jpg,9knEH,9LmE4,0
Pgpnd.jpg,Pgpnd,Pyphd,0
7m5Km.jpg,7m5Km,7t5Km,0
3K5NH.jpg,3K5NH,2K5NH,0
i27P3.jpg,i27P3,lK7Pv,0
ak3s6.jpg,ak3s6,qk2s6,0
cRM50.jpg,cRM50,zRM50,0
04wwf.jpg,04wwf,0NGwf,0
s387U.jpg,s387U,s387H,0
FGrIu.jpg,FGrIu,FGrIu,1
v0kiC.jpg,v0kiC,v0K1C,0
1244b.jpg,1244b,12s4M,0
EN8ZW.jpg,EN8ZW,EN8ZW,1
Mws47.jpg,Mws47,Mw547,0
WXynZ.jpg,WXynZ,WXymZ,0
l9k9f.jpg,l9k9f,L9XSf,0
n5y77.jpg,n5y77,A5VI7,0
iMT05.jpg,iMT05,iMT05,1
9315l.jpg,9315l,9345p,0
F098w.jpg,F098w,SPqxw,0
nUTl8.jpg,nUTl8,nOTL8,0
V1zV4.jpg,V1zV4,vgZW4,0
dzE4p.jpg,dzE4p,djE4p,0
34C49.jpg,34C49,3XCd9,0
euTGO.jpg,euTGO,eMTGO,0
GvkG5.jpg,GvkG5,Gvkd5,0
s6lR5.jpg,s6lR5,s61H5,0
6yD3J.jpg,6yD3J,6yD3J,1
19UkP.jpg,19UkP,15UkP,0
0WDn4.jpg,0WDn4,QLDn4,0
Z8VYU.jpg,Z8VYU,ZoNTU,0
oi16j.jpg,oi16j,ol16x,0
7hz9e.jpg,7hz9e,7Hz9c,0
D1N8D.jpg,D1N8D,E1K2Q,0
H59GX.jpg,H59GX,l59GX,0
QqI4C.jpg,QqI4C,QqlMC,0
3LISi.jpg,3LISi,3UF9n,0
6IWZT.jpg,6IWZT,6iWZT,0
Y121O.jpg,Y121O,Yt2JC,0
7M7Pe.jpg,7M7Pe,fM7Pc,0
ND4xb.jpg,ND4xb,rD4xb,0
5nC8P.jpg,5nC8P,5nC8P,1
rPraw.jpg,rPraw,zPIaw,0
JfvUN.jpg,JfvUN,JfvUN,1
luGf7.jpg,luGf7,luGf7,1
dae11.jpg,dae11,daek1,0
3H2W7.jpg,3H2W7,3H2Wc,0
75Fxb.jpg,75Fxb,7SFXb,0
mrnur.jpg,mrnur,H1guc,0
h89ZZ.jpg,h89ZZ,h89Zf,0
LbfEv.jpg,LbfEv,LbfEv,1
z9w7K.jpg,z9w7K,z9u7K,0
ndH1r.jpg,ndH1r,mdHTF,0
gyTUX.jpg,gyTUX,oyTUX,0
msq2G.jpg,msq2G,m1q2G,0
oux5n.jpg,oux5n,ouxEn,0
V5hVx.jpg,V5hVx,f5hMx,0
Kn55C.jpg,Kn55C,KmjoC,0
gKCPn.jpg,gKCPn,gKCPh,0
BvSm9.jpg,BvSm9,BvSmq,0
3mfE5.jpg,3mfE5,3H7E5,0
aj58C.jpg,aj58C,ai58C,0
P4iFp.jpg,P4iFp,24LF0,0
36k92.jpg,36k92,36K92,0
wOmwl.jpg,wOmwl,e0mW1,0
Tvh3t.jpg,Tvh3t,Tvh3t,1
i2EA7.jpg,i2EA7,i2EA7,1
82wHT.jpg,82wHT,82whT,0
UcjAB.jpg,UcjAB,UcjbB,0
cP2C2.jpg,cP2C2,eH7Gz,0
153g0.jpg,153g0,IG3q0,0
ANG67.jpg,ANG67,AMc57,0
28P7O.jpg,28P7O,26n7O,0
h8L4p.jpg,h8L4p,h6I4p,0
BLW5c.jpg,BLW5c,BLM5c,0
kkD7H.jpg,kkD7H,lkD7H,0
BQc37.jpg,BQc37,BOG3Y,0
0T8Au.jpg,0T8Au,0TSAu,0
M5654.jpg,M5654,M56F4,0
66jG3.jpg,66jG3,B6iQ3,0
bze04.jpg,bze04,byeO4,0
SiX2l.jpg,SiX2l,SnX2L,0
70rjD.jpg,70rjD,70rjD,1
yG3H7.jpg,yG3H7,yG3H7,1
Fmw35.jpg,Fmw35,EmM35,0
tJA11.jpg,tJA11,jJAON,0
5qmv7.jpg,5qmv7,5qmv1,0
75HZE.jpg,75HZE,75H2E,0
8Mfce.jpg,8Mfce,8M1Co,0
Voqr5.jpg,Voqr5,Voqr5,1
d46G0.jpg,d46G0,g46G0,0
w6Tn1.jpg,w6Tn1,M6Tn1,0
G0e3W.jpg,G0e3W,G0efW,0
WiBOs.jpg,WiBOs,WiBO5,0
UN876.jpg,UN876,UM276,0
519ZK.jpg,519ZK,51QZK,0
Hx13C.jpg,Hx13C,HxT3C,0
U5e6h.jpg,U5e6h,U5c6h,0
MvgoQ.jpg,MvgoQ,HvgPQ,0
MEqp7.jpg,MEqp7,M6qp7,0
u80JO.jpg,u80JO,W80aQ,0
Ugx8G.jpg,Ugx8G,Uqx8G,0
owEZH.jpg,owEZH,0yEZH,0
RbYXI.jpg,RbYXI,RhVXC,0
huqU3.jpg,huqU3,hucU3,0
86YV8.jpg,86YV8,E6TV8,0
pM7v7.jpg,pM7v7,pM4y7,0
K7Kpn.jpg,K7Kpn,R7xpW,0
4bRx5.jpg,4bRx5,4hRX5,0
LD54N.jpg,LD54N,LD54K,0
xOkIu.jpg,xOkIu,xOkfn,0
ew2Dd.jpg,ew2Dd,eH2DJ,0
eF74J.jpg,eF74J,eH74J,0
UOU7V.jpg,UOU7V,UQN7y,0
9949j.jpg,9949j,9S4Pj,0
5N3J1.jpg,5N3J1,5NuJ1,0
808a4.jpg,808a4,80ra4,0
6HMy1.jpg,6HMy1,6HQy1,0
bI6JC.jpg,bI6JC,br6JC,0
md9n4.jpg,md9n4,vd9h4,0
T0V46.jpg,T0V46,T0V46,1
pLv4x.jpg,pLv4x,eLV4X,0
RpenU.jpg,RpenU,KpenI,0
5C4p1.jpg,5C4p1,kC4pN,0
mi0zf.jpg,mi0zf,niOzT,0
ytkUe.jpg,ytkUe,yfKUa,0
YPrf4.jpg,YPrf4,YDmf5,0
7v2gs.jpg,7v2gs,7V2gs,0
VDizT.jpg,VDizT,VDMzT,0
R3SIS.jpg,R3SIS,A361S,0
3FGoi.jpg,3FGoi,zFGoi,0
4EP7M.jpg,4EP7M,4Ep7M,0
Hu1Z8.jpg,Hu1Z8,HuIZ8,0
HD8j1.jpg,HD8j1,MD3jT,0
cIc1Z.jpg,cIc1Z,cTd1Z,0
mm03P.jpg,mm03P,my03F,0
huDOs.jpg,huDOs,kuDCs,0
qt8ct.jpg,qt8ct,qM8ct,0
1C5m3.jpg,1C5m3,1CZm3,0
zt175.jpg,zt175,cPdZ5,0
Mlm7D.jpg,Mlm7D,Mjm7D,0
4I8a0.jpg,4I8a0,4m8a0,0
eIDkT.jpg,eIDkT,eHDkT,0
Avenx.jpg,Avenx,4vegx,0
9nQ2u.jpg,9nQ2u,9nO2u,0
DJzGl.jpg,DJzGl,DJzGf,0
R8gw3.jpg,R8gw3,B8ow3,0
Y91iS.jpg,Y91iS,Yo1iS,0
U0t7j.jpg,U0t7j,H0t7j,0
9nOLJ.jpg,9nOLJ,9nOLY,0
BB7M9.jpg,BB7M9,AG7M9,0
uA2Jg.jpg,uA2Jg,uA2Jg,1
9O58i.jpg,9O58i,9Q58z,0
Kn7tn.jpg,Kn7tn,K07tn,0
18f75.jpg,18f75,jwf75,0
2L7Ah.jpg,2L7Ah,2v7Ah,0
59x9L.jpg,59x9L,5Gx0C,0
RNQTU.jpg,RNQTU,RMQTU,0
X0t77.jpg,X0t77,X0v27,0
VkOg5.jpg,VkOg5,Vh0g5,0
j4P4E.jpg,j4P4E,xHP46,0
1hd7q.jpg,1hd7q,1Kd7a,0
SgTP1.jpg,SgTP1,SgTPi,0
H8RJy.jpg,H8RJy,HORJy,0
72Z37.jpg,72Z37,IzR3u,0
TP59U.jpg,TP59U,YP5OU,0
Bb2Qe.jpg,Bb2Qe,Hh2Qe,0
Yxqga.jpg,Yxqga,7Xqgz,0
E5p8W.jpg,E5p8W,15p8W,0
JpCyg.jpg,JpCyg,JpAyg,0
zFSSf.jpg,zFSSf,zE3Gf,0
j51u1.jpg,j51u1,i5YuZ,0
g4lq8.jpg,g4lq8,g47a6,0
s5YXC.jpg,s5YXC,s5mXC,0
v6oc2.jpg,v6oc2,v6mc2,0
d7jdd.jpg,d7jdd,J9zLh,0
93FBP.jpg,93FBP,Z6FBr,0
4T5iZ.jpg,4T5iZ,4T5iZ,1
B1iOz.jpg,B1iOz,BjROz,0
2jCM7.jpg,2jCM7,2jCM7,1
5ZG46.jpg,5ZG46,5ZCA6,0
HOGiC.jpg,HOGiC,HOdfC,0
N2Y8f.jpg,N2Y8f,N2Yof,0
Pd9xh.jpg,Pd9xh,Fd9xh,0
4F7T3.jpg,4F7T3,4W7c3,0
tHUyz.jpg,tHUyz,tHUyV,0
E4hxW.jpg,E4hxW,E4hxW,1
lFTi8.jpg,lFTi8,lETm3,0
KIU71.jpg,KIU71,Kfa71,0
0C9B5.jpg,0C9B5,0r9B5,0
Ky4N8.jpg,Ky4N8,ry4N8,0
ayVHK.jpg,ayVHK,ajvM5,0
4Z0Uu.jpg,4Z0Uu,420Mn,0
HAI0v.jpg,HAI0v,HAi0V,0
b0OSm.jpg,b0OSm,b0QPm,0
6AVn5.jpg,6AVn5,6AVns,0
4AUC5.jpg,4AUC5,1AUC5,0
08cgr.jpg,08cgr,08cgr,1
jEzqG.jpg,jEzqG,1EZq6,0
Iy9o4.jpg,Iy9o4,ry9o4,0
4kNi7.jpg,4kNi7,4kQi7,0
9nfF6.jpg,9nfF6,9nzF6,0
37aH3.jpg,37aH3,J7eH8,0
6Wj0z.jpg,6Wj0z,6M10z,0
mubMf.jpg,mubMf,mubMZ,0
EKPUx.jpg,EKPUx,EYPUx,0
yxo9I.jpg,yxo9I,yRm9I,0
9xT6j.jpg,9xT6j,9xT6j,1
R0o0Q.jpg,R0o0Q,ROoJj,0
r9H42.jpg,r9H42,r9HC2,0
K97Lq.jpg,K97Lq,K57lq,0
Dp76U.jpg,Dp76U,wp76U,0
0w4j2.jpg,0w4j2,Nw4j2,0
z8T8O.jpg,z8T8O,zSIR0,0
7rpms.jpg,7rpms,7rpXs,0
n8iUa.jpg,n8iUa,v87Ua,0
ci4kv.jpg,ci4kv,c54kw,0
gn9bU.jpg,gn9bU,gn3DU,0
clUbq.jpg,clUbq,r1Uhg,0
Y859X.jpg,Y859X,V84PX,0
RDtt1.jpg,RDtt1,RDrw1,0
H8Ww6.jpg,H8Ww6,H8Wz6,0
I7XvT.jpg,I7XvT,JZXnk,0
c1IZi.jpg,c1IZi,o1fZi,0
59CuR.jpg,59CuR,59CVR,0
if5m9.jpg,if5m9,if5m9,1
r294U.jpg,r294U,r294U,1
tq10A.jpg,tq10A,tg1OA,0
204if.jpg,204if,204hf,0
993DZ.jpg,993DZ,9GKDZ,0
KR2AN.jpg,KR2AN,KR2Av,0
8NT92.jpg,8NT92,8NF97,0
1zvtI.jpg,1zvtI,lzv9M,0
EWb7A.jpg,EWb7A,EWb7A,1
39zqB.jpg,39zqB,39zmB,0
1R0gn.jpg,1R0gn,1A0gh,0
6hv4k.jpg,6hv4k,6mv4k,0
KTx39.jpg,KTx39,KLx39,0
oX1ZX.jpg,oX1ZX,ow1ZX,0
P26Xv.jpg,P26Xv,F26Xv,0
a3w7w.jpg,a3w7w,aDW7v,0
5t0co.jpg,5t0co,5fUzo,0
Yzg93.jpg,Yzg93,Yzq9k,0
o8uP8.jpg,o8uP8,o6LF3,0
2b7M8.jpg,2b7M8,2bYM8,0
nB9Tl.jpg,nB9Tl,nB9Tf,0
2DSgL.jpg,2DSgL,2D8g1,0
caNgu.jpg,caNgu,c7Ngu,0
KzJX8.jpg,KzJX8,KpJY8,0
z4Kl2.jpg,z4Kl2,z4HI2,0
Bp0Cu.jpg,Bp0Cu,Bp2Cu,0
869WO.jpg,869WO,8597D,0
7stEt.jpg,7stEt,7seHt,0
z3E48.jpg,z3E48,m3E48,0
97Awd.jpg,97Awd,97AwJ,0
O78Sf.jpg,O78Sf,O71Sf,0
fVNCk.jpg,fVNCk,1VN0k,0
S8exM.jpg,S8exM,ShCXM,0
rEbBo.jpg,rEbBo,rZbBo,0
bbWn1.jpg,bbWn1,h5Wm1,0
1KTUU.jpg,1KTUU,1KTeU,0
VZJ9F.jpg,VZJ9F,VZJ9E,0
65qca.jpg,65qca,6kycM,0
mp1uv.jpg,mp1uv,ApIuv,0
Z779W.jpg,Z779W,Rj79W,0
ow051.jpg,ow051,ow051,1
58Nx1.jpg,58Nx1,58Nx1,1
JRKxx.jpg,JRKxx,JRM2x,0
aQnQo.jpg,aQnQo,ztmO9,0
Xnmx2.jpg,Xnmx2,XnuT2,0
XO9tS.jpg,XO9tS,KCJES,0
LzhRP.jpg,LzhRP,JchRP,0
lA6sX.jpg,lA6sX,lAmsX,0
f1j1K.jpg,f1j1K,CsjUK,0
Ixd06.jpg,Ixd06,Ixh06,0
naGNo.jpg,naGNo,nqGNo,0
w8c6U.jpg,w8c6U,w3c6U,0
14n68.jpg,14n68,14MC8,0
03BO1.jpg,03BO1,03Bw1,0
M13mx.jpg,M13mx,M13mf,0
bO5en.jpg,bO5en,bUrew,0
w6DGu.jpg,w6DGu,M6DC1,0
VpV40.jpg,VpV40,NnV40,0
6yMmY.jpg,6yMmY,6yM2Y,0
hTiND.jpg,hTiND,hTvND,0
Tk27T.jpg,Tk27T,TK24y,0
93vjp.jpg,93vjp,03wlp,0
S10ot.jpg,S10ot,S1CHt,0
6X5t4.jpg,6X5t4,6X5t4,1
qxy37.jpg,qxy37,exy37,0
4roFG.jpg,4roFG,4rUkG,0
J242D.jpg,J242D,J24zB,0
LV2mA.jpg,LV2mA,LV2mA,1
IPn96.jpg,IPn96,1Rn96,0
ii841.jpg,ii841,wp841,0
I0t4r.jpg,I0t4r,j0W4r,0
H3oPX.jpg,H3oPX,W3o2X,0
57h37.jpg,57h37,5Zh3T,0
8wBm9.jpg,8wBm9,87Qj9,0
7mr5u.jpg,7mr5u,7Qi5u,0
oAuHt.jpg,oAuHt,o9uHI,0
8E9pV.jpg,8E9pV,8F9pv,0
EIcU5.jpg,EIcU5,fLmU5,0
xzwE9.jpg,xzwE9,XzwE9,0
QDiRv.jpg,QDiRv,QD1Wv,0
4h957.jpg,4h957,4hV57,0
rFLgv.jpg,rFLgv,CFLgv,0
eUO23.jpg,eUO23,eVQ23,0
wAJgc.jpg,wAJgc,wAJgc,1
848eO.jpg,848eO,R1BeO,0
5H5Lv.jpg,5H5Lv,4A5LY,0
Zin4c.jpg,Zin4c,Zin4c,1
kE1oK.jpg,kE1oK,kE7oH,0
5xDEs.jpg,5xDEs,5XOEs,0
9j6is.jpg,9j6is,9j6xs,0
cLp0M.jpg,cLp0M,c1p0M,0
LB45j.jpg,LB45j,LB45j,1
1CPgG.jpg,1CPgG,1zPgG,0
h7xZr.jpg,h7xZr,h7xQr,0
959dF.jpg,959dF,95jdf,0
xbB30.jpg,xbB30,Xb810,0
66111.jpg,66111,bg1tn,0
quw50.jpg,quw50,guwF0,0
1b6vd.jpg,1b6vd,1b6Mg,0
8g6mv.jpg,8g6mv,8gkmo,0
lHH4z.jpg,lHH4z,tmW4z,0
66v9y.jpg,66v9y,6CvTy,0
bXved.jpg,bXved,bX9ed,0
2VX1w.jpg,2VX1w,2VX16,0
Ufgdn.jpg,Ufgdn,UI9dn,0
cBY98.jpg,cBY98,hBY9x,0
ZwDqn.jpg,ZwDqn,ZwDjn,0
zlxFm.jpg,zlxFm,zlxFm,1
LVuPI.jpg,LVuPI,sUm2i,0
pscyS.jpg,pscyS,pArVS,0
23JFD.jpg,23JFD,2xJFD,0
0Vk91.jpg,0Vk91,0VK91,0
yTU0Q.jpg,yTU0Q,yTU6Q,0
eHRju.jpg,eHRju,eHRju,1
4B5J3.jpg,4B5J3,485m3,0
Ln27s.jpg,Ln27s,LnA7s,0
6T36Q.jpg,6T36Q,5I38D,0
gymNf.jpg,gymNf,aymYf,0
22ie4.jpg,22ie4,27FQ4,0
38rv1.jpg,38rv1,38Ey1,0
DTpM2.jpg,DTpM2,DepS2,0
Zy4Z5.jpg,Zy4Z5,UY4Z5,0
w2ZGB.jpg,w2ZGB,V24CB,0
TFWyj.jpg,TFWyj,TFWml,0
riTpP.jpg,riTpP,MJTpP,0
F493U.jpg,F493U,F493U,1
2p9r5.jpg,2p9r5,2pVr5,0
z5dOx.jpg,z5dOx,Z5POX,0
5e9gt.jpg,5e9gt,5e9wl,0
zYQJY.jpg,zYQJY,zNOJx,0
NGmQg.jpg,NGmQg,NG2Qg,0
Vfo7l.jpg,Vfo7l,Vfo7L,0
7M2z5.jpg,7M2z5,7MQz5,0
o3Ay1.jpg,o3Ay1,c3Au1,0
YT24l.jpg,YT24l,Yt24d,0
7eCDY.jpg,7eCDY,XeCDY,0
6RG4S.jpg,6RG4S,6RC1S,0
0mk16.jpg,0mk16,0mKt7,0
KeTse.jpg,KeTse,KrT5e,0
FD2bz.jpg,FD2bz,FD2hz,0
HUdxL.jpg,HUdxL,RUexI,0
y2leL.jpg,y2leL,u2leR,0
zFoVL.jpg,zFoVL,zFoVL,1
1fahO.jpg,1fahO,YfahO,0
SKlnt.jpg,SKlnt,SKlmT,0
W6Mtj.jpg,W6Mtj,J6Mzj,0
y3O23.jpg,y3O23,ysOZJ,0
0X5G8.jpg,0X5G8,0Y5w8,0
f21z9.jpg,f21z9,f24m9,0
1wd8A.jpg,1wd8A,1vd8A,0
0o8P0.jpg,0o8P0,6e8k0,0
9iz52.jpg,9iz52,91z52,0
4Gj2E.jpg,4Gj2E,4Gj2e,0
4hlyT.jpg,4hlyT,4hiyT,0
8YI0A.jpg,8YI0A,8VI0A,0
4j3Xu.jpg,4j3Xu,Qj3Xu,0
XBix6.jpg,XBix6,WBlx6,0
avw3q.jpg,avw3q,avw3q,1
AYt0R.jpg,AYt0R,AYWJR,0
5K0aX.jpg,5K0aX,3KraX,0
xCDU4.jpg,xCDU4,XCDU4,0
49AMs.jpg,49AMs,49RMs,0
87QsB.jpg,87QsB,870sB,0
3K5uC.jpg,3K5uC,3l5uC,0
d5g6T.jpg,d5g6T,dSM6T,0
o2Y4w.jpg,o2Y4w,o2Yhw,0
P4yyO.jpg,P4yyO,k4ygO,0
Ks3af.jpg,Ks3af,KsTaf,0
fi740.jpg,fi740,tj740,0
rQSCa.jpg,rQSCa,pX5Ca,0
YnH3h.jpg,YnH3h,YmH2b,0
tJM35.jpg,tJM35,tJMSz,0
6Rg56.jpg,6Rg56,7MqS6,0
v8sFk.jpg,v8sFk,vUsFK,0
tQ44Z.jpg,tQ44Z,tQoxA,0
VW8xZ.jpg,VW8xZ,VW8x7,0
0mbNV.jpg,0mbNV,Qm5NV,0
UybN7.jpg,UybN7,UybK7,0
4mfL3.jpg,4mfL3,4mfD3,0
zh8zC.jpg,zh8zC,JX3nG,0
K1ALK.jpg,K1ALK,NTAtK,0
7mW2u.jpg,7mW2u,7mW2u,1
0GI6p.jpg,0GI6p,oWI6p,0
a23QU.jpg,a23QU,nZ3OW,0
6i2P7.jpg,6i2P7,6w2P7,0
34QED.jpg,34QED,34CED,0
jG2ff.jpg,jG2ff,HC2if,0
8H55U.jpg,8H55U,8m5SU,0
zPV66.jpg,zPV66,4PVC5,0
ofet9.jpg,ofet9,ofX19,0
M45t1.jpg,M45t1,M45tT,0
IRt1Y.jpg,IRt1Y,hRC1Y,0
TW0GC.jpg,TW0GC,TW9Gi,0
34XMq.jpg,34XMq,s4XMq,0
wPq3V.jpg,wPq3V,iPg3V,0
07PtW.jpg,07PtW,07StW,0
h6G06.jpg,h6G06,hPw0o,0
cp9K3.jpg,cp9K3,caTW3,0
eXMm1.jpg,eXMm1,c5Mm1,0
axiOt.jpg,axiOt,axIWr,0
JD2yi.jpg,JD2yi,JD2yi,1
BV620.jpg,BV620,RM510,0
k1QkS.jpg,k1QkS,XdOk5,0
q0UK0.jpg,q0UK0,gDUK0,0
3r8CJ.jpg,3r8CJ,3r8GJ,0
qCPqF.jpg,qCPqF,oCPnF,0
JahE9.jpg,JahE9,JzhC9,0
2ZNlm.jpg,2ZNlm,2zNJm,0
5LGo2.jpg,5LGo2,51Go2,0
U8U93.jpg,U8U93,x8d93,0
VH84l.jpg,VH84l,Vd84l,0
y6i15.jpg,y6i15,y6r15,0
2D3qR.jpg,2D3qR,2D3CR,0
h91rQ.jpg,h91rQ,h9TrO,0
4sYdj.jpg,4sYdj,45YaL,0
5eupT.jpg,5eupT,5ev7k,0
8nv8b.jpg,8nv8b,BmV2b,0
R8G45.jpg,R8G45,R8G45,1
48Pqi.jpg,48Pqi,48PoI,0
66RT1.jpg,66RT1,v0KT1,0
uXp56.jpg,uXp56,1XP56,0
Ne83k.jpg,Ne83k,Nr83k,0
7R30B.jpg,7R30B,7KcuB,0
nVEG8.jpg,nVEG8,nVEG8,1
in25A.jpg,in25A,1n25A,0
hsVT1.jpg,hsVT1,ksVTF,0
4gu1m.jpg,4gu1m,4gxlm,0
uDYl2.jpg,uDYl2,uDYl2,1
f2rgT.jpg,f2rgT,f2rgT,1
9gkON.jpg,9gkON,9zkON,0
qHKkA.jpg,qHKkA,gHrkA,0
26DkW.jpg,26DkW,26DKV,0
xbHS1.jpg,xbHS1,xbHS1,1
MHKF3.jpg,MHKF3,MXKFu,0
b0IIe.jpg,b0IIe,b0INe,0
AK51R.jpg,AK51R,AK5tR,0
uj783.jpg,uj783,uf783,0
h2XxA.jpg,h2XxA,h2XwA,0
4ydaa.jpg,4ydaa,4pbew,0
OeD5L.jpg,OeD5L,OcP5I,0
PZkVN.jpg,PZkVN,E7kVN,0
P2W3h.jpg,P2W3h,P2w3h,0
oe6P1.jpg,oe6P1,ow6F1,0
426Md.jpg,426Md,42CHd,0
32jCe.jpg,32jCe,32jCe,1
d09I1.jpg,d09I1,d02r1,0
69j5q.jpg,69j5q,69f5q,0
7FWkT.jpg,7FWkT,7rUkT,0
q33vc.jpg,q33vc,Z13vc,0
HGI7d.jpg,HGI7d,HCi7d,0
oib6f.jpg,oib6f,ojb6F,0
R3KZF.jpg,R3KZF,H3KZF,0
2IpPO.jpg,2IpPO,215PC,0
SV74n.jpg,SV74n,SV74n,1
7xtPk.jpg,7xtPk,7xtPk,1
Rh8vQ.jpg,Rh8vQ,Rh8vO,0
U4e2i.jpg,U4e2i,U4e2j,0
AGc85.jpg,AGc85,4Cc35,0
g1pzc.jpg,g1pzc,g1pZc,0
kZl84.jpg,kZl84,kZI84,0
gpnPn.jpg,gpnPn,gpVPn,0
XtvA4.jpg,XtvA4,XtwA4,0
WcDH0.jpg,WcDH0,WcPk0,0
0Kryu.jpg,0Kryu,0Hryu,0
m0m61.jpg,m0m61,m0WG1,0
pU4H3.jpg,pU4H3,pI4R3,0
67fuS.jpg,67fuS,67fu5,0
30eKD.jpg,30eKD,10cHD,0
6S23C.jpg,6S23C,6523L,0
We9ne.jpg,We9ne,Lp9nc,0
R75CW.jpg,R75CW,Rl5CW,0
l01ek.jpg,l01ek,havGk,0
Zpg8W.jpg,Zpg8W,2pq8W,0
S9i33.jpg,S9i33,d9ta3,0
75Bu6.jpg,75Bu6,75Qu6,0
MapRL.jpg,MapRL,MapGL,0
hb8lg.jpg,hb8lg,hD81y,0
1i488.jpg,1i488,1i498,0
9lHqc.jpg,9lHqc,5lHqc,0
Ljh6w.jpg,Ljh6w,EJh5w,0
G20K5.jpg,G20K5,G20M5,0
arz2K.jpg,arz2K,arz2H,0
3eCP5.jpg,3eCP5,3eCH5,0
ntt0c.jpg,ntt0c,nt7oc,0
3lo1l.jpg,3lo1l,3lo1R,0
iibJ9.jpg,iibJ9,iUby9,0
24R85.jpg,24R85,24P85,0
7NSno.jpg,7NSno,7NSpo,0
l5i5q.jpg,l5i5q,lXO5a,0
1teYU.jpg,1teYU,1teYh,0
5f6PH.jpg,5f6PH,5fOPH,0
1onnL.jpg,1onnL,1oaRL,0
B7Wck.jpg,B7Wck,B7WCk,0
T1jt3.jpg,T1jt3,T1At3,0
gqa1p.jpg,gqa1p,8qa1p,0
CP4wf.jpg,CP4wf,CPXwf,0
539CM.jpg,539CM,539CM,1
LcahI.jpg,LcahI,XcahI,0
z6USP.jpg,z6USP,z6USP,1
Gv1OZ.jpg,Gv1OZ,Sv1OZ,0
RZ361.jpg,RZ361,HZ301,0
k15p8.jpg,k15p8,kT5p8,0
6EI21.jpg,6EI21,6el2P,0
h8sv6.jpg,h8sv6,h8su6,0
0sB3V.jpg,0sB3V,0sB1V,0
YlF1j.jpg,YlF1j,Yzh1j,0
99WKu.jpg,99WKu,fjWKc,0
TMRkB.jpg,TMRkB,EM2kB,0
eHTgc.jpg,eHTgc,eHfgc,0
ZK78c.jpg,ZK78c,ZAT8c,0
4tO7e.jpg,4tO7e,AvO7e,0
gG4Go.jpg,gG4Go,TG4Up,0
Fmtos.jpg,Fmtos,FZtos,0
2y499.jpg,2y499,2y49C,0
p7hg9.jpg,p7hg9,p7h49,0
vlbA1.jpg,vlbA1,vcbA1,0
JfUp7.jpg,JfUp7,JfOn7,0
XIEoz.jpg,XIEoz,XIF9z,0
Ixpb6.jpg,Ixpb6,IXPbG,0
cyqKd.jpg,cyqKd,CvqKd,0
mmSCP.jpg,mmSCP,1aSCP,0
LcV26.jpg,LcV26,fcy25,0
89Rm5.jpg,89Rm5,89Km5,0
nOJ1o.jpg,nOJ1o,h6J1q,0
rvE2F.jpg,rvE2F,itB2I,0
L5Nis.jpg,L5Nis,L5Njs,0
O32Al.jpg,O32Al,C32AI,0
NPFkY.jpg,NPFkY,NPghY,0
eg93h.jpg,eg93h,egS7h,0
BJpOa.jpg,BJpOa,H1pOa,0
txroC.jpg,txroC,hv1TC,0
HAT15.jpg,HAT15,HAT15,1
8sJ2j.jpg,8sJ2j,8G3R1,0
79vFn.jpg,79vFn,L9vFn,0
aGaZC.jpg,aGaZC,MghZi,0
29YnG.jpg,29YnG,29Ym6,0
HpV2W.jpg,HpV2W,HpV26,0
1EPVX.jpg,1EPVX,1EaVX,0
39NWZ.jpg,39NWZ,39NuZ,0
ytMAg.jpg,ytMAg,yfHAg,0
50K4n.jpg,50K4n,50k4n,0
Bdi54.jpg,Bdi54,BdI54,0
0eKY3.jpg,0eKY3,0iKV3,0
6893t.jpg,6893t,6893F,0
V20h1.jpg,V20h1,VZ0n1,0
1cCR9.jpg,1cCR9,1ECRo,0
0J42E.jpg,0J42E,0J42E,1
M6nl6.jpg,M6nl6,MenI6,0
CD9p8.jpg,CD9p8,CD9n8,0
5t3FA.jpg,5t3FA,573MA,0
5S6XJ.jpg,5S6XJ,596X1,0
bzH4f.jpg,bzH4f,byH4f,0
1Klf7.jpg,1Klf7,9Klf7,0
ohDQ0.jpg,ohDQ0,4kDw0,0
9354m.jpg,9354m,9SL4m,0
yB66s.jpg,yB66s,jBcos,0
V74Sr.jpg,V74Sr,U745i,0
afno3.jpg,afno3,Xfno3,0
0PEqh.jpg,0PEqh,QPigb,0
v628q.jpg,v628q,V628q,0
g017b.jpg,g017b,g0r7b,0
Z8EX8.jpg,Z8EX8,ZJDX8,0
F7434.jpg,F7434,F7d39,0
qXaW7.jpg,qXaW7,gXsV1,0
Wxhva.jpg,Wxhva,Wxbve,0
Hf4Jn.jpg,Hf4Jn,Hf4Jn,1
1Gvwh.jpg,1Gvwh,1Aywh,0
P6yzf.jpg,P6yzf,P6y7f,0
9fOE7.jpg,9fOE7,9fAE7,0
Y0L2J.jpg,Y0L2J,V0L2J,0
iIknN.jpg,iIknN,iTCnN,0
D24Wi.jpg,D24Wi,D24Vf,0
0Pi2T.jpg,0Pi2T,6Pi2T,0
P911k.jpg,P911k,P9ZJK,0
Xjpkg.jpg,Xjpkg,XM2kq,0
s0K29.jpg,s0K29,s0KZ9,0
3kTjr.jpg,3kTjr,3kTje,0
nub28.jpg,nub28,nVb28,0
IT33E.jpg,IT33E,IT3vE,0
AKrtv.jpg,AKrtv,AKrtv,1
Rr271.jpg,Rr271,Rr201,0
G9Fx4.jpg,G9Fx4,69FX4,0
0oP0A.jpg,0oP0A,ToPUA,0
9YF7o.jpg,9YF7o,9VF7a,0
20bLT.jpg,20bLT,20sLT,0
lH2Dn.jpg,lH2Dn,lH2On,0
56mhz.jpg,56mhz,56Phz,0
8VLpu.jpg,8VLpu,8VLAu,0
jEW7W.jpg,jEW7W,jcx7W,0
v3aLh.jpg,v3aLh,v3aLh,1
Py79s.jpg,Py79s,PK79s,0
0BK90.jpg,0BK90,dajC0,0
ZPuk4.jpg,ZPuk4,ZFuk4,0
iNnE2.jpg,iNnE2,iMnE2,0
zykCa.jpg,zykCa,zYKCa,0
l65xd.jpg,l65xd,165xd,0
esX67.jpg,esX67,esX67,1
c1XV7.jpg,c1XV7,cfXV7,0
awYa8.jpg,awYa8,eu7A3,0
g9J97.jpg,g9J97,gZJ97,0
d18Kg.jpg,d18Kg,d18K9,0
4ce3j.jpg,4ce3j,4ve3I,0
S0UNX.jpg,S0UNX,S0yNX,0
u6zSq.jpg,u6zSq,U6zSq,0
oZSa0.jpg,oZSa0,oZSM0,0
CTF4i.jpg,CTF4i,CTM4l,0
vq8Qc.jpg,vq8Qc,vH8Oi,0
b6oL8.jpg,b6oL8,b6e13,0
uQ5k6.jpg,uQ5k6,nV3f6,0
72bLk.jpg,72bLk,72bCR,0
7XDMJ.jpg,7XDMJ,7XDMJ,1
9Qpxt.jpg,9Qpxt,9Opxt,0
2Bx03.jpg,2Bx03,ZBXo3,0
VE75O.jpg,VE75O,VM75O,0
JxT3g.jpg,JxT3g,JKY3q,0
XxUFs.jpg,XxUFs,X4OFs,0
H9Upy.jpg,H9Upy,K9UPy,0
Cir05.jpg,Cir05,CLr05,0
SD9PT.jpg,SD9PT,ZD9PT,0
MWwTY.jpg,MWwTY,MWvAY,0
QE5iv.jpg,QE5iv,OE5iv,0
5AHoC.jpg,5AHoC,5AHoC,1
mYPSI.jpg,mYPSI,mYPS4,0
9Zd1w.jpg,9Zd1w,9Zd1x,0
z577y.jpg,z577y,z5X7y,0
ddl7c.jpg,ddl7c,dAl7c,0
CU0wN.jpg,CU0wN,CUowN,0
vux5v.jpg,vux5v,Wax5v,0
yL8zG.jpg,yL8zG,vL3zG,0
F7aG0.jpg,F7aG0,F7zGm,0
4r9CU.jpg,4r9CU,4r9CU,1
wpeLF.jpg,wpeLF,wpcLF,0
64ZAj.jpg,64ZAj,64ZAL,0
qgoW0.jpg,qgoW0,qjnW0,0
jwp64.jpg,jwp64,iwp64,0
m7oCG.jpg,m7oCG,N7oCG,0
NfXlj.jpg,NfXlj,MfX2j,0
eV0B9.jpg,eV0B9,eVZB9,0
968FC.jpg,968FC,968F4,0
47pz5.jpg,47pz5,47mx5,0
fwB17.jpg,fwB17,twB1Z,0
l9AUE.jpg,l9AUE,I9AUE,0
PT2Oo.jpg,PT2Oo,PT2Ho,0
LEg9Z.jpg,LEg9Z,lEgvZ,0
2241x.jpg,2241x,8z4jx,0
xH1Vl.jpg,xH1Vl,xH0Vl,0
9HC38.jpg,9HC38,97c38,0
Y992Z.jpg,Y992Z,V3w2Z,0
2l625.jpg,2l625,2IcX5,0
B77XR.jpg,B77XR,8zTNA,0
R5F5X.jpg,R5F5X,RmT5X,0
Ys13C.jpg,Ys13C,Ysf3C,0
U02AO.jpg,U02AO,Ug2AO,0
Z0xji.jpg,Z0xji,Z0xji,1
rzJup.jpg,rzJup,CzJup,0
0204u.jpg,0204u,02p4u,0
YGK7n.jpg,YGK7n,VCK7a,0
bSTKs.jpg,bSTKs,bSfKs,0
cSXg9.jpg,cSXg9,sSAT9,0
D2tch.jpg,D2tch,D2tch,1
PygK2.jpg,PygK2,PVgK2,0
5nR8m.jpg,5nR8m,5nf8m,0
OTs8K.jpg,OTs8K,OTsGK,0
1Au9j.jpg,1Au9j,1Aw9j,0
K5Lx1.jpg,K5Lx1,Zsix1,0
Ek1qc.jpg,Ek1qc,Ek1qc,1
52QKT.jpg,52QKT,52QKT,1
JUFhq.jpg,JUFhq,JUChg,0
5A6d2.jpg,5A6d2,rN1d2,0
a7T6U.jpg,a7T6U,g786J,0
43iE1.jpg,43iE1,43cR1,0
A48Fv.jpg,A48Fv,Kd87y,0
W2W4S.jpg,W2W4S,H2k4S,0
g41GA.jpg,g41GA,g41CA,0
VLiK9.jpg,VLiK9,VLrK9,0
C517F.jpg,C517F,Cd17F,0
b2ck5.jpg,b2ck5,b2ck5,1
zZw4i.jpg,zZw4i,zPw4I,0
hTooq.jpg,hTooq,hB7oq,0
dupd5.jpg,dupd5,GvPT5,0
vEPG4.jpg,vEPG4,cEzG4,0
Vpi9r.jpg,Vpi9r,Vpl9q,0
Cq9NA.jpg,Cq9NA,Cq9Nr,0
YPhX3.jpg,YPhX3,YPUK3,0
GfL0B.jpg,GfL0B,ifL9B,0
j6ngO.jpg,j6ngO,j6Ng0,0
wU6Ue.jpg,wU6Ue,mD6Ue,0
Lhu6c.jpg,Lhu6c,LAu6c,0
1KYE4.jpg,1KYE4,JKYE4,0
bAM60.jpg,bAM60,b4H60,0
QW5Cb.jpg,QW5Cb,QW9Cb,0
v5eDf.jpg,v5eDf,vWaDf,0
auJu1.jpg,auJu1,5eYb1,0
lwn9d.jpg,lwn9d,1wn9d,0
i0k9F.jpg,i0k9F,lUk9F,0
5q0AK.jpg,5q0AK,5g0AK,0
LR808.jpg,LR808,LXS06,0
NS1B3.jpg,NS1B3,NS1Bw,0
DFD4T.jpg,DFD4T,BFD4T,0
o3yd9.jpg,o3yd9,f3yd9,0
cYj16.jpg,cYj16,cYL16,0
7BiJ1.jpg,7BiJ1,7BnJ1,0
SzZhc.jpg,SzZhc,SzZhc,1
TKTM3.jpg,TKTM3,TedM3,0
Bd5Ep.jpg,Bd5Ep,Bd5ep,0
klPq3.jpg,klPq3,K1Fg3,0
7zb5R.jpg,7zb5R,Yzc5R,0
xFtK5.jpg,xFtK5,xFtK5,1
07MyA.jpg,07MyA,o7MYA,0
LH5LC.jpg,LH5LC,7A3rC,0
7C48u.jpg,7C48u,7C48u,1
HqG5p.jpg,HqG5p,H9C5p,0
U4n50.jpg,U4n50,U4m50,0
A8Nnc.jpg,A8Nnc,ATNnc,0
r1XT7.jpg,r1XT7,riwT7,0
U66df.jpg,U66df,U6Cdf,0
905e5.jpg,905e5,Y0Fe5,0
3ho95.jpg,3ho95,3hq95,0
EI2OU.jpg,EI2OU,cI2OH,0
ZZy97.jpg,ZZy97,z2M97,0
TD754.jpg,TD754,Tm754,0
H9921.jpg,H9921,HMe21,0
OCK7h.jpg,OCK7h,0EK7h,0
m89xk.jpg,m89xk,m89ik,0
9QR8i.jpg,9QR8i,9QR3L,0
ww5Iy.jpg,ww5Iy,mQ5Fy,0
9YFnR.jpg,9YFnR,9YFn8,0
K8rO6.jpg,K8rO6,K8rQ6,0
ZITGj.jpg,ZITGj,ZMT0r,0
lEw1X.jpg,lEw1X,lEw1X,1
Ek8z9.jpg,Ek8z9,EX8z9,0
Tvn1Y.jpg,Tvn1Y,TvhzY,0
1w7aq.jpg,1w7aq,1W7Ag,0
8vurJ.jpg,8vurJ,8burY,0
fGdm2.jpg,fGdm2,fGdm2,1
OaZBz.jpg,OaZBz,OaZBz,1
itcCO.jpg,itcCO,ibMcO,0
77tD5.jpg,77tD5,7TMD5,0
sNyo0.jpg,sNyo0,sHye0,0
cq7A5.jpg,cq7A5,cg7A5,0
9vBJ2.jpg,9vBJ2,nvBJ2,0
Hez97.jpg,Hez97,Hez97,1
QHN6g.jpg,QHN6g,QHN6g,1
aU6Ii.jpg,aU6Ii,aU5Fi,0
0nTlk.jpg,0nTlk,0wTfk,0
RvkRv.jpg,RvkRv,PdkWv,0
rFF3g.jpg,rFF3g,rMF3g,0
7qT35.jpg,7qT35,7QT35,0
174CY.jpg,174CY,eL4CY,0
B757w.jpg,B757w,B75tw,0
Y707x.jpg,Y707x,Vh07x,0
q4Z1k.jpg,q4Z1k,q4b1K,0
Mwu42.jpg,Mwu42,Mwt42,0
6V8d3.jpg,6V8d3,6V8a3,0
633KX.jpg,633KX,6J2AX,0
17J2Z.jpg,17J2Z,1vd2Z,0
hxg6e.jpg,hxg6e,hXgfe,0
ty8rl.jpg,ty8rl,tY8m1,0
R6XV4.jpg,R6XV4,P6XV2,0
Q7TuK.jpg,Q7TuK,O2TuK,0
KudkO.jpg,KudkO,K5qkO,0
Kma9e.jpg,Kma9e,Kma9t,0
q1L4Q.jpg,q1L4Q,qlk4Q,0
o92G9.jpg,o92G9,oDrG9,0
8KCo6.jpg,8KCo6,TACu6,0
9Saw6.jpg,9Saw6,9SaW6,0
VioKP.jpg,VioKP,VioKP,1
nmrw6.jpg,nmrw6,nHrw6,0
f4vT3.jpg,f4vT3,f4NT3,0
P4f9T.jpg,P4f9T,E4f9y,0
U6Vhc.jpg,U6Vhc,UGYhc,0
PGHf8.jpg,PGHf8,PGHf8,1
k5idO.jpg,k5idO,W5jdO,0
t1qU5.jpg,t1qU5,t1gU5,0
GELZs.jpg,GELZs,GPjZs,0
1BGmt.jpg,1BGmt,18Gmt,0
OszDZ.jpg,OszDZ,OsMDZ,0
naH08.jpg,naH08,ePH38,0
DjbCd.jpg,DjbCd,Djb9d,0
96flu.jpg,96flu,96Plu,0
cX756.jpg,cX756,cXV56,0
7bYLY.jpg,7bYLY,7bnJY,0
kauPx.jpg,kauPx,kJuPx,0
80Gl0.jpg,80Gl0,84GI0,0
UI73Z.jpg,UI73Z,Ulu3Z,0
OY1Fk.jpg,OY1Fk,OY1Fk,1
m7zTt.jpg,m7zTt,w7zT9,0
F914r.jpg,F914r,F9L4R,0
4sMCC.jpg,4sMCC,1oMtL,0
0le5z.jpg,0le5z,01e5Z,0
nN2kg.jpg,nN2kg,xI2kg,0
wDvLL.jpg,wDvLL,WDvfL,0
K6PzF.jpg,K6PzF,K6yzF,0
8f6I5.jpg,8f6I5,8E6T5,0
0087W.jpg,0087W,O2c7H,0
11Ijb.jpg,11Ijb,1wFjb,0
e8VRR.jpg,e8VRR,efVNW,0
n095U.jpg,n095U,nC95U,0
pRHL2.jpg,pRHL2,pRNj2,0
8CNNz.jpg,8CNNz,ACNmz,0
kQSyc.jpg,kQSyc,KQSVc,0
7cQp7.jpg,7cQp7,7cApY,0
N0954.jpg,N0954,N0954,1
3ADpT.jpg,3ADpT,34DpI,0
IHVrL.jpg,IHVrL,THVrL,0
7312w.jpg,7312w,C3I2w,0
j3vbo.jpg,j3vbo,j7vbM,0
vOpu2.jpg,vOpu2,xOGuX,0
4LVBO.jpg,4LVBO,4LVRO,0
y09Ds.jpg,y09Ds,u0MDs,0
n5192.jpg,n5192,n5192,1
5kC65.jpg,5kC65,bKC69,0
neZkC.jpg,neZkC,je2KC,0
b1fdP.jpg,b1fdP,b1fdP,1
2pV8C.jpg,2pV8C,2hV8C,0
5ZF24.jpg,5ZF24,5ZF24,1
Qkbg2.jpg,Qkbg2,OKbg2,0
KBnw0.jpg,KBnw0,KBny0,0
UJb7t.jpg,UJb7t,UJb7r,0
6ogNx.jpg,6ogNx,6oJNr,0
8J78w.jpg,8J78w,RJZ8w,0
cwD22.jpg,cwD22,cwDMZ,0
PB5rE.jpg,PB5rE,PG5rE,0
0ePX5.jpg,0ePX5,1ePK5,0
kQJU4.jpg,kQJU4,KcJU4,0
g38B9.jpg,g38B9,gTQB9,0
y2f3U.jpg,y2f3U,Y213H,0
k4VXm.jpg,k4VXm,k4VXm,1
7MZ7v.jpg,7MZ7v,fMz7v,0
X496J.jpg,X496J,X496J,1
0Uose.jpg,0Uose,0Hgxe,0
UGKtD.jpg,UGKtD,USKtD,0
TIkl4.jpg,TIkl4,TMkl4,0
of8ZS.jpg,of8ZS,vf8Z5,0
a08VJ.jpg,a08VJ,aC8VJ,0
04t1z.jpg,04t1z,o4Tlz,0
jimRD.jpg,jimRD,jVmRD,0
h6s8F.jpg,h6s8F,h6s8F,1
qWnWV.jpg,qWnWV,qYzwv,0
omb1d.jpg,omb1d,orb1d,0
yf81I.jpg,yf81I,m98Li,0
ePJAs.jpg,ePJAs,ePJAs,1
VGvIh.jpg,VGvIh,YGvIh,0
1YnM0.jpg,1YnM0,1ynM0,0
mowo1.jpg,mowo1,N4wol,0
LISqV.jpg,LISqV,P1SqV,0
rho5K.jpg,rho5K,rho5K,1
M504C.jpg,M504C,H504C,0
pjXqd.jpg,pjXqd,SjXed,0
O54JN.jpg,O54JN,O52JM,0
4ljpL.jpg,4ljpL,4IjoL,0
j46Na.jpg,j46Na,J4GNa,0
1B9gw.jpg,1B9gw,1B9gm,0
DpXGh.jpg,DpXGh,DpX4h,0
VpeVo.jpg,VpeVo,VPexA,0
qXHks.jpg,qXHks,9XHkS,0
qgTB3.jpg,qgTB3,ky1B3,0
V4tU8.jpg,V4tU8,Y4rU8,0
zx1bk.jpg,zx1bk,zx9bk,0
8L6Ws.jpg,8L6Ws,8I6Ws,0
um01P.jpg,um01P,vmO1P,0
9xuqf.jpg,9xuqf,9xDqf,0
QVAwf.jpg,QVAwf,9YjWf,0
x7KyO.jpg,x7KyO,x7KyO,1
IxGBX.jpg,IxGBX,krABX,0
VY0T6.jpg,VY0T6,VYAT6,0
PP54x.jpg,PP54x,pV54x,0
3cK8H.jpg,3cK8H,3cx4H,0
tv5dV.jpg,tv5dV,tR5dY,0
x4RJ7.jpg,x4RJ7,x4RJz,0
5PX35.jpg,5PX35,5PVkw,0
2Ir3i.jpg,2Ir3i,2Kr3i,0
98aR1.jpg,98aR1,9CaR1,0
N0L4Z.jpg,N0L4Z,M0L47,0
Hk4T4.jpg,Hk4T4,Hk0T4,0
dOdXD.jpg,dOdXD,dCuXD,0
agc5F.jpg,agc5F,ayc5E,0
MCj90.jpg,MCj90,MCj9B,0
1qoCi.jpg,1qoCi,1goCk,0
b3512.jpg,b3512,b35N2,0
M7CA6.jpg,M7CA6,M7CA6,1
l5RZv.jpg,l5RZv,N5RZv,0
7cV5a.jpg,7cV5a,7cV5A,0
KPY0R.jpg,KPY0R,KsY0B,0
PSEU5.jpg,PSEU5,P3EH5,0
Hyxhe.jpg,Hyxhe,Eyxhe,0
24pYz.jpg,24pYz,24DVz,0
10hE3.jpg,10hE3,10nE3,0
p0X56.jpg,p0X56,pQX56,0
qwGj4.jpg,qwGj4,eH634,0
1d1B2.jpg,1d1B2,YdJBZ,0
D790D.jpg,D790D,E79dD,0
61eY0.jpg,61eY0,B1cY0,0
hwhL5.jpg,hwhL5,mwb45,0
1P2F9.jpg,1P2F9,1P2E0,0
5eqJk.jpg,5eqJk,5OyJk,0
435cG.jpg,435cG,4I9eG,0
439Up.jpg,439Up,429up,0
9s4xS.jpg,9s4xS,ym4xS,0
3b81b.jpg,3b81b,3n8yo,0
1wul1.jpg,1wul1,1wuCJ,0
jTUUx.jpg,jTUUx,jTDUx,0
QY7A9.jpg,QY7A9,QYcA5,0
80bK0.jpg,80bK0,80pK1,0
1XoBa.jpg,1XoBa,1X6Ra,0
M73H6.jpg,M73H6,V73H6,0
af7LZ.jpg,af7LZ,af7CR,0
g0x3r.jpg,g0x3r,gOx3h,0
TjLCf.jpg,TjLCf,TjLC9,0
Yp8kI.jpg,Yp8kI,Np8k1,0
eh399.jpg,eh399,ehZOD,0
2Hf1q.jpg,2Hf1q,2Hf1g,0
nPMZn.jpg,nPMZn,n3KZr,0
17mYq.jpg,17mYq,i7mXg,0
j2742.jpg,j2742,jzC43,0
rKV2W.jpg,rKV2W,rKG2W,0
uxNEv.jpg,uxNEv,uzNDy,0
8LVMY.jpg,8LVMY,8tvHT,0
bT1b6.jpg,bT1b6,zT1lQ,0
8n2Z4.jpg,8n2Z4,8m2Z4,0
HBQdt.jpg,HBQdt,H3Odt,0
A0xMd.jpg,A0xMd,A0xHd,0
y26Xw.jpg,y26Xw,y2oXG,0
C3Nf0.jpg,C3Nf0,C3Nf0,1
s7GG4.jpg,s7GG4,37C64,0
f7z0G.jpg,f7z0G,ftqwk,0
Le5hv.jpg,Le5hv,Le5hV,0
1654R.jpg,1654R,1654R,1
12Y12.jpg,12Y12,LRY12,0
ZOyQk.jpg,ZOyQk,Z6yaK,0
I5Him.jpg,I5Him,l5H2m,0
Wey82.jpg,Wey82,WevB2,0
8zT5s.jpg,8zT5s,8zT5s,1
3OXz5.jpg,3OXz5,3OXz5,1
75RSi.jpg,75RSi,7aRSl,0
D5MZc.jpg,D5MZc,D5H7C,0
1syHq.jpg,1syHq,15yHg,0
3kQ9H.jpg,3kQ9H,zkQ9H,0
t4wal.jpg,t4wal,t4wol,0
T4p2A.jpg,T4p2A,T4p2A,1
wrMyI.jpg,wrMyI,wrMgT,0
9gyR9.jpg,9gyR9,GgyK3,0
kDmo5.jpg,kDmo5,kD4o5,0
8w1L2.jpg,8w1L2,8wML2,0
4008y.jpg,4008y,4d0Fy,0
pRt14.jpg,pRt14,pKtj4,0
1mOhK.jpg,1mOhK,1uChK,0
KrvAL.jpg,KrvAL,KrvAL,1
DcBTV.jpg,DcBTV,DcRTV,0
o0w72.jpg,o0w72,cOE72,0
JsP0s.jpg,JsP0s,1xP0s,0
BuB24.jpg,BuB24,BmS24,0
9f8GB.jpg,9f8GB,Tf8GB,0
tUPDL.jpg,tUPDL,THPDL,0
Br5Jy.jpg,Br5Jy,Bh5Jv,0
Qgf11.jpg,Qgf11,QgrJY,0
N7E2z.jpg,N7E2z,NJE2u,0
YaJN3.jpg,YaJN3,YaJH3,0
1x875.jpg,1x875,IX875,0
4a8Gw.jpg,4a8Gw,vT2Gw,0
HZFQ8.jpg,HZFQ8,HZFO8,0
W804E.jpg,W804E,V804E,0
OHqGq.jpg,OHqGq,QHqG2,0
75pjI.jpg,75pjI,75pjF,0
xmkQB.jpg,xmkQB,4mkeA,0
Njr4x.jpg,Njr4x,MLr4x,0
466s2.jpg,466s2,46Fs2,0
3Un39.jpg,3Un39,xUn3f,0
95AC0.jpg,95AC0,yBAC0,0
ihCs1.jpg,ihCs1,lhCsV,0
LHGH2.jpg,LHGH2,LN6J2,0
4Ibeh.jpg,4Ibeh,4IDQh,0
cTxS7.jpg,cTxS7,cTXS7,0
8T1Qt.jpg,8T1Qt,8T1Dt,0
m8PjC.jpg,m8PjC,m3PjC,0
3888k.jpg,3888k,38ABk,0
8WF7Z.jpg,8WF7Z,8HF4Z,0
5mloE.jpg,5mloE,5mJoE,0
0k5pZ.jpg,0k5pZ,0r5pZ,0
kvC1W.jpg,kvC1W,kvG1H,0
eNura.jpg,eNura,eMura,0
8g0MR.jpg,8g0MR,8qOMR,0
3d51N.jpg,3d51N,8d5YN,0
ahW9p.jpg,ahW9p,ahW9p,1
lYkDP.jpg,lYkDP,iVK0F,0
IGKbj.jpg,IGKbj,9GKhi,0
rwo69.jpg,rwo69,rwh69,0
4ws5D.jpg,4ws5D,4w75D,0
QVDFK.jpg,QVDFK,gVDFh,0
xVeyJ.jpg,xVeyJ,XM0y1,0
2VN5g.jpg,2VN5g,2Vm5G,0
3h4b3.jpg,3h4b3,3hw61,0
kk5tb.jpg,kk5tb,EkSeb,0
N1HJM.jpg,N1HJM,N1HJ0,0
76Roj.jpg,76Roj,76Raf,0
kZb6d.jpg,kZb6d,k7A0J,0
72n72.jpg,72n72,72mY3,0
brr46.jpg,brr46,UzP46,0
3236J.jpg,3236J,3296J,0
XW1w4.jpg,XW1w4,XWIe4,0
3XGR6.jpg,3XGR6,3XCF6,0
t8dxP.jpg,t8dxP,t8dXW,0
3zasP.jpg,3zasP,3zhsF,0
MwePm.jpg,MwePm,MwzPm,0
jWe69.jpg,jWe69,iHe62,0
7yR9U.jpg,7yR9U,cJR9U,0
O51O0.jpg,O51O0,G51w0,0
IgLFs.jpg,IgLFs,IgLAs,0
Sq0Ds.jpg,Sq0Ds,Sq0Ps,0
5k3qb.jpg,5k3qb,5k2qp,0
06Pgk.jpg,06Pgk,06Pgk,1
Cv2H7.jpg,Cv2H7,Cv2H7,1
f0TG4.jpg,f0TG4,f0TS4,0
mxvU3.jpg,mxvU3,myiU3,0
BlWv0.jpg,BlWv0,BlWv9,0
KClDz.jpg,KClDz,KCjDz,0
3nOkx.jpg,3nOkx,JZQkx,0
pn5Fw.jpg,pn5Fw,ph5Fw,0
30Opp.jpg,30Opp,3iQRp,0
17N07.jpg,17N07,iJNe3,0
8Io7d.jpg,8Io7d,WIe72,0
LeTcu.jpg,LeTcu,lATcu,0
60b5v.jpg,60b5v,60h5v,0
5M42c.jpg,5M42c,5M42C,0
f3G88.jpg,f3G88,73G8M,0
O1enM.jpg,O1enM,OFejM,0
2ERg0.jpg,2ERg0,2EHg0,0
1589B.jpg,1589B,15wyB,0
qz317.jpg,qz317,qsMLZ,0
8VqQ4.jpg,8VqQ4,87qw4,0
yp5xR.jpg,yp5xR,yp5XR,0
u5P8o.jpg,u5P8o,u5p8o,0
341I7.jpg,341I7,341h7,0
0lH2S.jpg,0lH2S,0fH25,0
2kEG8.jpg,2kEG8,2KEG8,0
3mOwl.jpg,3mOwl,3mOXI,0
e98zZ.jpg,e98zZ,u98zZ,0
ExS3m.jpg,ExS3m,ExSJm,0
0j9u2.jpg,0j9u2,0jmu2,0
GTHc9.jpg,GTHc9,GTHz9,0
jzViF.jpg,jzViF,JzVtF,0
9s7g2.jpg,9s7g2,Ws7y2,0
d439Z.jpg,d439Z,d439Z,1
kAz4u.jpg,kAz4u,kAz4v,0
48NX6.jpg,48NX6,y8EX6,0
HN3RH.jpg,HN3RH,KN2PU,0
wx2h7.jpg,wx2h7,wx2h7,1
Sg1vE.jpg,Sg1vE,Sg1vE,1
bk2FB.jpg,bk2FB,uk2FB,0
7218k.jpg,7218k,7216K,0
hCcef.jpg,hCcef,hCoeY,0
Lkd2X.jpg,Lkd2X,Lkd2X,1
AKSDN.jpg,AKSDN,AKsDN,0
bNmDQ.jpg,bNmDQ,bxcDQ,0
5P992.jpg,5P992,5PV92,0
9065s.jpg,9065s,90G51,0
R52Ib.jpg,R52Ib,R52ib,0
kw13M.jpg,kw13M,Ew13M,0
BS7bx.jpg,BS7bx,BS7bx,1
u3DnQ.jpg,u3DnQ,uzFhO,0
c7m0g.jpg,c7m0g,c7h0g,0
rMs37.jpg,rMs37,rMs37,1
7Yzol.jpg,7Yzol,7Yzot,0
B82CS.jpg,B82CS,H82CS,0
ClIfJ.jpg,ClIfJ,OhrfJ,0
T06xn.jpg,T06xn,706xm,0
s7185.jpg,s7185,ZmI85,0
mHs7q.jpg,mHs7q,mA87q,0
TeN3n.jpg,TeN3n,7ZK3m,0
F0uoI.jpg,F0uoI,F0ueL,0
mC0qt.jpg,mC0qt,mC0qI,0
N7418.jpg,N7418,Nc418,0
u2P8q.jpg,u2P8q,m2F8g,0
ETU3k.jpg,ETU3k,ETU3K,0
vO3R0.jpg,vO3R0,vm3R0,0
JP30x.jpg,JP30x,JF30X,0
799AT.jpg,799AT,Zs34T,0
ODtwo.jpg,ODtwo,Op1wo,0
f2Z31.jpg,f2Z31,F27aL,0
C94eX.jpg,C94eX,C74eX,0
7T8hQ.jpg,7T8hQ,7f3bO,0
lV067.jpg,lV067,fV087,0
mzz4C.jpg,mzz4C,mz84C,0
Jo3R3.jpg,Jo3R3,Je2E8,0
J35kf.jpg,J35kf,J45kf,0
39m3X.jpg,39m3X,39hsX,0
aWjbI.jpg,aWjbI,aWJbY,0
3q8pD.jpg,3q8pD,3g8wD,0
AjUWv.jpg,AjUWv,AlUWY,0
0549J.jpg,0549J,0549J,1
q4Y80.jpg,q4Y80,q4V80,0
ZTD96.jpg,ZTD96,fTD96,0
b9a1n.jpg,b9a1n,b9ATn,0
21IYc.jpg,21IYc,w1lYc,0
0LF1g.jpg,0LF1g,0LZTg,0
1khs0.jpg,1khs0,1khs0,1
707BL.jpg,707BL,Z07BL,0
49872.jpg,49872,49R72,0
0N2T9.jpg,0N2T9,0N2jn,0
7jurv.jpg,7jurv,7AurV,0
d4hx1.jpg,d4hx1,e4hxl,0
sLEha.jpg,sLEha,sLEha,1
CMxvS.jpg,CMxvS,CMxv5,0
W1DQD.jpg,W1DQD,K1DOb,0
wcBif.jpg,wcBif,wcBZf,0
u9f1Z.jpg,u9f1Z,u9f1Z,1
jc7Hx.jpg,jc7Hx,jY7Hx,0
3dOyk.jpg,3dOyk,3dDvK,0
c7CE5.jpg,c7CE5,e7CE5,0
nKp2r.jpg,nKp2r,nKp2C,0
bT9Bi.jpg,bT9Bi,bV9Bi,0
007Q3.jpg,007Q3,eG7Q3,0
LHsvz.jpg,LHsvz,lHsYz,0
64N1W.jpg,64N1W,p421W,0
qnwF5.jpg,qnwF5,qAwF5,0
EG89i.jpg,EG89i,tT89x,0
1of5G.jpg,1of5G,1of5G,1
k86Ow.jpg,k86Ow,k86Vw,0
PAF7C.jpg,PAF7C,PAF7u,0
g795h.jpg,g795h,gX9Th,0
7lD90.jpg,7lD90,ZlD90,0
e80eN.jpg,e80eN,q30EH,0
Y65Tr.jpg,Y65Tr,Vc5OF,0
nRqe9.jpg,nRqe9,nWge9,0
N43q9.jpg,N43q9,M43qD,0
wTQwr.jpg,wTQwr,mTORr,0
jne00.jpg,jne00,JmeU9,0
sjqKt.jpg,sjqKt,s1qKE,0
g7bXa.jpg,g7bXa,g7bXa,1
u9V5N.jpg,u9V5N,u9V5N,1
qPVfT.jpg,qPVfT,mPUsT,0
NR86I.jpg,NR86I,NR86I,1
jjG6W.jpg,jjG6W,J2C6M,0
y0t64.jpg,y0t64,mBt24,0
SBNXU.jpg,SBNXU,GtNXU,0
0hosh.jpg,0hosh,UNeSb,0
d0QK6.jpg,d0QK6,dU2K6,0
mFVRV.jpg,mFVRV,mfMRV,0
rS56X.jpg,rS56X,rS26X,0
1Txm5.jpg,1Txm5,1Jxm5,0
50Cb4.jpg,50Cb4,50CbY,0
2z03p.jpg,2z03p,YzC3p,0
OCvca.jpg,OCvca,GCVca,0
7c9kF.jpg,7c9kF,7c9kF,1
06hnf.jpg,06hnf,26hnf,0
S8Ptt.jpg,S8Ptt,58Pft,0
p54wG.jpg,p54wG,R54wC,0
YIa74.jpg,YIa74,YIh74,0
7X777.jpg,7X777,7Xu3z,0
5TrwN.jpg,5TrwN,5TzwN,0
23ab3.jpg,23ab3,7sab3,0
vdE6D.jpg,vdE6D,7dE6D,0
iuA1j.jpg,iuA1j,iuA1J,0
dU6i2.jpg,dU6i2,dU6i2,1
iXMMk.jpg,iXMMk,yxM2k,0
9Jz01.jpg,9Jz01,9Jx01,0
8337W.jpg,8337W,6537W,0
G722P.jpg,G722P,C7Zzp,0
3CooX.jpg,3CooX,3CohX,0
tw9WR.jpg,tw9WR,rm9YR,0
t34Do.jpg,t34Do,r34Do,0
GcgU7.jpg,GcgU7,Gcgk7,0
89X5F.jpg,89X5F,84X5F,0
GVUM1.jpg,GVUM1,qVUM1,0
3hW2D.jpg,3hW2D,3hW2D,1
1E13o.jpg,1E13o,1E730,0
CSn5X.jpg,CSn5X,CSn5J,0
lcrGM.jpg,lcrGM,JczGM,0
GvuMP.jpg,GvuMP,GrVMY,0
7cUES.jpg,7cUES,7cUES,1
x0vVO.jpg,x0vVO,x06VO,0
UD3a8.jpg,UD3a8,HD3a6,0
OPY2r.jpg,OPY2r,OPVZr,0
Ao3l3.jpg,Ao3l3,Ao3VS,0
wMg6x.jpg,wMg6x,wMg6i,0
158UK.jpg,158UK,15ZUy,0
76OlW.jpg,76OlW,750kW,0
273mc.jpg,273mc,273Hc,0
5ORr8.jpg,5ORr8,5OR18,0
d03j4.jpg,d03j4,MD3j4,0
FKjcW.jpg,FKjcW,EKjcV,0
X7OZ1.jpg,X7OZ1,K7021,0
jRwI4.jpg,jRwI4,jRwT4,0
nwiZt.jpg,nwiZt,nvCZt,0
KUkcK.jpg,KUkcK,NUxcY,0
0vN20.jpg,0vN20,UvN29,0
DzYpw.jpg,DzYpw,OzYpw,0
iTGy3.jpg,iTGy3,iTGv3,0
N9tQ3.jpg,N9tQ3,K9tu3,0
o5ke7.jpg,o5ke7,o5kU7,0
VGge6.jpg,VGge6,VGgno,0
1i7EY.jpg,1i7EY,1i7EM,0
X0t8L.jpg,X0t8L,X073L,0
u2PT9.jpg,u2PT9,u2fT0,0
1NBPZ.jpg,1NBPZ,1M8PZ,0
4yN7X.jpg,4yN7X,oyN7X,0
a3lUW.jpg,a3lUW,a3jOW,0
Potj9.jpg,Potj9,PAtj9,0
TARrU.jpg,TARrU,74RcU,0
70U7A.jpg,70U7A,T0EZ4,0
I6LWb.jpg,I6LWb,e6LWh,0
0ZX65.jpg,0ZX65,0fX65,0
D33V7.jpg,D33V7,D3rV7,0
1U0gE.jpg,1U0gE,1U0aE,0
4HYZ4.jpg,4HYZ4,4mYZq,0
SI1ln.jpg,SI1ln,SL1fn,0
oZRkP.jpg,oZRkP,omRkP,0
3m1Kb.jpg,3m1Kb,3mlY6,0
1U766.jpg,1U766,1M7A6,0
1qpu6.jpg,1qpu6,1ipu5,0
FgRhe.jpg,FgRhe,FgRhO,0
VUyI1.jpg,VUyI1,VQorj,0
rF2t4.jpg,rF2t4,rk2t4,0
ESNhB.jpg,ESNhB,z5NbB,0
N0h73.jpg,N0h73,HQb7J,0
vt4hb.jpg,vt4hb,vt4hE,0
eVAa8.jpg,eVAa8,eVAa6,0
79Ub0.jpg,79Ub0,794k6,0
Mzo9K.jpg,Mzo9K,A109K,0
eND0h.jpg,eND0h,eND0f,0
nBKgB.jpg,nBKgB,hUKy5,0
o82XR.jpg,o82XR,c81XF,0
231HI.jpg,231HI,23EHf,0
BoEo6.jpg,BoEo6,BQ1c6,0
elR72.jpg,elR72,aiK72,0
LUg0E.jpg,LUg0E,WUgfE,0
Gtth8.jpg,Gtth8,G1Eh8,0
LL6Mt.jpg,LL6Mt,L2GMt,0
OKY7r.jpg,OKY7r,0KV7n,0
wqgea.jpg,wqgea,VqpOa,0
Hkr7F.jpg,Hkr7F,Hkr7F,1
XyRsi.jpg,XyRsi,XyBsb,0
8P5c0.jpg,8P5c0,8P5c0,1
g6mTr.jpg,g6mTr,g6m2r,0
3d1ER.jpg,3d1ER,3dYER,0
X178b.jpg,X178b,XiZ8b,0
0ez84.jpg,0ez84,Dkz84,0
5oG11.jpg,5oG11,5eCH7,0
67pI3.jpg,67pI3,67wY3,0
Um6RG.jpg,Um6RG,UmgNQ,0
g5D7G.jpg,g5D7G,y5A7G,0
8U1Tp.jpg,8U1Tp,8Ut7p,0
qRnwM.jpg,qRnwM,qRhwM,0
Rrzc1.jpg,Rrzc1,RrzC1,0
VwFH4.jpg,VwFH4,YwFH4,0
iNdr2.jpg,iNdr2,IKdC2,0
pH3nL.jpg,pH3nL,pH3qY,0
61C88.jpg,61C88,p1CSB,0
3TgJQ.jpg,3TgJQ,3TcJO,0
070md.jpg,070md,G7Dmf,0
KQlT6.jpg,KQlT6,KOlT5,0
mmw9R.jpg,mmw9R,nNw5R,0
ga4Og.jpg,ga4Og,9a4Du,0
T94uG.jpg,T94uG,794n6,0
Ou68a.jpg,Ou68a,Qy68a,0
6P8V7.jpg,6P8V7,6E8V1,0
A7WSS.jpg,A7WSS,ArW6S,0
3DvOD.jpg,3DvOD,3ZvOD,0
Q83L0.jpg,Q83L0,E4wY0,0
XGOlm.jpg,XGOlm,XGQ1n,0
siVi6.jpg,siVi6,s9Vm6,0
3577t.jpg,3577t,H57Ct,0
DRQl5.jpg,DRQl5,dROl5,0
6517h.jpg,6517h,65V7h,0
wvUwd.jpg,wvUwd,wyMrd,0
0uNU3.jpg,0uNU3,cwXU3,0
GeFAr.jpg,GeFAr,GmFAt,0
69Id3.jpg,69Id3,69fd3,0
Wa6Ck.jpg,Wa6Ck,Wa6Cf,0
nv3td.jpg,nv3td,nvBtd,0
vnWnW.jpg,vnWnW,vDHrW,0
5292d.jpg,5292d,5RY2d,0
kzFcK.jpg,kzFcK,kzFcH,0
vuIa1.jpg,vuIa1,fvXeD,0
u9T5L.jpg,u9T5L,u2T5L,0
P7YRG.jpg,P7YRG,P7YRG,1
GaT51.jpg,GaT51,CaT51,0
na2ws.jpg,na2ws,ne2Wx,0
L2C8a.jpg,L2C8a,LWCga,0
99Sf5.jpg,99Sf5,0US15,0
ge4Sm.jpg,ge4Sm,yt6SA,0
1C2kW.jpg,1C2kW,1C2kW,1
eNxxO.jpg,eNxxO,cHrX0,0
AbALW.jpg,AbALW,xbALW,0
W4Iyn.jpg,W4Iyn,WAtyN,0
X4Xi0.jpg,X4Xi0,W48I0,0
Z9N68.jpg,Z9N68,19A68,0
K5a33.jpg,K5a33,H5al8,0
9qDeS.jpg,9qDeS,9qDrS,0
Yj6HY.jpg,Yj6HY,ZJ6HY,0
tVfDL.jpg,tVfDL,tVfA1,0
5209j.jpg,5209j,520wj,0
8969N.jpg,8969N,zJ69N,0
46ux3.jpg,46ux3,46uM3,0
GWaCK.jpg,GWaCK,GWaCk,0
BOeAK.jpg,BOeAK,B0c4K,0
Y33mz.jpg,Y33mz,IJBHz,0
D0tM2.jpg,D0tM2,DstM2,0
55iNq.jpg,55iNq,D51Hg,0
njmvI.jpg,njmvI,hSmvI,0
kE3mT.jpg,kE3mT,kE3m7,0
5NM99.jpg,5NM99,5XKf9,0
57MTi.jpg,57MTi,57GTi,0
MBsJP.jpg,MBsJP,M8sJF,0
qgb0G.jpg,qgb0G,qFbUG,0
G8A41.jpg,G8A41,C8m41,0
g6HH9.jpg,g6HH9,g6Ux9,0
rx16B.jpg,rx16B,rx1GB,0
rO7DP.jpg,rO7DP,rOJDP,0
Y8IQ8.jpg,Y8IQ8,Y8L09,0
h27eB.jpg,h27eB,h27oB,0
2biG9.jpg,2biG9,3ziN9,0
3OY1N.jpg,3OY1N,3OY1M,0
d74cU.jpg,d74cU,dY4CU,0
tX6o7.jpg,tX6o7,fXAo7,0
Qesgj.jpg,Qesgj,Oe2qI,0
1N90T.jpg,1N90T,rM96T,0
985vs.jpg,985vs,985vs,1
o8lr0.jpg,o8lr0,a8Iz0,0
5p2IH.jpg,5p2IH,5n2fH,0
2wWj2.jpg,2wWj2,2wNf3,0
946Kz.jpg,946Kz,946K7,0
58nT1.jpg,58nT1,56mT1,0
PyH9P.jpg,PyH9P,FyH9J,0
g9rfh.jpg,g9rfh,gQrfh,0
KJgC9.jpg,KJgC9,KJaC9,0
d9Z74.jpg,d9Z74,U9Z74,0
SxZgJ.jpg,SxZgJ,5xZeJ,0
uu3TT.jpg,uu3TT,dm3IP,0
DJhXs.jpg,DJhXs,DJhXc,0
I8y6g.jpg,I8y6g,iRy6g,0
qUr3V.jpg,qUr3V,qMr3V,0
3pUhb.jpg,3pUhb,3pUZb,0
jDR5G.jpg,jDR5G,jDR5C,0
Yoy89.jpg,Yoy89,koy89,0
a05Gx.jpg,a05Gx,a05G7,0
CL0P6.jpg,CL0P6,C10R6,0
Et9hC.jpg,Et9hC,Et9hc,0
7k6GX.jpg,7k6GX,7K6QX,0
qbvxd.jpg,qbvxd,g5VXd,0
5nZN6.jpg,5nZN6,5nZM6,0
96g0g.jpg,96g0g,96g0L,0
41pf9.jpg,41pf9,41pfN,0
44Dzu.jpg,44Dzu,A4CZu,0
A4eR3.jpg,A4eR3,A4cP3,0
5iAX2.jpg,5iAX2,5iHX2,0
d9SHt.jpg,d9SHt,d96Ht,0
vY64M.jpg,vY64M,vY64M,1
UVM8p.jpg,UVM8p,U4M8p,0
4cmhW.jpg,4cmhW,4CmbW,0
y0oM5.jpg,y0oM5,V0cM5,0
Btubv.jpg,Btubv,BfohV,0
2w9Jx.jpg,2w9Jx,2w9Jx,1
6326N.jpg,6326N,v32bH,0
C7F5A.jpg,C7F5A,C7F5A,1
nQ817.jpg,nQ817,mO8i7,0
c3TCk.jpg,c3TCk,r3TCk,0
JojKW.jpg,JojKW,lojKW,0
gd7sQ.jpg,gd7sQ,gd7sQ,1
CU4Lt.jpg,CU4Lt,GU4Lt,0
dC343.jpg,dC343,dQI43,0
Kdyim.jpg,Kdyim,KdyIm,0
2egI5.jpg,2egI5,2ogl5,0
59a6u.jpg,59a6u,59a6k,0
ocTC4.jpg,ocTC4,ocTM4,0
j9rEx.jpg,j9rEx,j9mEX,0
EM14g.jpg,EM14g,EM14y,0
Xz7Qz.jpg,Xz7Qz,X2JQ8,0
Bu1HJ.jpg,Bu1HJ,8ufAJ,0
s9vp2.jpg,s9vp2,s9vF2,0
5f798.jpg,5f798,5f79B,0
Z28ip.jpg,Z28ip,Zx8in,0
xrsZy.jpg,xrsZy,XrsZy,0
Uzb0C.jpg,Uzb0C,HzhOC,0
f2AEa.jpg,f2AEa,I2AEq,0
Zibl7.jpg,Zibl7,2Abk7,0
7VBln.jpg,7VBln,7VBIa,0
9BP47.jpg,9BP47,9HP47,0
Q7YHm.jpg,Q7YHm,07YHm,0
oQD7q.jpg,oQD7q,6QDSq,0
j2Dac.jpg,j2Dac,I2DaC,0
Oi83m.jpg,Oi83m,UYA3m,0
2Nq8D.jpg,2Nq8D,2Ke8D,0
E8ekO.jpg,E8ekO,E8ek0,0
LlhFe.jpg,LlhFe,VjhFe,0
qjlUP.jpg,qjlUP,aJLUP,0
jiP3M.jpg,jiP3M,JnD3M,0
6pCOQ.jpg,6pCOQ,5FCOA,0
TEiut.jpg,TEiut,TEruX,0
9SBJI.jpg,9SBJI,9xEJ1,0
S1i9v.jpg,S1i9v,S1d4b,0
6gE0S.jpg,6gE0S,6qE0S,0
N4Za8.jpg,N4Za8,H4Za6,0
MNR64.jpg,MNR64,mNR64,0
0a6Fu.jpg,0a6Fu,UabFx,0
llA51.jpg,llA51,lrA5V,0
t7ANu.jpg,t7ANu,f7ANu,0
4RSuc.jpg,4RSuc,4X5uc,0
6th98.jpg,6th98,Grh98,0
IN877.jpg,IN877,IH672,0
w40Wu.jpg,w40Wu,v40Wj,0
4J428.jpg,4J428,4JP28,0
3mHJa.jpg,3mHJa,3mHJC,0
f1aVZ.jpg,f1aVZ,fAaVZ,0
0Ej0c.jpg,0Ej0c,6Eyoc,0
UaGRI.jpg,UaGRI,HaGRl,0
Q5Fj2.jpg,Q5Fj2,05Fj2,0
R2NnL.jpg,R2NnL,P2NaL,0
fe1yn.jpg,fe1yn,feTGn,0
91983.jpg,91983,G198m,0
FSx1q.jpg,FSx1q,F5x1g,0
OmauR.jpg,OmauR,OWatR,0
j16A5.jpg,j16A5,j1CA5,0
nc6bR.jpg,nc6bR,7c6bR,0
CND8O.jpg,CND8O,cMD8Q,0
8qtUQ.jpg,8qtUQ,8gzHQ,0
Gii2W.jpg,Gii2W,Glp2Y,0
7K8F2.jpg,7K8F2,7m8FJ,0
U7Z51.jpg,U7Z51,M7Z5y,0
02VMk.jpg,02VMk,02YMk,0
97vUb.jpg,97vUb,97rUb,0
6oXlb.jpg,6oXlb,6oXLH,0
3uaz2.jpg,3uaz2,3uaC2,0
1tjEw.jpg,1tjEw,1tOEw,0
9BPmI.jpg,9BPmI,9BPm1,0
56K02.jpg,56K02,I6KO2,0
NV14z.jpg,NV14z,NV14z,1
82icB.jpg,82icB,82YcB,0
7gwcC.jpg,7gwcC,7gwWC,0
o0373.jpg,o0373,K037J,0
96N4Q.jpg,96N4Q,96H40,0
n9o24.jpg,n9o24,m9e24,0
aqLjD.jpg,aqLjD,aeLjW,0
pvWr5.jpg,pvWr5,pOHr5,0
9gx4d.jpg,9gx4d,9fx4d,0
BW717.jpg,BW717,GWo17,0
m993x.jpg,m993x,mY93X,0
702K0.jpg,702K0,Tv2Ko,0
M8sCO.jpg,M8sCO,N8sCe,0
dGx8m.jpg,dGx8m,JCX3m,0
BvSLi.jpg,BvSLi,Bv9LA,0
yylaL.jpg,yylaL,u9la1,0
8prKn.jpg,8prKn,3ptKm,0
m66r5.jpg,m66r5,mG6pl,0
gQK2C.jpg,gQK2C,gOK7E,0
13LYc.jpg,13LYc,13LYe,0
T9qJ2.jpg,T9qJ2,T9RJ2,0
2FySs.jpg,2FySs,2hyf5,0
3Mf24.jpg,3Mf24,3Mf24,1
c73Z9.jpg,c73Z9,c73H9,0
7yvC5.jpg,7yvC5,1wvCb,0
LQBgG.jpg,LQBgG,lOByA,0
0c00Q.jpg,0c00Q,hc8gQ,0
91pJ1.jpg,91pJ1,9tpJY,0
9H7yX.jpg,9H7yX,9HCyX,0
0Z4Xj.jpg,0Z4Xj,OZ4Xj,0
XXm6u.jpg,XXm6u,XwFsu,0
87111.jpg,87111,87NIJ,0
I5YqA.jpg,I5YqA,f5YqA,0
3597Z.jpg,3597Z,3697Z,0
dtR6e.jpg,dtR6e,dr9Wv,0
maQbu.jpg,maQbu,maCbv,0
OGtsk.jpg,OGtsk,0c1sK,0
Isk8y.jpg,Isk8y,7Lk8y,0
7w6lm.jpg,7w6lm,7V6Im,0
Yfn4M.jpg,Yfn4M,Yfn4M,1
4O2go.jpg,4O2go,402ye,0
z32Nw.jpg,z32Nw,z3PMw,0
A53I8.jpg,A53I8,A53IZ,0
QDbVv.jpg,QDbVv,CD5Vx,0
0qiCk.jpg,0qiCk,0g1CR,0
M0p70.jpg,M0p70,MGp1U,0
86u86.jpg,86u86,9FmB6,0
clk20.jpg,clk20,cIK20,0
V53nO.jpg,V53nO,V53a0,0
1oVQ9.jpg,1oVQ9,1nVQ9,0
Uq317.jpg,Uq317,Um3f7,0
FS169.jpg,FS169,ES162,0
edfUL.jpg,edfUL,sdfHL,0
29Oe8.jpg,29Oe8,2yUe8,0
rVm2L.jpg,rVm2L,rVmZk,0
8XDDh.jpg,8XDDh,8YEDn,0
StUWH.jpg,StUWH,StyWN,0
Ngf7R.jpg,Ngf7R,MgG7R,0
6P1Fs.jpg,6P1Fs,6P1Ms,0
LR57D.jpg,LR57D,LR57D,1
9eBF8.jpg,9eBF8,9eAF8,0
pvp4x.jpg,pvp4x,pvH4x,0
DEBhX.jpg,DEBhX,DETaX,0
Pcpdv.jpg,Pcpdv,HcpdV,0
N6pbl.jpg,N6pbl,N6Phi,0
JY48X.jpg,JY48X,JY46X,0
ti4T3.jpg,ti4T3,tC4T3,0
t8WC3.jpg,t8WC3,t8wQ3,0
0irX6.jpg,0irX6,0HrX5,0
4E2O3.jpg,4E2O3,4EZO3,0
EANXN.jpg,EANXN,SANXn,0
qXr6r.jpg,qXr6r,JXP6v,0
VkJas.jpg,VkJas,Vkias,0
n7C10.jpg,n7C10,v7Cl0,0
J00K8.jpg,J00K8,joUK8,0
LSv9a.jpg,LSv9a,LZv9n,0
j0UXO.jpg,j0UXO,JA5Zo,0
o8YP6.jpg,o8YP6,q3VF6,0
39364.jpg,39364,J9d64,0
30DlT.jpg,30DlT,30PtT,0
3VdL6.jpg,3VdL6,3VdL5,0
UZ2TY.jpg,UZ2TY,UCutY,0
gniq9.jpg,gniq9,Vniq9,0
53V2F.jpg,53V2F,50V2F,0
rAIxm.jpg,rAIxm,rALxm,0
q6zPA.jpg,q6zPA,g6zFA,0
5U1n5.jpg,5U1n5,sU1R5,0
2puiT.jpg,2puiT,2pwLT,0
VwcO5.jpg,VwcO5,VZcO5,0
GfZw4.jpg,GfZw4,GfZw4,1
kG7lG.jpg,kG7lG,Me7h9,0
u8yuu.jpg,u8yuu,O8Y4n,0
L4nx0.jpg,L4nx0,L4nX2,0
07ItA.jpg,07ItA,07ItA,1
A4gpx.jpg,A4gpx,ANqpi,0
R5yZM.jpg,R5yZM,R5yZM,1
8YUyV.jpg,8YUyV,6YUrV,0
l4yZT.jpg,l4yZT,l4yMT,0
8ZEAA.jpg,8ZEAA,8ZEmA,0
4H7MA.jpg,4H7MA,4H7M5,0
Roe89.jpg,Roe89,Ria89,0
3Uhf5.jpg,3Uhf5,3Unf5,0
b5pG5.jpg,b5pG5,b4r65,0
5sec8.jpg,5sec8,jsqC8,0
v28J3.jpg,v28J3,v26j3,0
7830U.jpg,7830U,1630y,0
PMp1X.jpg,PMp1X,PMp1X,1
6xuOx.jpg,6xuOx,63jOx,0
07Bfo.jpg,07Bfo,07BLe,0
hV4bC.jpg,hV4bC,HVzbC,0
64wiX.jpg,64wiX,DTwiX,0
LWz29.jpg,LWz29,LWx29,0
ovsyt.jpg,ovsyt,ovsHf,0
2GmGf.jpg,2GmGf,2UmGf,0
wT3B5.jpg,wT3B5,uT3P5,0
cQjno.jpg,cQjno,SQjZo,0
nD1S5.jpg,nD1S5,aD185,0
Y8wcy.jpg,Y8wcy,Y8wky,0
aLt5T.jpg,aLt5T,aZC5T,0
LE1q0.jpg,LE1q0,LExq0,0
VaXMX.jpg,VaXMX,Ve4MX,0
Yqmbs.jpg,Yqmbs,Yt8hx,0
D6r3Y.jpg,D6r3Y,D6i3Y,0
f236p.jpg,f236p,fZ36u,0
1b327.jpg,1b327,lbv27,0
285hr.jpg,285hr,285hC,0
j4BHk.jpg,j4BHk,T4BHk,0
SimH3.jpg,SimH3,SzmH3,0
3M4O9.jpg,3M4O9,3M4Q9,0
6TDAx.jpg,6TDAx,6TDAx,1
EuH9p.jpg,EuH9p,FuH9p,0
4U43U.jpg,4U43U,JuAfv,0
23ZMk.jpg,23ZMk,23ZMk,1
Sid66.jpg,Sid66,5ide6,0
PAFOn.jpg,PAFOn,ZAF9n,0
7E3MM.jpg,7E3MM,7E3Nj,0
7J0nN.jpg,7J0nN,7J0pK,0
0JnXK.jpg,0JnXK,0JnYK,0
RC486.jpg,RC486,RCM86,0
G2Jzz.jpg,G2Jzz,G2JzK,0
Ke1aT.jpg,Ke1aT,Ke1aZ,0
G1ZAV.jpg,G1ZAV,G1ZwV,0
iuCeq.jpg,iuCeq,IVCeq,0
tr61m.jpg,tr61m,Lj61w,0
2GDA9.jpg,2GDA9,zCDA9,0
vTf7F.jpg,vTf7F,vTf7j,0
DOg1b.jpg,DOg1b,WOg1b,0
bXJY9.jpg,bXJY9,bRfV9,0
aHojO.jpg,aHojO,aHZjO,0
z6v72.jpg,z6v72,z6v7P,0
4TYFH.jpg,4TYFH,4TYeH,0
X9dq9.jpg,X9dq9,XTdJ9,0
L6t1F.jpg,L6t1F,L6tYP,0
ZTHuE.jpg,ZTHuE,2THuE,0
eUOKY.jpg,eUOKY,4UOKY,0
lx0me.jpg,lx0me,lxJme,0
D6nTf.jpg,D6nTf,D6n7f,0
mI9G1.jpg,mI9G1,mI9Gd,0
NbI04.jpg,NbI04,vbL04,0
e228L.jpg,e228L,eN28L,0
4jxe2.jpg,4jxe2,4jxe2,1
7KXpz.jpg,7KXpz,7KXpz,1
0pajE.jpg,0pajE,0pT7K,0
iOlu6.jpg,iOlu6,KOLw6,0
4dAHd.jpg,4dAHd,4CAHJ,0
7VwAq.jpg,7VwAq,7VmAg,0
A138I.jpg,A138I,ATJ8t,0
U6u8G.jpg,U6u8G,U6exG,0
6LdxL.jpg,6LdxL,6tdxJ,0
C742H.jpg,C742H,C74PH,0
54F8p.jpg,54F8p,94F8p,0
zuwEs.jpg,zuwEs,zukEs,0
p84gT.jpg,p84gT,RU4gI,0
8r1aY.jpg,8r1aY,8r1aY,1
520Zm.jpg,520Zm,520Zm,1
6I2rJ.jpg,6I2rJ,6L2FJ,0
6538s.jpg,6538s,p5J8x,0
y6w9x.jpg,y6w9x,y6M9x,0
w059t.jpg,w059t,w0591,0
chBhO.jpg,chBhO,cjBm0,0
cTULO.jpg,cTULO,cTUL0,0
73Yp8.jpg,73Yp8,73YpG,0
VpMMm.jpg,VpMMm,vpNFm,0
4lE8c.jpg,4lE8c,4l58c,0
WwFgi.jpg,WwFgi,WbFgC,0
De281.jpg,De281,De281,1
OOI5c.jpg,OOI5c,QUH5c,0
ih7Oc.jpg,ih7Oc,ih7Qc,0
9zGla.jpg,9zGla,9ZGlu,0
5553r.jpg,5553r,P5Jdr,0
cAkCZ.jpg,cAkCZ,sAkC7,0
Gv9mo.jpg,Gv9mo,GX9mo,0
OHP8X.jpg,OHP8X,ChP8X,0
I06mH.jpg,I06mH,I08mH,0
q0513.jpg,q0513,qOk13,0
56y6Z.jpg,56y6Z,5Sy6Z,0
vGu65.jpg,vGu65,vCy6H,0
e50Vf.jpg,e50Vf,e5AVf,0
3ZBbz.jpg,3ZBbz,3ZEbz,0
iq3Qh.jpg,iq3Qh,ig3Oh,0
h8w4E.jpg,h8w4E,h8uX9,0
fBLwY.jpg,fBLwY,FBZwY,0
2oV98.jpg,2oV98,2aL98,0
ZrHfE.jpg,ZrHfE,ZDHjE,0
DK455.jpg,DK455,DX45c,0
dU9uS.jpg,dU9uS,dU9uR,0
GDx9S.jpg,GDx9S,Gkx9S,0
ZoeMB.jpg,ZoeMB,7osKB,0
4v5Pi.jpg,4v5Pi,4v5Pi,1
MJfu9.jpg,MJfu9,MJFu9,0
rt8Qs.jpg,rt8Qs,rMBQs,0
dqEUu.jpg,dqEUu,PQEUu,0
0i868.jpg,0i868,0i86M,0
P4s4j.jpg,P4s4j,PWSOI,0
J3XUh.jpg,J3XUh,73XUh,0
RT3b8.jpg,RT3b8,RT1bO,0
TlXLf.jpg,TlXLf,TkXEO,0
k2e0e.jpg,k2e0e,k2eQ1,0
m0VU4.jpg,m0VU4,m0VU4,1
MiDsW.jpg,MiDsW,MCDsW,0
x92TJ.jpg,x92TJ,K92TJ,0
1JF6q.jpg,1JF6q,1JF6g,0
h4N41.jpg,h4N41,h42fY,0
7Jfj9.jpg,7Jfj9,7JEj9,0
owCaQ.jpg,owCaQ,oHCaQ,0
4iuE2.jpg,4iuE2,4juE2,0
6i15q.jpg,6i15q,6W15q,0
QS5i0.jpg,QS5i0,OSJ1d,0
2mWIL.jpg,2mWIL,2mWTL,0
b1XV1.jpg,b1XV1,bJXv1,0
G6YsX.jpg,G6YsX,O6VsX,0
XUywk.jpg,XUywk,AOywk,0
xMG3l.jpg,xMG3l,xM03I,0
aT2xM.jpg,aT2xM,aT2xM,1
Jusem.jpg,Jusem,Jus0m,0
z8g8E.jpg,z8g8E,zMq8E,0
u16PI.jpg,u16PI,u16PM,0
0I4u3.jpg,0I4u3,015u2,0
lle8D.jpg,lle8D,hTe8P,0
2ibMX.jpg,2ibMX,2IuMX,0
mz249.jpg,mz249,MC249,0
OUe74.jpg,OUe74,CHe74,0
d322U.jpg,d322U,c3k2H,0
4x9dd.jpg,4x9dd,4x9Dm,0
9vW0y.jpg,9vW0y,9vH0y,0
RZD8F.jpg,RZD8F,RZhaO,0
78Gvt.jpg,78Gvt,78CVt,0
PkU0y.jpg,PkU0y,fkU0y,0
0t5K8.jpg,0t5K8,015K8,0
Xwsah.jpg,Xwsah,Xwsah,1
O3E6e.jpg,O3E6e,D3E6a,0
zl00d.jpg,zl00d,zX6Dd,0
DyQVR.jpg,DyQVR,ZyOYR,0
5Os7i.jpg,5Os7i,5Os7i,1
z7fWz.jpg,z7fWz,nJfWz,0
nxLl0.jpg,nxLl0,nxG10,0
3dbh8.jpg,3dbh8,3dCH8,0
6Hr89.jpg,6Hr89,5Hr29,0
5jEFK.jpg,5jEFK,5jeFK,0
AOY69.jpg,AOY69,ACV69,0
o6t70.jpg,o6t70,eGr70,0
r54Eq.jpg,r54Eq,r54Eg,0
GV6jD.jpg,GV6jD,QV6fD,0
pSG48.jpg,pSG48,pSC48,0
o8de1.jpg,o8de1,oRde1,0
DJuT7.jpg,DJuT7,DJuf7,0
WJFrE.jpg,WJFrE,UJFeE,0
S4ujW.jpg,S4ujW,S5wjW,0
DlqQh.jpg,DlqQh,D5YQh,0
v7h7f.jpg,v7h7f,vAh7f,0
1y9yk.jpg,1y9yk,1z9Yk,0
3N9NK.jpg,3N9NK,3NCw5,0
KL9A0.jpg,KL9A0,KL9AQ,0
12iO4.jpg,12iO4,12lBS,0
9OOiM.jpg,9OOiM,9OqrM,0
bJ097.jpg,bJ097,bJA27,0
n2398.jpg,n2398,K2398,0
UF80B.jpg,UF80B,UF80N,0
07aZt.jpg,07aZt,07aZf,0
143N5.jpg,143N5,L43M5,0
3hj2t.jpg,3hj2t,3hj7t,0
8SHQm.jpg,8SHQm,85Htm,0
k9hwO.jpg,k9hwO,k9h7D,0
hL66J.jpg,hL66J,hY5eJ,0
KD4a9.jpg,KD4a9,KD4a9,1
4X9H1.jpg,4X9H1,4X9H1,1
7F2w8.jpg,7F2w8,7Fpw8,0
6o7qc.jpg,6o7qc,6o1gc,0
LHUYE.jpg,LHUYE,lAsYE,0
1C17G.jpg,1C17G,ncJ7G,0
6uo96.jpg,6uo96,Fup96,0
4EAuF.jpg,4EAuF,4EJvf,0
5Fsoi.jpg,5Fsoi,5FsOi,0
eS49S.jpg,eS49S,eS4j8,0
Sh4vZ.jpg,Sh4vZ,ShvwP,0
56CP1.jpg,56CP1,56CM1,0
GU3f8.jpg,GU3f8,Gn3f8,0
Tqbhc.jpg,Tqbhc,fybnc,0
cB15T.jpg,cB15T,cB15T,1
61pAY.jpg,61pAY,G1pAY,0
e0r7B.jpg,e0r7B,aUi7B,0
95xB7.jpg,95xB7,95XB7,0
20Uyl.jpg,20Uyl,20Ayi,0
HB8BO.jpg,HB8BO,McsBQ,0
fi63V.jpg,fi63V,fi63Q,0
4YjBV.jpg,4YjBV,4yjBV,0
3uRyv.jpg,3uRyv,3uRyv,1
lE5Kl.jpg,lE5Kl,rE5XL,0
hEFF8.jpg,hEFF8,hLFv8,0
9eOzm.jpg,9eOzm,9oOFm,0
tL4Yy.jpg,tL4Yy,tm4Xy,0
729aK.jpg,729aK,C29uK,0
hd2J8.jpg,hd2J8,bq2J8,0
2Mkud.jpg,2Mkud,2Mkud,1
104Zd.jpg,104Zd,103Zd,0
z7dau.jpg,z7dau,zYdau,0
44rJU.jpg,44rJU,q1rJD,0
37KjR.jpg,37KjR,97KJR,0
7l7T1.jpg,7l7T1,zQ2T1,0
I1s6W.jpg,I1s6W,I7s6W,0
ZUf0S.jpg,ZUf0S,ZWfQS,0
Y8CSl.jpg,Y8CSl,Y3QSl,0
HoXrY.jpg,HoXrY,2oXrV,0
w0J9c.jpg,w0J9c,wOJ9c,0
6cT5p.jpg,6cT5p,6J75p,0
4P3Ap.jpg,4P3Ap,4P3kc,0
D9WFl.jpg,D9WFl,D9WFl,1
911xq.jpg,911xq,9P1xg,0
HR5tj.jpg,HR5tj,MR5tj,0
sD2t5.jpg,sD2t5,sD215,0
N3yg3.jpg,N3yg3,N3yg4,0
hX5jm.jpg,hX5jm,hX5iv,0
NUp9t.jpg,NUp9t,MEp91,0
g7H44.jpg,g7H44,g7MAd,0
22q5S.jpg,22q5S,2uq5C,0
i92t4.jpg,i92t4,iO2t4,0
91m2M.jpg,91m2M,91G2M,0
otAI4.jpg,otAI4,otAJw,0
GI3Ao.jpg,GI3Ao,Cl3Ao,0
r83pI.jpg,r83pI,M93Pl,0
Kl02S.jpg,Kl02S,H1025,0
51X0s.jpg,51X0s,5TX0w,0
B4Kb1.jpg,B4Kb1,B4kb1,0
a36se.jpg,a36se,a36rp,0
KRDRr.jpg,KRDRr,Kl9ku,0
RC0WV.jpg,RC0WV,Rc0hV,0
wlP1o.jpg,wlP1o,WfP10,0
ebHk2.jpg,ebHk2,eZHk9,0
0102L.jpg,0102L,0jQ2L,0
OPM5O.jpg,OPM5O,OFH5c,0
KAeo1.jpg,KAeo1,KAno1,0
k0QtZ.jpg,k0QtZ,k0ct7,0
638bJ.jpg,638bJ,638mi,0
245h3.jpg,245h3,Z45H3,0
N0La1.jpg,N0La1,H0Ea1,0
nm2Ah.jpg,nm2Ah,om7Ak,0
o8M63.jpg,o8M63,e8H63,0
988R6.jpg,988R6,j81Re,0
tK4YG.jpg,tK4YG,lKsYG,0
Y7e8J.jpg,Y7e8J,YZc8J,0
uYmFq.jpg,uYmFq,uVAFq,0
idp33.jpg,idp33,I4MS3,0
22vgZ.jpg,22vgZ,23vc7,0
x7I4a.jpg,x7I4a,x7F4a,0
Yc79W.jpg,Yc79W,Yk79W,0
SO6ZR.jpg,SO6ZR,Se6ZR,0
676D7.jpg,676D7,6PHD7,0
4hXPW.jpg,4hXPW,4CXFW,0
s5340.jpg,s5340,cm940,0
58OST.jpg,58OST,XpDST,0
tBs36.jpg,tBs36,tnS36,0
7WpNp.jpg,7WpNp,7AyNr,0
CGbcE.jpg,CGbcE,rGheE,0
ZjZzC.jpg,ZjZzC,ZjH2C,0
KPr7k.jpg,KPr7k,HPCZk,0
Ozd7x.jpg,Ozd7x,Ozd7X,0
MOPi6.jpg,MOPi6,H0Pi6,0
4GIn6.jpg,4GIn6,4GIa5,0
4a4i1.jpg,4a4i1,4wqi1,0
8t6MJ.jpg,8t6MJ,8t6mJ,0
n35i1.jpg,n35i1,n35Z1,0
AK05j.jpg,AK05j,AK051,0
KEyTO.jpg,KEyTO,HEqTO,0
0cMrQ.jpg,0cMrQ,0eMj4,0
gKGG7.jpg,gKGG7,qKGV7,0
0QQ3Y.jpg,0QQ3Y,uDQ3V,0
44P0D.jpg,44P0D,A4F0K,0
URYOX.jpg,URYOX,URYoX,0
35STD.jpg,35STD,3hSyD,0
v7sl0.jpg,v7sl0,V75I0,0
vvd8y.jpg,vvd8y,1vd8A,0
4oxQz.jpg,4oxQz,4oXQz,0
Qpua2.jpg,Qpua2,Qpwa2,0
SgUUH.jpg,SgUUH,5zUBH,0
23i7f.jpg,23i7f,2Pu7f,0
64301.jpg,64301,643Ut,0
aY02y.jpg,aY02y,aY02x,0
5eXWI.jpg,5eXWI,5cXW1,0
4O39t.jpg,4O39t,4OB9I,0
s1654.jpg,s1654,zI654,0
6hNg7.jpg,6hNg7,6hNgz,0
QuC3j.jpg,QuC3j,QuC3j,1
BWA4D.jpg,BWA4D,BWACD,0
Ho601.jpg,Ho601,Hc601,0
DGY28.jpg,DGY28,DCY28,0
4jb5T.jpg,4jb5T,4jb5T,1
J5B5t.jpg,J5B5t,J5Bhr,0
9OD4F.jpg,9OD4F,9Oi4J,0
x6hlr.jpg,x6hlr,X6hLr,0
vpBR6.jpg,vpBR6,vpERC,0
Byv6s.jpg,Byv6s,HjvGs,0
Fb58m.jpg,Fb58m,Fb58m,1
fjTy5.jpg,fjTy5,fjTg5,0
yy4i7.jpg,yy4i7,xJ4I7,0
hR2gz.jpg,hR2gz,hF2gz,0
Wm8o0.jpg,Wm8o0,V18e0,0
uOt0G.jpg,uOt0G,uOtAG,0
Eh617.jpg,Eh617,Eh6I7,0
qROR6.jpg,qROR6,gkQ86,0
H0iCq.jpg,H0iCq,H0iCq,1
CuE5S.jpg,CuE5S,Cul4S,0
lTrLp.jpg,lTrLp,iTrMp,0
C079d.jpg,C079d,C079d,1
7s2FN.jpg,7s2FN,7s2FH,0
6tequ.jpg,6tequ,6Tequ,0
vPiCu.jpg,vPiCu,vPiCa,0
5SvCG.jpg,5SvCG,5SnCT,0
viqMu.jpg,viqMu,vIOMu,0
9pvdw.jpg,9pvdw,3pvcM,0
u0296.jpg,u0296,u02f6,0
zN1ZH.jpg,zN1ZH,ze1ZH,0
9C5nZ.jpg,9C5nZ,9C5mZ,0
YfAgi.jpg,YfAgi,YFAgi,0
7411D.jpg,7411D,Z4f1D,0
oYqEu.jpg,oYqEu,DYqEu,0
7Py25.jpg,7Py25,7Pyz5,0
8Q9eB.jpg,8Q9eB,8Q9fB,0
Xd59N.jpg,Xd59N,Xc59N,0
vp9Iy.jpg,vp9Iy,VP9h7,0
Jo0uU.jpg,Jo0uU,JeQnU,0
4u7lH.jpg,4u7lH,4m7lH,0
ceJny.jpg,ceJny,cAJmy,0
8O4sU.jpg,8O4sU,8O4rU,0
1l2ty.jpg,1l2ty,Tl2Fy,0
AJSn2.jpg,AJSn2,AJSv2,0
yhHmq.jpg,yhHmq,ybHmq,0
6lWwj.jpg,6lWwj,6luwy,0
y47zH.jpg,y47zH,v47zH,0
Ie856.jpg,Ie856,1e856,0
d378e.jpg,d378e,4S78e,0
XlsRr.jpg,XlsRr,XVsRr,0
v65sN.jpg,v65sN,v65tH,0
L6979.jpg,L6979,L6Qx9,0
SwQ2p.jpg,SwQ2p,SMC2p,0
p3dU6.jpg,p3dU6,p3dH6,0
0eLDj.jpg,0eLDj,9zLDj,0
4Jlck.jpg,4Jlck,4JCzk,0
H268T.jpg,H268T,f26aT,0
y1M3r.jpg,y1M3r,vTM3r,0
4951H.jpg,4951H,4851H,0
8hh69.jpg,8hh69,8hLCJ,0
K4OxY.jpg,K4OxY,H4DxV,0
QRSNh.jpg,QRSNh,ORSNJ,0
IH1TO.jpg,IH1TO,IH4aO,0
nkHZg.jpg,nkHZg,nkH2g,0
z4C50.jpg,z4C50,z4K50,0
s0edD.jpg,s0edD,x0edD,0
bA6yS.jpg,bA6yS,bA6w9,0
8uBmI.jpg,8uBmI,8VBml,0
2VIQ4.jpg,2VIQ4,2VIQ4,1
Jwupo.jpg,Jwupo,JZupc,0
sASFn.jpg,sASFn,sXStn,0
s0u6W.jpg,s0u6W,f0u6W,0
u4bTf.jpg,u4bTf,u4bTl,0
kMx47.jpg,kMx47,kMx47,1
02p9b.jpg,02p9b,d2P9b,0
MnhsS.jpg,MnhsS,MmlsS,0
l36jL.jpg,l36jL,I36jM,0
Ox56v.jpg,Ox56v,0x56v,0
z6e5r.jpg,z6e5r,z6mTr,0
Sf8x8.jpg,Sf8x8,Sfdx8,0
o9RJM.jpg,o9RJM,e9FJM,0
sH1qz.jpg,sH1qz,sH1gz,0
kwL10.jpg,kwL10,kwL40,0
nQ988.jpg,nQ988,mQ9z8,0
YuU94.jpg,YuU94,YeH94,0
EhJT3.jpg,EhJT3,EbJ73,0
2Qb4F.jpg,2Qb4F,2Gb4F,0
38SGz.jpg,38SGz,J8S6Z,0
7fuGA.jpg,7fuGA,ZfuGA,0
774iA.jpg,774iA,J24CA,0
0ll0i.jpg,0ll0i,0476R,0
vT5lk.jpg,vT5lk,vT57k,0
uZj24.jpg,uZj24,uFj24,0
6RT4y.jpg,6RT4y,6Rm4y,0
hrl8r.jpg,hrl8r,hrl8g,0
w94qY.jpg,w94qY,w94QN,0
g3898.jpg,g3898,13698,0
439nL.jpg,439nL,439mI,0
1go7T.jpg,1go7T,1go7T,1
A1WA7.jpg,A1WA7,ACWR7,0
620Il.jpg,620Il,62uIr,0
2n0jx.jpg,2n0jx,2n0jx,1
WT0h4.jpg,WT0h4,wT0hs,0
6i1V6.jpg,6i1V6,GF1V6,0
t640M.jpg,t640M,t54QM,0
f1L1n.jpg,f1L1n,frbJn,0
u3esZ.jpg,u3esZ,H3e5Z,0
jY7EZ.jpg,jY7EZ,j3rBZ,0
nym6j.jpg,nym6j,nyZ6j,0
9Yfn2.jpg,9Yfn2,tY9n2,0
lbP7V.jpg,lbP7V,tbF7V,0
32ZPL.jpg,32ZPL,32ZPt,0
8Pj5w.jpg,8Pj5w,8Pj5C,0
WEe2w.jpg,WEe2w,WFa2y,0
7F2NL.jpg,7F2NL,7u2NL,0
Yg24G.jpg,Yg24G,Vm246,0
WSGGM.jpg,WSGGM,W5CgM,0
lk9FC.jpg,lk9FC,LK9FC,0
nTdw3.jpg,nTdw3,nFdw3,0
4nglK.jpg,4nglK,4axlA,0
1Dj6y.jpg,1Dj6y,ADj6y,0
Djbb7.jpg,Djbb7,DjbX7,0
Agq3y.jpg,Agq3y,Agm3Y,0
jvDOn.jpg,jvDOn,1vpOn,0
Cu25Z.jpg,Cu25Z,Cu25Z,1
9h432.jpg,9h432,9b432,0
Y5HAz.jpg,Y5HAz,Y5HAz,1
1556F.jpg,1556F,yb56F,0
p8g9e.jpg,p8g9e,p8g9m,0
jDj7j.jpg,jDj7j,j0k7I,0
YpJ3N.jpg,YpJ3N,YpJ3M,0
6Z2UA.jpg,6Z2UA,6Z2UA,1
KMSt1.jpg,KMSt1,FMSt1,0
7SNPF.jpg,7SNPF,7SNPf,0
MQ192.jpg,MQ192,MQ192,1
17d95.jpg,17d95,17d95,1
gc8RC.jpg,gc8RC,go8RC,0
Z7OOe.jpg,Z7OOe,f9GOn,0
H4iVd.jpg,H4iVd,H4IVa,0
NoH6m.jpg,NoH6m,VoE6m,0
03DHa.jpg,03DHa,JZDKa,0
dQ0s8.jpg,dQ0s8,dQ7sX,0
YHHDy.jpg,YHHDy,TKlDy,0
j4qn3.jpg,j4qn3,I4Vn3,0
CpMgi.jpg,CpMgi,CPMg1,0
kOw89.jpg,kOw89,kCm89,0
BKsqi.jpg,BKsqi,BKsQi,0
Y21Au.jpg,Y21Au,Y21Au,1
ue61t.jpg,ue61t,ue6Xt,0
gUx1r.jpg,gUx1r,aDx1r,0
YI55g.jpg,YI55g,YlR5q,0
Z0q0W.jpg,Z0q0W,2Ia0H,0
SSmOU.jpg,SSmOU,fSmOU,0
D3900.jpg,D3900,D390M,0
0QO07.jpg,0QO07,6qaM7,0
rNbeq.jpg,rNbeq,rKbeg,0
03T9i.jpg,03T9i,03Twi,0
m2Ih8.jpg,m2Ih8,mCIh8,0
7R3u6.jpg,7R3u6,1K3m6,0
B0GtS.jpg,B0GtS,B0Gl5,0
3KCB1.jpg,3KCB1,3KCBY,0
4wx63.jpg,4wx63,4wx6J,0
5R25X.jpg,5R25X,iR2JX,0
rw3Mk.jpg,rw3Mk,rw3Mk,1
K3HXQ.jpg,K3HXQ,K3HXC,0
66KJg.jpg,66KJg,6wRJg,0
YUK68.jpg,YUK68,YOK68,0
pq4gJ.jpg,pq4gJ,pq4KJ,0
3Y1T1.jpg,3Y1T1,3Y4K1,0
8WSj2.jpg,8WSj2,8wSj2,0
1HK4a.jpg,1HK4a,1HK4a,1
92tji.jpg,92tji,92Tjy,0
2PoiS.jpg,2PoiS,2P0iS,0
lB9c2.jpg,lB9c2,189c2,0
mekjJ.jpg,mekjJ,mekjJ,1
45zfg.jpg,45zfg,25zEg,0
098iF.jpg,098iF,09BjF,0
3Qyhw.jpg,3Qyhw,3CyAw,0
2ko99.jpg,2ko99,2Mo9D,0
6qv5U.jpg,6qv5U,6ar5H,0
81Z4U.jpg,81Z4U,RTZ4U,0
UdR8D.jpg,UdR8D,UdRzD,0
D40ON.jpg,D40ON,D4pCN,0
g25Gw.jpg,g25Gw,e75GW,0
NJEQu.jpg,NJEQu,HJEDu,0
45d89.jpg,45d89,45U89,0
0v1bG.jpg,0v1bG,Qv1bG,0
tNu80.jpg,tNu80,fNsvG,0
caO17.jpg,caO17,caOK7,0
0ai6u.jpg,0ai6u,Q2Y6u,0
sz49o.jpg,sz49o,sz49o,1
6G8X6.jpg,6G8X6,bC3Mo,0
YiRhr.jpg,YiRhr,VZBhr,0
307IR.jpg,307IR,307rR,0
jW0Ei.jpg,jW0Ei,JW0Ei,0
PfL05.jpg,PfL05,PfL05,1
Gj37u.jpg,Gj37u,6H37u,0
0K20g.jpg,0K20g,QK265,0
1mM6c.jpg,1mM6c,1nM6c,0
mqHNV.jpg,mqHNV,mgHNV,0
1lgih.jpg,1lgih,TfgUh,0
qRZcv.jpg,qRZcv,qRZH9,0
Uw66p.jpg,Uw66p,UW63P,0
ExG26.jpg,ExG26,EXC26,0
z33NP.jpg,z33NP,zQ3KF,0
dOcAF.jpg,dOcAF,JOrAF,0
ZwEeo.jpg,ZwEeo,ZWFeo,0
62IL7.jpg,62IL7,62Iu7,0
YDpNO.jpg,YDpNO,YzpNO,0
Z25rG.jpg,Z25rG,H25rG,0
NbJ0G.jpg,NbJ0G,NbJZC,0
uk14L.jpg,uk14L,uk14C,0
x8h3X.jpg,x8h3X,r8h3Y,0
bKAm8.jpg,bKAm8,5H4m3,0
tKvpi.jpg,tKvpi,IKvpA,0
n3k3S.jpg,n3k3S,y3kIV,0
e0GgZ.jpg,e0GgZ,eUGg7,0
10dmE.jpg,10dmE,10dmE,1
1EiFd.jpg,1EiFd,1EZPa,0
j2GUc.jpg,j2GUc,j2GWc,0
95Htw.jpg,95Htw,95Wtw,0
3Z6AZ.jpg,3Z6AZ,3ZvA7,0
M7XGQ.jpg,M7XGQ,M7x6Q,0
vds8s.jpg,vds8s,vK78s,0
vTRo4.jpg,vTRo4,vTRe4,0
OmUah.jpg,OmUah,QmUah,0
Bfda7.jpg,Bfda7,Zfdz7,0
U6fga.jpg,U6fga,U69ga,0
VkBPc.jpg,VkBPc,VkBPc,1
44g5b.jpg,44g5b,41gPb,0
EoH3p.jpg,EoH3p,EoH3p,1
0Uz87.jpg,0Uz87,0U287,0
XxR3M.jpg,XxR3M,XzP3M,0
ZleOw.jpg,ZleOw,ZjeOw,0
1c3jU.jpg,1c3jU,1C2LU,0
0980Y.jpg,0980Y,c98A7,0
2WXEC.jpg,2WXEC,2WXEC,1
OlV73.jpg,OlV73,0IV73,0
0J8cX.jpg,0J8cX,018cK,0
584m0.jpg,584m0,584m0,1
83ivl.jpg,83ivl,85evl,0
j229v.jpg,j229v,jxT9u,0
77Mct.jpg,77Mct,72Mct,0
D0Wt4.jpg,D0Wt4,D0Vf4,0
o6JW9.jpg,o6JW9,o6JH9,0
tc7jG.jpg,tc7jG,vc7IG,0
W2pM8.jpg,W2pM8,U2pf8,0
8T6H7.jpg,8T6H7,8TGH7,0
ao25K.jpg,ao25K,aC23K,0
rT4YE.jpg,rT4YE,vT4YE,0
6xcTO.jpg,6xcTO,6xc1O,0
E0Pkt.jpg,E0Pkt,E0PK1,0
FEu22.jpg,FEu22,jEuZ3,0
QF08X.jpg,QF08X,Qko8X,0
LbWol.jpg,LbWol,74Woi,0
3S89B.jpg,3S89B,3HC9B,0
Q43ks.jpg,Q43ks,Q43ks,1
EuUhe.jpg,EuUhe,ExUhe,0
4I2PW.jpg,4I2PW,4I2PW,1
rxPM6.jpg,rxPM6,rxPH5,0
SfZGz.jpg,SfZGz,NfZ4a,0
ZLUJG.jpg,ZLUJG,ZLU3G,0
O64sp.jpg,O64sp,O61sp,0
8v785.jpg,8v785,8u7x5,0
uZT1z.jpg,uZT1z,uZTf3,0
z621T.jpg,z621T,z62HT,0
2zm6x.jpg,2zm6x,2cM6x,0
5d0Mr.jpg,5d0Mr,5J0H7,0
48F0Y.jpg,48F0Y,48F0Y,1
Zj6f5.jpg,Zj6f5,2j6v5,0
3xYeK.jpg,3xYeK,zxYcK,0
7zWsD.jpg,7zWsD,7cWZD,0
5Y3hF.jpg,5Y3hF,5Y3hP,0
YNE1i.jpg,YNE1i,YNC3i,0
X408N.jpg,X408N,X40GN,0
Jj3mZ.jpg,Jj3mZ,JQ3mZ,0
1v4hE.jpg,1v4hE,1v4hE,1
wtNd0.jpg,wtNd0,wfNd0,0
33EI3.jpg,33EI3,30EIq,0
0n6pE.jpg,0n6pE,Oh6pE,0
ood4M.jpg,ood4M,Cod4i,0
TAHhj.jpg,TAHhj,TAHhJ,0
STqp9.jpg,STqp9,STqM9,0
1XzJT.jpg,1XzJT,1KzJT,0
EQpjZ.jpg,EQpjZ,NOejZ,0
0BeFe.jpg,0BeFe,U3n1Z,0
N8sa6.jpg,N8sa6,N9sJ6,0
qagCX.jpg,qagCX,q3gCX,0
o42S2.jpg,o42S2,o42mC,0
3QUSG.jpg,3QUSG,JQH9G,0
Nh8EW.jpg,Nh8EW,Nk3EW,0
UWq1a.jpg,UWq1a,KRqN3,0
p6lP8.jpg,p6lP8,p61R3,0
sRIg3.jpg,sRIg3,sUIq3,0
XYjpv.jpg,XYjpv,XYCpv,0
0i63j.jpg,0i63j,0t63H,0
uDKXL.jpg,uDKXL,vDRXL,0
DIL9s.jpg,DIL9s,DIL9n,0
4xrr7.jpg,4xrr7,4XrcH,0
WLwEv.jpg,WLwEv,WLSEv,0
26Dbk.jpg,26Dbk,2YD5k,0
Mf2me.jpg,Mf2me,Mf2m4,0
b77fP.jpg,b77fP,bZ7fw,0
9o662.jpg,9o662,9oRb2,0
3T8zz.jpg,3T8zz,3TNZz,0
7sG6E.jpg,7sG6E,7aC9E,0
C0246.jpg,C0246,E074G,0
60xwE.jpg,60xwE,60xWE,0
KWybE.jpg,KWybE,KmybE,0
wr6KY.jpg,wr6KY,wr6SY,0
5n5zi.jpg,5n5zi,SM62I,0
9M06p.jpg,9M06p,9X06p,0
NFTKp.jpg,NFTKp,NETKp,0
3Nw3p.jpg,3Nw3p,3Nw2p,0
kN10Y.jpg,kN10Y,kM10V,0
y3uqp.jpg,y3uqp,y3uqP,0
Hp1Iq.jpg,Hp1Iq,Hp1Cg,0
s2F0K.jpg,s2F0K,S2E0H,0
GegwY.jpg,GegwY,G1qwY,0
e1a66.jpg,e1a66,e1KG5,0
DEc02.jpg,DEc02,DEs02,0
dSjU9.jpg,dSjU9,d5jU9,0
yFt9M.jpg,yFt9M,yFt3H,0
rQ2Ou.jpg,rQ2Ou,rh2Ou,0
06iCG.jpg,06iCG,051CG,0
577z6.jpg,577z6,5j1zG,0
XZjY5.jpg,XZjY5,XZjr6,0
8DUhu.jpg,8DUhu,8DMhq,0
lENv3.jpg,lENv3,1ENv3,0
osct2.jpg,osct2,uscI2,0
PDh1f.jpg,PDh1f,P0h1f,0
7iD1g.jpg,7iD1g,7CD1g,0
8LqO0.jpg,8LqO0,85qU0,0
694N4.jpg,694N4,69uNk,0
25Ty1.jpg,25Ty1,25Tv1,0
S8t0T.jpg,S8t0T,S8i0T,0
Rz48N.jpg,Rz48N,Pz48N,0
8FQpE.jpg,8FQpE,3MQpE,0
rfqZI.jpg,rfqZI,rfdZL,0
PlGpc.jpg,PlGpc,PaGpc,0
GHIGD.jpg,GHIGD,BHICD,0
1jVO4.jpg,1jVO4,ljV0A,0
lk9Xb.jpg,lk9Xb,1k9vb,0
B1vrp.jpg,B1vrp,G1Vrp,0
zjQzX.jpg,zjQzX,7pWcX,0
q1Ewx.jpg,q1Ewx,q1Ewx,1
B4K0X.jpg,B4K0X,B4k0X,0
wPW4p.jpg,wPW4p,wPN4p,0
yaz6D.jpg,yaz6D,yaz6H,0
Ig0pz.jpg,Ig0pz,Ig0pz,1
7Mhn0.jpg,7Mhn0,7Nhn0,0
8p13T.jpg,8p13T,6pW3T,0
3U5uP.jpg,3U5uP,3U5uP,1
PQcpj.jpg,PQcpj,PQxnj,0
9h4x8.jpg,9h4x8,Ph7x6,0
Ge537.jpg,Ge537,OnBV7,0
46c9w.jpg,46c9w,16c9w,0
3dL9E.jpg,3dL9E,3dLKE,0
vLu37.jpg,vLu37,vkG37,0
7J4Qx.jpg,7J4Qx,7JSOx,0
fRJZz.jpg,fRJZz,fRaZz,0
nq24a.jpg,nq24a,nC24a,0
3p6Kx.jpg,3p6Kx,3p6K7,0
TxwTI.jpg,TxwTI,Tdwtl,0
8U7EN.jpg,8U7EN,8UCFN,0
M739r.jpg,M739r,ML39r,0
2q90M.jpg,2q90M,2q90M,1
ngpO5.jpg,ngpO5,ngJO5,0
5pao5.jpg,5pao5,EP1oS,0
wspxr.jpg,wspxr,wsPxR,0
Uq02h.jpg,Uq02h,Ug02h,0
SJylh.jpg,SJylh,SJvih,0
cvpto.jpg,cvpto,A4pFo,0
onk7q.jpg,onk7q,onX7q,0
ZElp1.jpg,ZElp1,ZElpY,0
rJR04.jpg,rJR04,r5R04,0
0s5Ld.jpg,0s5Ld,0s5L4,0
E6Fh5.jpg,E6Fh5,Eyrb5,0
lQ626.jpg,lQ626,Iw82G,0
NUY9m.jpg,NUY9m,NcY9m,0
OXg7X.jpg,OXg7X,OXq7M,0
B9Nh9.jpg,B9Nh9,B9Nhw,0
R61a6.jpg,R61a6,RG1a6,0
deZFV.jpg,deZFV,de2fV,0
eUY3H.jpg,eUY3H,eUYZH,0
h757E.jpg,h757E,hZ54E,0
P0JvI.jpg,P0JvI,P0JwI,0
fKPB4.jpg,fKPB4,IK2B4,0
7hw8I.jpg,7hw8I,Xhw8I,0
4E4H6.jpg,4E4H6,4b7H0,0
U32ME.jpg,U32ME,e3XNF,0
9LS7m.jpg,9LS7m,9L57m,0
qI4RO.jpg,qI4RO,nIZRO,0
003lZ.jpg,003lZ,0E3lx,0
i4k5R.jpg,i4k5R,14F5M,0
9oA4E.jpg,9oA4E,9oA4E,1
Cc0R4.jpg,Cc0R4,Cc9H4,0
dTF94.jpg,dTF94,HTr94,0
074Hj.jpg,074Hj,074Wj,0
xNrGq.jpg,xNrGq,jNr9q,0
XQP35.jpg,XQP35,KOE15,0
MSkfZ.jpg,MSkfZ,MSkfZ,1
gi8Xv.jpg,gi8Xv,q18Xv,0
328uV.jpg,328uV,3Z8uV,0
NEhI2.jpg,NEhI2,MEhI2,0
6h7X4.jpg,6h7X4,5h7X4,0
nj7t5.jpg,nj7t5,nj7tS,0
FrokW.jpg,FrokW,Fi0KV,0
q57wF.jpg,q57wF,q57wl,0
NfFz1.jpg,NfFz1,MfDz1,0
lIFT2.jpg,lIFT2,taFT2,0
Gpu6W.jpg,Gpu6W,cpuzN,0
89588.jpg,89588,3918B,0
MMFrE.jpg,MMFrE,AMFrC,0
6i6cW.jpg,6i6cW,G1BcW,0
vyKeK.jpg,vyKeK,vWNeK,0
cz6W7.jpg,cz6W7,c20H7,0
oV9fI.jpg,oV9fI,oH9fL,0
OH1mG.jpg,OH1mG,OH1mS,0
dUL2f.jpg,dUL2f,AUk2f,0
mO9Sd.jpg,mO9Sd,MO75d,0
7s2zp.jpg,7s2zp,7sAzp,0
zj4Fv.jpg,zj4Fv,zi0EV,0
GFW7U.jpg,GFW7U,GIW7U,0
6HRiK.jpg,6HRiK,5URzK,0
E1hfy.jpg,E1hfy,E1bfv,0
vGc84.jpg,vGc84,vGcR4,0
ufo81.jpg,ufo81,uFo81,0
R0pU6.jpg,R0pU6,K0pU6,0
j7FgJ.jpg,j7FgJ,j7FQJ,0
tAzo1.jpg,tAzo1,tAzol,0
25HfC.jpg,25HfC,25HfC,1
rPXe0.jpg,rPXe0,rPHe0,0
i6jDt.jpg,i6jDt,A6jDv,0
xJW3I.jpg,xJW3I,xJW5f,0
p4Z9t.jpg,p4Z9t,pwZ9t,0
6lRUv.jpg,6lRUv,6jRUv,0
eboFU.jpg,eboFU,eX0FU,0
u1xv3.jpg,u1xv3,m1xv3,0
27061.jpg,27061,2706W,0
W8W90.jpg,W8W90,NGW80,0
w29pI.jpg,w29pI,w29pI,1
xVP00.jpg,xVP00,xVEOa,0
ogit8.jpg,ogit8,0gXt8,0
70Ds8.jpg,70Ds8,70bs8,0
d7IG8.jpg,d7IG8,dZiG8,0
5PXne.jpg,5PXne,5PXnW,0
a43GJ.jpg,a43GJ,p43GJ,0
keez3.jpg,keez3,KeLZ3,0
BF18B.jpg,BF18B,BPisZ,0
UM7jG.jpg,UM7jG,WM7lG,0
S1md4.jpg,S1md4,S1md9,0
dTql2.jpg,dTql2,dT9f2,0
gY9zL.jpg,gY9zL,gY97L,0
65Dd8.jpg,65Dd8,6fQd8,0
63Nn1.jpg,63Nn1,63Nw1,0
9rMB4.jpg,9rMB4,9rMB4,1
0243q.jpg,0243q,t245q,0
5U132.jpg,5U132,6U132,0
Y5wV6.jpg,Y5wV6,Y52v6,0
8n14G.jpg,8n14G,8m12C,0
8Ol03.jpg,8Ol03,8Q1d3,0
J0Wjo.jpg,J0Wjo,JCHFe,0
A16Wo.jpg,A16Wo,A16yo,0
HQdC0.jpg,HQdC0,5QdCu,0
L5jTn.jpg,L5jTn,L5jTn,1
JT1DW.jpg,JT1DW,JZfDW,0
5x37Q.jpg,5x37Q,5xk7Q,0
1esMC.jpg,1esMC,1usMC,0
BO9o2.jpg,BO9o2,BO9ez,0
XO70Z.jpg,XO70Z,XQT9Z,0
cg1F5.jpg,cg1F5,cg1X5,0
ZQnp2.jpg,ZQnp2,ZCmp2,0
Oxdp5.jpg,Oxdp5,CXJP5,0
rVM8h.jpg,rVM8h,r7M8b,0
1XY7v.jpg,1XY7v,tXY7v,0
x6e8w.jpg,x6e8w,xAbrw,0
3S2O8.jpg,3S2O8,3K208,0
B6l4s.jpg,B6l4s,HCI4s,0
3ppdB.jpg,3ppdB,3mvzB,0
33qBZ.jpg,33qBZ,3NqBZ,0
JoDtj.jpg,JoDtj,J0D9j,0
M6Qg1.jpg,M6Qg1,MsQg1,0
w02O3.jpg,w02O3,kd2O3,0
A4eAt.jpg,A4eAt,R4wAt,0
9d8Mu.jpg,9d8Mu,9d8Ku,0
M1vc6.jpg,M1vc6,M1vZ6,0
EyWe6.jpg,EyWe6,1vWa6,0
zfJMF.jpg,zfJMF,zfJwF,0
Ywi47.jpg,Ywi47,Ywi47,1
96elf.jpg,96elf,96cjf,0
250MB.jpg,250MB,250xE,0
fpcp4.jpg,fpcp4,fpQb4,0
024fM.jpg,024fM,024IM,0
neKX9.jpg,neKX9,geKX9,0
0pVO5.jpg,0pVO5,opVZ5,0
9Eps7.jpg,9Eps7,9Ems7,0
a5q49.jpg,a5q49,a5qL9,0
4XxFo.jpg,4XxFo,4YxEo,0
Au2l1.jpg,Au2l1,Au2l1,1
1rkBb.jpg,1rkBb,1rkBh,0
PO67o.jpg,PO67o,FO61o,0
OLuHo.jpg,OLuHo,QLyHo,0
M2ORq.jpg,M2ORq,M2CRg,0
9TUW6.jpg,9TUW6,97dW6,0
0r0AX.jpg,0r0AX,Ur0AW,0
86YGU.jpg,86YGU,861GU,0
V5F21.jpg,V5F21,V5E21,0
FdB84.jpg,FdB84,fmB84,0
A45Jk.jpg,A45Jk,A45Jy,0
QxUMS.jpg,QxUMS,axPMS,0
b5IAf.jpg,b5IAf,b5CAf,0
k616z.jpg,k616z,k6YUz,0
9Ek15.jpg,9Ek15,9EA15,0
Q8Fhc.jpg,Q8Fhc,O8ykc,0
U062S.jpg,U062S,M0e2S,0
92N5a.jpg,92N5a,9kN5z,0
jY42K.jpg,jY42K,JY42K,0
EZIR6.jpg,EZIR6,xZIR6,0
217tB.jpg,217tB,217tB,1
3RaEh.jpg,3RaEh,3RaEh,1
bjHN5.jpg,bjHN5,bjHC5,0
Uy0VY.jpg,Uy0VY,Uy0V7,0
i34BO.jpg,i34BO,y34B0,0
Rw7BW.jpg,Rw7BW,xVeBW,0
T6LRn.jpg,T6LRn,T6LRn,1
8Kbyk.jpg,8Kbyk,8Nb4k,0
3rxej.jpg,3rxej,3vxeL,0
ZpO2N.jpg,ZpO2N,weO2M,0
p779P.jpg,p779P,pTLaF,0
99afL.jpg,99afL,59aFL,0
cF59P.jpg,cF59P,CtH9P,0
6g708.jpg,6g708,kq7o8,0
0CuD8.jpg,0CuD8,0CuD3,0
76Z2r.jpg,76Z2r,76R2r,0
7DYbB.jpg,7DYbB,2UYn8,0
950Ks.jpg,950Ks,Z50Hs,0
kOcE6.jpg,kOcE6,NOGt6,0
N5ium.jpg,N5ium,N5lum,0
n4hlG.jpg,n4hlG,p4hIG,0
uP2OB.jpg,uP2OB,uP9QB,0
cxs1Y.jpg,cxs1Y,cxb1Y,0
Gld20.jpg,Gld20,Gld20,1
b9fD3.jpg,b9fD3,h9xD3,0
7r22y.jpg,7r22y,7r2Qv,0
Bpu57.jpg,Bpu57,8Pu57,0
4u1pG.jpg,4u1pG,4uF9C,0
plTF1.jpg,plTF1,pkTF4,0
Q0rfc.jpg,Q0rfc,K0rfc,0
DNz2g.jpg,DNz2g,DNz2g,1
n52lk.jpg,n52lk,m52lU,0
32uiq.jpg,32uiq,32Wig,0
0iwav.jpg,0iwav,0fwAv,0
AuGtJ.jpg,AuGtJ,AuGtJ,1
Xu4oT.jpg,Xu4oT,Xu4MT,0
pq7OT.jpg,pq7OT,pqkSY,0
vYj6W.jpg,vYj6W,zYI6M,0
0PMWR.jpg,0PMWR,0pMVR,0
bQ68h.jpg,bQ68h,bO631,0
mzJ60.jpg,mzJ60,mzJs0,0
QPzwa.jpg,QPzwa,0Fzwa,0
3dZGD.jpg,3dZGD,3d7CD,0
Y3696.jpg,Y3696,V3u96,0
0vE05.jpg,0vE05,pvED5,0
wRN4W.jpg,wRN4W,vRN4W,0
d6EO6.jpg,d6EO6,deEO7,0
65T9r.jpg,65T9r,65L9r,0
68f8W.jpg,68f8W,6BFdH,0
iUXyX.jpg,iUXyX,EUXyA,0
9iDCt.jpg,9iDCt,9rDGt,0
fc0qT.jpg,fc0qT,feAqT,0
I446I.jpg,I446I,YQZ6F,0
sGdK4.jpg,sGdK4,zGdK1,0
yEP3P.jpg,yEP3P,ycR3D,0
0x5n3.jpg,0x5n3,0X5M3,0
99HNN.jpg,99HNN,9qHTN,0
ASsTd.jpg,ASsTd,ASw1d,0
w9Bkn.jpg,w9Bkn,w9Pkn,0
cTr4B.jpg,cTr4B,cTrMB,0
C27SO.jpg,C27SO,L27SO,0
8ZB7p.jpg,8ZB7p,8LR7n,0
1k4ks.jpg,1k4ks,1L4Mc,0
Lx7a1.jpg,Lx7a1,Lx7a1,1
xc864.jpg,xc864,Uc864,0
Qy69E.jpg,Qy69E,QVcnE,0
UANim.jpg,UANim,UANjm,0
J14Ja.jpg,J14Ja,JY4dn,0
l6CND.jpg,l6CND,15CHD,0
lzOEL.jpg,lzOEL,Iz05N,0
co7u6.jpg,co7u6,cN7u6,0
k9Knh.jpg,k9Knh,k9Xzh,0
nu4qr.jpg,nu4qr,nU4qr,0
d5GIo.jpg,d5GIo,N5GIo,0
p9Byt.jpg,p9Byt,p9Byt,1
YTyW7.jpg,YTyW7,YFyK7,0
D3Cmu.jpg,D3Cmu,D3Cmu,1
KXr5w.jpg,KXr5w,KX75v,0
CvAZo.jpg,CvAZo,CvNZo,0
m5Qv5.jpg,m5Qv5,mfQv5,0
35rLr.jpg,35rLr,j5nhf,0
D8k6u.jpg,D8k6u,D8K5u,0
T8W2v.jpg,T8W2v,T8H2v,0
NO5o1.jpg,NO5o1,H05c1,0
9M3PO.jpg,9M3PO,9H3P0,0
96b2l.jpg,96b2l,96b2I,0
8C1sa.jpg,8C1sa,8CIsa,0
QhT5m.jpg,QhT5m,OhV5w,0
71qv3.jpg,71qv3,71Qv3,0
4Rzz4.jpg,4Rzz4,JR2r4,0
44h07.jpg,44h07,e4b07,0
nY57x.jpg,nY57x,nY57G,0
cHpIE.jpg,cHpIE,cHpIE,1
75s0I.jpg,75s0I,75xGI,0
1t8sG.jpg,1t8sG,1tXnG,0
506D9.jpg,506D9,50KDY,0
s7zle.jpg,s7zle,s7HIo,0
ZJn8i.jpg,ZJn8i,ZJm8t,0
4b761.jpg,4b761,4b7G1,0
nnc8r.jpg,nnc8r,nbc8j,0
BM8qP.jpg,BM8qP,BM8nF,0
lamN3.jpg,lamN3,IzmM3,0
pv5bX.jpg,pv5bX,PvGbX,0
GQEM5.jpg,GQEM5,GwhM5,0
3VolL.jpg,3VolL,3VoIE,0
056F0.jpg,056F0,0jOF9,0
AuP7A.jpg,AuP7A,KuP74,0
Q18UR.jpg,Q18UR,QI8UR,0
b2k54.jpg,b2k54,b2kv4,0
sBKT5.jpg,sBKT5,s8K15,0
nl51F.jpg,nl51F,ni5QF,0
lC0V2.jpg,lC0V2,1S0V2,0
2A7Vm.jpg,2A7Vm,2A7Vm,1
InJW7.jpg,InJW7,GnJW7,0
F0Brh.jpg,F0Brh,F0Srh,0
09N4O.jpg,09N4O,69H4O,0
24Q5b.jpg,24Q5b,24C5b,0
q8SKw.jpg,q8SKw,q8SKw,1
14WjL.jpg,14WjL,94WjL,0
9kY51.jpg,9kY51,9hY51,0
aD283.jpg,aD283,wD283,0
sFnU1.jpg,sFnU1,sFnWT,0
zQG5K.jpg,zQG5K,zQN5K,0
zW3o3.jpg,zW3o3,zV3ej,0
nCH5A.jpg,nCH5A,nGH5A,0
P68M9.jpg,P68M9,F08M9,0
93103.jpg,93103,9E103,0
OO2E1.jpg,OO2E1,0n2B1,0
ZMBX1.jpg,ZMBX1,ZMOX1,0
bFKGN.jpg,bFKGN,bEK6N,0
MPZOd.jpg,MPZOd,HPZOd,0
P9NYY.jpg,P9NYY,F9KTV,0
zINPe.jpg,zINPe,Z1AP0,0
8Cdsj.jpg,8Cdsj,8Cusj,0
3y9Yi.jpg,3y9Yi,3y9Yc,0
2n8bJ.jpg,2n8bJ,2r8bJ,0
qn9Wg.jpg,qn9Wg,qu9Nz,0
0u53z.jpg,0u53z,On53z,0
iOgYX.jpg,iOgYX,lQ5VX,0
0z1ct.jpg,0z1ct,0A1cu,0
THbQX.jpg,THbQX,7Hb0X,0
kx0ai.jpg,kx0ai,Ex0aj,0
2K7j4.jpg,2K7j4,2K7r4,0
UbWo4.jpg,UbWo4,UbWe4,0
4734w.jpg,4734w,p73Zw,0
E93tK.jpg,E93tK,593tK,0
eoYiH.jpg,eoYiH,5oOlH,0
hKu7q.jpg,hKu7q,h2u7q,0
6ZZVW.jpg,6ZZVW,6ZJYW,0
dcser.jpg,dcser,HCsor,0
A5Dct.jpg,A5Dct,A5Dc1,0
zy3N2.jpg,zy3N2,py3N2,0
B7Z6I.jpg,B7Z6I,B2Z6j,0
ST7pM.jpg,ST7pM,5TOpM,0
60p7Q.jpg,60p7Q,59E1Q,0
bM3Ci.jpg,bM3Ci,bM3Cf,0
3MOIl.jpg,3MOIl,3M0Fl,0
cEBis.jpg,cEBis,cFW1s,0
37cTz.jpg,37cTz,37cfz,0
VFJc5.jpg,VFJc5,VNJc5,0
dfR9Z.jpg,dfR9Z,dFX0Z,0
C1BCd.jpg,C1BCd,61nC4,0
d3xBm.jpg,d3xBm,d3xBm,1
6jBT9.jpg,6jBT9,OjEi2,0
38k2C.jpg,38k2C,z8kIC,0
jHdB8.jpg,jHdB8,7A0B2,0
Di8ih.jpg,Di8ih,Di8sh,0
YX3u0.jpg,YX3u0,UX3f0,0
nEIwU.jpg,nEIwU,nSlwU,0
Ddsk1.jpg,Ddsk1,Dqsh1,0
08Zm6.jpg,08Zm6,082m5,0
O6bz7.jpg,O6bz7,O6Az7,0
vULy5.jpg,vULy5,wUIy5,0
S1I2V.jpg,S1I2V,S1F6V,0
evh7f.jpg,evh7f,cvk7f,0
zg2Cc.jpg,zg2Cc,Xg2Qc,0
p2T0U.jpg,p2T0U,p21qv,0
1v7uM.jpg,1v7uM,fv7nM,0
ICCnb.jpg,ICCnb,1COnb,0
jxgx1.jpg,jxgx1,jxpZl,0
RF0Gp.jpg,RF0Gp,xF0Gp,0
OA5O1.jpg,OA5O1,OA5Z1,0
42yWE.jpg,42yWE,42ycL,0
y6kmv.jpg,y6kmv,y6kmZ,0
Ko3Tf.jpg,Ko3Tf,Ke37f,0
8GHUT.jpg,8GHUT,8GZUT,0
I78SX.jpg,I78SX,I78SX,1
7A3b7.jpg,7A3b7,7A3bw,0
XPexI.jpg,XPexI,XNcxI,0
D48N5.jpg,D48N5,D48M5,0
AQ5B8.jpg,AQ5B8,Af5R8,0
8Lkh4.jpg,8Lkh4,o7ih4,0
Jz4nb.jpg,Jz4nb,Jz4mb,0
7O4ef.jpg,7O4ef,7D4cI,0
te9Yh.jpg,te9Yh,Te9Yh,0
e0sWo.jpg,e0sWo,eJ5Wo,0
u7fxk.jpg,u7fxk,o7fxh,0
Jzdf0.jpg,Jzdf0,Tzdf0,0
UPw3F.jpg,UPw3F,UPW31,0
y43j0.jpg,y43j0,y43E0,0
oBYJX.jpg,oBYJX,QBYJX,0
SPnaF.jpg,SPnaF,SPmaI,0
D12Z7.jpg,D12Z7,DI2K7,0
U17K2.jpg,U17K2,UI7KS,0
ayCv0.jpg,ayCv0,anCv0,0
rxsql.jpg,rxsql,rxSq1,0
s2wr4.jpg,s2wr4,s2wr4,1
vM56V.jpg,vM56V,uMEIV,0
cUC0I.jpg,cUC0I,eUC01,0
I2ke5.jpg,I2ke5,I2KO5,0
c62Ki.jpg,c62Ki,w62K1,0
Y73V3.jpg,Y73V3,YE3Vv,0
5KKIs.jpg,5KKIs,6NH1s,0
567QO.jpg,567QO,567Q0,0
N59eo.jpg,N59eo,M59to,0
n1UC4.jpg,n1UC4,nIUC4,0
n44J3.jpg,n44J3,nV4J3,0
kQ5S2.jpg,kQ5S2,kQ5S2,1
7xPuG.jpg,7xPuG,4xPnG,0
73Wn6.jpg,73Wn6,73Wnc,0
0hqDt.jpg,0hqDt,oh4Dr,0
OZ2Om.jpg,OZ2Om,U72GN,0
m5tqt.jpg,m5tqt,m57qt,0
V2Tlk.jpg,V2Tlk,VZTMk,0
28rsJ.jpg,28rsJ,28rVJ,0
R9O54.jpg,R9O54,K9051,0
MzdWG.jpg,MzdWG,MzdW9,0
MlM0s.jpg,MlM0s,MIw0s,0
d8pM4.jpg,d8pM4,d3pM4,0
GWF4h.jpg,GWF4h,CWFzh,0
CF7N0.jpg,CF7N0,rFzN0,0
MMgo9.jpg,MMgo9,MBdz9,0
q1Mmh.jpg,q1Mmh,q1Mrh,0
Oi874.jpg,Oi874,Of874,0
aLJzE.jpg,aLJzE,aLJzB,0
G7BGR.jpg,G7BGR,e1BGR,0
2Y76Q.jpg,2Y76Q,2V76O,0
e575V.jpg,e575V,ek75V,0
nt7Ka.jpg,nt7Ka,ht7Ke,0
2EPoi.jpg,2EPoi,SEPok,0
H8L24.jpg,H8L24,H8L24,1
nb5KP.jpg,nb5KP,nb5Ip,0
uJmMn.jpg,uJmMn,uJQMn,0
0m91h.jpg,0m91h,0m91b,0
80VDa.jpg,80VDa,80VZa,0
3uHZk.jpg,3uHZk,jwHZk,0
ItWv0.jpg,ItWv0,ItWv0,1
8OlPN.jpg,8OlPN,8wfPN,0
mqiFk.jpg,mqiFk,mg6FK,0
dJvuV.jpg,dJvuV,d1vuY,0
3XaN9.jpg,3XaN9,3XaM9,0
5bwz8.jpg,5bwz8,5bwJC,0
46p7T.jpg,46p7T,4cp7J,0
t5YmO.jpg,t5YmO,f5Tm0,0
35rt4.jpg,35rt4,35nk4,0
si8Ol.jpg,si8Ol,sH80I,0
4XXp5.jpg,4XXp5,4IXP5,0
10kKk.jpg,10kKk,10hKg,0
9qoQm.jpg,9qoQm,9q2Om,0
svJF0.jpg,svJF0,svJEO,0
SLWH9.jpg,SLWH9,6lwH9,0
4z58Y.jpg,4z58Y,4z58V,0
4SE14.jpg,4SE14,4SbMR,0
y2Nld.jpg,y2Nld,y2Nfd,0
0SZPW.jpg,0SZPW,0SePW,0
gOd7q.jpg,gOd7q,rC47q,0
lw8Lc.jpg,lw8Lc,jw8Nc,0
1t1Wg.jpg,1t1Wg,JCTWg,0
rv4xR.jpg,rv4xR,rv4kP,0
jUg3c.jpg,jUg3c,1Ug3c,0
15D7l.jpg,15D7l,15M7r,0
EdxCc.jpg,EdxCc,E3xGe,0
jeHj7.jpg,jeHj7,jeHV7,0
yI1W6.jpg,yI1W6,yl1W6,0
tjQGO.jpg,tjQGO,tjWGe,0
bR80W.jpg,bR80W,bR8yW,0
5u8x7.jpg,5u8x7,5cUx7,0
RiJE1.jpg,RiJE1,RcJz1,0
1Yv71.jpg,1Yv71,zXu7l,0
K4NUx.jpg,K4NUx,Z4NOr,0
FdIJG.jpg,FdIJG,FdXJG,0
5Ee2O.jpg,5Ee2O,5Le20,0
xau09.jpg,xau09,Xau05,0
6THFW.jpg,6THFW,6TH2W,0
7yVk8.jpg,7yVk8,7mVk8,0
6oajQ.jpg,6oajQ,6pa1Q,0
KL3hs.jpg,KL3hs,RL3hu,0
8R3IV.jpg,8R3IV,8A3lV,0
4B0Jd.jpg,4B0Jd,4B0Jc,0
i0Ti6.jpg,i0Ti6,JMTi6,0
ZjN71.jpg,ZjN71,CjN71,0
7yxGu.jpg,7yxGu,FyXGu,0
jDU4c.jpg,jDU4c,jBU4c,0
4SIQe.jpg,4SIQe,4SFOe,0
e60zy.jpg,e60zy,eS0zy,0
9xORz.jpg,9xORz,91ORz,0
Ho72i.jpg,Ho72i,Hv78C,0
koFc3.jpg,koFc3,koHc3,0
dc3E6.jpg,dc3E6,dc3f6,0
CF7oC.jpg,CF7oC,GF7nO,0
qED6C.jpg,qED6C,qjD6C,0
KFVdq.jpg,KFVdq,XFVdG,0
wqYE4.jpg,wqYE4,wqYE8,0
Id45T.jpg,Id45T,1dx5T,0
r0h1a.jpg,r0h1a,r9b1a,0
QZ827.jpg,QZ827,hZ827,0
M0Lus.jpg,M0Lus,MPius,0
bj436.jpg,bj436,bI436,0
b94A3.jpg,b94A3,rT4A5,0
CTi45.jpg,CTi45,GTi45,0
oihFo.jpg,oihFo,nihFy,0
cgZ50.jpg,cgZ50,XgZ50,0
OluR6.jpg,OluR6,3InR6,0
Y4m65.jpg,Y4m65,V4H65,0
Sb9FJ.jpg,Sb9FJ,Sb21J,0
9Nx1u.jpg,9Nx1u,9Nx1u,1
k0nDu.jpg,k0nDu,k0MDu,0
446a5.jpg,446a5,Y46a5,0
MmG5j.jpg,MmG5j,MmC5i,0
11Qho.jpg,11Qho,tFCbo,0
7pHO8.jpg,7pHO8,7pH08,0
M6oVk.jpg,M6oVk,H8oVk,0
tl2e6.jpg,tl2e6,tIRe6,0
a21W3.jpg,a21W3,M2jW3,0
0Ao4m.jpg,0Ao4m,UAe4m,0
46pOX.jpg,46pOX,46pQX,0
5Slyo.jpg,5Slyo,ASlyo,0
f904B.jpg,f904B,I9m4B,0
12TJy.jpg,12TJy,u2TJy,0
g3Uw6.jpg,g3Uw6,azUw6,0
zt688.jpg,zt688,zt68u,0
97QU4.jpg,97QU4,97QUk,0
7CE39.jpg,7CE39,7CE34,0
U1PoX.jpg,U1PoX,U1PoX,1
Zc974.jpg,Zc974,ZcUy4,0
CBLe6.jpg,CBLe6,CBL2S,0
293KV.jpg,293KV,293RV,0
l2saE.jpg,l2saE,IZsaE,0
V8f74.jpg,V8f74,V3fZ4,0
e7szW.jpg,e7szW,O7KzW,0
hHykC.jpg,hHykC,h4ykC,0
7ZvXb.jpg,7ZvXb,9Lvxb,0
SQc4i.jpg,SQc4i,SXv4f,0
d039n.jpg,d039n,d039W,0
Cc15z.jpg,Cc15z,9cI5z,0
Pkq8P.jpg,Pkq8P,fKQ4P,0
59cr2.jpg,59cr2,W9er2,0
684j5.jpg,684j5,684I5,0
1R7E3.jpg,1R7E3,uR7E3,0
0l1Zs.jpg,0l1Zs,0l7Ev,0
Y124p.jpg,Y124p,Y1C4p,0
628cw.jpg,628cw,623fm,0
r6KKQ.jpg,r6KKQ,76KmO,0
szGze.jpg,szGze,H2Gze,0
kb4BD.jpg,kb4BD,kb4BD,1
qqw92.jpg,qqw92,QCN92,0
J8h5f.jpg,J8h5f,J8h5f,1
bLP94.jpg,bLP94,KLF94,0
wHzSD.jpg,wHzSD,vHZ5D,0
DePgx.jpg,DePgx,mcJax,0
j5OZM.jpg,j5OZM,h5DZM,0
l8TyD.jpg,l8TyD,i8TyD,0
cM62j.jpg,cM62j,cMG2j,0
2ixlz.jpg,2ixlz,26xL3,0
08oz1.jpg,08oz1,08cz1,0
Ny2Go.jpg,Ny2Go,Kv2Co,0
Mru0P.jpg,Mru0P,MXg9P,0
7kCX6.jpg,7kCX6,1k0X6,0
11a9P.jpg,11a9P,r1a9P,0
d8LpO.jpg,d8LpO,d8kPO,0
ZS1h0.jpg,ZS1h0,2S1b0,0
Eh088.jpg,Eh088,EhOsB,0
ZF6Hi.jpg,ZF6Hi,2F6Hl,0
m13H0.jpg,m13H0,m13NC,0
dmzN9.jpg,dmzN9,dmzN9,1
t5pk0.jpg,t5pk0,tnpX0,0
OMFTV.jpg,OMFTV,0HFTV,0
9J4cW.jpg,9J4cW,9J4cW,1
FG2AI.jpg,FG2AI,FGmAl,0
Gd9V5.jpg,Gd9V5,Cd9VF,0
47apY.jpg,47apY,47apV,0
rxmu7.jpg,rxmu7,FXmU7,0
0DI5t.jpg,0DI5t,0RI5z,0
s9Z88.jpg,s9Z88,e9Zx8,0
aQWZo.jpg,aQWZo,aQWZo,1
O8rRe.jpg,O8rRe,D8rRd,0
8If40.jpg,8If40,8Ifx0,0
28NYy.jpg,28NYy,o8NYy,0
J2Hkk.jpg,J2Hkk,JZHkL,0
Ich16.jpg,Ich16,lwh16,0
0jR78.jpg,0jR78,0hR78,0
1YAyk.jpg,1YAyk,1SAyk,0
hvQV6.jpg,hvQV6,hvOV6,0
1uB2S.jpg,1uB2S,1uBAS,0
f0E57.jpg,f0E57,f0B57,0
t9ZHa.jpg,t9ZHa,C9ZHa,0
xVxi0.jpg,xVxi0,wV310,0
Pp3K0.jpg,Pp3K0,Pp3KU,0
9P0UZ.jpg,9P0UZ,6P1WZ,0
sxh1u.jpg,sxh1u,sxh1u,1
1S6j4.jpg,1S6j4,1S6j4,1
95lvz.jpg,95lvz,95lvN,0
P429o.jpg,P429o,Ru29o,0
67242.jpg,67242,e7N42,0
paOLm.jpg,paOLm,P3OIm,0
37dI6.jpg,37dI6,s7dF6,0
9XAd9.jpg,9XAd9,8XACO,0
BegXm.jpg,BegXm,BLoXm,0
6iur8.jpg,6iur8,OiMr8,0
b2p7k.jpg,b2p7k,U2P1K,0
lCGm0.jpg,lCGm0,IeGm0,0
g47u1.jpg,g47u1,g47uj,0
6UUuX.jpg,6UUuX,6UQuX,0
M1mYX.jpg,M1mYX,MlmCX,0
6pH4K.jpg,6pH4K,6pH4x,0
7cYaF.jpg,7cYaF,NcYaF,0
5ZR1q.jpg,5ZR1q,52R1a,0
8klt4.jpg,8klt4,8Xl14,0
iU8Ve.jpg,iU8Ve,jU8Ye,0
kmNTW.jpg,kmNTW,GmtTW,0
B4J8e.jpg,B4J8e,x4J8e,0
x43i8.jpg,x43i8,x4Gi8,0
EEphr.jpg,EEphr,COpWr,0
i8GT1.jpg,i8GT1,c8GP1,0
K05IV.jpg,K05IV,X05lV,0
Es2e6.jpg,Es2e6,Es2e6,1
x8nr0.jpg,x8nr0,x8nrU,0
amewd.jpg,amewd,ameYd,0
LfoaW.jpg,LfoaW,LfoaW,1
850q8.jpg,850q8,xjUy4,0
4i1UX.jpg,4i1UX,4r1DX,0
x2lTR.jpg,x2lTR,x2lyR,0
Lm9k5.jpg,Lm9k5,Lm9k5,1
2t07Z.jpg,2t07Z,Ato7Z,0
63W8t.jpg,63W8t,63Wmt,0
S3347.jpg,S3347,S3N47,0
zAZfB.jpg,zAZfB,5AZ1B,0
uLuB5.jpg,uLuB5,yLr85,0
5e94M.jpg,5e94M,5c94H,0
d0CSh.jpg,d0CSh,d0CSh,1
bhg3H.jpg,bhg3H,PWg3K,0
OVQ0U.jpg,OVQ0U,DY49U,0
UNT3E.jpg,UNT3E,UN93F,0
itncr.jpg,itncr,jfnSr,0
TZE00.jpg,TZE00,TZMOa,0
bY2k4.jpg,bY2k4,bv2k4,0
59tfL.jpg,59tfL,59Vfh,0
iu32l.jpg,iu32l,ju32h,0
q6HjW.jpg,q6HjW,q6RjW,0
1tv1O.jpg,1tv1O,1MvfO,0
7hXDT.jpg,7hXDT,7SXDT,0
yZ2Il.jpg,yZ2Il,yZ2IL,0
ytl8j.jpg,ytl8j,yTLRJ,0
a1Dkz.jpg,a1Dkz,a1DRz,0
CB2wE.jpg,CB2wE,CB2wF,0
9cQ3K.jpg,9cQ3K,9cQ3K,1
2vv97.jpg,2vv97,2vX97,0
mm26m.jpg,mm26m,mA2Vh,0
C44QE.jpg,C44QE,GZ4QE,0
HzGQI.jpg,HzGQI,HzGe1,0
17P1q.jpg,17P1q,57F1a,0
BeWs7.jpg,BeWs7,BeM57,0
27zU9.jpg,27zU9,27zH9,0
g39u7.jpg,g39u7,g39m7,0
iqQCz.jpg,iqQCz,IqQSz,0
DK2KO.jpg,DK2KO,DM2yO,0
5c447.jpg,5c447,5c4NY,0
ftAw7.jpg,ftAw7,fCAw7,0
C0AtF.jpg,C0AtF,C0AzF,0
Edc46.jpg,Edc46,EUC46,0
0eFn2.jpg,0eFn2,OeFm2,0
6B1j7.jpg,6B1j7,ORfj7,0
I43iq.jpg,I43iq,V43lq,0
319c6.jpg,319c6,31ycb,0
39hS0.jpg,39hS0,x7hS0,0
YFpu7.jpg,YFpu7,VfDw7,0
EKyoM.jpg,EKyoM,EKyoA,0
E3fEi.jpg,E3fEi,K0kEi,0
SnzN1.jpg,SnzN1,SnzNf,0
I65ir.jpg,I65ir,lG5Hv,0
kS3fP.jpg,kS3fP,k53fP,0
u9cQ2.jpg,u9cQ2,g9cW7,0
CBi69.jpg,CBi69,CW169,0
ki9Kx.jpg,ki9Kx,hc9Kx,0
C6i2D.jpg,C6i2D,Cui2D,0
0J9R1.jpg,0J9R1,0y9Rt,0
Zk8A7.jpg,Zk8A7,Zk8A7,1
Q23Cx.jpg,Q23Cx,O28fx,0
gJeQ6.jpg,gJeQ6,ZJeO6,0
WG927.jpg,WG927,WG921,0
5e9l7.jpg,5e9l7,5e9i7,0
La85x.jpg,La85x,La85n,0
e6g54.jpg,e6g54,e6g5X,0
v8fzX.jpg,v8fzX,9oizX,0
4n364.jpg,4n364,qm36A,0
hPPah.jpg,hPPah,kPYab,0
u1K4X.jpg,u1K4X,u9K4X,0
7YTgX.jpg,7YTgX,7LTqX,0
94447.jpg,94447,941t7,0
31IkS.jpg,31IkS,3yhkS,0
m8zuM.jpg,m8zuM,m8zYM,0
614pv.jpg,614pv,614pv,1
Q2D94.jpg,Q2D94,Q2D94,1
Ni12t.jpg,Ni12t,HjT2E,0
bLiz0.jpg,bLiz0,bLrz0,0
1a64y.jpg,1a64y,1n64y,0
uWuJD.jpg,uWuJD,bWvJD,0
Q1o4T.jpg,Q1o4T,Qzo4T,0
7ikMz.jpg,7ikMz,7jkMQ,0
RUf5h.jpg,RUf5h,RU15h,0
J642R.jpg,J642R,J642H,0
9CdSY.jpg,9CdSY,9Cd5Y,0
5xDnq.jpg,5xDnq,57Dnq,0
8Mdh2.jpg,8Mdh2,8xDhZ,0
y9z2Y.jpg,y9z2Y,uJx2Y,0
fJ21F.jpg,fJ21F,OJ21F,0
77NI5.jpg,77NI5,TOAf5,0
ye5Y9.jpg,ye5Y9,yE5m9,0
xRAW0.jpg,xRAW0,xF4V0,0
0KH64.jpg,0KH64,DxH64,0
koDO2.jpg,koDO2,1qDC2,0
Rt0v9.jpg,Rt0v9,KI0z9,0
J7ngu.jpg,J7ngu,J7mxw,0
4FG8F.jpg,4FG8F,4PCRF,0
yf5gs.jpg,yf5gs,yfMgs,0
wozjO.jpg,wozjO,wdzjO,0
ylWmW.jpg,ylWmW,ylZnW,0
1UuJ3.jpg,1UuJ3,1UwJ3,0
oskZG.jpg,oskZG,osH76,0
yf27e.jpg,yf27e,yf27e,1
0WFi6.jpg,0WFi6,0WFJ6,0
4Zy42.jpg,4Zy42,bZVK2,0
NLnDh.jpg,NLnDh,NsnDh,0
9a2X3.jpg,9a2X3,Ca2K3,0
7C0HS.jpg,7C0HS,7F0H5,0
8Lxi8.jpg,8Lxi8,dLNi8,0
30gta.jpg,30gta,30gLa,0
8Gbz0.jpg,8Gbz0,8GYz0,0
S7P86.jpg,S7P86,S7P86,1
6A9WO.jpg,6A9WO,6A3W0,0
fi4WP.jpg,fi4WP,fr4WP,0
6xj2Z.jpg,6xj2Z,6vj2Z,0
C0yr2.jpg,C0yr2,H0yr2,0
ie41T.jpg,ie41T,fe4YT,0
8bDXD.jpg,8bDXD,8hBxD,0
R6O04.jpg,R6O04,R5OV1,0
krDX6.jpg,krDX6,K1DX5,0
27gMo.jpg,27gMo,21qMp,0
Iw449.jpg,Iw449,Iwa49,0
2qpLe.jpg,2qpLe,2ypLO,0
Y685a.jpg,Y685a,Y625a,0
DjI6T.jpg,DjI6T,DsH6T,0
ig22L.jpg,ig22L,iSZ2U,0
jAkqz.jpg,jAkqz,JAkgz,0
d6C9w.jpg,d6C9w,d6C9w,1
5x0r5.jpg,5x0r5,5xQrb,0
jt9DH.jpg,jt9DH,jt9DH,1
pkBBj.jpg,pkBBj,pkSGy,0
M4VOy.jpg,M4VOy,M4VOu,0
ezVpZ.jpg,ezVpZ,ezVHZ,0
ZPLXs.jpg,ZPLXs,APLXs,0
JkLK2.jpg,JkLK2,JVLKz,0
6P75o.jpg,6P75o,GP150,0
Vdcst.jpg,Vdcst,MdZ51,0
djPm7.jpg,djPm7,JQPm7,0
4Q2Qs.jpg,4Q2Qs,4Q2Hs,0
w8IFk.jpg,w8IFk,w8TCk,0
DN56r.jpg,DN56r,DN561,0
r6vj2.jpg,r6vj2,r6Vj2,0
uDyja.jpg,uDyja,uDyjZ,0
9eT3y.jpg,9eT3y,9cTWy,0
c0nP7.jpg,c0nP7,c0uP7,0
GpYTy.jpg,GpYTy,CpMTy,0
j5yjM.jpg,j5yjM,j5q0M,0
qb9CC.jpg,qb9CC,qb4GC,0
802k8.jpg,802k8,SO2kx,0
66y5P.jpg,66y5P,6UyjP,0
JXxnx.jpg,JXxnx,JV4nx,0
uZv30.jpg,uZv30,uZF30,0
rlvm0.jpg,rlvm0,rlVm0,0
jGC4t.jpg,jGC4t,j9Cst,0
jkYQe.jpg,jkYQe,jkYmc,0
3663V.jpg,3663V,PU63V,0
3XUJh.jpg,3XUJh,3NUJh,0
BZ6l9.jpg,BZ6l9,RZ6l9,0
tV59Q.jpg,tV59Q,rV59Q,0
kRJV2.jpg,kRJV2,kRJV2,1
mAUKX.jpg,mAUKX,mAUKX,1
GYE14.jpg,GYE14,GYBl4,0
fjtd9.jpg,fjtd9,Fjtd9,0
o61TF.jpg,o61TF,o6MTf,0
Tpvc3.jpg,Tpvc3,Tpyc3,0
v9h1E.jpg,v9h1E,V9h1E,0
OWxQZ.jpg,OWxQZ,sWXQZ,0
Oe6w0.jpg,Oe6w0,OE6Xu,0
5YO8b.jpg,5YO8b,5V08b,0
eBx27.jpg,eBx27,eBx27,1
G784k.jpg,G784k,C784K,0
36O25.jpg,36O25,J6k25,0
3l1D4.jpg,3l1D4,3E1m4,0
hy1eH.jpg,hy1eH,by1cH,0
6J4fu.jpg,6J4fu,6J4FU,0
WXoxi.jpg,WXoxi,UXezI,0
13xVr.jpg,13xVr,13xVn,0
BScYi.jpg,BScYi,AScYi,0
v8pRI.jpg,v8pRI,v8pVI,0
A2PI1.jpg,A2PI1,H2PT1,0
ryqo7.jpg,ryqo7,rfMo7,0
OkM8u.jpg,OkM8u,0kM8u,0
8Lf5n.jpg,8Lf5n,8Lf5n,1
D0rs5.jpg,D0rs5,DXrs5,0
tWzws.jpg,tWzws,1VZm5,0
q94hp.jpg,q94hp,q9Zhp,0
23lBO.jpg,23lBO,23IBO,0
k101v.jpg,k101v,KJ01v,0
A279B.jpg,A279B,A279E,0
x4l00.jpg,x4l00,xZl8O,0
34ikh.jpg,34ikh,34Ckh,0
2IUGg.jpg,2IUGg,21UCa,0
pPe82.jpg,pPe82,pHa32,0
7Uc07.jpg,7Uc07,7Uc0S,0
wN4Vu.jpg,wN4Vu,xA4Vu,0
9gbO4.jpg,9gbO4,9Zvr4,0
j0xA0.jpg,j0xA0,iuxAH,0
ez1Ut.jpg,ez1Ut,ezJUR,0
xdi4m.jpg,xdi4m,XdI4m,0
kF7xl.jpg,kF7xl,kF7xf,0
76nvi.jpg,76nvi,70NVi,0
rzsg3.jpg,rzsg3,Czsg3,0
s0I9O.jpg,s0I9O,sMI9U,0
Slc5w.jpg,Slc5w,Slc7w,0
r61Lf.jpg,r61Lf,x6tKj,0
mmc70.jpg,mmc70,K1c7D,0
OZ882.jpg,OZ882,DZkd2,0
itok8.jpg,itok8,jvok3,0
xgB8H.jpg,xgB8H,XqD6H,0
ZNooO.jpg,ZNooO,ZNuoO,0
t68l4.jpg,t68l4,t5MZ4,0
wD3mx.jpg,wD3mx,CD3mx,0
88FHm.jpg,88FHm,gBtHm,0
XU0X9.jpg,XU0X9,TuOx9,0
Qmsh0.jpg,Qmsh0,Qm2C0,0
05uL4.jpg,05uL4,05uL4,1
3zc5H.jpg,3zc5H,3vc5H,0
dFx9g.jpg,dFx9g,dFx9o,0
C0Eld.jpg,C0Eld,C0Eld,1
81zyY.jpg,81zyY,6LzyY,0
51647.jpg,51647,5I647,0
D0iJ7.jpg,D0iJ7,D0fJ7,0
hQIqo.jpg,hQIqo,NqLGo,0
ERgaK.jpg,ERgaK,ERgaK,1
JE26V.jpg,JE26V,JE25V,0
Jj8k1.jpg,Jj8k1,Jj8AT,0
Soa0t.jpg,Soa0t,5oA0t,0
C3PhY.jpg,C3PhY,C3PKY,0
e0b7X.jpg,e0b7X,n0b7X,0
8JroD.jpg,8JroD,8MroD,0
TG76Q.jpg,TG76Q,VG75Q,0
W2b2n.jpg,W2b2n,V9b2m,0
LqQ4c.jpg,LqQ4c,IqO4c,0
5p1g0.jpg,5p1g0,5p1qO,0
3HmIt.jpg,3HmIt,3Znjt,0
T09Te.jpg,T09Te,T09ke,0
K2wRh.jpg,K2wRh,K2wRh,1
b5HF5.jpg,b5HF5,bKHF5,0
rJE08.jpg,rJE08,rJE08,1
AvjW1.jpg,AvjW1,AvbW1,0
lU3Jz.jpg,lU3Jz,f03Jz,0
9yXzt.jpg,9yXzt,9yXzf,0
ggFpy.jpg,ggFpy,9grpU,0
jSGoQ.jpg,jSGoQ,jS6yl,0
X6c95.jpg,X6c95,X6l95,0
579te.jpg,579te,5W9ta,0
3VYr0.jpg,3VYr0,3VTf0,0
zb2u5.jpg,zb2u5,zb2H5,0
1DcU1.jpg,1DcU1,yDcUA,0
7nT5l.jpg,7nT5l,7nT5k,0
hQ9Z1.jpg,hQ9Z1,HC9Z1,0
WV484.jpg,WV484,WC48a,0
27iMW.jpg,27iMW,27iMW,1
9GRkA.jpg,9GRkA,9grKA,0
P4VWy.jpg,P4VWy,F4VWy,0
MCc4o.jpg,MCc4o,HPc4o,0
ORk1b.jpg,ORk1b,ORLab,0
J911W.jpg,J911W,J91qW,0
w91ss.jpg,w91ss,u913c,0
E0u6F.jpg,E0u6F,B0uzj,0
0466h.jpg,0466h,U485h,0
zHe3a.jpg,zHe3a,7He3a,0
84eu3.jpg,84eu3,84eu3,1
16e8Y.jpg,16e8Y,15e8Y,0
jn4C3.jpg,jn4C3,jm4C3,0
f930H.jpg,f930H,7930H,0
4d06V.jpg,4d06V,Xd0nV,0
Dm5qF.jpg,Dm5qF,Dm5gF,0
SMP0M.jpg,SMP0M,5MFOJ,0
W0zLR.jpg,W0zLR,h0zLB,0
3Z6vE.jpg,3Z6vE,3Z6vE,1
7VT9Y.jpg,7VT9Y,7VT9A,0
fIZ9Z.jpg,fIZ9Z,f1z9R,0
218I0.jpg,218I0,218k0,0
71Y75.jpg,71Y75,71VO5,0
ERWr7.jpg,ERWr7,Eghr7,0
cdw50.jpg,cdw50,Zdw50,0
q2WA1.jpg,q2WA1,rZWT1,0
HTdU0.jpg,HTdU0,H5dU0,0
Cr5nD.jpg,Cr5nD,C15mD,0
7698v.jpg,7698v,7698v,1
492Jh.jpg,492Jh,492Jb,0
kf2pT.jpg,kf2pT,Kf2pT,0
gZ7pL.jpg,gZ7pL,GZ7PY,0
kq1JT.jpg,kq1JT,kq1JT,1
t2dx7.jpg,t2dx7,t2dX7,0
02Ym4.jpg,02Ym4,02Ym4,1
08bgw.jpg,08bgw,0kbqw,0
AU890.jpg,AU890,AUpYo,0
zCvie.jpg,zCvie,zCvjW,0
LAPuh.jpg,LAPuh,LAFvh,0
8t19r.jpg,8t19r,6tJ9r,0
80977.jpg,80977,809W7,0
05969.jpg,05969,059xl,0
wtBP9.jpg,wtBP9,M1BP9,0
0i3LP.jpg,0i3LP,0v3LP,0
G8pDl.jpg,G8pDl,C8pD1,0
S6607.jpg,S6607,SK607,0
cHh97.jpg,cHh97,cHvP7,0
19Qz8.jpg,19Qz8,190x6,0
XRG4q.jpg,XRG4q,XRC4q,0
NrYWD.jpg,NrYWD,NrYWD,1
r423i.jpg,r423i,rU23f,0
IJpVW.jpg,IJpVW,fJpVW,0
oJR2z.jpg,oJR2z,oJk2V,0
821n3.jpg,821n3,Q21nz,0
q2ksD.jpg,q2ksD,a2KsD,0
u7Ywa.jpg,u7Ywa,b7YWa,0
0jF03.jpg,0jF03,CjIb3,0
IP6BT.jpg,IP6BT,lP6Bn,0
c8joT.jpg,c8joT,U8joT,0
IGePg.jpg,IGePg,1CeFg,0
dFxzA.jpg,dFxzA,dFx2A,0
qX836.jpg,qX836,gX236,0
i2Z04.jpg,i2Z04,i2Y04,0
2544X.jpg,2544X,2g4zH,0
5WoVf.jpg,5WoVf,5We4f,0
zq8O8.jpg,zq8O8,ZqSCK,0
l937o.jpg,l937o,l937m,0
jZknc.jpg,jZknc,1ZkmC,0
FQzTa.jpg,FQzTa,FQ2Ka,0
AmjEY.jpg,AmjEY,Qm5EY,0
43W3v.jpg,43W3v,45M3v,0
ee41Z.jpg,ee41Z,aQ4TZ,0
T0Wa9.jpg,T0Wa9,j0Ma9,0
pFIuW.jpg,pFIuW,2FIuW,0
Ym92k.jpg,Ym92k,Tm92k,0
0ELl1.jpg,0ELl1,0KLl4,0
2emyT.jpg,2emyT,2CkzT,0
SWcQY.jpg,SWcQY,5WcQY,0
h4gt4.jpg,h4gt4,9xTfo,0
s0uI8.jpg,s0uI8,s0ul8,0
kB280.jpg,kB280,kBZ90,0
JE91N.jpg,JE91N,JE91H,0
4F6UD.jpg,4F6UD,TF6UD,0
t0IjL.jpg,t0IjL,t0IjL,1
dpfFo.jpg,dpfFo,dAyFo,0
G7t9E.jpg,G7t9E,C7f9E,0
cY413.jpg,cY413,cY4I3,0
22hpQ.jpg,22hpQ,x2hpC,0
32X9Z.jpg,32X9Z,3WXuZ,0
t3ldn.jpg,t3ldn,f3Ldn,0
0M1G0.jpg,0M1G0,qM1G8,0
c5zyZ.jpg,c5zyZ,c5zyU,0
iwcXx.jpg,iwcXx,lmcXx,0
bv255.jpg,bv255,hv2A5,0
3oa2P.jpg,3oa2P,3oA2B,0
ftur4.jpg,ftur4,fturH,0
03J0T.jpg,03J0T,q3kDT,0
2Fj8F.jpg,2Fj8F,2Fj8b,0
f8wt4.jpg,f8wt4,fgvj4,0
bTm5Q.jpg,bTm5Q,bTH5O,0
Y2xG8.jpg,Y2xG8,I2xC8,0
vBPC0.jpg,vBPC0,vBPCM,0
3xpbg.jpg,3xpbg,3xFbg,0
4Ri65.jpg,4Ri65,4Ri6a,0
6UMKK.jpg,6UMKK,1UMHK,0
4unfK.jpg,4unfK,4unFK,0
eIu5V.jpg,eIu5V,elq5V,0
GROGG.jpg,GROGG,GHDcz,0
21Ad1.jpg,21Ad1,2jAdt,0
5562R.jpg,5562R,5T62E,0
7uVGz.jpg,7uVGz,7uV6z,0
k9MXu.jpg,k9MXu,k9MXu,1
txPkl.jpg,txPkl,rxPKj,0
1V4ec.jpg,1V4ec,1Vhpc,0
7OiqW.jpg,7OiqW,7OjqW,0
xlhBy.jpg,xlhBy,xihBy,0
nQ2yZ.jpg,nQ2yZ,N02Y7,0
kWEH7.jpg,kWEH7,kWeK3,0
cMbVT.jpg,cMbVT,cMhVT,0
1GjY6.jpg,1GjY6,1GnY6,0
323QC.jpg,323QC,3Z9Oc,0
984XH.jpg,984XH,964XH,0
gX3gD.jpg,gX3gD,gX3ot,0
ex0Jd.jpg,ex0Jd,eX0Jd,0
v0OW3.jpg,v0OW3,v0ew1,0
7AE14.jpg,7AE14,7AEj4,0
t8Jgz.jpg,t8Jgz,t8Hqz,0
J3hAW.jpg,J3hAW,k3PAW,0
06BK0.jpg,06BK0,26BKu,0
93NEO.jpg,93NEO,93MEZ,0
5ECJE.jpg,5ECJE,5PC1E,0
4CgW9.jpg,4CgW9,4C2m9,0
Iy4t6.jpg,Iy4t6,jY4t5,0
84536.jpg,84536,81536,0
Y1m41.jpg,Y1m41,TR54l,0
tq99u.jpg,tq99u,tg9jn,0
vNCx3.jpg,vNCx3,vA0x3,0
cHJxm.jpg,cHJxm,CNJxm,0
TljaY.jpg,TljaY,T6jaY,0
3p6Q6.jpg,3p6Q6,3p5QG,0
UjBJS.jpg,UjBJS,UkBJ5,0
iWvaU.jpg,iWvaU,iWvaU,1
5KVQr.jpg,5KVQr,5KVO1,0
xp12J.jpg,xp12J,xN12J,0
LGq55.jpg,LGq55,2Gq5B,0
MrmL7.jpg,MrmL7,MrWL7,0
6LR60.jpg,6LR60,hiR60,0
WI6wm.jpg,WI6wm,WI8wn,0
iAhrt.jpg,iAhrt,eAHRT,0
XKjZ7.jpg,XKjZ7,XKIz7,0
8ydhg.jpg,8ydhg,8yakg,0
JJMD7.jpg,JJMD7,fXMD7,0
xFOx3.jpg,xFOx3,xFOA3,0
FIaU0.jpg,FIaU0,FTaU0,0
73Ho5.jpg,73Ho5,73ko5,0
gi124.jpg,gi124,Ri124,0
Xh44m.jpg,Xh44m,Xh48v,0
PisVc.jpg,PisVc,PAsVc,0
F1yY2.jpg,F1yY2,B1uY2,0
oOvpr.jpg,oOvpr,oOVpr,0
n5xA6.jpg,n5xA6,pjxA6,0
FCfo9.jpg,FCfo9,FCLpU,0
Uhat1.jpg,Uhat1,SHaTi,0
fujAz.jpg,fujAz,fwjAz,0
s3kR9.jpg,s3kR9,s3LR9,0
klr97.jpg,klr97,klw9j,0
39eyJ.jpg,39eyJ,39EyJ,0
s3n90.jpg,s3n90,s3m9O,0
Vf5n1.jpg,Vf5n1,2f5n1,0
EzDZR.jpg,EzDZR,EvDZR,0
62P6D.jpg,62P6D,62PwU,0
DYVCF.jpg,DYVCF,DzVCF,0
5wZ67.jpg,5wZ67,5WZ81,0
CcrpX.jpg,CcrpX,GcMpX,0
D2D6x.jpg,D2D6x,D2u6X,0
TXWnd.jpg,TXWnd,TfWnd,0
Z8uaw.jpg,Z8uaw,Z8uaW,0
TR247.jpg,TR247,TR247,1
1A0y1.jpg,1A0y1,lZ0yT,0
p5gSP.jpg,p5gSP,phgS2,0
dmE7A.jpg,dmE7A,dmF7A,0
fsEt4.jpg,fsEt4,faEt4,0
IxloF.jpg,IxloF,IX4oF,0
acZ9Q.jpg,acZ9Q,acZ9Q,1
m6E6h.jpg,m6E6h,w5fCh,0
15eJN.jpg,15eJN,15OJN,0
x2d9C.jpg,x2d9C,X2d9C,0
FGCl5.jpg,FGCl5,FwCJ5,0
4Y8l5.jpg,4Y8l5,4Y8D5,0
dN78N.jpg,dN78N,d578N,0
F4jCO.jpg,F4jCO,F4jCD,0
Iiikp.jpg,Iiikp,9rlKP,0
kGFRJ.jpg,kGFRJ,kGFRJ,1
1qtjC.jpg,1qtjC,YqtjC,0
3fxK5.jpg,3fxK5,3fsH5,0
2WqBZ.jpg,2WqBZ,2Va87,0
LI4pu.jpg,LI4pu,Lf4Du,0
I2mJi.jpg,I2mJi,I2mJO,0
0u45Y.jpg,0u45Y,0u45Y,1
2b874.jpg,2b874,2b67N,0
5S1b3.jpg,5S1b3,5G1b3,0
UX55p.jpg,UX55p,UX35p,0
V8LTM.jpg,V8LTM,VaLTM,0
SyVF9.jpg,SyVF9,5yVF9,0
w3zhu.jpg,w3zhu,w3zhu,1
j1776.jpg,j1776,JWTz6,0
vQtaw.jpg,vQtaw,vQtaW,0
ZyLMk.jpg,ZyLMk,ZyCMk,0
li81v.jpg,li81v,Mr81v,0
I4gaD.jpg,I4gaD,I4g7D,0
OG2y8.jpg,OG2y8,Dc2J8,0
TwFpS.jpg,TwFpS,VwEpS,0
61isz.jpg,61isz,61Psz,0
FuDNz.jpg,FuDNz,FuBNz,0
PQDMr.jpg,PQDMr,PQD1r,0
C704H.jpg,C704H,C704H,1
l4aA9.jpg,l4aA9,I4aA9,0
kFN7z.jpg,kFN7z,kJN7u,0
K3m12.jpg,K3m12,KsmTZ,0
4Hz56.jpg,4Hz56,4Hz56,1
83k6P.jpg,83k6P,83kXP,0
5sXel.jpg,5sXel,5AXel,0
2n2vg.jpg,2n2vg,Pn2Ig,0
966C1.jpg,966C1,9Bpc1,0
43EZ9.jpg,43EZ9,n3EZ9,0
9aZ9d.jpg,9aZ9d,YaZ1d,0
2H8RE.jpg,2H8RE,2H8Pe,0
sb4Xt.jpg,sb4Xt,sb4Xr,0
LfwrV.jpg,LfwrV,Lfw6V,0
9u9fk.jpg,9u9fk,9m5FK,0
2NEuB.jpg,2NEuB,2NFuB,0
MUcOi.jpg,MUcOi,KUcOf,0
Pd3hI.jpg,Pd3hI,P03A1,0
3fH4W.jpg,3fH4W,3fH4V,0
CNE72.jpg,CNE72,CHET2,0
U9iS3.jpg,U9iS3,UBj53,0
4k8fw.jpg,4k8fw,4kdfD,0
Zlk62.jpg,Zlk62,zjk52,0
2ubTl.jpg,2ubTl,2ubTt,0
y88XK.jpg,y88XK,y82XK,0
4c0V6.jpg,4c0V6,4rmV6,0
prXMy.jpg,prXMy,pCXMy,0
rPDLl.jpg,rPDLl,rB0LT,0
09dZQ.jpg,09dZQ,09HZQ,0
1b0ig.jpg,1b0ig,1b0ka,0
G2PYR.jpg,G2PYR,C2fYR,0
ecGlC.jpg,ecGlC,ecGIZ,0
6oIFy.jpg,6oIFy,6ujFy,0
WCh5l.jpg,WCh5l,WCh5f,0
jc4JW.jpg,jc4JW,jC4TW,0
BA1Vi.jpg,BA1Vi,BAfVi,0
q1k9U.jpg,q1k9U,qak9U,0
tm5s7.jpg,tm5s7,fm5s7,0
T3YQB.jpg,T3YQB,13Y0B,0
t64Mi.jpg,t64Mi,t64My,0
Me9wy.jpg,Me9wy,Ne9wy,0
mISo1.jpg,mISo1,mFSe1,0
fI486.jpg,fI486,fJ496,0
jGmUw.jpg,jGmUw,f6mUw,0
HGK0E.jpg,HGK0E,HGx0E,0
S1Q8c.jpg,S1Q8c,S1QRc,0
dEoFm.jpg,dEoFm,dEoFm,1
82Mpc.jpg,82Mpc,82HpC,0
G2YSX.jpg,G2YSX,C2y5X,0
f0hH8.jpg,f0hH8,C0bH8,0
7GDP9.jpg,7GDP9,1GUR9,0
O9K82.jpg,O9K82,D9K82,0
K15OK.jpg,K15OK,H25OK,0
vudVf.jpg,vudVf,vQdYf,0
76y5w.jpg,76y5w,74y5w,0
1RQDa.jpg,1RQDa,1HQDa,0
lX41A.jpg,lX41A,7X4zA,0
9h8X6.jpg,9h8X6,9h8X6,1
6tEW0.jpg,6tEW0,6tEw0,0
H7y51.jpg,H7y51,H7y58,0
3yz0i.jpg,3yz0i,3yz0i,1
9b19f.jpg,9b19f,9bX2f,0
96F3O.jpg,96F3O,96F30,0
qc6oR.jpg,qc6oR,qC5oP,0
RxRt5.jpg,RxRt5,hx8l5,0
oJiSa.jpg,oJiSa,oJiSa,1
CFJW3.jpg,CFJW3,6EJV3,0
Ud5ky.jpg,Ud5ky,Ua5Ky,0
0SY8a.jpg,0SY8a,0STRa,0
F7q1z.jpg,F7q1z,R7qCz,0
LgxEX.jpg,LgxEX,I9w6X,0
H075e.jpg,H075e,HQ75z,0
ksw1q.jpg,ksw1q,ksv1g,0
b6H9D.jpg,b6H9D,b619D,0
x8jql.jpg,x8jql,x8jqM,0
8o8AY.jpg,8o8AY,SuBAY,0
5Fq01.jpg,5Fq01,5En01,0
XyTZe.jpg,XyTZe,XyTZe,1
dR07U.jpg,dR07U,zR07E,0
1fIV1.jpg,1fIV1,LF2Vg,0
pD4Lg.jpg,pD4Lg,cDlXg,0
mvQ88.jpg,mvQ88,HVCfS,0
q71Ll.jpg,q71Ll,q7EZh,0
lWwK8.jpg,lWwK8,lPwr8,0
3Cy41.jpg,3Cy41,3Cv4l,0
G43T3.jpg,G43T3,f4sT3,0
1N80F.jpg,1N80F,1M8QF,0
xGg17.jpg,xGg17,xGgfU,0
U8862.jpg,U8862,Us362,0
qZG3g.jpg,qZG3g,aZGMd,0
pR1iK.jpg,pR1iK,pR1wK,0
D6Zz0.jpg,D6Zz0,D6Zzq,0
T1D0o.jpg,T1D0o,T1D0e,0
9A1SB.jpg,9A1SB,9M1SB,0
xHs2O.jpg,xHs2O,xHs4O,0
rbtm5.jpg,rbtm5,rbLmS,0
MY532.jpg,MY532,MY542,0
Gs2O2.jpg,Gs2O2,Gs7Dz,0
YS4DT.jpg,YS4DT,WSrDT,0
5mbJ5.jpg,5mbJ5,Smbj2,0
B0kyz.jpg,B0kyz,POXyz,0
nin3R.jpg,nin3R,nix3R,0
8p89j.jpg,8p89j,5p29L,0
T42Z5.jpg,T42Z5,T42Z5,1
2VP6J.jpg,2VP6J,2VE6J,0
7srZw.jpg,7srZw,7sizA,0
7Rt01.jpg,7Rt01,7Rv01,0
7W7TX.jpg,7W7TX,oU7TX,0
2bVZS.jpg,2bVZS,24dZS,0
x2H7e.jpg,x2H7e,x2H7c,0
Z41M5.jpg,Z41M5,Z4PM5,0
32D2y.jpg,32D2y,36D2v,0
Amqf6.jpg,Amqf6,ATqf6,0
MVt0v.jpg,MVt0v,M5t0v,0
Byck9.jpg,Byck9,Bych9,0
0i8Jn.jpg,0i8Jn,0i8Jh,0
zhlO8.jpg,zhlO8,zAIO8,0
O0n15.jpg,O0n15,Y4nl5,0
3Bq0Y.jpg,3Bq0Y,TKQ0Y,0
NwX3H.jpg,NwX3H,NwX3i,0
Tlx00.jpg,Tlx00,TlxQ6,0
LXjVX.jpg,LXjVX,LXrVG,0
sbxUm.jpg,sbxUm,sbxOm,0
75WDA.jpg,75WDA,75WDA,1
xs3zq.jpg,xs3zq,Xs3Oq,0
fwY70.jpg,fwY70,fwY70,1
Mi8F1.jpg,Mi8F1,Mq3F1,0
bNbHx.jpg,bNbHx,5Nkmx,0
Da1jJ.jpg,Da1jJ,Dn1Ld,0
MPp62.jpg,MPp62,HEp62,0
L4Z9t.jpg,L4Z9t,L4Z9F,0
O0eV0.jpg,O0eV0,C9zV0,0
6jt11.jpg,6jt11,6j2IT,0
0IJxF.jpg,0IJxF,0hJKT,0
B8s8r.jpg,B8s8r,B8sWr,0
PvVk3.jpg,PvVk3,PyVk3,0
JE2CH.jpg,JE2CH,JF2CH,0
55qWc.jpg,55qWc,SFgHc,0
S47vl.jpg,S47vl,S47vI,0
0roBW.jpg,0roBW,0rZBW,0
RKzUq.jpg,RKzUq,BKZLa,0
0dAwj.jpg,0dAwj,0dEwj,0
4aFKQ.jpg,4aFKQ,4a7HO,0
2g0uE.jpg,2g0uE,2gDuE,0
1I438.jpg,1I438,Tr438,0
QE018.jpg,QE018,QE018,1
I4U0N.jpg,I4U0N,I4U0M,0
7l7Sg.jpg,7l7Sg,7id5g,0
9W4cO.jpg,9W4cO,9M4cO,0
5Wv9T.jpg,5Wv9T,5Wv92,0
2uipO.jpg,2uipO,2u1pC,0
KX3EW.jpg,KX3EW,KX2EW,0
drE4e.jpg,drE4e,drE4T,0
K9xZ1.jpg,K9xZ1,Y9x21,0
lW5h2.jpg,lW5h2,IV5h2,0
h3GAh.jpg,h3GAh,N3C4L,0
7J19i.jpg,7J19i,7JW9e,0
80u97.jpg,80u97,8Mu97,0
8G9mi.jpg,8G9mi,3G9mt,0
8X2D3.jpg,8X2D3,8X2D3,1
r0RCL.jpg,r0RCL,r0KCL,0
6S7PQ.jpg,6S7PQ,6SLPQ,0
x6XzG.jpg,x6XzG,x6K1G,0
Z0Z85.jpg,Z0Z85,Z0ln5,0
8BH78.jpg,8BH78,8BH7d,0
pS99z.jpg,pS99z,P59uz,0
GmtPd.jpg,GmtPd,GjxPd,0
11gvQ.jpg,11gvQ,1fmxQ,0
u8T94.jpg,u8T94,uR794,0
9ohFw.jpg,9ohFw,9phFw,0
hn5u9.jpg,hn5u9,hn5C9,0
HY6lC.jpg,HY6lC,AV5IC,0
r3LwW.jpg,r3LwW,r3lw4,0
3ME2S.jpg,3ME2S,3ME2S,1
yaT85.jpg,yaT85,VaT85,0
30liu.jpg,30liu,30fiu,0
N9RND.jpg,N9RND,N9R1D,0
pIft2.jpg,pIft2,pIfw2,0
HZ39A.jpg,HZ39A,HZ39A,1
vrfZ8.jpg,vrfZ8,vrfZ8,1
Dyaxv.jpg,Dyaxv,D4axv,0
QmDKr.jpg,QmDKr,QmbKc,0
Sm2S9.jpg,Sm2S9,Sh2s9,0
0A9pS.jpg,0A9pS,0A9p5,0
q941m.jpg,q941m,g347m,0
vwRF5.jpg,vwRF5,vwRe5,0
I5SX7.jpg,I5SX7,I5SM7,0
0v8r6.jpg,0v8r6,Hv8r6,0
Z8Y9a.jpg,Z8Y9a,Z8I9a,0
9Lc0V.jpg,9Lc0V,9fc0V,0
F4OJd.jpg,F4OJd,E4DJd,0
r7eok.jpg,r7eok,r7emK,0
7zur7.jpg,7zur7,Yzur7,0
SvG9a.jpg,SvG9a,SvC9a,0
LQ3X8.jpg,LQ3X8,LO3X8,0
if4ZA.jpg,if4ZA,jf4ZR,0
7u342.jpg,7u342,koe42,0
93EAY.jpg,93EAY,93EAY,1
3k1fA.jpg,3k1fA,3kVfA,0
e3YfT.jpg,e3YfT,e3vhT,0
4OQ0Y.jpg,4OQ0Y,jUQ9Y,0
7sbPH.jpg,7sbPH,7sCPN,0
l6E8f.jpg,l6E8f,TvW8F,0
984o5.jpg,984o5,984M5,0
o75pW.jpg,o75pW,e75PV,0
glueZ.jpg,glueZ,5fueZ,0
RNpm1.jpg,RNpm1,R9pm1,0
Bq2vY.jpg,Bq2vY,BclvY,0
nKFDJ.jpg,nKFDJ,nKFDJ,1
q0htr.jpg,q0htr,A0hEr,0
G0O9N.jpg,G0O9N,G0v2H,0
7UdM3.jpg,7UdM3,7GdM3,0
2rkFi.jpg,2rkFi,2rkVi,0
t1X84.jpg,t1X84,r1X64,0
xRK9n.jpg,xRK9n,xNK9n,0
5e3w4.jpg,5e3w4,5c3W4,0
lqO23.jpg,lqO23,IgC23,0
3RnBW.jpg,3RnBW,3Ra6V,0
ICG9q.jpg,ICG9q,IEG9a,0
VR1x9.jpg,VR1x9,hKJx9,0
kpyMW.jpg,kpyMW,kPyMW,0
jS0Oz.jpg,jS0Oz,jS0xA,0
l6pud.jpg,l6pud,I6pwd,0
RvBHc.jpg,RvBHc,Rv4Hc,0
Rh1xt.jpg,Rh1xt,RhTxt,0
moBJa.jpg,moBJa,moBJa,1
P8U12.jpg,P8U12,x8N12,0
n4UYC.jpg,n4UYC,nAUYC,0
NQu3S.jpg,NQu3S,HQu2S,0
KDFxd.jpg,KDFxd,KDFyJ,0
Om96V.jpg,Om96V,Onx6V,0
221gk.jpg,221gk,l0Hgk,0
4P8zu.jpg,4P8zu,4F8zm,0
0w930.jpg,0w930,6W53D,0
8ea3f.jpg,8ea3f,8em5f,0
9hf3Z.jpg,9hf3Z,9hf3Z,1
Yzd4g.jpg,Yzd4g,Yrd4g,0
7JoFa.jpg,7JoFa,7JoFQ,0
OBs0t.jpg,OBs0t,OBsJt,0
i8Skh.jpg,i8Skh,78SUh,0
40lUS.jpg,40lUS,40IH5,0
i1TOj.jpg,i1TOj,n1T0j,0
6Ntuv.jpg,6Ntuv,GNjuv,0
5mRA9.jpg,5mRA9,5mRk9,0
6g64R.jpg,6g64R,6gj4R,0
T6cx7.jpg,T6cx7,T6cx7,1
vD60L.jpg,vD60L,vr50L,0
7nm7s.jpg,7nm7s,7Rmie,0
E32Y8.jpg,E32Y8,EJ2V6,0
hQwuA.jpg,hQwuA,HQwuA,0
uvw7L.jpg,uvw7L,uVQ3L,0
9kcdg.jpg,9kcdg,9kcdg,1
8P87A.jpg,8P87A,8PU7A,0
696z0.jpg,696z0,69HZ0,0
FYuyO.jpg,FYuyO,FXuyO,0
oJP2z.jpg,oJP2z,oJP2z,1
JgD3c.jpg,JgD3c,lyP3E,0
1MjpL.jpg,1MjpL,1MjoG,0
59mdd.jpg,59mdd,59mlC,0
4dhey.jpg,4dhey,4dhOY,0
aWz91.jpg,aWz91,awz91,0
yR4yA.jpg,yR4yA,YR4wA,0
3879e.jpg,3879e,38V9c,0
fpdTx.jpg,fpdTx,fpdTX,0
qwXcl.jpg,qwXcl,qwX5l,0
YFKCn.jpg,YFKCn,VFKCm,0
59zGE.jpg,59zGE,59zCE,0
jU214.jpg,jU214,jUdI4,0
xoI68.jpg,xoI68,AoI68,0
FFJ4N.jpg,FFJ4N,FtJZN,0
r9mN5.jpg,r9mN5,z9mH5,0
E1w20.jpg,E1w20,E1wA0,0
7eS0m.jpg,7eS0m,7e50m,0
s5kWb.jpg,s5kWb,s5kMp,0
rh7UB.jpg,rh7UB,cA7U3,0
TUSrF.jpg,TUSrF,TUSrE,0
oXO4i.jpg,oXO4i,nKC4I,0
7rLM3.jpg,7rLM3,7rhM3,0
7SaA5.jpg,7SaA5,7SzA5,0
08AlG.jpg,08AlG,0FAWQ,0
85b82.jpg,85b82,R5hd2,0
6E6Mh.jpg,6E6Mh,CE6Yh,0
lbXPB.jpg,lbXPB,15XP3,0
3xSeT.jpg,3xSeT,31SeT,0
692LX.jpg,692LX,692LX,1
1t6FJ.jpg,1t6FJ,126FJ,0
gpS9J.jpg,gpS9J,gpS9L,0
C7JF5.jpg,C7JF5,CZJF5,0
TxZG0.jpg,TxZG0,IxZGh,0
Z1QAh.jpg,Z1QAh,21GAb,0
suMH2.jpg,suMH2,SuMH2,0
c1w9L.jpg,c1w9L,cJw9L,0
gA8iX.jpg,gA8iX,gA8rY,0
TJm46.jpg,TJm46,TJe46,0
3Nmv4.jpg,3Nmv4,3NCv4,0
g2SSS.jpg,g2SSS,qzS6s,0
HbWBW.jpg,HbWBW,HbXzw,0
3Zb28.jpg,3Zb28,37K28,0
IyRCI.jpg,IyRCI,ryRCT,0
3i3r5.jpg,3i3r5,3iOr5,0
9z0fO.jpg,9z0fO,9zKfO,0
81WIL.jpg,81WIL,6yWFL,0
pF67W.jpg,pF67W,pFm7W,0
Brm2V.jpg,Brm2V,Brm2V,1
fcekr.jpg,fcekr,tCeWF,0
Xk9Vo.jpg,Xk9Vo,XkJVo,0
UNHzs.jpg,UNHzs,CNXzs,0
593ah.jpg,593ah,5CTah,0
QY1dw.jpg,QY1dw,CV1dw,0
Nq4c1.jpg,Nq4c1,Nqjc1,0
vZQD7.jpg,vZQD7,vzOD7,0
Cj343.jpg,Cj343,CI543,0
Ohwl4.jpg,Ohwl4,ObwI4,0
VTHhR.jpg,VTHhR,v7HbR,0
PToG7.jpg,PToG7,PVeC7,0
8UAog.jpg,8UAog,8UAog,1
L0iJr.jpg,L0iJr,I0e3r,0
5vCit.jpg,5vCit,5vQjf,0
ZaFyD.jpg,ZaFyD,7hFyD,0
Y34z1.jpg,Y34z1,Y34z1,1
MdB3W.jpg,MdB3W,Mdr3W,0
6X5kP.jpg,6X5kP,CX5KP,0
OnZ44.jpg,OnZ44,DnZ4S,0
QoSH7.jpg,QoSH7,OoSH7,0
k9529.jpg,k9529,K4529,0
0Zzf5.jpg,0Zzf5,0Zzf5,1
JS6BL.jpg,JS6BL,JS6B7,0
H2EfF.jpg,H2EfF,H2EfQ,0
uQFLN.jpg,uQFLN,uO4LN,0
aR5ig.jpg,aR5ig,aR5vg,0
RicX0.jpg,RicX0,RiCX0,0
Xr4au.jpg,Xr4au,XF4au,0
Lg2IC.jpg,Lg2IC,RqxgC,0
F1AJ1.jpg,F1AJ1,ElAdV,0
u0SV3.jpg,u0SV3,uQSV3,0
htbA1.jpg,htbA1,hr5A1,0
7esdU.jpg,7esdU,7csdU,0
Zg2Wr.jpg,Zg2Wr,Zg2Wi,0
EO5h0.jpg,EO5h0,EW5h0,0
B573j.jpg,B573j,B573j,1
1pC5N.jpg,1pC5N,7pC5M,0
a2147.jpg,a2147,a21K7,0
02DCm.jpg,02DCm,02D5m,0
VR55Q.jpg,VR55Q,VR5eQ,0
eW07k.jpg,eW07k,eV07K,0
vrkFZ.jpg,vrkFZ,urkFZ,0
PO6Ow.jpg,PO6Ow,FO4mw,0
KuWA6.jpg,KuWA6,KZWA6,0
xSg02.jpg,xSg02,X5g02,0
6lAOe.jpg,6lAOe,olAVc,0
7jn48.jpg,7jn48,75m48,0
bT5qw.jpg,bT5qw,6T5qw,0
JcP0s.jpg,JcP0s,JUP7s,0
n3DXE.jpg,n3DXE,n0DXE,0
mY4xI.jpg,mY4xI,dY4xl,0
j4eg0.jpg,j4eg0,j4egx,0
TUv66.jpg,TUv66,TUNC6,0
1PzM6.jpg,1PzM6,1PzM5,0
9Yb2W.jpg,9Yb2W,9Yb2W,1
z2xz0.jpg,z2xz0,E2xz0,0
07E24.jpg,07E24,0Sq2N,0
UF93j.jpg,UF93j,UF93j,1
8goK6.jpg,8goK6,8W2K6,0
c82pr.jpg,c82pr,c82pH,0
5zRF1.jpg,5zRF1,5vRh1,0
5Fkox.jpg,5Fkox,5Ek0x,0
d5779.jpg,d5779,c57M9,0
fP6k6.jpg,fP6k6,iDCk6,0
J5TXG.jpg,J5TXG,J5TMC,0
XQ4Q4.jpg,XQ4Q4,XQ3I4,0
rR1cZ.jpg,rR1cZ,rR1cT,0
f8zqv.jpg,f8zqv,I8zgv,0
m9Bl1.jpg,m9Bl1,a9BL1,0
b9a4g.jpg,b9a4g,b9a4m,0
cWYog.jpg,cWYog,cNyog,0
rqmcU.jpg,rqmcU,fqmCU,0
z727h.jpg,z727h,z72vh,0
ZatJL.jpg,ZatJL,Zat4k,0
5vT2n.jpg,5vT2n,5v12n,0
D014I.jpg,D014I,P01Af,0
1pT4p.jpg,1pT4p,1BT4p,0
r031g.jpg,r031g,r07VG,0
7f16Q.jpg,7f16Q,7fu60,0
s0cU9.jpg,s0cU9,s0cU9,1
768S8.jpg,768S8,1b2SB,0
Xxvf7.jpg,Xxvf7,Rxwt7,0
d0Of0.jpg,d0Of0,dWOF6,0
3fU83.jpg,3fU83,3fH82,0
9ewx5.jpg,9ewx5,fewx5,0
NwNMi.jpg,NwNMi,NuRMl,0
pTv06.jpg,pTv06,p1v06,0
sIC9z.jpg,sIC9z,sIC9Z,0
95p1g.jpg,95p1g,95P1K,0
MaVw7.jpg,MaVw7,M0Vw7,0
nkI9E.jpg,nkI9E,nkJ9E,0
XqA29.jpg,XqA29,xuA29,0
EzRka.jpg,EzRka,CzHxa,0
B4C2M.jpg,B4C2M,B4C2M,1
02JmI.jpg,02JmI,02JmY,0
CLrym.jpg,CLrym,OXrym,0
w2t9F.jpg,w2t9F,w2tOF,0
1x964.jpg,1x964,1X964,0
g6tFg.jpg,g6tFg,g6LFm,0
3N66L.jpg,3N66L,3M6wL,0
k4p3T.jpg,k4p3T,k4p3T,1
B7HJg.jpg,B7HJg,B7HJg,1
WacHB.jpg,WacHB,VarKB,0
THB04.jpg,THB04,7HB04,0
qXb4B.jpg,qXb4B,mXb4B,0
rq333.jpg,rq333,rq3Sb,0
p9wCV.jpg,p9wCV,p5wCV,0
gZQ2N.jpg,gZQ2N,1ZC2K,0
3pi22.jpg,3pi22,3Pi25,0
slLGU.jpg,slLGU,slRCU,0
xsy9o.jpg,xsy9o,x5V9b,0
7WJ5C.jpg,7WJ5C,7WJ5C,1
gw1V6.jpg,gw1V6,gw7V6,0
WlHFj.jpg,WlHFj,WlHFj,1
u3T76.jpg,u3T76,u3FZ6,0
95UXQ.jpg,95UXQ,95WXQ,0
k8F7F.jpg,k8F7F,k8fqD,0
tRHI3.jpg,tRHI3,tRMj3,0
27Ss2.jpg,27Ss2,k7Su2,0
158E5.jpg,158E5,IT8E3,0
9z95m.jpg,9z95m,gfo5m,0
ICvnN.jpg,ICvnN,ICVoN,0
G9916.jpg,G9916,CM916,0
2BL0z.jpg,2BL0z,2BL0z,1
93Oa3.jpg,93Oa3,9TCa3,0
0T16Y.jpg,0T16Y,Q715Y,0
1u7e8.jpg,1u7e8,Iu7c8,0
0sFnu.jpg,0sFnu,0sEnu,0
fd76v.jpg,fd76v,fd76v,1
QiWvb.jpg,QiWvb,O1W7b,0
CH0fm.jpg,CH0fm,CH0fp,0
6x9GI.jpg,6x9GI,6x9C1,0
nFUt0.jpg,nFUt0,KFUt0,0
rc186.jpg,rc186,vcJ8G,0
22Ljy.jpg,22Ljy,azLjV,0
ylRj4.jpg,ylRj4,vlRj4,0
357hn.jpg,357hn,3G7hp,0
ZkS0o.jpg,ZkS0o,ZkS4o,0
h6K93.jpg,h6K93,h7K93,0
9j32g.jpg,9j32g,9i3Zg,0
zIU22.jpg,zIU22,z1U3Z,0
8vcRB.jpg,8vcRB,9vcKB,0
UEW9x.jpg,UEW9x,uEB9x,0
w1qx7.jpg,w1qx7,v1qM7,0
nZpM3.jpg,nZpM3,nZpM4,0
xln5i.jpg,xln5i,x1m5y,0
677HQ.jpg,677HQ,6z7UO,0
gbA9C.jpg,gbA9C,wbA9C,0
Jrw82.jpg,Jrw82,Jrj82,0
09n6S.jpg,09n6S,0Yn4S,0
d9qzw.jpg,d9qzw,d9qzw,1
ErxVS.jpg,ErxVS,ErXV9,0
t69sb.jpg,t69sb,t6Hsb,0
e1U0L.jpg,e1U0L,q1u0L,0
tE217.jpg,tE217,tF2a7,0
27XTK.jpg,27XTK,24XTK,0
DSrE5.jpg,DSrE5,DS1K6,0
G2CnR.jpg,G2CnR,62UmR,0
9Dqq4.jpg,9Dqq4,9DcM4,0
8GD86.jpg,8GD86,eyD86,0
j402Q.jpg,j402Q,F492Q,0
YZI3y.jpg,YZI3y,YZI3y,1
N76Ay.jpg,N76Ay,K764v,0
h981n.jpg,h981n,b9E1m,0
AS6R1.jpg,AS6R1,AS6K1,0
8I36g.jpg,8I36g,bP36g,0
i59XN.jpg,i59XN,r59XN,0
16Dsa.jpg,16Dsa,16Dsa,1
G662y.jpg,G662y,CM52y,0
1BfO8.jpg,1BfO8,jBfQS,0
5J66r.jpg,5J66r,5jG6R,0
G1Odf.jpg,G1Odf,G1Qdf,0
Ex4S6.jpg,Ex4S6,Ex4j6,0
w6cf1.jpg,w6cf1,w6cFJ,0
x0VSq.jpg,x0VSq,X6vAq,0
ZZX9Q.jpg,ZZX9Q,jZX9Q,0
N4VsB.jpg,N4VsB,N4ysB,0
1o31A.jpg,1o31A,1o3zA,0
rE28c.jpg,rE28c,rf28O,0
MZQCy.jpg,MZQCy,MZO6y,0
a1fdu.jpg,a1fdu,aYldu,0
AQr2H.jpg,AQr2H,AGr2H,0
xLn7a.jpg,xLn7a,xIu7a,0
a2zin.jpg,a2zin,e2zin,0
hpeaR.jpg,hpeaR,hpcaR,0
bHPpv.jpg,bHPpv,b6Ppv,0
U109N.jpg,U109N,Ufg9N,0
d9ti3.jpg,d9ti3,d9th3,0
rNsK3.jpg,rNsK3,FNsK3,0
v660Y.jpg,v660Y,voR9Y,0
P6mT3.jpg,P6mT3,P6mT3,1
NV3Qm.jpg,NV3Qm,NVzrm,0
1At6U.jpg,1At6U,TAtGU,0
z6d94.jpg,z6d94,Zmd94,0
2J42g.jpg,2J42g,PJ4Zc,0
7L8mY.jpg,7L8mY,7L8AV,0
76ofF.jpg,76ofF,76afF,0
V3BTk.jpg,V3BTk,V3B7k,0
7KHec.jpg,7KHec,7KHap,0
oX4oz.jpg,oX4oz,BK4nz,0
o4aD5.jpg,o4aD5,o1aD5,0
R19t4.jpg,R19t4,R10r4,0
L5S94.jpg,L5S94,75S94,0
5p7QO.jpg,5p7QO,5p7c0,0
0Qgew.jpg,0Qgew,DQg5K,0
xXD6o.jpg,xXD6o,xYD8o,0
YNd6y.jpg,YNd6y,YNd5j,0
09pDO.jpg,09pDO,dYrBG,0
W00ao.jpg,W00ao,WiSap,0
C7q16.jpg,C7q16,C7aI6,0
s875j.jpg,s875j,s875N,0
DywkZ.jpg,DywkZ,Dyuk7,0
3tkz5.jpg,3tkz5,8tKz5,0
7fZ33.jpg,7fZ33,7EZ30,0
k8sAY.jpg,k8sAY,k85AT,0
2k2yd.jpg,2k2yd,2kAVd,0
q4gXz.jpg,q4gXz,l4gXz,0
YJFFo.jpg,YJFFo,YafFo,0
MHcWB.jpg,MHcWB,MHCW3,0
qsdXd.jpg,qsdXd,qsQXJ,0
AX5Ba.jpg,AX5Ba,AX5Pz,0
0N2kH.jpg,0N2kH,0V2kH,0
KEd2P.jpg,KEd2P,KEJ2P,0
5Mv5D.jpg,5Mv5D,JNv5D,0
O8g0j.jpg,O8g0j,O8g4j,0
O10ip.jpg,O10ip,w10lp,0
DvFva.jpg,DvFva,DuFva,0
bd4HP.jpg,bd4HP,bd3MP,0
1JecK.jpg,1JecK,YJeCK,0
34snF.jpg,34snF,34smC,0
7UePX.jpg,7UePX,7HePX,0
5qa3L.jpg,5qa3L,5gA3I,0
9R1ID.jpg,9R1ID,9RuID,0
0PD1E.jpg,0PD1E,0PD1S,0
2IAlZ.jpg,2IAlZ,2vAhZ,0
57QB1.jpg,57QB1,57QEj,0
44oNh.jpg,44oNh,41oNb,0
82ynj.jpg,82ynj,8Mynj,0
q9NMz.jpg,q9NMz,g9NMz,0
3GJ1q.jpg,3GJ1q,3GJ1n,0
vCnx4.jpg,vCnx4,vCnj4,0
CN482.jpg,CN482,CH482,0
021MM.jpg,021MM,021Ex,0
NFKPJ.jpg,NFKPJ,NfGPJ,0
jW1Lr.jpg,jW1Lr,RW4Lr,0
uOGZT.jpg,uOGZT,u8GZT,0
0r7SX.jpg,0r7SX,0v7SX,0
Q5OhV.jpg,Q5OhV,Q2GhV,0
dr6BX.jpg,dr6BX,J163X,0
9HGZH.jpg,9HGZH,9r6ZU,0
2e05j.jpg,2e05j,2eU51,0
OY9a5.jpg,OY9a5,CV9a5,0
MjUs4.jpg,MjUs4,MjU54,0
INO2W.jpg,INO2W,fNO2W,0
gsZMV.jpg,gsZMV,gsZmV,0
Da52u.jpg,Da52u,Da72u,0
54Axx.jpg,54Axx,5fAzx,0
3uTkF.jpg,3uTkF,8uTkF,0
xMs2C.jpg,xMs2C,xMs2C,1
xP5r0.jpg,xP5r0,XP5I0,0
2R61H.jpg,2R61H,2R61h,0
3E51T.jpg,3E51T,3E51N,0
1S3ls.jpg,1S3ls,ESZls,0
x8Lqj.jpg,x8Lqj,X3D0J,0
05MRE.jpg,05MRE,0sMRE,0
j95Ik.jpg,j95Ik,w95Jk,0
1nBZJ.jpg,1nBZJ,1M82J,0
6oO3b.jpg,6oO3b,6KQzb,0
s5UjZ.jpg,s5UjZ,s5UiZ,0
VO3AC.jpg,VO3AC,VO3AE,0
6D0Fw.jpg,6D0Fw,SD01W,0
VKSR4.jpg,VKSR4,VKSn4,0
1OZnR.jpg,1OZnR,1OZnK,0
uXdbj.jpg,uXdbj,uXdbj,1
cbNQ2.jpg,cbNQ2,ebYO2,0
565jR.jpg,565jR,56zjR,0
2m4f6.jpg,2m4f6,2m4f6,1
FTolG.jpg,FTolG,FTolC,0
I48lB.jpg,I48lB,Y48zD,0
ywRc6.jpg,ywRc6,g7Kc6,0
YFwF3.jpg,YFwF3,YPwz3,0
WaCqA.jpg,WaCqA,WzCqA,0
BP78U.jpg,BP78U,BP1oU,0
N9omo.jpg,N9omo,Mfow5,0
6V06p.jpg,6V06p,6V0kp,0
zq7ea.jpg,zq7ea,zq7ko,0
q75V1.jpg,q75V1,q7AV1,0
g6Xi2.jpg,g6Xi2,g6Xj2,0
I73BX.jpg,I73BX,lZ3BX,0
PGp35.jpg,PGp35,YGp35,0
3vhEG.jpg,3vhEG,3vhEG,1
VvuIC.jpg,VvuIC,VAuIC,0
g2ccC.jpg,g2ccC,q2FcO,0
7A342.jpg,7A342,7M342,0
4csd4.jpg,4csd4,7csu4,0
3utJc.jpg,3utJc,3mt7C,0
pbMpx.jpg,pbMpx,pbM2x,0
Cknrs.jpg,Cknrs,Ck9rs,0
snO49.jpg,snO49,snOA9,0
V6SuI.jpg,V6SuI,V69m1,0
fL4oy.jpg,fL4oy,fL2oy,0
0jEZm.jpg,0jEZm,0fEzm,0
uDT7x.jpg,uDT7x,urT7x,0
QP3J2.jpg,QP3J2,uF3Sk,0
o7z9O.jpg,o7z9O,c7z9O,0
wnEMD.jpg,wnEMD,wnzMD,0
2i67e.jpg,2i67e,2167c,0
b4jwT.jpg,b4jwT,b4jw7,0
zdwOO.jpg,zdwOO,5dwCD,0
SjMdN.jpg,SjMdN,SjRdN,0
wnpUz.jpg,wnpUz,SnpUz,0
44856.jpg,44856,4V856,0
8SUx7.jpg,8SUx7,85Hx7,0
7050R.jpg,7050R,705Uw,0
ZvWkp.jpg,ZvWkp,PvVkp,0
14wGi.jpg,14wGi,14wGt,0
10R18.jpg,10R18,1QRY8,0
5A904.jpg,5A904,EA904,0
2I65M.jpg,2I65M,2I65H,0
d256v.jpg,d256v,d2T6v,0
Z1tHu.jpg,Z1tHu,Z1LHw,0
5p28X.jpg,5p28X,5pz8X,0
K4u4b.jpg,K4u4b,KEu1b,0
eyld0.jpg,eyld0,eVId0,0
udc5J.jpg,udc5J,vdC51,0
7o42P.jpg,7o42P,Lo42r,0
8JA60.jpg,8JA60,8JAF0,0
Fa81p.jpg,Fa81p,EaC1P,0
FFMQ9.jpg,FFMQ9,FnM09,0
Hr4b4.jpg,Hr4b4,Qrxb4,0
sk0aH.jpg,sk0aH,sk0mH,0
Wmgj9.jpg,Wmgj9,Wmgf9,0
58B0M.jpg,58B0M,58B0M,1
7kmzD.jpg,7kmzD,7kmzD,1
CJOjJ.jpg,CJOjJ,CINjJ,0
6S125.jpg,6S125,eSLZ3,0
freFY.jpg,freFY,5AefY,0
419d9.jpg,419d9,41Cn9,0
d1kzR.jpg,d1kzR,d1kzP,0
B17M5.jpg,B17M5,817H5,0
Ak6GF.jpg,Ak6GF,Ax6GF,0
Q8TA1.jpg,Q8TA1,O2Tbl,0
I9FWw.jpg,I9FWw,pZFWw,0
Czw1Z.jpg,Czw1Z,CzK1Z,0
k70MP.jpg,k70MP,RaCMP,0
xx4K7.jpg,xx4K7,xv4K7,0
k95rD.jpg,k95rD,kA5rU,0
FW38P.jpg,FW38P,fUJ8P,0
1gIJ6.jpg,1gIJ6,1ghJ6,0
2x326.jpg,2x326,7x3P6,0
UVqyJ.jpg,UVqyJ,UV9yJ,0
44hh9.jpg,44hh9,d1wh9,0
q5ver.jpg,q5ver,g5Ve1,0
i9zdG.jpg,i9zdG,L9zd6,0
1R5Qv.jpg,1R5Qv,lR54v,0
ZtO66.jpg,ZtO66,Z10Gs,0
wh8Io.jpg,wh8Io,wn8io,0
DK020.jpg,DK020,DKv2q,0
TXA16.jpg,TXA16,TXu16,0
t38zw.jpg,t38zw,F36zm,0
8XaIy.jpg,8XaIy,6XzIy,0
40M3X.jpg,40M3X,40M3X,1
9tpPu.jpg,9tpPu,9tpPu,1
Z6FzP.jpg,Z6FzP,76fzP,0
487fD.jpg,487fD,487kD,0
FeJ0j.jpg,FeJ0j,TcJ9j,0
Ogfk7.jpg,Ogfk7,CgfN7,0
cIZcp.jpg,cIZcp,VIZ6P,0
p58q8.jpg,p58q8,P5B43,0
vaT2o.jpg,vaT2o,va12O,0
PHZ7Z.jpg,PHZ7Z,PHzoZ,0
HumM4.jpg,HumM4,HymM4,0
AX0sM.jpg,AX0sM,AX0sw,0
C34fF.jpg,C34fF,C34YF,0
Lb83V.jpg,Lb83V,Lkc8V,0
6ILKm.jpg,6ILKm,6jUKq,0
iRjqf.jpg,iRjqf,7Rj9f,0
29Z8D.jpg,29Z8D,2H18D,0
H6LH7.jpg,H6LH7,m6LV7,0
6aaeo.jpg,6aaeo,6aA1O,0
9040Y.jpg,9040Y,9OsUY,0
0Adq5.jpg,0Adq5,0Azq5,0
Qn2dO.jpg,Qn2dO,Qm24D,0
4lIdX.jpg,4lIdX,4vTdX,0
WdyMc.jpg,WdyMc,wdyMc,0
69Kv0.jpg,69Kv0,s9Kv0,0
cawl7.jpg,cawl7,cawk7,0
ddDec.jpg,ddDec,dJD2c,0
UlrsX.jpg,UlrsX,UJr8X,0
uTpQd.jpg,uTpQd,uJpfX,0
60LR2.jpg,60LR2,60LR2,1
80su9.jpg,80su9,80Xu9,0
lWA4j.jpg,lWA4j,CWA4j,0
2Uzq5.jpg,2Uzq5,2Uzq5,1
6ZQFd.jpg,6ZQFd,vzQFd,0
FrrK2.jpg,FrrK2,FtmKe,0
axb7U.jpg,axb7U,akb7U,0
82Y49.jpg,82Y49,82Y49,1
359eP.jpg,359eP,359cP,0
97415.jpg,97415,97415,1
94XBl.jpg,94XBl,94X8I,0
a0u7i.jpg,a0u7i,aOu7f,0
qa6Cu.jpg,qa6Cu,qa6Fu,0
0CN2k.jpg,0CN2k,0SH2k,0
15VS2.jpg,15VS2,15HS2,0
69nh2.jpg,69nh2,69mh2,0
95K04.jpg,95K04,9jK04,0
lf1R4.jpg,lf1R4,lfzR4,0
Ed4Wl.jpg,Ed4Wl,Ed4WI,0
4VsM2.jpg,4VsM2,4VsH2,0
Ja406.jpg,Ja406,Ja40S,0
Bq8V2.jpg,Bq8V2,5o8V2,0
39QdN.jpg,39QdN,3fQTN,0
n9o4p.jpg,n9o4p,n9o4b,0
BERW8.jpg,BERW8,DtRW8,0
z47vn.jpg,z47vn,z47vH,0
1VLb4.jpg,1VLb4,1VLb4,1
AjB00.jpg,AjB00,AjEOq,0
JaHyP.jpg,JaHyP,J6HyP,0
X870v.jpg,X870v,K870V,0
7c5mO.jpg,7c5mO,Tc5mO,0
x7hxZ.jpg,x7hxZ,sMhuZ,0
m0wbN.jpg,m0wbN,mOw5M,0
xTEHu.jpg,xTEHu,xIEHa,0
9qfW1.jpg,9qfW1,3gfW7,0
8Y9SY.jpg,8Y9SY,dT9K1,0
HvjVT.jpg,HvjVT,HvJST,0
VexOF.jpg,VexOF,Vex0F,0
519px.jpg,519px,519ex,0
ihKOs.jpg,ihKOs,IhK0s,0
H55vL.jpg,H55vL,H96vL,0
hpu1h.jpg,hpu1h,APu1h,0
9t20Y.jpg,9t20Y,9120Y,0
82uul.jpg,82uul,X2evl,0
6bz9Q.jpg,6bz9Q,6hZ9Q,0
5a9Hy.jpg,5a9Hy,5a9Hy,1
Y4c82.jpg,Y4c82,V4C82,0
7R5Wl.jpg,7R5Wl,sR5Wf,0
848U2.jpg,848U2,84pU2,0
88PVe.jpg,88PVe,93PUe,0
YM1Eu.jpg,YM1Eu,YM1Eu,1
soLO3.jpg,soLO3,soLQJ,0
N3hZ7.jpg,N3hZ7,N3bz7,0
Or6G2.jpg,Or6G2,Or5G2,0
3G3K3.jpg,3G3K3,36pKs,0
w97k1.jpg,w97k1,e97k1,0
5WL0m.jpg,5WL0m,5WL02,0
3iMzI.jpg,3iMzI,3jHzF,0
j5zwF.jpg,j5zwF,j5zWf,0
8kijt.jpg,8kijt,xkcjt,0
ooY9y.jpg,ooY9y,dQM9r,0
zV0xS.jpg,zV0xS,zVexG,0
10Y98.jpg,10Y98,loY98,0
oeKne.jpg,oeKne,o4Kne,0
166vv.jpg,166vv,16brK,0
1U7s4.jpg,1U7s4,IU7s4,0
v3L6G.jpg,v3L6G,v3H6Q,0
61F8y.jpg,61F8y,61E2y,0
B2PaX.jpg,B2PaX,B2p4X,0
szy25.jpg,szy25,szy20,0
zr03z.jpg,zr03z,zr0Jx,0
7Z11F.jpg,7Z11F,7z1uE,0
bLE7e.jpg,bLE7e,bIF7e,0
H98qE.jpg,H98qE,H98qF,0
2Q1di.jpg,2Q1di,2Q1dr,0
Q886m.jpg,Q886m,0gx6m,0
CNFdL.jpg,CNFdL,CNYdl,0
Xv8f8.jpg,Xv8f8,XV6EA,0
c2E5J.jpg,c2E5J,cYESJ,0
tAU10.jpg,tAU10,tAUTQ,0
m18nN.jpg,m18nN,m18kN,0
gy6Pb.jpg,gy6Pb,gy6Ph,0
FBv5i.jpg,FBv5i,F8v5i,0
PM90c.jpg,PM90c,PM91c,0
O6Is1.jpg,O6Is1,O6Hs1,0
9Wr5k.jpg,9Wr5k,8Uc5K,0
pR5IN.jpg,pR5IN,pZwIN,0
IRFRp.jpg,IRFRp,l8VRp,0
d3FsU.jpg,d3FsU,d3FsU,1
9OG7M.jpg,9OG7M,5qG1K,0
1tdxW.jpg,1tdxW,1CdxW,0
E7ft1.jpg,E7ft1,E7Ht1,0
bDA3M.jpg,bDA3M,bOA3M,0
E8Ngb.jpg,E8Ngb,E8M1b,0
d7h55.jpg,d7h55,c7M95,0
3eEuO.jpg,3eEuO,3eEu0,0
npBxM.jpg,npBxM,npBxM,1
90jV2.jpg,90jV2,90fV2,0
vUkFE.jpg,vUkFE,yUkFB,0
V83bv.jpg,V83bv,M8Zbr,0
6Y14u.jpg,6Y14u,CYl4u,0
c0ZnK.jpg,c0ZnK,c0ZnH,0
0TS4a.jpg,0TS4a,OTS4a,0
52588.jpg,52588,42D8i,0
867Kh.jpg,867Kh,851Kh,0
Uf915.jpg,Uf915,Ur915,0
l4l1s.jpg,l4l1s,l4M1s,0
c1LUS.jpg,c1LUS,c1LUS,1
qrrZh.jpg,qrrZh,qrYZh,0
5B2SB.jpg,5B2SB,5UxSE,0
15sxg.jpg,15sxg,15sXg,0
5u1J8.jpg,5u1J8,5G1J8,0
Vlm43.jpg,Vlm43,Vlm42,0
hBN6l.jpg,hBN6l,hBN6i,0
2336c.jpg,2336c,2836c,0
1WdDT.jpg,1WdDT,1WdDT,1
glS13.jpg,glS13,gLS1A,0
cVoUm.jpg,cVoUm,cVoUm,1
b7x8B.jpg,b7x8B,b7r8B,0
UU6UQ.jpg,UU6UQ,UV5bO,0
x44l1.jpg,x44l1,xj4t7,0
ZyH54.jpg,ZyH54,ZrH59,0
IuoXD.jpg,IuoXD,iuTAD,0
T89F1.jpg,T89F1,789M1,0
t10La.jpg,t10La,t10kX,0
qz3OI.jpg,qz3OI,gz3OI,0
qsXS2.jpg,qsXS2,gsXG2,0
8v39a.jpg,8v39a,8V39a,0
rDTHx.jpg,rDTHx,rDTHx,1
9ijLA.jpg,9ijLA,9GxLA,0
GC94k.jpg,GC94k,MC94k,0
f70vq.jpg,f70vq,f7Ovq,0
3944i.jpg,3944i,3P4ki,0
6hZD1.jpg,6hZD1,6hZD1,1
9Oi9I.jpg,9Oi9I,SOi97,0
VgE8f.jpg,VgE8f,VgR81,0
1RNq3.jpg,1RNq3,1RNq3,1
c0Z8l.jpg,c0Z8l,c0Z31,0
EiJZC.jpg,EiJZC,FeJZC,0
8b2qA.jpg,8b2qA,8hSqA,0
55kH6.jpg,55kH6,5qkH6,0
pXp01.jpg,pXp01,pKw01,0
54fGJ.jpg,54fGJ,54rGJ,0
1N2H6.jpg,1N2H6,1N2K6,0
GI290.jpg,GI290,G1280,0
loo4S.jpg,loo4S,lDz4S,0
PmWEC.jpg,PmWEC,2mVEC,0
be5j0.jpg,be5j0,bW5j0,0
znW0Q.jpg,znW0Q,znW9Q,0
9Pk56.jpg,9Pk56,9Pk5h,0
088lw.jpg,088lw,085lw,0
6o6RJ.jpg,6o6RJ,6mORJ,0
YFbIr.jpg,YFbIr,YFbl2,0
Q5z3X.jpg,Q5z3X,O5i3X,0
eNFbV.jpg,eNFbV,QNFbU,0
o1KFZ.jpg,o1KFZ,o1HFZ,0
K860L.jpg,K860L,K86qL,0
l9IIs.jpg,l9IIs,l0LMs,0
Fxlej.jpg,Fxlej,Fxiej,0
2xmTj.jpg,2xmTj,2XmTJ,0
4Hbqv.jpg,4Hbqv,4HbQv,0
S04Tc.jpg,S04Tc,S04Tz,0
2df60.jpg,2df60,2df60,1
82Ker.jpg,82Ker,82KeT,0
Pp45x.jpg,Pp45x,Pp45x,1
83FJO.jpg,83FJO,x3FJO,0
XJmx0.jpg,XJmx0,XJmx0,1
0j9SW.jpg,0j9SW,0r9S7,0
Xj4Y2.jpg,Xj4Y2,XI4V2,0
qx9Ui.jpg,qx9Ui,nx9Ui,0
x650Q.jpg,x650Q,x65uQ,0
j320s.jpg,j320s,JT20G,0
xmO4S.jpg,xmO4S,xL045,0
pw6Za.jpg,pw6Za,PW67A,0
01Ao0.jpg,01Ao0,cixo9,0
08qh3.jpg,08qh3,08qh3,1
hBNN6.jpg,hBNN6,h8NZ6,0
vd794.jpg,vd794,vd6E4,0
B52YF.jpg,B52YF,B52VF,0
FxBif.jpg,FxBif,rYBif,0
2Ijho.jpg,2Ijho,2Yjho,0
m5t2G.jpg,m5t2G,m5t2G,1
40trc.jpg,40trc,49Lre,0
Qe60Z.jpg,Qe60Z,ye68Z,0
I295K.jpg,I295K,i295H,0
066b7.jpg,066b7,u6fb1,0
y8i6D.jpg,y8i6D,yu16D,0
7UB70.jpg,7UB70,TUAZ0,0
dMaBX.jpg,dMaBX,dMaBX,1
qwO5p.jpg,qwO5p,qWO5p,0
7m78C.jpg,7m78C,Im78G,0
0V55b.jpg,0V55b,UVE2b,0
y52Fx.jpg,y52Fx,m52Fx,0
39s1g.jpg,39s1g,39s1g,1
wKolp.jpg,wKolp,wKolr,0
yG6eE.jpg,yG6eE,y96el,0
Q8h10.jpg,Q8h10,Q8h7o,0
P95z2.jpg,P95z2,P9sZ2,0
J7GOc.jpg,J7GOc,k7G0c,0
oZBSN.jpg,oZBSN,07ESA,0
ka8pb.jpg,ka8pb,KV8pb,0
sV3P8.jpg,sV3P8,cV3M8,0
Qlvk3.jpg,Qlvk3,O1vk3,0
es597.jpg,es597,csN97,0
SN8Yk.jpg,SN8Yk,GN8Yp,0
5kN50.jpg,5kN50,5kN10,0
TtbOn.jpg,TtbOn,7tb0w,0
Yi619.jpg,Yi619,Vr619,0
U060y.jpg,U060y,VR5Oy,0
ev6sq.jpg,ev6sq,eL6Sg,0
IRM9a.jpg,IRM9a,IZM9a,0
yWNgN.jpg,yWNgN,yWNgA,0
Z3IKz.jpg,Z3IKz,Z3lKz,0
S1bAT.jpg,S1bAT,9lbAT,0
3HB61.jpg,3HB61,zHB61,0
R3QB0.jpg,R3QB0,K3yBO,0
U7173.jpg,U7173,GT1Z3,0
29qdK.jpg,29qdK,2VqhK,0
A77Oj.jpg,A77Oj,A750j,0
htR3u.jpg,htR3u,bfH3u,0
g1J4D.jpg,g1J4D,e7J4D,0
5dM7V.jpg,5dM7V,52H7V,0
dwu2c.jpg,dwu2c,Jwh2C,0
yZlA2.jpg,yZlA2,YeTA2,0
11C84.jpg,11C84,1YC84,0
CpY49.jpg,CpY49,CpI49,0
Wu0k5.jpg,Wu0k5,Wm0k5,0
nR60b.jpg,nR60b,nRS0b,0
jpQVg.jpg,jpQVg,1bCVg,0
mYx99.jpg,mYx99,CYx09,0
64NLd.jpg,64NLd,64M1d,0
tEI06.jpg,tEI06,tEPh6,0
K8JZ1.jpg,K8JZ1,K8JZ1,1
C4h7n.jpg,C4h7n,C4h7o,0
Mosd6.jpg,Mosd6,M5sdQ,0
T0E1b.jpg,T0E1b,T0Ezb,0
I2QLy.jpg,I2QLy,I2OVy,0
4Q0it.jpg,4Q0it,4Q0jt,0
0sRD9.jpg,0sRD9,0vKD9,0
2N524.jpg,2N524,zK574,0
dpav1.jpg,dpav1,dpav1,1
7VTU2.jpg,7VTU2,7VIb2,0
Zs50m.jpg,Zs50m,Z160m,0
H9rKD.jpg,H9rKD,H9rKD,1
qfe4E.jpg,qfe4E,yrc4E,0
5759q.jpg,5759q,51k9d,0
s5669.jpg,s5669,s5U69,0
E8Aoq.jpg,E8Aoq,EUApq,0
I6Tly.jpg,I6Tly,j6Thu,0
y7b7Q.jpg,y7b7Q,vib7O,0
srUNY.jpg,srUNY,srJNY,0
XytBB.jpg,XytBB,XytE3,0
lFy3A.jpg,lFy3A,Oiy3A,0
ITcs0.jpg,ITcs0,kTc50,0
DX9m9.jpg,DX9m9,DX419,0
t8f2h.jpg,t8f2h,w8f2h,0
JiS1U.jpg,JiS1U,Jr51U,0
v7oCj.jpg,v7oCj,v7oCj,1
mJoxD.jpg,mJoxD,mJexD,0
naS78.jpg,naS78,he578,0
D9ePZ.jpg,D9ePZ,d9sfZ,0
k2E66.jpg,k2E66,M2E06,0
V5IA7.jpg,V5IA7,V5cA7,0
2dnal.jpg,2dnal,2dnaI,0
2aVKV.jpg,2aVKV,fayKV,0
SodTq.jpg,SodTq,5odTq,0
9X97V.jpg,9X97V,5XQ7V,0
wP77z.jpg,wP77z,wP74z,0
R5z59.jpg,R5z59,HJZh9,0
1T7n6.jpg,1T7n6,157nC,0
mX413.jpg,mX413,mX4C3,0
hpFJa.jpg,hpFJa,hpEJa,0
Uws3I.jpg,Uws3I,Uws3f,0
m7CJC.jpg,m7CJC,m7Cse,0
zxFS9.jpg,zxFS9,zXF89,0
38vKX.jpg,38vKX,38VKX,0
9j2v2.jpg,9j2v2,9F2VX,0
Wu3y2.jpg,Wu3y2,Wu3y2,1
6FL66.jpg,6FL66,6FLvA,0
S842m.jpg,S842m,S742m,0
Clzt4.jpg,Clzt4,Cjzt4,0
Cw3UG.jpg,Cw3UG,CkaUS,0
72i6u.jpg,72i6u,72f6u,0
4hq2N.jpg,4hq2N,4hj2n,0
48Ccc.jpg,48Ccc,48Cer,0
xirDA.jpg,xirDA,xirOA,0
C4pD1.jpg,C4pD1,C4nDl,0
LX172.jpg,LX172,LX17Q,0
B3E3P.jpg,B3E3P,B3usP,0
oyxrp.jpg,oyxrp,oyxIp,0
iK40v.jpg,iK40v,7KA0v,0
1Q8Es.jpg,1Q8Es,1A8Es,0
58v64.jpg,58v64,58vl4,0
X24S2.jpg,X24S2,Xs4S3,0
b4nU9.jpg,b4nU9,l4mU9,0
s2Xb4.jpg,s2Xb4,s2XD4,0
h92dx.jpg,h92dx,b92dx,0
X1jKx.jpg,X1jKx,YtjQx,0
G5w1J.jpg,G5w1J,C5K1d,0
83nfe.jpg,83nfe,83ufe,0
oS65c.jpg,oS65c,oS6D1,0
4p47T.jpg,4p47T,4paMT,0
GYGqI.jpg,GYGqI,SV6qr,0
jE25n.jpg,jE25n,JE25m,0
i8dGP.jpg,i8dGP,I84CD,0
smLVb.jpg,smLVb,sm1Vb,0
521yS.jpg,521yS,521yG,0
MD4l6.jpg,MD4l6,MP4l6,0
VQQ28.jpg,VQQ28,VGa28,0
3u2S5.jpg,3u2S5,3m7SE,0
yfqS4.jpg,yfqS4,yfHS4,0
OG0Yz.jpg,OG0Yz,OEpYz,0
76e25.jpg,76e25,76e2V,0
3Cb68.jpg,3Cb68,Jtb6B,0
6gvAk.jpg,6gvAk,3gvAk,0
G965f.jpg,G965f,G9K51,0
MkG02.jpg,MkG02,MkGD2,0
I9Lt1.jpg,I9Lt1,T9LtW,0
Znom2.jpg,Znom2,Zhcw2,0
0dXx0.jpg,0dXx0,pJXxO,0
wfuCw.jpg,wfuCw,UFaCw,0
TzM0L.jpg,TzM0L,F2H0L,0
sQ5Pa.jpg,sQ5Pa,sO5Pa,0
y6cv6.jpg,y6cv6,J0ZvG,0
wSyPE.jpg,wSyPE,u3yPl,0
66kQO.jpg,66kQO,6S1dO,0
0ogW2.jpg,0ogW2,0ogH2,0
sU7Wt.jpg,sU7Wt,sU7Wt,1
r7E7f.jpg,r7E7f,uTE7f,0
sred0.jpg,sred0,s1ed0,0
03h3y.jpg,03h3y,03HZV,0
fJSoz.jpg,fJSoz,FJSoz,0
xG235.jpg,xG235,K0235,0
ThQQ2.jpg,ThQQ2,JhUQ2,0
qJ3fC.jpg,qJ3fC,gJ3fC,0
tZ418.jpg,tZ418,t7410,0
CxR9G.jpg,CxR9G,OxHYG,0
bSanV.jpg,bSanV,bSzmV,0
0eN5y.jpg,0eN5y,0cH5y,0
2OVDK.jpg,2OVDK,2CVDH,0
0dcl5.jpg,0dcl5,Odc15,0
872fT.jpg,872fT,672fT,0
0O5gD.jpg,0O5gD,0i5gD,0
6sRb4.jpg,6sRb4,6sHb4,0
2qGc2.jpg,2qGc2,ZHGcP,0
8TDLF.jpg,8TDLF,4TDLF,0
9YvTd.jpg,9YvTd,9Ywfd,0
QM47x.jpg,QM47x,0M4Jx,0
7v1hN.jpg,7v1hN,7v1QN,0
FXcNu.jpg,FXcNu,FXCNu,0
k460L.jpg,k460L,K469I,0
17jXW.jpg,17jXW,19jMW,0
n2DJi.jpg,n2DJi,n7DJc,0
p6rlf.jpg,p6rlf,m6zjf,0
SI0ww.jpg,SI0ww,S7ouw,0
NvIY5.jpg,NvIY5,HuIY5,0
sjw7E.jpg,sjw7E,sJW7E,0
7Uc38.jpg,7Uc38,7UE38,0
i5OIO.jpg,i5OIO,K5CI9,0
41ozW.jpg,41ozW,410zM,0
79o80.jpg,79o80,7Ge8U,0
S1Fx3.jpg,S1Fx3,SVFx3,0
O635I.jpg,O635I,06X5I,0
n13zW.jpg,n13zW,nj3ZW,0
Cy148.jpg,Cy148,Cxl4v,0
3a1U6.jpg,3a1U6,3a1D5,0
0iaiR.jpg,0iaiR,0YaiR,0
nZ3rw.jpg,nZ3rw,nZ3rW,0
6P202.jpg,6P202,6F30Z,0
73Aj1.jpg,73Aj1,75Av1,0
n0P5k.jpg,n0P5k,h0F5K,0
VX444.jpg,VX444,VXej6,0
P33P6.jpg,P33P6,t3yD6,0
5Ir2V.jpg,5Ir2V,51e2V,0
rKsI6.jpg,rKsI6,mKsI6,0
0Kl8Y.jpg,0Kl8Y,0KI8Y,0
UbJVd.jpg,UbJVd,UbJVZ,0
u1Mt6.jpg,u1Mt6,u1MP6,0
MLBMi.jpg,MLBMi,mL8MJ,0
3589C.jpg,3589C,3589C,1
rbJ14.jpg,rbJ14,rbJ1A,0
4F1Qi.jpg,4F1Qi,4EVOi,0
V8IfM.jpg,V8IfM,V8LfM,0
2O3AP.jpg,2O3AP,2O3AF,0
8D0os.jpg,8D0os,7D0os,0
KzEXg.jpg,KzEXg,N2tXg,0
328Me.jpg,328Me,32xMe,0
xI9A4.jpg,xI9A4,xE9A4,0
QYrbG.jpg,QYrbG,yYrb8,0
DRn01.jpg,DRn01,DRnS1,0
K5G5G.jpg,K5G5G,KF1oC,0
GmOsi.jpg,GmOsi,6mO3i,0
A7M14.jpg,A7M14,bXM14,0
RA8I8.jpg,RA8I8,RM6I8,0
L2Kf6.jpg,L2Kf6,L2Kfv,0
EacuV.jpg,EacuV,EAcuV,0
n1cf7.jpg,n1cf7,n1Gf7,0
W3j62.jpg,W3j62,W3j62,1
eSAJ7.jpg,eSAJ7,c54J7,0
jx490.jpg,jx490,jx4S0,0
C75ST.jpg,C75ST,C45SI,0
KWEE3.jpg,KWEE3,KWfE3,0
nE6V2.jpg,nE6V2,nFGV2,0
Y4Nrw.jpg,Y4Nrw,Y4Ncw,0
KlNrk.jpg,KlNrk,KJArk,0
Y8t7F.jpg,Y8t7F,Y8tKh,0
AGjYU.jpg,AGjYU,AG1YH,0
GjSb9.jpg,GjSb9,CjSh9,0
NU9yV.jpg,NU9yV,MU9zV,0
Jrf63.jpg,Jrf63,Urf63,0
kebF9.jpg,kebF9,kebF9,1
a57y4.jpg,a57y4,n57y4,0
3w40Q.jpg,3w40Q,3Y40f,0
XZcGy.jpg,XZcGy,XzeCy,0
4IpFi.jpg,4IpFi,4LpFX,0
BhT1J.jpg,BhT1J,GhT1J,0
Z3S9B.jpg,Z3S9B,7359B,0
vpgK5.jpg,vpgK5,vpZK5,0
6jxdw.jpg,6jxdw,6Ixdw,0
Yo3q6.jpg,Yo3q6,Vo3qb,0
x1v5e.jpg,x1v5e,X1v5c,0
xp8b1.jpg,xp8b1,xp8b1,1
x7UBR.jpg,x7UBR,x7ABP,0
bmR0d.jpg,bmR0d,bmR0d,1
ax42P.jpg,ax42P,ax42C,0
6VFHB.jpg,6VFHB,0V7HB,0
11089.jpg,11089,kTw89,0
NduxV.jpg,NduxV,NdufV,0
TO1J5.jpg,TO1J5,TQXJ5,0
67CY3.jpg,67CY3,67CH3,0
QXAH3.jpg,QXAH3,0XAH2,0
sP83u.jpg,sP83u,sD63u,0
n2SSF.jpg,n2SSF,n7ISF,0
26V2P.jpg,26V2P,8CV2F,0
k1GP3.jpg,k1GP3,x1QP3,0
Q124b.jpg,Q124b,Q1ufb,0
9fz7g.jpg,9fz7g,9Hz7g,0
u2TH7.jpg,u2TH7,u2fH7,0
6brac.jpg,6brac,6b7ac,0
0jx5n.jpg,0jx5n,Ojx5n,0
1170U.jpg,1170U,g170b,0
2z8z9.jpg,2z8z9,2KPz9,0
x8MzL.jpg,x8MzL,x8MzL,1
H2804.jpg,H2804,HG804,0
Ec5Sz.jpg,Ec5Sz,Ec5SZ,0
Epvzl.jpg,Epvzl,EpvZI,0
23uzH.jpg,23uzH,236zH,0
0cH0R.jpg,0cH0R,ucH0R,0
q4Jgc.jpg,q4Jgc,qAJzc,0
Kxh0y.jpg,Kxh0y,KSn0y,0
cQY2G.jpg,cQY2G,rQY2W,0
78pdn.jpg,78pdn,78kdn,0
HkmK4.jpg,HkmK4,Hkmx3,0
LMMN1.jpg,LMMN1,LMHnf,0
KM3xU.jpg,KM3xU,KM7xU,0
558K7.jpg,558K7,bS8H1,0
yDPM7.jpg,yDPM7,ybPM4,0
4g747.jpg,4g747,egi47,0
pe7Ct.jpg,pe7Ct,Pa7CI,0
hlD58.jpg,hlD58,hfD58,0
X6Srq.jpg,X6Srq,X6S1g,0
DwoNP.jpg,DwoNP,DweNP,0
1mc8R.jpg,1mc8R,1wc8A,0
z3fy1.jpg,z3fy1,e3fyL,0
p7M1j.jpg,p7M1j,p7MEx,0
VdQZF.jpg,VdQZF,VdQZI,0
Az5nF.jpg,Az5nF,Az5wf,0
yL42M.jpg,yL42M,yL42M,1
K34Gs.jpg,K34Gs,H346s,0
0yR9n.jpg,0yR9n,0yRSn,0
DU083.jpg,DU083,PUe85,0
IbqBU.jpg,IbqBU,9zyBY,0
57iFl.jpg,57iFl,57LFl,0
328cn.jpg,328cn,32Wrn,0
0qAIs.jpg,0qAIs,CqAis,0
lE79D.jpg,lE79D,vE79D,0
O7lFj.jpg,O7lFj,O7mFj,0
kK25N.jpg,kK25N,WK25j,0
0Wkcz.jpg,0Wkcz,0Wkig,0
ArQ1J.jpg,ArQ1J,srN1J,0
m7q40.jpg,m7q40,m7qJ0,0
82150.jpg,82150,82150,1
25T5L.jpg,25T5L,2aT5y,0
T2O3d.jpg,T2O3d,IzO3d,0
1jJ08.jpg,1jJ08,1GM08,0
DR5r7.jpg,DR5r7,DR5r7,1
4bcsh.jpg,4bcsh,4bc7h,0
5LCK8.jpg,5LCK8,qpCKl,0
X5Ar4.jpg,X5Ar4,X5Ac4,0
lKbYW.jpg,lKbYW,lKzYW,0
zfIK0.jpg,zfIK0,zeIU0,0
P4Zxo.jpg,P4Zxo,P4Zxg,0
3R7t8.jpg,3R7t8,5n7t8,0
9oaWe.jpg,9oaWe,9oaWt,0
6D3Wo.jpg,6D3Wo,693Me,0
PGhb0.jpg,PGhb0,PGHb0,0
6G8yU.jpg,6G8yU,bG81U,0
dyOL8.jpg,dyOL8,dyC18,0
eZV3l.jpg,eZV3l,eZY3l,0
Pu64V.jpg,Pu64V,Ea54V,0
3gEB1.jpg,3gEB1,2gkB1,0
7X1RV.jpg,7X1RV,7XtPV,0
RSCX1.jpg,RSCX1,RSbX1,0
LjD3C.jpg,LjD3C,LjD36,0
9j53w.jpg,9j53w,9f53W,0
87i16.jpg,87i16,87iTG,0
81dh2.jpg,81dh2,8td4K,0
7aE1e.jpg,7aE1e,7a51g,0
xui4P.jpg,xui4P,xUI4P,0
CkOzk.jpg,CkOzk,CKOzk,0
aNq69.jpg,aNq69,zHg69,0
6xQ0u.jpg,6xQ0u,ExQ0u,0
6Op2q.jpg,6Op2q,6O12q,0
qxJzx.jpg,qxJzx,qRFzx,0
zBe5G.jpg,zBe5G,XBe5G,0
uF3f9.jpg,uF3f9,nE3f9,0
59Gja.jpg,59Gja,59GLa,0
SMwxm.jpg,SMwxm,5lwxn,0
8O1gU.jpg,8O1gU,8QIzU,0
tIb8D.jpg,tIb8D,tjn3D,0
m7vFK.jpg,m7vFK,m7dFK,0
Q7aKb.jpg,Q7aKb,O7aKb,0
Jbic6.jpg,Jbic6,Jbie6,0
ujBjc.jpg,ujBjc,u7Blr,0
L8I9O.jpg,L8I9O,L8A90,0
2GlRF.jpg,2GlRF,2G7Re,0
LIzQH.jpg,LIzQH,EIYQH,0
UZ431.jpg,UZ431,UZ43f,0
cO1CM.jpg,cO1CM,cO1tA,0
52ogQ.jpg,52ogQ,51egO,0
nWS9r.jpg,nWS9r,hUS0i,0
AqoSr.jpg,AqoSr,Ay0Sr,0
u84z3.jpg,u84z3,u84z3,1
1Wyd7.jpg,1Wyd7,1Dyd7,0
b6oGk.jpg,b6oGk,h6eC1,0
7Xt6t.jpg,7Xt6t,JXU6r,0
btavJ.jpg,btavJ,btavJ,1
15blz.jpg,15blz,15edz,0
hdEXt.jpg,hdEXt,hdEXr,0
Uj2cc.jpg,Uj2cc,UJ2S0,0
OSCOh.jpg,OSCOh,OSivh,0
785TP.jpg,785TP,785TP,1
0DoCE.jpg,0DoCE,0DoCE,1
0s9Ot.jpg,0s9Ot,us9Q1,0
Yr9sJ.jpg,Yr9sJ,Yr9sJ,1
jWGJi.jpg,jWGJi,jWCJm,0
Z73Sx.jpg,Z73Sx,Z739K,0
6pWXA.jpg,6pWXA,6pWXa,0
4E1C3.jpg,4E1C3,4EjC3,0
0T5z0.jpg,0T5z0,0T5zW,0
3U9Z5.jpg,3U9Z5,3L975,0
1yY2c.jpg,1yY2c,EyY2e,0
CbFs7.jpg,CbFs7,CbFs7,1
vQ1S6.jpg,vQ1S6,vD136,0
Ebtdl.jpg,Ebtdl,Ubzdl,0
PC32V.jpg,PC32V,PC12V,0
58T9k.jpg,58T9k,A8l9k,0
h978K.jpg,h978K,h9jnK,0
VVtAl.jpg,VVtAl,NSTAH,0
SlMtF.jpg,SlMtF,GlMtF,0
25499.jpg,25499,254w9,0
BsZCb.jpg,BsZCb,BjZOb,0
17VQZ.jpg,17VQZ,17V0b,0
uVuN5.jpg,uVuN5,uVrM5,0
xMr97.jpg,xMr97,xHi97,0
Y3257.jpg,Y3257,V3257,0
6VQ3K.jpg,6VQ3K,6VO3K,0
7GV47.jpg,7GV47,7GV41,0
VfkHU.jpg,VfkHU,V1kHU,0
6aW43.jpg,6aW43,6aHf3,0
ROAFF.jpg,ROAFF,R0ASF,0
0R6Yi.jpg,0R6Yi,UP5VL,0
IX2j9.jpg,IX2j9,lX2So,0
hqUy3.jpg,hqUy3,AqUz3,0
SyZqy.jpg,SyZqy,5V20I,0
It34t.jpg,It34t,Iv347,0
3V054.jpg,3V054,3V054,1
HwZ68.jpg,HwZ68,HvZ68,0
eWJ0Y.jpg,eWJ0Y,cWJ0f,0
61Ek5.jpg,61Ek5,61Dk5,0
z6l67.jpg,z6l67,zGro7,0
W206l.jpg,W206l,W206I,0
scU9S.jpg,scU9S,xcU9S,0
FKNp3.jpg,FKNp3,7KNp3,0
WP54g.jpg,WP54g,YP54g,0
8g7WZ.jpg,8g7WZ,6g7Hz,0
xLMS2.jpg,xLMS2,xLM82,0
5r7q9.jpg,5r7q9,5rYq9,0
zsPlm.jpg,zsPlm,ZsPlm,0
Q3TCB.jpg,Q3TCB,O3TGB,0
rxy35.jpg,rxy35,rXw35,0
2a1YB.jpg,2a1YB,2atVB,0
7f57c.jpg,7f57c,4f5Pn,0
03d19.jpg,03d19,03dL9,0
IS35Y.jpg,IS35Y,IS35V,0
ERen7.jpg,ERen7,EPen7,0
eZ6f5.jpg,eZ6f5,eZ6f5,1
SoFus.jpg,SoFus,SoEus,0
4j5kG.jpg,4j5kG,4I5kC,0
d0b8U.jpg,d0b8U,d0j8U,0
69ObT.jpg,69ObT,69ObT,1
rKto4.jpg,rKto4,zKto4,0
q7SYy.jpg,q7SYy,g7GYy,0
NG2Oc.jpg,NG2Oc,HG2Dc,0
es6GK.jpg,es6GK,es6CA,0
3Ta89.jpg,3Ta89,3Fa69,0
1lpd2.jpg,1lpd2,Vhpd2,0
7RSU4.jpg,7RSU4,7K5U4,0
UIp3X.jpg,UIp3X,Ulp3X,0
bh6pF.jpg,bh6pF,bH6pE,0
r92zC.jpg,r92zC,r92zH,0
27PTp.jpg,27PTp,27EVe,0
MR8V5.jpg,MR8V5,HR8L5,0
t5v01.jpg,t5v01,X5v01,0
96HIV.jpg,96HIV,96HIk,0
fmv3w.jpg,fmv3w,fmv3K,0
807OR.jpg,807OR,807nR,0
RUgR7.jpg,RUgR7,X0qPV,0
6W2E4.jpg,6W2E4,6H2E4,0
aD46N.jpg,aD46N,aD46M,0
4lOkU.jpg,4lOkU,4lOkP,0
7800a.jpg,7800a,78OJa,0
LEUWG.jpg,LEUWG,1EUwG,0
imUj2.jpg,imUj2,imWj2,0
bxIU9.jpg,bxIU9,bxZU9,0
7BwK3.jpg,7BwK3,78mK3,0
w94x6.jpg,w94x6,w9lx6,0
fRS66.jpg,fRS66,1RS0B,0
Tzmq0.jpg,Tzmq0,TzmeG,0
ujb2x.jpg,ujb2x,4jb2x,0
5dwg4.jpg,5dwg4,5Iwg4,0
9K3uD.jpg,9K3uD,9K3cD,0
YZxI2.jpg,YZxI2,VZxI2,0
L9ASP.jpg,L9ASP,L9AGP,0
DwfjU.jpg,DwfjU,DW2jU,0
Xesz5.jpg,Xesz5,Xesz5,1
6Tn28.jpg,6Tn28,6Tu28,0
9rw31.jpg,9rw31,9fw31,0
yB4Ks.jpg,yB4Ks,xY4Kn,0
76Eqv.jpg,76Eqv,76Eav,0
RH14O.jpg,RH14O,RH17C,0
mqh51.jpg,mqh51,mch51,0
eK3cF.jpg,eK3cF,efmoY,0
I6sRJ.jpg,I6sRJ,f6swJ,0
10DcH.jpg,10DcH,10DcK,0
nlzLk.jpg,nlzLk,mFzLX,0
6IZ5h.jpg,6IZ5h,piZ5h,0
T23uH.jpg,T23uH,t2SuH,0
YPAyj.jpg,YPAyj,YP4uj,0
9qUa1.jpg,9qUa1,9qUaf,0
o11n0.jpg,o11n0,o4JKC,0
1W7Ke.jpg,1W7Ke,jW7Kc,0
Oef12.jpg,Oef12,0eF12,0
m71Bv.jpg,m71Bv,mZ1Bv,0
z507J.jpg,z507J,z5Q7J,0
ZtrvH.jpg,ZtrvH,ZtrvH,1
BKqF2.jpg,BKqF2,BYnF9,0
1Qc2g.jpg,1Qc2g,1OE2g,0
M7HBP.jpg,M7HBP,z7Hdp,0
JLg6v.jpg,JLg6v,Jkg6V,0
J94Mg.jpg,J94Mg,JZtMq,0
j6BXu.jpg,j6BXu,iGPXu,0
FUfY5.jpg,FUfY5,RUfY5,0
OV5K3.jpg,OV5K3,OV5X3,0
05p3I.jpg,05p3I,05f3I,0
W3AP7.jpg,W3AP7,W3AP7,1
RsvNE.jpg,RsvNE,Rs7NE,0
Tbx2n.jpg,Tbx2n,Ibx2m,0
aZ0IU.jpg,aZ0IU,aZ8fy,0
LL5LE.jpg,LL5LE,Lm3kE,0
2BXt3.jpg,2BXt3,2jXT3,0
8L6Ea.jpg,8L6Ea,8l6Eq,0
jk5F4.jpg,jk5F4,jK5F4,0
qbGi1.jpg,qbGi1,abGr4,0
0rTV6.jpg,0rTV6,0rIV5,0
PrOYT.jpg,PrOYT,PrOYT,1
3YAgO.jpg,3YAgO,3V4g0,0
0G603.jpg,0G603,oM453,0
7v3P8.jpg,7v3P8,7u5P8,0
gJH7w.jpg,gJH7w,gLH7w,0
nRWoj.jpg,nRWoj,nRVeI,0
370uB.jpg,370uB,370uE,0
3s6wj.jpg,3s6wj,3s6wj,1
09fWf.jpg,09fWf,09fW7,0
1j4y9.jpg,1j4y9,1PGy3,0
12Rsz.jpg,12Rsz,12RSz,0
8KXDp.jpg,8KXDp,8aXDb,0
M57T9.jpg,M57T9,M5yTO,0
j7Tu6.jpg,j7Tu6,j7Ta6,0
RkZVx.jpg,RkZVx,RhZVx,0
1uT8m.jpg,1uT8m,1uY8m,0
TiWMW.jpg,TiWMW,TiGMv,0
w3q72.jpg,w3q72,wWq72,0
DYd0a.jpg,DYd0a,DYR9a,0
2qILW.jpg,2qILW,2aTLW,0
4sst8.jpg,4sst8,4set0,0
JCFoS.jpg,JCFoS,JCFa3,0
Wr6KH.jpg,Wr6KH,Wr5KH,0
W1Nm7.jpg,W1Nm7,W1mS7,0
X5hC0.jpg,X5hC0,X5kCo,0
S8D6n.jpg,S8D6n,SXDcm,0
U2x3h.jpg,U2x3h,Urx3h,0
LdJST.jpg,LdJST,LdJ5T,0
qS2fy.jpg,qS2fy,gG2Fy,0
k8Y4k.jpg,k8Y4k,h3Y0K,0
kewJ1.jpg,kewJ1,kewJ1,1
a8Iwe.jpg,a8Iwe,J8fWO,0
g94Zr.jpg,g94Zr,g94Ur,0
IrUfo.jpg,IrUfo,TrUfo,0
59ejc.jpg,59ejc,5VejC,0
glUh9.jpg,glUh9,glUn9,0
vcFC2.jpg,vcFC2,vrHC2,0
6aR0I.jpg,6aR0I,6ak01,0
8WO72.jpg,8WO72,8WOr2,0
67c5H.jpg,67c5H,67c5H,1
4RK48.jpg,4RK48,zPK46,0
375hL.jpg,375hL,375hL,1
2hXhj.jpg,2hXhj,2kXhj,0
Pw53B.jpg,Pw53B,Pvb3B,0
2GU0q.jpg,2GU0q,ZgU0Q,0
zdCgx.jpg,zdCgx,VdCgx,0
F8759.jpg,F8759,FC75Y,0
rDe1h.jpg,rDe1h,v5e1h,0
2Lt6o.jpg,2Lt6o,2LfBo,0
sm79G.jpg,sm79G,zm79G,0
R9KN6.jpg,R9KN6,B9KVz,0
a8r45.jpg,a8r45,a8r45,1
bAJx5.jpg,bAJx5,bAVx5,0
7zp7F.jpg,7zp7F,3ertW,0
bMI06.jpg,bMI06,bH1O6,0
2s8C3.jpg,2s8C3,2rHC3,0
yECpN.jpg,yECpN,VECpN,0
8vNYM.jpg,8vNYM,3vA7W,0
HyjQn.jpg,HyjQn,HyJOn,0
m8P61.jpg,m8P61,msP61,0
c2QsK.jpg,c2QsK,c2jxK,0
6xVZM.jpg,6xVZM,6xv1M,0
z0M9X.jpg,z0M9X,zCM9X,0
2Z8aV.jpg,2Z8aV,2Z8aT,0
29i9M.jpg,29i9M,29i4M,0
uD7e4.jpg,uD7e4,uD7e4,1
H6fdm.jpg,H6fdm,X6fdm,0
t9L49.jpg,t9L49,ruLA9,0
JpPPC.jpg,JpPPC,JpTMG,0
NAqWb.jpg,NAqWb,NAqVb,0
80EHL.jpg,80EHL,30EHL,0
I995f.jpg,I995f,L926f,0
340gJ.jpg,340gJ,340nJ,0
3q26e.jpg,3q26e,3q26F,0
C6802.jpg,C6802,CpseM,0
h58rm.jpg,h58rm,h58rm,1
2ci16.jpg,2ci16,2aj16,0
I6Z5z.jpg,I6Z5z,I6Z3z,0
8KQby.jpg,8KQby,8KOhv,0
0NvEq.jpg,0NvEq,0N7Eq,0
X45jc.jpg,X45jc,X45jC,0
lXvjb.jpg,lXvjb,LXv9B,0
H3Us7.jpg,H3Us7,HSUv7,0
3uw8J.jpg,3uw8J,3kw8J,0
v76a6.jpg,v76a6,v7GA5,0
CsT5o.jpg,CsT5o,CsTAo,0
a4M69.jpg,a4M69,a4Mb9,0
bo3Vk.jpg,bo3Vk,Ho3Vk,0
411R9.jpg,411R9,41cR9,0
XzjWy.jpg,XzjWy,XzjWy,1
72wkB.jpg,72wkB,72uKB,0
361Bt.jpg,361Bt,3a1Bj,0
88Ztb.jpg,88Ztb,BRZtu,0
y13pU.jpg,y13pU,y13pW,0
U2Fa5.jpg,U2Fa5,U2Fa5,1
bhV3d.jpg,bhV3d,5kV3d,0
HkF80.jpg,HkF80,HkF80,1
M170i.jpg,M170i,H170i,0
CKq14.jpg,CKq14,CHg14,0
T16Nk.jpg,T16Nk,T16Hk,0
8mK99.jpg,8mK99,87Ko9,0
jYwX4.jpg,jYwX4,jtnX4,0
3sSKd.jpg,3sSKd,3VSKd,0
kVS2G.jpg,kVS2G,kVS2G,1
69452.jpg,69452,69H52,0
0Te0w.jpg,0Te0w,0T48m,0
dVPh9.jpg,dVPh9,dVPb9,0
A650L.jpg,A650L,A67UL,0
97g1J.jpg,97g1J,97w1J,0
u72re.jpg,u72re,G72re,0
8RkTj.jpg,8RkTj,8RkTj,1
7YLB0.jpg,7YLB0,7YLB0,1
dH8M8.jpg,dH8M8,dHyk8,0
3Pod6.jpg,3Pod6,3Pod6,1
KPyl7.jpg,KPyl7,KPyh7,0
0N6h3.jpg,0N6h3,0N6h3,1
qe9Cm.jpg,qe9Cm,1e9Cm,0
BJ78B.jpg,BJ78B,CJ28B,0
DJBQA.jpg,DJBQA,DJBOX,0
jeU3H.jpg,jeU3H,jeD3H,0
nDwx1.jpg,nDwx1,qDwx1,0
82c1g.jpg,82c1g,82c1g,1
Sy8pl.jpg,Sy8pl,SyMpl,0
dwTmO.jpg,dwTmO,dxTm0,0
B5X8c.jpg,B5X8c,D5I8c,0
5zmKa.jpg,5zmKa,SZmKa,0
v4jbt.jpg,v4jbt,v4jbC,0
Z8766.jpg,Z8766,Y876w,0
T8Aa7.jpg,T8Aa7,Z8Aa7,0
U66Ti.jpg,U66Ti,UoGTr,0
Rr7Af.jpg,Rr7Af,Rp7Af,0
hZcK2.jpg,hZcK2,h7CK2,0
5mU2G.jpg,5mU2G,5mL2C,0
2W3by.jpg,2W3by,2W3by,1
87Yw7.jpg,87Yw7,32YmC,0
aCFIb.jpg,aCFIb,aCZIb,0
bvp54.jpg,bvp54,bvp51,0
8Whjb.jpg,8Whjb,8VmJ6,0
B2x8j.jpg,B2x8j,P248j,0
P3D0g.jpg,P3D0g,P3D0g,1
Ov1gb.jpg,Ov1gb,OV1gb,0
SH9BD.jpg,SH9BD,5H9Be,0
fZoxt.jpg,fZoxt,SZoXt,0
lN0Q8.jpg,lN0Q8,jN0Q5,0
T2B98.jpg,T2B98,12H98,0
Ei4Sh.jpg,Ei4Sh,EI45b,0
327ps.jpg,327ps,32Vps,0
ELYLX.jpg,ELYLX,ELyaX,0
649A8.jpg,649A8,649A8,1
iwyQp.jpg,iwyQp,iwyCp,0
aY4N9.jpg,aY4N9,d74K9,0
m5T19.jpg,m5T19,m5t19,0
tkEQu.jpg,tkEQu,txEQu,0
v0ex0.jpg,v0ex0,vGeX0,0
PsH7l.jpg,PsH7l,DSH7J,0
nPrR7.jpg,nPrR7,aPrR7,0
m2c1K.jpg,m2c1K,m2c1k,0
5MCMb.jpg,5MCMb,5MCyb,0
07Eh5.jpg,07Eh5,O7Eh5,0
2beB8.jpg,2beB8,7bcB8,0
25Wf7.jpg,25Wf7,2oWf7,0
qBx1O.jpg,qBx1O,aBx1O,0
i1b2b.jpg,i1b2b,r1u2o,0
3qHrt.jpg,3qHrt,3aArL,0
U3tMA.jpg,U3tMA,U3fNA,0
S7jq4.jpg,S7jq4,S7jH4,0
kbcV9.jpg,kbcV9,K5cV9,0
Il595.jpg,Il595,Vr59R,0
3N684.jpg,3N684,3M684,0
U1Bia.jpg,U1Bia,UTbIM,0
uk9ti.jpg,uk9ti,uk9tj,0
3mtFE.jpg,3mtFE,3mtFb,0
GlJ01.jpg,GlJ01,GfJD1,0
M3LQf.jpg,M3LQf,M4IqG,0
2Mh98.jpg,2Mh98,2Mb98,0
212H8.jpg,212H8,z17H8,0
7AvgK.jpg,7AvgK,7AVgK,0
S3D4o.jpg,S3D4o,S3Q4o,0
4016E.jpg,4016E,4016E,1
B0TvT.jpg,B0TvT,BoTvM,0
96e8x.jpg,96e8x,96u8X,0
hY5qn.jpg,hY5qn,hYSyn,0
0C5DL.jpg,0C5DL,0c4DL,0
EgZQN.jpg,EgZQN,EJ70H,0
v32hx.jpg,v32hx,V32HX,0
p7UW0.jpg,p7UW0,P7UWQ,0
Jwmfa.jpg,Jwmfa,JWufa,0
nybUb.jpg,nybUb,nywfb,0
IaezB.jpg,IaezB,laczB,0
5J45Y.jpg,5J45Y,5J4DY,0
5NSvy.jpg,5NSvy,5H8v7,0
ae1Wl.jpg,ae1Wl,ac1Wl,0
2VZtq.jpg,2VZtq,2VZtq,1
z1ohf.jpg,z1ohf,z1ohf,1
I3s16.jpg,I3s16,k3s16,0
ULlCb.jpg,ULlCb,yLlCo,0
A53Uv.jpg,A53Uv,M53Uv,0
KMK2i.jpg,KMK2i,BAxsj,0
0wh12.jpg,0wh12,0wh12,1
4Gj4g.jpg,4Gj4g,46IMg,0
fN059.jpg,fN059,fN05w,0
99FOT.jpg,99FOT,S9eG7,0
JPs92.jpg,JPs92,JPs92,1
loCY6.jpg,loCY6,kqCY6,0
DT789.jpg,DT789,DTm89,0
E108B.jpg,E108B,k10R6,0
qhaV4.jpg,qhaV4,yhaV4,0
G2ZXx.jpg,G2ZXx,G2mXx,0
276oO.jpg,276oO,N76oQ,0
Psx3x.jpg,Psx3x,FsK3U,0
Y5Pp6.jpg,Y5Pp6,V5Pn6,0
3tR6m.jpg,3tR6m,3tH9m,0
0WHd9.jpg,0WHd9,0W1d9,0
eV3mW.jpg,eV3mW,fV3mJ,0
62c91.jpg,62c91,62C91,0
SS726.jpg,SS726,s5726,0
gQ08E.jpg,gQ08E,gY08E,0
92NO5.jpg,92NO5,92NO5,1
xl5L6.jpg,xl5L6,xh5D6,0
uoeZs.jpg,uoeZs,u3eZk,0
doWID.jpg,doWID,doW1D,0
7eM42.jpg,7eM42,7cM42,0
IvjZa.jpg,IvjZa,tvJZA,0
p5xJ2.jpg,p5xJ2,p5KJ2,0
Q5S7J.jpg,Q5S7J,Q5s7J,0
4FnIk.jpg,4FnIk,4FnTk,0
0h3id.jpg,0h3id,0h3id,1
6a3a8.jpg,6a3a8,KM3a8,0
m8x54.jpg,m8x54,m8x54,1
Br3Od.jpg,Br3Od,Bf3Od,0
t1PaF.jpg,t1PaF,t9PaK,0
T7xp1.jpg,T7xp1,T7KBi,0
wgEvF.jpg,wgEvF,ugkvF,0
F6ZPR.jpg,F6ZPR,f6ZPX,0
52b7l.jpg,52b7l,52b7E,0
R3VJx.jpg,R3VJx,R3Vfx,0
svX4g.jpg,svX4g,svH4g,0
vUL4H.jpg,vUL4H,wUL4H,0
YHE4U.jpg,YHE4U,YAEiU,0
08olm.jpg,08olm,DPo1m,0
NQ4Oa.jpg,NQ4Oa,MQfDa,0
6px09.jpg,6px09,6FX03,0
1cG45.jpg,1cG45,IcY45,0
7BdI2.jpg,7BdI2,7BdI2,1
qp8bW.jpg,qp8bW,qP8bW,0
gXkTD.jpg,gXkTD,aXkTD,0
5Ct5Q.jpg,5Ct5Q,5G1hO,0
GwdAP.jpg,GwdAP,CVJAF,0
w1fo6.jpg,w1fo6,HTf06,0
hnX1A.jpg,hnX1A,bnX0P,0
q3RzQ.jpg,q3RzQ,g3RzO,0
K8mpq.jpg,K8mpq,MQhpV,0
0668v.jpg,0668v,0ks8V,0
6HTJg.jpg,6HTJg,5H7Jg,0
0C2M3.jpg,0C2M3,0C2Ms,0
4c6oV.jpg,4c6oV,4c6nV,0
4CaaC.jpg,4CaaC,4CanV,0
s0XAO.jpg,s0XAO,sJXAC,0
F90t9.jpg,F90t9,F30tq,0
v1z25.jpg,v1z25,vHI25,0
16Df3.jpg,16Df3,16Df3,1
1S19h.jpg,1S19h,YS4OK,0
i6k50.jpg,i6k50,j6k50,0
Zpo1s.jpg,Zpo1s,Zpo1w,0
DuZ63.jpg,DuZ63,DuZ63,1
e2L74.jpg,e2L74,e2k74,0
7LVtB.jpg,7LVtB,7uVTB,0
p5Ve2.jpg,p5Ve2,pSVe2,0
13klR.jpg,13klR,13ktP,0
G1ZJ1.jpg,G1ZJ1,6tZJ1,0
04084.jpg,04084,04Y81,0
4Q8eM.jpg,4Q8eM,4Q8cM,0
51yiM.jpg,51yiM,57yFM,0
8ypb8.jpg,8ypb8,Rgphd,0
LwsjK.jpg,LwsjK,LwsjK,1
48U2I.jpg,48U2I,48w2I,0
3h5C7.jpg,3h5C7,3hAC7,0
3GoCh.jpg,3GoCh,3GoZb,0
a90E8.jpg,a90E8,ay0E8,0
ro2e1.jpg,ro2e1,ro261,0
d9h5u.jpg,d9h5u,J9h5u,0
Xs2rh.jpg,Xs2rh,Xs2rb,0
D4Q16.jpg,D4Q16,v4QI6,0
9y9H3.jpg,9y9H3,ey9H3,0
v5jj6.jpg,v5jj6,v5jN6,0
p54eU.jpg,p54eU,P54OL,0
BwY69.jpg,BwY69,BWY69,0
tSPKU.jpg,tSPKU,tSPKu,0
X4h2M.jpg,X4h2M,X4h1M,0
QhqjG.jpg,QhqjG,FhqYG,0
g8sUw.jpg,g8sUw,gfsUw,0
739Cj.jpg,739Cj,739Ck,0
u6NeF.jpg,u6NeF,C6NaF,0
9IxGK.jpg,9IxGK,9IxeK,0
x8URA.jpg,x8URA,x8URA,1
Y25yF.jpg,Y25yF,Y25JC,0
z9we1.jpg,z9we1,zMwo1,0
lgp3d.jpg,lgp3d,Igp3d,0
vZ1qa.jpg,vZ1qa,vZ1qM,0
Z66pX.jpg,Z66pX,ZW6PX,0
0Guok.jpg,0Guok,0gumX,0
PY88M.jpg,PY88M,DY8xM,0
oKy1e.jpg,oKy1e,vKG1e,0
EeiPf.jpg,EeiPf,ToxPf,0
SxJJG.jpg,SxJJG,NvJIG,0
PH4Bi.jpg,PH4Bi,PH4Bi,1
ZA3ui.jpg,ZA3ui,ZA3uI,0
0FoB2.jpg,0FoB2,0Fey2,0
SZBe2.jpg,SZBe2,STBm2,0
8el70.jpg,8el70,3ei70,0
G4748.jpg,G4748,V47d8,0
gn71S.jpg,gn71S,gm2lS,0
XOKBf.jpg,XOKBf,X0K31,0
GJrj6.jpg,GJrj6,GJmjp,0
Ql40g.jpg,Ql40g,qk40g,0
KUnyv.jpg,KUnyv,KCmYv,0
dcSD1.jpg,dcSD1,dcKD1,0
aFs33.jpg,aFs33,aFG13,0
0m2y3.jpg,0m2y3,0M2y3,0
1XyXu.jpg,1XyXu,1KyMu,0
2ROK9.jpg,2ROK9,2ROt9,0
B8I1o.jpg,B8I1o,W8I1c,0
23836.jpg,23836,238m6,0
F3eI9.jpg,F3eI9,H3z79,0
M8dF9.jpg,M8dF9,Wxdc9,0
Tv622.jpg,Tv622,TV62M,0
fscwm.jpg,fscwm,FTCwm,0
7qudW.jpg,7qudW,7qubW,0
s9Xt4.jpg,s9Xt4,x9Xt4,0
iFkoE.jpg,iFkoE,iPK0E,0
etnNK.jpg,etnNK,O1hNK,0
8446k.jpg,8446k,8T46K,0
eRJJq.jpg,eRJJq,eRJtq,0
0Xrpp.jpg,0Xrpp,CKieb,0
K0i42.jpg,K0i42,K0j42,0
Woq6p.jpg,Woq6p,Wv46p,0
xQMfH.jpg,xQMfH,xOXfH,0
57X0d.jpg,57X0d,57X0d,1
9wpL3.jpg,9wpL3,9wpL3,1
Xx3A6.jpg,Xx3A6,XM3Ac,0
Ml4hh.jpg,Ml4hh,NI4hA,0
c5g9q.jpg,c5g9q,C549Q,0
s10HE.jpg,s10HE,f1oHJ,0
qOSPB.jpg,qOSPB,QUzPB,0
L0u6B.jpg,L0u6B,L976B,0
P39KR.jpg,P39KR,F39KR,0
dlg2u.jpg,dlg2u,dlyZc,0
s57sZ.jpg,s57sZ,s5leZ,0
M21nY.jpg,M21nY,H21nY,0
yJCTk.jpg,yJCTk,vUCTk,0
9SUm7.jpg,9SUm7,9SUm7,1
dT0pH.jpg,dT0pH,dZ4pH,0
H34l1.jpg,H34l1,H34ZD,0
csy0n.jpg,csy0n,c5Y0h,0
k2xbz.jpg,k2xbz,k2xbC,0
glSp9.jpg,glSp9,g15p9,0
550e1.jpg,550e1,S5Oe1,0
RaWcU.jpg,RaWcU,RaWcU,1
do29t.jpg,do29t,dc29t,0
uDc9m.jpg,uDc9m,uDf9m,0
zkvW6.jpg,zkvW6,zKvW6,0
n7A6a.jpg,n7A6a,m746a,0
a3i6u.jpg,a3i6u,a3iSu,0
Tr1PS.jpg,Tr1PS,Tr1PS,1
xH2LU.jpg,xH2LU,xH2LU,1
ey257.jpg,ey257,eW257,0
k4RFx.jpg,k4RFx,w4Rfx,0
vea91.jpg,vea91,veM91,0
G92NQ.jpg,G92NQ,C9sNQ,0
mx01e.jpg,mx01e,mx01c,0
4z5L0.jpg,4z5L0,4k5L0,0
E60x7.jpg,E60x7,E60X7,0
x8IMr.jpg,x8IMr,g8fMr,0
QPhr4.jpg,QPhr4,OPbr4,0
2801H.jpg,2801H,A8eTH,0
m7UWW.jpg,m7UWW,m7JVw,0
0uLhM.jpg,0uLhM,0uLhM,1
V1xfn.jpg,V1xfn,V1Ffc,0
1dRbb.jpg,1dRbb,1dRbw,0
4X6St.jpg,4X6St,4X6Si,0
S8nA0.jpg,S8nA0,GBmA0,0
8SGg8.jpg,8SGg8,BSCM8,0
7JWwO.jpg,7JWwO,7JYw0,0
7pDuj.jpg,7pDuj,7pDuY,0
jCl9h.jpg,jCl9h,jCT9h,0
A81Db.jpg,A81Db,MS1Db,0
YKEg2.jpg,YKEg2,VKEg2,0
471t8.jpg,471t8,471U8,0
T1UD8.jpg,T1UD8,TxUD6,0
HRzAA.jpg,HRzAA,URzAQ,0
0Kc2Q.jpg,0Kc2Q,pKc2O,0
wp3B0.jpg,wp3B0,wp3h0,0
DbbWe.jpg,DbbWe,9h5Me,0
hi8sY.jpg,hi8sY,Mi8sY,0
7qr9Q.jpg,7qr9Q,7wrj0,0
Dk7c1.jpg,Dk7c1,DK7C1,0
I312J.jpg,I312J,k3T2J,0
4nQAw.jpg,4nQAw,4nQAV,0
lrupO.jpg,lrupO,lKupO,0
9ia1N.jpg,9ia1N,9Ca1N,0
ExtSa.jpg,ExtSa,Ext5a,0
z4k1q.jpg,z4k1q,z4KLq,0
NM3tH.jpg,NM3tH,Nw3fU,0
3o7CJ.jpg,3o7CJ,3o7GJ,0
9Se24.jpg,9Se24,9Sc24,0
529AX.jpg,529AX,529AX,1
Qw6W1.jpg,Qw6W1,QZ6W1,0
vY60s.jpg,vY60s,v760s,0
0L3N2.jpg,0L3N2,0L5N2,0
nV8AY.jpg,nV8AY,nVEAY,0
FcW47.jpg,FcW47,FOU47,0
8r4N2.jpg,8r4N2,8r4N2,1
hM4yD.jpg,hM4yD,hM3YD,0
L1mym.jpg,L1mym,d1myR,0
goj8v.jpg,goj8v,gPi8v,0
0H861.jpg,0H861,0H8G1,0
xg4r9.jpg,xg4r9,xg4r9,1
gQbEH.jpg,gQbEH,g2bEh,0
wkj1G.jpg,wkj1G,WKjT6,0
sZe84.jpg,sZe84,sZ684,0
5RS07.jpg,5RS07,cMS07,0
Xo2LK.jpg,Xo2LK,xe2LK,0
mNrjg.jpg,mNrjg,wArL9,0
9u6OY.jpg,9u6OY,9w6OY,0
8g6S3.jpg,8g6S3,8gkS3,0
1T4HQ.jpg,1T4HQ,1F4HO,0
TVMS8.jpg,TVMS8,1VMS8,0
517sH.jpg,517sH,5I7sH,0
52pf0.jpg,52pf0,52p10,0
8v3w2.jpg,8v3w2,8yRmJ,0
49c0D.jpg,49c0D,49cVD,0
uvj86.jpg,uvj86,Uv786,0
2M4FD.jpg,2M4FD,2M4FL,0
mDn16.jpg,mDn16,wDnl6,0
Yh7I9.jpg,Yh7I9,Vh7i8,0
3H98l.jpg,3H98l,3N9el,0
NAlW2.jpg,NAlW2,M4IV2,0
aIWLS.jpg,aIWLS,aIWZS,0
5opB7.jpg,5opB7,5uh81,0
6mY71.jpg,6mY71,6wV71,0
0bTFI.jpg,0bTFI,0bZFj,0
CG1SR.jpg,CG1SR,2Y1SR,0
O4V0e.jpg,O4V0e,f4V0e,0
cCV3I.jpg,cCV3I,eCV2I,0
4Yp6n.jpg,4Yp6n,4IF6m,0
4J8Zb.jpg,4J8Zb,4J8Zb,1
j0u08.jpg,j0u08,1buQ8,0
ze6Zg.jpg,ze6Zg,xe6Z9,0
dR4x1.jpg,dR4x1,HR4x1,0
I220I.jpg,I220I,I520K,0
K2Onb.jpg,K2Onb,K2Oqb,0
rPgQ6.jpg,rPgQ6,qPZa6,0
A6tUO.jpg,A6tUO,36tUO,0
5h7IL.jpg,5h7IL,5K7TE,0
ceU14.jpg,ceU14,CeH12,0
z32dC.jpg,z32dC,x32dC,0
U03O1.jpg,U03O1,U03Z1,0
9z591.jpg,9z591,9z5H1,0
eobsv.jpg,eobsv,eHbsy,0
IZbl2.jpg,IZbl2,jCbJ2,0
gqB38.jpg,gqB38,g4D38,0
1RYjp.jpg,1RYjp,1RYLp,0
uOU15.jpg,uOU15,nOU15,0
yFiL1.jpg,yFiL1,yFiL1,1
8DONe.jpg,8DONe,8JONe,0
83sD8.jpg,83sD8,b3zP8,0
oyyNL.jpg,oyyNL,o7yHL,0
crFYF.jpg,crFYF,ckFYy,0
01dED.jpg,01dED,01dEP,0
i5La5.jpg,i5La5,i9Ca5,0
flD22.jpg,flD22,fIDd2,0
1j0v3.jpg,1j0v3,17Bv3,0
X2E2W.jpg,X2E2W,X3EOW,0
c55qk.jpg,c55qk,c0Nqh,0
p6f26.jpg,p6f26,pQf26,0
PjIuf.jpg,PjIuf,PVHuf,0
qM5q6.jpg,qM5q6,nW5q6,0
KlHrh.jpg,KlHrh,KL9rh,0
E3J1Z.jpg,E3J1Z,EQJ1Z,0
j16Kw.jpg,j16Kw,j15Kw,0
CpiP5.jpg,CpiP5,CpiN5,0
D1evL.jpg,D1evL,D1evL,1
LGncF.jpg,LGncF,fGaeF,0
S8yc4.jpg,S8yc4,SuyY4,0
1Kdxz.jpg,1Kdxz,9Kdxz,0
FB4l4.jpg,FB4l4,F80UZ,0
RLUH8.jpg,RLUH8,RLUo8,0
7Cl7H.jpg,7Cl7H,7CfYH,0
oQZl4.jpg,oQZl4,oD2I4,0
63L40.jpg,63L40,63L40,1
Wu564.jpg,Wu564,Wm564,0
68QT5.jpg,68QT5,G8O15,0
051Ld.jpg,051Ld,051Ld,1
RmHA9.jpg,RmHA9,RmSF9,0
96eXD.jpg,96eXD,9CeXD,0
dDXxJ.jpg,dDXxJ,dbAxV,0
8L59Q.jpg,8L59Q,8LM9Q,0
j26W5.jpg,j26W5,126Ms,0
8ncFu.jpg,8ncFu,8ncFV,0
600BN.jpg,600BN,50V3A,0
yk9xr.jpg,yk9xr,yA9xr,0
uVfz8.jpg,uVfz8,jWfz8,0
x0J8I.jpg,x0J8I,xGJ8F,0
2Kyev.jpg,2Kyev,2Kfev,0
djVUP.jpg,djVUP,djVUG,0
ApH36.jpg,ApH36,ADH36,0
80H9C.jpg,80H9C,B019C,0
7V50T.jpg,7V50T,7Vm0T,0
P88Cf.jpg,P88Cf,PoBQf,0
Mu25f.jpg,Mu25f,Wg2Zf,0
V3y4e.jpg,V3y4e,V3y4e,1
CwLm2.jpg,CwLm2,Cw1m2,0
9nQc4.jpg,9nQc4,9hQc4,0
iDzBM.jpg,iDzBM,iTz8M,0
n3384.jpg,n3384,m1J84,0
2YY6j.jpg,2YY6j,2YR6i,0
JW6IK.jpg,JW6IK,JW6tK,0
l9yZK.jpg,l9yZK,I9V7K,0
3hWAY.jpg,3hWAY,3hWAY,1
99ZgX.jpg,99ZgX,P4ZgX,0
h57Mv.jpg,h57Mv,n57Mv,0
Q7LZg.jpg,Q7LZg,QTLZg,0
Bx8tr.jpg,Bx8tr,EX8tm,0
A2Cgt.jpg,A2Cgt,A7CgI,0
Y6Rmd.jpg,Y6Rmd,Y62md,0
RbGxx.jpg,RbGxx,Hb6X3,0
FSTV3.jpg,FSTV3,FSTV2,0
t3XZa.jpg,t3XZa,C3XZa,0
c2046.jpg,c2046,E2045,0
V1fc1.jpg,V1fc1,VIAc1,0
030zH.jpg,030zH,p3CzH,0
S0D25.jpg,S0D25,s0DZ5,0
lwf0a.jpg,lwf0a,lWf0a,0
HA0L6.jpg,HA0L6,Hx0L6,0
02qmM.jpg,02qmM,02qmM,1
6mltY.jpg,6mltY,6mjtV,0
b69LS.jpg,b69LS,R69LS,0
53XXw.jpg,53XXw,53mxw,0
l23Md.jpg,l23Md,j23Md,0
06JDf.jpg,06JDf,063vf,0
W37wZ.jpg,W37wZ,W37mZ,0
sels9.jpg,sels9,scFk9,0
7GnI4.jpg,7GnI4,7GML4,0
xCsH0.jpg,xCsH0,rCoKI,0
US2DO.jpg,US2DO,H52DO,0
01QRB.jpg,01QRB,U1QRF,0
9bbWn.jpg,9bbWn,9h6Vz,0
78SxG.jpg,78SxG,7d3xG,0
cN6Z6.jpg,cN6Z6,cH025,0
0wjfD.jpg,0wjfD,9K3fD,0
H8B0U.jpg,H8B0U,H8B0z,0
jpFmE.jpg,jpFmE,ZpImC,0
1qyx9.jpg,1qyx9,1qmx9,0
TXAKA.jpg,TXAKA,TXhSA,0
4j4aR.jpg,4j4aR,d7ZzR,0
C15Cj.jpg,C15Cj,C15vj,0
4TgQE.jpg,4TgQE,4IgOE,0
7d5mT.jpg,7d5mT,7d8mQ,0
0R535.jpg,0R535,0R53g,0
LA3Ky.jpg,LA3Ky,LA5Ky,0
SH5M1.jpg,SH5M1,8H5M1,0
rQ8aR.jpg,rQ8aR,iG8aR,0
6cLWg.jpg,6cLWg,6cLWg,1
V8Xjw.jpg,V8Xjw,V8X1u,0
yFY2w.jpg,yFY2w,yFd2w,0
9Y9Jl.jpg,9Y9Jl,9XDJl,0
Z05pz.jpg,Z05pz,205Px,0
4S55C.jpg,4S55C,4Sk5C,0
iTuCt.jpg,iTuCt,rTuQF,0
N7X5N.jpg,N7X5N,m7x5A,0
u5rJC.jpg,u5rJC,u5rJC,1
aJrC5.jpg,aJrC5,HJiC5,0
Y4j2K.jpg,Y4j2K,Y4F2K,0
rlB21.jpg,rlB21,riB21,0
2nAbK.jpg,2nAbK,2cAbK,0
mU0v4.jpg,mU0v4,mMov4,0
NE5f8.jpg,NE5f8,ME5f8,0
43Myy.jpg,43Myy,45MxV,0
jPXFf.jpg,jPXFf,jPXEv,0
7EQe6.jpg,7EQe6,7EOc6,0
IK0hL.jpg,IK0hL,TK0HE,0
jm23X.jpg,jm23X,jm23X,1
wa81J.jpg,wa81J,Wa61J,0
01j2H.jpg,01j2H,01r2H,0
7bMVN.jpg,7bMVN,7bfVN,0
16oC5.jpg,16oC5,16eC5,0
GgWIV.jpg,GgWIV,6gWZv,0
0Oqjf.jpg,0Oqjf,0QqjP,0
i4F11.jpg,i4F11,Y4EZ1,0
374W9.jpg,374W9,374H9,0
FDgHF.jpg,FDgHF,RDaHt,0
aI2RT.jpg,aI2RT,a1ZRT,0
s87nN.jpg,s87nN,G87nN,0
aiKQi.jpg,aiKQi,arKCT,0
MU7qW.jpg,MU7qW,MS7OW,0
4TrJw.jpg,4TrJw,4TrJw,1
hddJp.jpg,hddJp,HO43p,0
j6394.jpg,j6394,j0s9V,0
I85gM.jpg,I85gM,185aH,0
xSyol.jpg,xSyol,xSy0L,0
c4v2C.jpg,c4v2C,c4Y2p,0
5c4o1.jpg,5c4o1,5C4o1,0
l263l.jpg,l263l,l2sJw,0
MoJ2W.jpg,MoJ2W,NcJ2W,0
Sf0F7.jpg,Sf0F7,St0FT,0
wCpPL.jpg,wCpPL,uCsPL,0
26lBE.jpg,26lBE,26iBE,0
R0z7Y.jpg,R0z7Y,R0s7Y,0
gR0R6.jpg,gR0R6,qK0Bi,0
sVDQq.jpg,sVDQq,51DOg,0
eD475.jpg,eD475,eN475,0
7KVtJ.jpg,7KVtJ,7KVtJ,1
5W087.jpg,5W087,5H087,0
rZleo.jpg,rZleo,rZlsD,0
W6FlD.jpg,W6FlD,H6Fl0,0
035Qk.jpg,035Qk,025wK,0
5NMQO.jpg,5NMQO,5NYQo,0
3QCo5.jpg,3QCo5,3QCn5,0
P79CK.jpg,P79CK,F79CH,0
zd2G7.jpg,zd2G7,rd2C7,0
tLw6z.jpg,tLw6z,fLW6z,0
19IJG.jpg,19IJG,7yMhG,0
5B7La.jpg,5B7La,5B7lo,0
zrUWJ.jpg,zrUWJ,ZcOW3,0
UMonN.jpg,UMonN,UMbnK,0
8eNLR.jpg,8eNLR,9eMIR,0
WsM6e.jpg,WsM6e,Wsj6e,0
lfQk7.jpg,lfQk7,leOk7,0
Q6A5p.jpg,Q6A5p,O6A9Y,0
dqfl4.jpg,dqfl4,JqPl4,0
3eYFm.jpg,3eYFm,3eYFm,1
d0ogq.jpg,d0ogq,dCoFq,0
l516O.jpg,l516O,f516O,0
9x4Q5.jpg,9x4Q5,9x4D5,0
1K4K5.jpg,1K4K5,1KGX5,0
eRH13.jpg,eRH13,cPH13,0
Q1MW7.jpg,Q1MW7,Q1SW7,0
Im11e.jpg,Im11e,ImN1e,0
z399h.jpg,z399h,z379H,0
EBPKF.jpg,EBPKF,e3PKF,0
4I3or.jpg,4I3or,4I3or,1
5Bw5M.jpg,5Bw5M,5Bc4M,0
raRID.jpg,raRID,raRLD,0
z3bWz.jpg,z3bWz,ZsbWz,0
l3lGX.jpg,l3lGX,l3zGX,0
84jSL.jpg,84jSL,R4jSL,0
H257Y.jpg,H257Y,HfS7Y,0
4Xxip.jpg,4Xxip,4XxIP,0
195wo.jpg,195wo,195wo,1
3R62r.jpg,3R62r,VR62r,0
49dYf.jpg,49dYf,m9dYf,0
pM082.jpg,pM082,PM082,0
tKG3C.jpg,tKG3C,tHm3C,0
WNwHd.jpg,WNwHd,W5wRc,0
5rQei.jpg,5rQei,5TOei,0
7WJBS.jpg,7WJBS,7WJBs,0
c41N3.jpg,c41N3,C41M3,0
jrL86.jpg,jrL86,JrL86,0
8vS5C.jpg,8vS5C,AVf5C,0
jDgfc.jpg,jDgfc,jDgfc,1
74B94.jpg,74B94,71b9A,0
o6B55.jpg,o6B55,oG135,0
LF88P.jpg,LF88P,Ljq8P,0
0869v.jpg,0869v,0Kt9v,0
fQRaX.jpg,fQRaX,10RaX,0
bB29g.jpg,bB29g,p879q,0
eCfpI.jpg,eCfpI,eGfp1,0
282jK.jpg,282jK,Z6zJK,0
c2Wqs.jpg,c2Wqs,C2Wgs,0
0ZFVl.jpg,0ZFVl,02EV1,0
217UV.jpg,217UV,2yrUV,0
lrr70.jpg,lrr70,lCv70,0
77LRM.jpg,77LRM,rTtRw,0
092Fe.jpg,092Fe,092ke,0
S7v7X.jpg,S7v7X,S7uPX,0
d8Iu7.jpg,d8Iu7,d8Eu7,0
f9l20.jpg,f9l20,f9h20,0
W8AFS.jpg,W8AFS,q8AFS,0
94tmK.jpg,94tmK,94ImK,0
XwLE2.jpg,XwLE2,XvlF2,0
6y8gE.jpg,6y8gE,6Y8gE,0
e25Ma.jpg,e25Ma,e25Ma,1
2jv2r.jpg,2jv2r,TFv2r,0
OuVPR.jpg,OuVPR,OuVFR,0
8NduE.jpg,8NduE,8NduE,1
pjPlq.jpg,pjPlq,pjzIg,0
jBZ5O.jpg,jBZ5O,yBA5O,0
0UBqv.jpg,0UBqv,0UBqm,0
3tR42.jpg,3tR42,3mR42,0
5x35I.jpg,5x35I,5X3El,0
5xMe8.jpg,5xMe8,5xMe8,1
3kyk9.jpg,3kyk9,3mgk9,0
fFdli.jpg,fFdli,fPdkx,0
Y522r.jpg,Y522r,Y5Raf,0
VxPcd.jpg,VxPcd,VxTcd,0
uLwv4.jpg,uLwv4,ujXv4,0
JpD8l.jpg,JpD8l,JqD8l,0
7lotv.jpg,7lotv,Zlotv,0
A6Ou9.jpg,A6Ou9,A7Ou9,0
46k5m.jpg,46k5m,4plKm,0
cLwI6.jpg,cLwI6,c2wI6,0
8871L.jpg,8871L,6R7JL,0
55KF8.jpg,55KF8,5oKt8,0
T69kW.jpg,T69kW,T69kW,1
2p2Jz.jpg,2p2Jz,2p0Jz,0
iX3VW.jpg,iX3VW,iX39W,0
07573.jpg,07573,07NZ3,0
0lDvJ.jpg,0lDvJ,0lMvJ,0
s5NH6.jpg,s5NH6,s5MVZ,0
SVAcG.jpg,SVAcG,DVAeG,0
yJ6Yq.jpg,yJ6Yq,yJbYq,0
E8kTB.jpg,E8kTB,EakZU,0
7LD3D.jpg,7LD3D,7Lp3D,0
dvqAv.jpg,dvqAv,dmqAv,0
37d0Y.jpg,37d0Y,37w0V,0
8rQhr.jpg,8rQhr,81QKr,0
1HtWS.jpg,1HtWS,1HdWB,0
0vU8D.jpg,0vU8D,0vU8h,0
2Z7HW.jpg,2Z7HW,2e7H5,0
9uvWz.jpg,9uvWz,9xyWe,0
8lwN5.jpg,8lwN5,81mM5,0
rN1K1.jpg,rN1K1,cN1Si,0
9UXZ3.jpg,9UXZ3,9DXZ3,0
0S3au.jpg,0S3au,0S3av,0
m9yvM.jpg,m9yvM,m1yFM,0
2S0LU.jpg,2S0LU,2SMLU,0
KQrLC.jpg,KQrLC,KQrLc,0
3qD23.jpg,3qD23,SeD23,0
c7Z6k.jpg,c7Z6k,uPZ6K,0
rze4e.jpg,rze4e,rzRYe,0
OwpqB.jpg,OwpqB,0Vpa8,0
lBort.jpg,lBort,lBoyt,0
smaF1.jpg,smaF1,suoFt,0
vkazR.jpg,vkazR,VkQzR,0
VVYj1.jpg,VVYj1,K9Yp1,0
4F0Av.jpg,4F0Av,ZF0Av,0
3YY8S.jpg,3YY8S,3Yk8G,0
X1kc7.jpg,X1kc7,X1Rc7,0
lQg06.jpg,lQg06,IAg06,0
iH5s9.jpg,iH5s9,iHJs9,0
vf4PE.jpg,vf4PE,vf4gE,0
2pREQ.jpg,2pREQ,2PREO,0
67UD1.jpg,67UD1,67UD1,1
zo5bU.jpg,zo5bU,zo3bU,0
6p03X.jpg,6p03X,6p0VX,0
ljh39.jpg,ljh39,tJn39,0
1cx9A.jpg,1cx9A,4ci9D,0
mMt9f.jpg,mMt9f,mMv9k,0
eDk5K.jpg,eDk5K,pDk5K,0
BU5n8.jpg,BU5n8,Bj5n8,0
yJe4f.jpg,yJe4f,yJe4F,0
Qbw77.jpg,Qbw77,ObwYz,0
c83Um.jpg,c83Um,Iu5UR,0
9g5lv.jpg,9g5lv,9n5Iv,0
Hw6AE.jpg,Hw6AE,Hw67E,0
SPmDx.jpg,SPmDx,SFmDx,0
6hl7d.jpg,6hl7d,6nt7d,0
jenqk.jpg,jenqk,jeVqk,0
RAZ03.jpg,RAZ03,RAZ03,1
2yhX6.jpg,2yhX6,2vAX6,0
9IwXP.jpg,9IwXP,9iwXP,0
UUitp.jpg,UUitp,Juetn,0
P67r3.jpg,P67r3,P67r3,1
Z1rQ5.jpg,Z1rQ5,Z1r05,0
QzNVl.jpg,QzNVl,CzNVi,0
qQzK6.jpg,qQzK6,qOzK6,0
4v5U3.jpg,4v5U3,4v5Da,0
rNy1N.jpg,rNy1N,rUy1N,0
JUfZ6.jpg,JUfZ6,JVfZ6,0
qvSA5.jpg,qvSA5,gVCA5,0
1ogc7.jpg,1ogc7,1ogC7,0
2dpiq.jpg,2dpiq,2cpxq,0
m6075.jpg,m6075,mW075,0
65K5E.jpg,65K5E,q5KSE,0
88Onu.jpg,88Onu,280nv,0
so3Zv.jpg,so3Zv,sm3ZV,0
OnB0l.jpg,OnB0l,OnRol,0
sOO1y.jpg,sOO1y,SGU1r,0
ed2aB.jpg,ed2aB,eK2aB,0
jMqcN.jpg,jMqcN,1AqCN,0
reX71.jpg,reX71,reX71,1
49GEj.jpg,49GEj,49GMj,0
0e5ur.jpg,0e5ur,ke5ur,0
ti5Uv.jpg,ti5Uv,hi5Uy,0
1fpbS.jpg,1fpbS,1fPb9,0
P0MR6.jpg,P0MR6,P0Ms6,0
2hjz1.jpg,2hjz1,2hdz1,0
R8O13.jpg,R8O13,R8D12,0
3BqJn.jpg,3BqJn,3BgIh,0
0fRBC.jpg,0fRBC,2fKBC,0
N7U09.jpg,N7U09,K7U8f,0
8w4t1.jpg,8w4t1,8w4C1,0
YHc5V.jpg,YHc5V,7HC5V,0
Bgk8i.jpg,Bgk8i,DgX6I,0
86jP3.jpg,86jP3,M6jP3,0
N6820.jpg,N6820,NG8Y0,0
csT64.jpg,csT64,eST6Z,0
9XYm2.jpg,9XYm2,9XYh2,0
7MST9.jpg,7MST9,7MSTe,0
XZZQD.jpg,XZZQD,X27QF,0
v3dLX.jpg,v3dLX,vSdhX,0
7cdUt.jpg,7cdUt,7cdUt,1
6jCKj.jpg,6jCKj,67CNJ,0
2PVp5.jpg,2PVp5,2PVr5,0
8HMlx.jpg,8HMlx,9FMJx,0
n2Ou3.jpg,n2Ou3,h2Cu3,0
l3Awo.jpg,l3Awo,I3Xwo,0
NF4j6.jpg,NF4j6,ME4i6,0
z74BV.jpg,z74BV,z7OBV,0
tX7U8.jpg,tX7U8,fX703,0
Gyl90.jpg,Gyl90,CyI9U,0
Vc3Y6.jpg,Vc3Y6,Mc3Y6,0
SrKgW.jpg,SrKgW,SrKJW,0
UCKUr.jpg,UCKUr,UCKPr,0
HLFom.jpg,HLFom,HLFox,0
4tqa3.jpg,4tqa3,4tqa3,1
Ey6Bg.jpg,Ey6Bg,fy6Bq,0
S70c4.jpg,S70c4,870c4,0
Eh3d8.jpg,Eh3d8,FbXd8,0
8bA0P.jpg,8bA0P,8bXUP,0
t6olz.jpg,t6olz,tGolz,0
1WLjS.jpg,1WLjS,1WLjS,1
R862x.jpg,R862x,R86yx,0
ob1s1.jpg,ob1s1,oWjs1,0
wSGW6.jpg,wSGW6,wSCY6,0
bUE23.jpg,bUE23,byE23,0
9Q2S7.jpg,9Q2S7,9C2S7,0
7d3zL.jpg,7d3zL,7M3zL,0
3Jk20.jpg,3Jk20,3Yk20,0
1Wyq7.jpg,1Wyq7,fWyq7,0
7m8hy.jpg,7m8hy,7m8hy,1
LrvU6.jpg,LrvU6,LrvS6,0
5Z4in.jpg,5Z4in,5Z4jn,0
x3U1O.jpg,x3U1O,X3H1C,0
5dL1s.jpg,5dL1s,5dL1x,0
NqENK.jpg,NqENK,Nm5tK,0
iPd15.jpg,iPd15,hPd15,0
5N76e.jpg,5N76e,5M76e,0
42AHu.jpg,42AHu,49AHu,0
PzIfU.jpg,PzIfU,PzlqU,0
E1V44.jpg,E1V44,E1wd3,0
9KDn0.jpg,9KDn0,9KDuC,0
kIx4R.jpg,kIx4R,kIx4R,1
n99Pi.jpg,n99Pi,n9WPi,0
1W51u.jpg,1W51u,2W5fu,0
eoJIF.jpg,eoJIF,e0WIE,0
TDLdQ.jpg,TDLdQ,TDLdQ,1
53IC7.jpg,53IC7,53rQ7,0
5eoeV.jpg,5eoeV,5uOLV,0
i23ux.jpg,i23ux,fP3ux,0
5J5eH.jpg,5J5eH,SJ6OH,0
AXq4B.jpg,AXq4B,kXqGB,0
VF2so.jpg,VF2so,UE2so,0
kp74g.jpg,kp74g,kP74g,0
QP9h4.jpg,QP9h4,QPSh4,0
r53J9.jpg,r53J9,k53d9,0
U3IxG.jpg,U3IxG,U3fxG,0
266Pd.jpg,266Pd,2GkPd,0
H4I9Q.jpg,H4I9Q,H4L9O,0
3osBo.jpg,3osBo,7vsB6,0
3j2kh.jpg,3j2kh,3i2kh,0
8Lh5G.jpg,8Lh5G,3IK5C,0
S7Ey1.jpg,S7Ey1,87Ey1,0
sYXSe.jpg,sYXSe,FYX8r,0
2qkUa.jpg,2qkUa,2ykUa,0
jmody.jpg,jmody,jmo8y,0
sGrc5.jpg,sGrc5,KGrc5,0
ibMHb.jpg,ibMHb,CbMHo,0
c28T5.jpg,c28T5,c28I5,0
L15I1.jpg,L15I1,Ex5T1,0
XSXf5.jpg,XSXf5,XoKl5,0
XOVOF.jpg,XOVOF,X6VmE,0
nbv8Z.jpg,nbv8Z,m5V32,0
m3a7w.jpg,m3a7w,m3a7w,1
GOwN7.jpg,GOwN7,GOwN1,0
1Ap8i.jpg,1Ap8i,TAe8i,0
2X9fa.jpg,2X9fa,2X9Ea,0
pDh03.jpg,pDh03,pDhC3,0
PR8Vd.jpg,PR8Vd,lR8Vd,0
BcWOH.jpg,BcWOH,8cwQN,0
9hsSl.jpg,9hsSl,9WrJl,0
WVT51.jpg,WVT51,hV751,0
4VGh4.jpg,4VGh4,AVCb4,0
tlOD6.jpg,tlOD6,t7Oky,0
wF5L8.jpg,wF5L8,nF5LW,0
QjzcP.jpg,QjzcP,0IxcP,0
npo16.jpg,npo16,Rpo16,0
ha3Kf.jpg,ha3Kf,La3Kf,0
BS883.jpg,BS883,pCRg3,0
88qH0.jpg,88qH0,82qH0,0
tiIFb.jpg,tiIFb,tiYFh,0
P4djk.jpg,P4djk,P4cjk,0
7knrH.jpg,7knrH,7knrH,1
pMzYE.jpg,pMzYE,nH4JE,0
OKfrf.jpg,OKfrf,OKJrf,0
R1JV5.jpg,R1JV5,21JV5,0
szF1y.jpg,szF1y,szF0j,0
r88dg.jpg,r88dg,M3oJg,0
pgtK8.jpg,pgtK8,PgLK8,0
dKsbB.jpg,dKsbB,JKSbB,0
UQY7n.jpg,UQY7n,UQYLa,0
ta6zh.jpg,ta6zh,ta6Rh,0
JHepl.jpg,JHepl,JHcpf,0
1C12k.jpg,1C12k,JCY2K,0
xcg9J.jpg,xcg9J,xcy9J,0
5s4d3.jpg,5s4d3,5s4d3,1
iO8AY.jpg,iO8AY,i084V,0
nzXZ7.jpg,nzXZ7,CzX57,0
gd6F1.jpg,gd6F1,gd6Ri,0
0mjGs.jpg,0mjGs,0mj2s,0
kLwJj.jpg,kLwJj,kLwJr,0
Bvy3J.jpg,Bvy3J,BvYZJ,0
e8o9k.jpg,e8o9k,e8d9L,0
l6KON.jpg,l6KON,16KDM,0
LCJQc.jpg,LCJQc,LWJ0c,0
rl845.jpg,rl845,rT645,0
NGPO2.jpg,NGPO2,HGPy2,0
t2vp3.jpg,t2vp3,E2vm3,0
cP155.jpg,cP155,CP125,0
oqyp8.jpg,oqyp8,o4yp8,0
K8u55.jpg,K8u55,M8mse,0
5l3M2.jpg,5l3M2,5f3H2,0
4gw4w.jpg,4gw4w,4yWPw,0
YJGaO.jpg,YJGaO,YJGaD,0
IIEsh.jpg,IIEsh,bJPsA,0
Y6C55.jpg,Y6C55,V6QaF,0
YIu46.jpg,YIu46,Ylu45,0
tgE3A.jpg,tgE3A,tgE34,0
EfFJK.jpg,EfFJK,Pf5JK,0
93w06.jpg,93w06,93k06,0
yq78D.jpg,yq78D,yn78D,0
V047z.jpg,V047z,V047z,1
gxAXM.jpg,gxAXM,gx4XM,0
V6lz1.jpg,V6lz1,V6Lz1,0
W4M2F.jpg,W4M2F,W4M2F,1
7DM1V.jpg,7DM1V,7oM1V,0
64z24.jpg,64z24,64r3d,0
zDcpg.jpg,zDcpg,3Pcpq,0
586UR.jpg,586UR,586HR,0
NA6Ip.jpg,NA6Ip,NA6tQ,0
s8x3r.jpg,s8x3r,V6x3r,0
10cG1.jpg,10cG1,4PKCL,0
CDGel.jpg,CDGel,CDSa1,0
57nn2.jpg,57nn2,5fan2,0
zAPjL.jpg,zAPjL,zAPjL,1
1b9BM.jpg,1b9BM,1p9Bw,0
98Zwj.jpg,98Zwj,98Zuj,0
wXCtA.jpg,wXCtA,wKCIA,0
8p6V2.jpg,8p6V2,8p6L2,0
X9nv6.jpg,X9nv6,Xgnv6,0
TH3QG.jpg,TH3QG,THaOG,0
2y1as.jpg,2y1as,2yFas,0
m5Rr8.jpg,m5Rr8,m5RrV,0
N86r0.jpg,N86r0,H84r0,0
6kwP1.jpg,6kwP1,5KWP1,0
JBExQ.jpg,JBExQ,J8EX0,0
y4eCg.jpg,y4eCg,y4eCg,1
PK0HU.jpg,PK0HU,PjoHL,0
4N7L2.jpg,4N7L2,4N7l2,0
tQpF7.jpg,tQpF7,tGpF7,0
tt81t.jpg,tt81t,rt81o,0
q082d.jpg,q082d,qO8Zd,0
r8Mf2.jpg,r8Mf2,78Hf2,0
9M0Vj.jpg,9M0Vj,9MCVj,0
sm2Gy.jpg,sm2Gy,sm2Gj,0
WEEnd.jpg,WEEnd,Wtzn4,0
0mjqi.jpg,0mjqi,0mYqi,0
2cL6v.jpg,2cL6v,2cl6w,0
NkS2Q.jpg,NkS2Q,MkS7Q,0
m3DIH.jpg,m3DIH,m3ObH,0
2y175.jpg,2y175,2y17G,0
zusnp.jpg,zusnp,7usMb,0
5qBz9.jpg,5qBz9,5mBz9,0
4up54.jpg,4up54,Mup54,0
9Ozn0.jpg,9Ozn0,9QzN0,0
bx5H0.jpg,bx5H0,bx5N0,0
00v0N.jpg,00v0N,OlyQN,0
i81DE.jpg,i81DE,iw1DE,0
i7L7v.jpg,i7L7v,rZL7o,0
58SfS.jpg,58SfS,5OGIS,0
T5q72.jpg,T5q72,I5G72,0
Jc3Oy.jpg,Jc3Oy,Jc3OV,0
vRtQD.jpg,vRtQD,vXtQp,0
tp1SL.jpg,tp1SL,rp1SL,0
n2CX9.jpg,n2CX9,m2CX9,0
7UdWX.jpg,7UdWX,7EqWX,0
0rjIG.jpg,0rjIG,0rylG,0
SH39n.jpg,SH39n,CB39n,0
wPB49.jpg,wPB49,w7BA9,0
ZQQ0M.jpg,ZQQ0M,ZOeIM,0
8VId6.jpg,8VId6,8VId5,0
Ta8N4.jpg,Ta8N4,Ta8K4,0
M5Ijh.jpg,M5Ijh,M5Pjh,0
hyay9.jpg,hyay9,bUcy9,0
WwLoi.jpg,WwLoi,WxLaf,0
J33x6.jpg,J33x6,J3mx6,0
oFj67.jpg,oFj67,oEjs7,0
7v6Wo.jpg,7v6Wo,7v6Eo,0
o053K.jpg,o053K,oUYsK,0
0x636.jpg,0x636,0x736,0
2DU4b.jpg,2DU4b,2PM4b,0
EP6u4.jpg,EP6u4,EP6V4,0
2w1n8.jpg,2w1n8,2w1a6,0
9k167.jpg,9k167,9k1m7,0
A25ne.jpg,A25ne,A25mG,0
ca1AV.jpg,ca1AV,C3fAV,0
nsCwj.jpg,nsCwj,nsCWj,0
R4R2O.jpg,R4R2O,R4Y2O,0
YsQ85.jpg,YsQ85,YeQ85,0
6V1ku.jpg,6V1ku,6V1ku,1
T8Vuh.jpg,T8Vuh,T8Veh,0
w9q3L.jpg,w9q3L,K9q3L,0
dJnQm.jpg,dJnQm,uJfQm,0
zoyNh.jpg,zoyNh,zoyNh,1
w36rA.jpg,w36rA,W36FA,0
H35K4.jpg,H35K4,l35x4,0
Fs9J4.jpg,Fs9J4,Es974,0
8O8Mi.jpg,8O8Mi,805M1,0
9w13h.jpg,9w13h,9w1Zh,0
479V8.jpg,479V8,h79V8,0
meLOp.jpg,meLOp,meLO2,0
x7U8d.jpg,x7U8d,x7U8q,0
247LX.jpg,247LX,247IX,0
p7437.jpg,p7437,pl457,0
5X74I.jpg,5X74I,5X74t,0
WAwCn.jpg,WAwCn,V4vCn,0
V19c1.jpg,V19c1,V15QL,0
b1XE0.jpg,b1XE0,b1KE0,0
3N0Vs.jpg,3N0Vs,3N0Vs,1
cC997.jpg,cC997,cCK97,0
7c3mL.jpg,7c3mL,7e3mL,0
gr1Ci.jpg,gr1Ci,gr1Ch,0
ACc4p.jpg,ACc4p,Aichg,0
uLqo0.jpg,uLqo0,NLqoD,0
93g8w.jpg,93g8w,93f8w,0
wW7vO.jpg,wW7vO,RW7tO,0
BsJ2K.jpg,BsJ2K,Bs12K,0
x95bv.jpg,x95bv,xQ5bv,0
2oC20.jpg,2oC20,3oCZH,0
340qQ.jpg,340qQ,340VQ,0
0Ij5x.jpg,0Ij5x,0IH5x,0
4EaJs.jpg,4EaJs,4EaJV,0
Z7cYb.jpg,Z7cYb,ZMcYb,0
g78vO.jpg,g78vO,g78vd,0
y9021.jpg,y9021,y9021,1
EL4jg.jpg,EL4jg,EL4jq,0
kwlav.jpg,kwlav,fwhav,0
94NGH.jpg,94NGH,9qNGH,0
azLN3.jpg,azLN3,ezLM3,0
59bw8.jpg,59bw8,j9bw8,0
Ubh4V.jpg,Ubh4V,Upn4N,0
rpt15.jpg,rpt15,rplX5,0
OR7AA.jpg,OR7AA,0K7h4,0
K822R.jpg,K822R,K02LR,0
451za.jpg,451za,451fu,0
sYzS1.jpg,sYzS1,sYr8l,0
5ez2m.jpg,5ez2m,5e72m,0
O3RRJ.jpg,O3RRJ,O3SkJ,0
93Pm0.jpg,93Pm0,93Fmd,0
ymRWS.jpg,ymRWS,ymEWS,0
uwV89.jpg,uwV89,uwVl9,0
nnWSW.jpg,nnWSW,noP5W,0
E797d.jpg,E797d,Er9Zc,0
fu1yk.jpg,fu1yk,9uTyK,0
I7uCl.jpg,I7uCl,Y7u6L,0
x7b8i.jpg,x7b8i,X708i,0
1KlyW.jpg,1KlyW,1KISW,0
6Vx96.jpg,6Vx96,eV198,0
FElf8.jpg,FElf8,NElf8,0
W8R0j.jpg,W8R0j,w8R0j,0
LFGXZ.jpg,LFGXZ,LF6XZ,0
zrorQ.jpg,zrorQ,2jqrL,0
b163J.jpg,b163J,h163J,0
8V00i.jpg,8V00i,8vZ0I,0
a17jb.jpg,a17jb,am7jb,0
Dqr2V.jpg,Dqr2V,Oqn2V,0
Z068N.jpg,Z068N,Z068M,0
WWlMA.jpg,WWlMA,HBlPA,0
jy9Mi.jpg,jy9Mi,ju9Mi,0
MgD59.jpg,MgD59,MyD59,0
Wdxjb.jpg,Wdxjb,Waxjb,0
7NCZ4.jpg,7NCZ4,7HCZ4,0
9NPki.jpg,9NPki,9NPCr,0
907z4.jpg,907z4,907z4,1
N9N3D.jpg,N9N3D,N9c3D,0
8z3Yl.jpg,8z3Yl,8m5Yl,0
4D50A.jpg,4D50A,1D50A,0
mZW4m.jpg,mZW4m,DZk4m,0
5d0a5.jpg,5d0a5,BLOa5,0
y2QOH.jpg,y2QOH,y25OH,0
J1rQl.jpg,J1rQl,J1nOf,0
p1yf6.jpg,p1yf6,p1yN6,0
8426y.jpg,8426y,8426y,1
73v3E.jpg,73v3E,7NvsE,0
e7Bx1.jpg,e7Bx1,e7Bxu,0
V0xUd.jpg,V0xUd,Y0ZUd,0
EnRem.jpg,EnRem,EYRem,0
a4zt5.jpg,a4zt5,a0zI5,0
4WTTx.jpg,4WTTx,4WtFx,0
EAJsX.jpg,EAJsX,EAJsX,1
z3mI0.jpg,z3mI0,z3mI0,1
otJ0T.jpg,otJ0T,otJOZ,0
9E61s.jpg,9E61s,9E61n,0
u14X4.jpg,u14X4,uPfX4,0
zo780.jpg,zo780,2e73U,0
nIUIg.jpg,nIUIg,nPU7g,0
6oBXE.jpg,6oBXE,6oHXE,0
720VI.jpg,720VI,7R0VI,0
hz80t.jpg,hz80t,hz80j,0
axmHU.jpg,axmHU,2xmKU,0
eo867.jpg,eo867,cM8G7,0
Nzxb3.jpg,Nzxb3,Azxb3,0
FddWd.jpg,FddWd,FO7Wd,0
muxuv.jpg,muxuv,muX5F,0
G2WsF.jpg,G2WsF,G2Wsp,0
zLLJw.jpg,zLLJw,z7tJW,0
TocUk.jpg,TocUk,TocUk,1
p4cV7.jpg,p4cV7,F4cV7,0
Xy6b5.jpg,Xy6b5,XV6P5,0
FI3E6.jpg,FI3E6,bgsB6,0
1v34u.jpg,1v34u,1V3Au,0
IzoQ7.jpg,IzoQ7,IzoQ7,1
fPl64.jpg,fPl64,fBk64,0
tlME2.jpg,tlME2,TwMC2,0
Vdc3z.jpg,Vdc3z,Vdciz,0
7cD7t.jpg,7cD7t,7cDAf,0
1741b.jpg,1741b,M741b,0
36FX1.jpg,36FX1,e6FX1,0
y5Xdx.jpg,y5Xdx,y5Xdk,0
54gUH.jpg,54gUH,54qUk,0
2JR31.jpg,2JR31,fJM31,0
zBpZY.jpg,zBpZY,zBpZV,0
0ZPiv.jpg,0ZPiv,0XPIv,0
cqi5o.jpg,cqi5o,cqj5o,0
yvbW7.jpg,yvbW7,yv0W7,0
81awA.jpg,81awA,3IeWA,0
3Pd75.jpg,3Pd75,3PU75,0
cW4d9.jpg,cW4d9,CW6d7,0
03Ox4.jpg,03Ox4,63O74,0
wkE55.jpg,wkE55,wkE05,0
iPA73.jpg,iPA73,iEA73,0
CqPMV.jpg,CqPMV,C6PMX,0
xYsp0.jpg,xYsp0,xTSP0,0
V2IWU.jpg,V2IWU,V27N0,0
gkET6.jpg,gkET6,gkMT6,0
R6xP7.jpg,R6xP7,RdxP7,0
2L4tJ.jpg,2L4tJ,2L4RJ,0
g1eRf.jpg,g1eRf,g1zKf,0
kkUIo.jpg,kkUIo,8fUF0,0
XEO3t.jpg,XEO3t,XEQ3r,0
Z74vf.jpg,Z74vf,Z7AVf,0
idR7z.jpg,idR7z,idR7k,0
8Iul1.jpg,8Iul1,8rwl1,0
9kjYb.jpg,9kjYb,3KjYb,0
5Ah2B.jpg,5Ah2B,54h2B,0
9ko1P.jpg,9ko1P,9Wd1J,0
wwyuj.jpg,wwyuj,Wn4rj,0
7hnUt.jpg,7hnUt,7hmUt,0
ejp7s.jpg,ejp7s,eQd7s,0
A4685.jpg,A4685,M4685,0
vk2vi.jpg,vk2vi,Ok2Yi,0
D1xLQ.jpg,D1xLQ,DdxLQ,0
KMcp7.jpg,KMcp7,kMcp7,0
EHjS5.jpg,EHjS5,Pwjt5,0
zziL6.jpg,zziL6,zZyL6,0
3sAC3.jpg,3sAC3,dsAC3,0
nhO29.jpg,nhO29,nbc29,0
COx2W.jpg,COx2W,cOx2W,0
1m46w.jpg,1m46w,1m4Cw,0
l4AC7.jpg,l4AC7,L4AC7,0
28hOV.jpg,28hOV,28HCV,0
kHnL8.jpg,kHnL8,kHnL8,1
Pk7Ob.jpg,Pk7Ob,PK1Qb,0
77zb9.jpg,77zb9,7Mzb9,0
Lc47K.jpg,Lc47K,Lf4yK,0
q0aDp.jpg,q0aDp,q0kDp,0
GalLy.jpg,GalLy,Ga5Ly,0
u2Ziz.jpg,u2Ziz,uWZiz,0
B21P3.jpg,B21P3,621F3,0
D9Yy5.jpg,D9Yy5,M9Yq5,0
2TZAa.jpg,2TZAa,2TZAa,1
c0P51.jpg,c0P51,c0Px1,0
4S4Hv.jpg,4S4Hv,qS4Hv,0
KvcYU.jpg,KvcYU,KvcVU,0
2K65x.jpg,2K65x,2H65x,0
LVfTi.jpg,LVfTi,LV4Tj,0
Q578F.jpg,Q578F,O578n,0
32zy7.jpg,32zy7,32zG7,0
9oJJ1.jpg,9oJJ1,90JlR,0
cK4L7.jpg,cK4L7,eK4L7,0
GhuaP.jpg,GhuaP,Ghu7P,0
IV9U6.jpg,IV9U6,fY9U6,0
qlr1u.jpg,qlr1u,glr4u,0
4ipDF.jpg,4ipDF,4imDF,0
SXl0q.jpg,SXl0q,SXj0q,0
RkZ6q.jpg,RkZ6q,RYSbq,0
02bZ9.jpg,02bZ9,02mZ9,0
6Kwpe.jpg,6Kwpe,H3wrd,0
bhFy3.jpg,bhFy3,BhFy3,0
l73be.jpg,l73be,l72kc,0
794BV.jpg,794BV,794BV,1
V0M4e.jpg,V0M4e,V0H4c,0
537Qq.jpg,537Qq,537Ag,0
4bZPA.jpg,4bZPA,4UZFA,0
VNsRI.jpg,VNsRI,VNsRl,0
6CXdk.jpg,6CXdk,BCMdk,0
l6goV.jpg,l6goV,169OV,0
P4MUu.jpg,P4MUu,f4MUu,0
Cr59c.jpg,Cr59c,Cp59c,0
ln6fu.jpg,ln6fu,ln6fQ,0
JQ8Xn.jpg,JQ8Xn,1O6Xh,0
d2Sl6.jpg,d2Sl6,d2Sl6,1
8hhhv.jpg,8hhhv,8Amhv,0
0RMmk.jpg,0RMmk,vRHml,0
nTq0q.jpg,nTq0q,n74Cg,0
58hR5.jpg,58hR5,581RF,0
erEM8.jpg,erEM8,erEH3,0
jRXHJ.jpg,jRXHJ,jRXMd,0
P7tfL.jpg,P7tfL,P7tfQ,0
Mv1Cl.jpg,Mv1Cl,MvZCl,0
5r7pH.jpg,5r7pH,5R7pH,0
YYHs9.jpg,YYHs9,YfHa9,0
7QJfX.jpg,7QJfX,7OJfX,0
P0dCb.jpg,P0dCb,A0qCb,0
iUkZ9.jpg,iUkZ9,iU5Z9,0
a6Y14.jpg,a6Y14,a6Y17,0
5G0q5.jpg,5G0q5,sG015,0
pwRZf.jpg,pwRZf,pwHZf,0
eV0g4.jpg,eV0g4,eVBg4,0
8OFD2.jpg,8OFD2,8OfD2,0
2TOXl.jpg,2TOXl,2TOSl,0
GbLpz.jpg,GbLpz,XsLpz,0
37g97.jpg,37g97,37n9i,0
Mo0BA.jpg,Mo0BA,Me0BA,0
mG4gM.jpg,mG4gM,mS4gM,0
Qg1wG.jpg,Qg1wG,rg1w5,0
CcG36.jpg,CcG36,CeO25,0
kNhqT.jpg,kNhqT,kNpqT,0
0SNnz.jpg,0SNnz,0SNnz,1
a7j7c.jpg,a7j7c,aNj2c,0
l1US9.jpg,l1US9,k1USQ,0
f71I5.jpg,f71I5,f7Wl5,0
4lxH6.jpg,4lxH6,4iYR6,0
Pd6U7.jpg,Pd6U7,Pa6U7,0
IxPrL.jpg,IxPrL,TAPrL,0
Q1294.jpg,Q1294,C1294,0
F1Y61.jpg,F1Y61,E4Y61,0
QU12v.jpg,QU12v,QF12v,0
U645Q.jpg,U645Q,U6k5S,0
J19w5.jpg,J19w5,J19K5,0
9JiA8.jpg,9JiA8,9JfA8,0
6w9ab.jpg,6w9ab,6w9ah,0
u7pJF.jpg,u7pJF,u7pJE,0
uN7z4.jpg,uN7z4,UN7z4,0
35SEo.jpg,35SEo,35SEn,0
08736.jpg,08736,08736,1
NRWNm.jpg,NRWNm,MRWxm,0
PJVO8.jpg,PJVO8,PJfO8,0
XwoZF.jpg,XwoZF,XwoZl,0
EiiKo.jpg,EiiKo,E17K0,0
4GK3W.jpg,4GK3W,4CK3w,0
qFpuT.jpg,qFpuT,qEpuT,0
qkly8.jpg,qkly8,ohMy8,0
Jjo3Q.jpg,Jjo3Q,J1o3C,0
tZ4dB.jpg,tZ4dB,c57dB,0
428iB.jpg,428iB,42ViB,0
0Zu80.jpg,0Zu80,tZu89,0
I5sy5.jpg,I5sy5,4Fsy5,0
Ompj8.jpg,Ompj8,0KpJ8,0
L2ij0.jpg,L2ij0,y2iko,0
gELgZ.jpg,gELgZ,0Mjq2,0
g854o.jpg,g854o,7G54o,0
PGDO9.jpg,PGDO9,PGDOJ,0
823cS.jpg,823cS,823cK,0
PXh5n.jpg,PXh5n,FXU5n,0
EDb36.jpg,EDb36,EQb36,0
yL8k9.jpg,yL8k9,yL8h9,0
S5o8e.jpg,S5o8e,S5o1M,0
LX3ut.jpg,LX3ut,LX3dt,0
JG45j.jpg,JG45j,J64Nj,0
ALkJz.jpg,ALkJz,MLkYZ,0
dIWx9.jpg,dIWx9,dlWx9,0
jWBOB.jpg,jWBOB,1WH0B,0
4E4eb.jpg,4E4eb,MEqeb,0
2o1nM.jpg,2o1nM,Co1mM,0
qWpow.jpg,qWpow,qWFbw,0
wcHt2.jpg,wcHt2,wQHt2,0
uL1Ym.jpg,uL1Ym,dblYm,0
3i088.jpg,3i088,370BS,0
c45xn.jpg,c45xn,C45xm,0
3L6nT.jpg,3L6nT,3L6m7,0
JtPnb.jpg,JtPnb,JrPnb,0
uX7B6.jpg,uX7B6,uX7P6,0
266R8.jpg,266R8,2G4M3,0
I6Z8i.jpg,I6Z8i,V6Z8i,0
67dDY.jpg,67dDY,67dD9,0
96cnm.jpg,96cnm,76cnm,0
81cT9.jpg,81cT9,84CT9,0
seMNg.jpg,seMNg,SOMNg,0
jTbsA.jpg,jTbsA,jTbS4,0
ZI3Q0.jpg,ZI3Q0,zI3Q0,0
e0uCI.jpg,e0uCI,eAuCl,0
1rXxw.jpg,1rXxw,lrXye,0
475Z4.jpg,475Z4,475Zi,0
00Ck5.jpg,00Ck5,vpCH5,0
Gbixb.jpg,Gbixb,GdTzb,0
1jh2C.jpg,1jh2C,1Lh2C,0
5z4gG.jpg,5z4gG,5z4EU,0
WFNW4.jpg,WFNW4,WfN04,0
VvFEn.jpg,VvFEn,VvPEj,0
Q44ZN.jpg,Q44ZN,CAs7K,0
YECrR.jpg,YECrR,VE0rR,0
E7B4N.jpg,E7B4N,E7R4N,0
lS7ND.jpg,lS7ND,iS7ND,0
439Sd.jpg,439Sd,439Sd,1
G59H8.jpg,G59H8,C5YH8,0
86655.jpg,86655,8t65T,0
gObvJ.jpg,gObvJ,gObv1,0
Y535t.jpg,Y535t,YD35t,0
Ut8Hl.jpg,Ut8Hl,UZ6Hl,0
g7qJ8.jpg,g7qJ8,g7qJ6,0
Qm4aO.jpg,Qm4aO,Qm4aU,0
8Zj55.jpg,8Zj55,82I5D,0
j7HdL.jpg,j7HdL,J7WPL,0
WaUCn.jpg,WaUCn,WzDCn,0
HaXw3.jpg,HaXw3,EaXw2,0
BF61n.jpg,BF61n,BF61h,0
7Y5ML.jpg,7Y5ML,7Y5uL,0
2V93m.jpg,2V93m,2V936,0
6TB3s.jpg,6TB3s,6lB3r,0
57KDV.jpg,57KDV,51K0V,0
3LolM.jpg,3LolM,3Lq1M,0
C0e8x.jpg,C0e8x,C0j8x,0
509W2.jpg,509W2,509Kz,0
uF669.jpg,uF669,uFA69,0
UiGpg.jpg,UiGpg,U1Opg,0
8Ac78.jpg,8Ac78,SAk79,0
mtWtU.jpg,mtWtU,mtWJU,0
7120L.jpg,7120L,R120L,0
7NtLW.jpg,7NtLW,7NtLW,1
2t123.jpg,2t123,2tj03,0
qJ1r5.jpg,qJ1r5,qJ1r5,1
RSFpk.jpg,RSFpk,RSFpk,1
OeDDn.jpg,OeDDn,GeDJn,0
2wjA1.jpg,2wjA1,2PiA1,0
FX3hj.jpg,FX3hj,FX3hv,0
MbnbI.jpg,MbnbI,MEu5Y,0
1olR7.jpg,1olR7,19LR7,0
Hb17x.jpg,Hb17x,H6t7x,0
YWF1g.jpg,YWF1g,YKE1g,0
d000G.jpg,d000G,d0emG,0
Qn6jP.jpg,Qn6jP,Vn8jP,0
8bv26.jpg,8bv26,8bV26,0
FjcE4.jpg,FjcE4,FVcE4,0
6800p.jpg,6800p,6ZODp,0
8x5Ln.jpg,8x5Ln,8X5Lh,0
062V1.jpg,062V1,o6ZV1,0
PFkW8.jpg,PFkW8,PikW3,0
0B95I.jpg,0B95I,0BM5I,0
1D4VQ.jpg,1D4VQ,1D5VQ,0
CQe6n.jpg,CQe6n,COeVn,0
3X5Dt.jpg,3X5Dt,3Y5Mr,0
652cf.jpg,652cf,652cf,1
F2B0J.jpg,F2B0J,F2v0J,0
t1fDD.jpg,t1fDD,L1fDH,0
hNwn3.jpg,hNwn3,hNwnf,0
8ZcGE.jpg,8ZcGE,37m6E,0
Wg88q.jpg,Wg88q,Wr6Zq,0
EZJ7A.jpg,EZJ7A,twI7A,0
4KOP4.jpg,4KOP4,4KOZ3,0
9q7NM.jpg,9q7NM,9q1NM,0
B3KJ1.jpg,B3KJ1,83KJ1,0
BMY91.jpg,BMY91,EMY91,0
ob4o9.jpg,ob4o9,wb4R9,0
34iEG.jpg,34iEG,34iEG,1
cX28w.jpg,cX28w,cX28M,0
7Msw7.jpg,7Msw7,jHswL,0
5h48x.jpg,5h48x,5H48x,0
fTbeb.jpg,fTbeb,FTbcA,0
l577x.jpg,l577x,t5d7x,0
IbsnS.jpg,IbsnS,Ib2mS,0
l0VHO.jpg,l0VHO,f0VHZ,0
9LSaX.jpg,9LSaX,yLSaX,0
pFIm4.jpg,pFIm4,pEIw4,0
QIa1P.jpg,QIa1P,Oka1P,0
R23gT.jpg,R23gT,RZ3qT,0
5QyuB.jpg,5QyuB,5myuB,0
8b1l8.jpg,8b1l8,g01L3,0
iGwWY.jpg,iGwWY,f9wWY,0
DFO67.jpg,DFO67,pF067,0
7P20F.jpg,7P20F,7P20i,0
aRT80.jpg,aRT80,aRTA0,0
g0Q3x.jpg,g0Q3x,g0Q3z,0
69aVj.jpg,69aVj,69eVj,0
h2J46.jpg,h2J46,h2J46,1
hWfHP.jpg,hWfHP,hWqHP,0
a78jy.jpg,a78jy,aP8jy,0
gT0m7.jpg,gT0m7,gi0m7,0
4azTs.jpg,4azTs,4azIN,0
RgbS4.jpg,RgbS4,RgbS1,0
3Jkd5.jpg,3Jkd5,37ku5,0
xk3ns.jpg,xk3ns,xk3nd,0
Sl8W4.jpg,Sl8W4,oI8V4,0
fVHPM.jpg,fVHPM,fVHPM,1
vGz4Q.jpg,vGz4Q,VGz4Q,0
Swz0f.jpg,Swz0f,5WZ0f,0
5I0hD.jpg,5I0hD,51dKD,0
q2uBz.jpg,q2uBz,q2MBz,0
CFJOe.jpg,CFJOe,cFJOa,0
sPR14.jpg,sPR14,sP21X,0
0AQrp.jpg,0AQrp,0Aqxp,0
MQE03.jpg,MQE03,MQEx3,0
841gO.jpg,841gO,z41HO,0
4J88B.jpg,4J88B,4JC8E,0
KGg9a.jpg,KGg9a,KCg9a,0
97qMw.jpg,97qMw,974Mw,0
J8TIw.jpg,J8TIw,J8tIw,0
3xznK.jpg,3xznK,3xVnK,0
dD8ay.jpg,dD8ay,dC8ay,0
g90Cw.jpg,g90Cw,g20CH,0
3vvz0.jpg,3vvz0,3kvz0,0
69LiR.jpg,69LiR,69QiR,0
T4a98.jpg,T4a98,14MC8,0
0zM0x.jpg,0zM0x,0zMqx,0
2IT4h.jpg,2IT4h,2jTuh,0
ZQGyp.jpg,ZQGyp,2OSyp,0
2ONMv.jpg,2ONMv,2OKlv,0
omJZt.jpg,omJZt,omJ7t,0
rpw61.jpg,rpw61,Zpw61,0
9mo58.jpg,9mo58,4Ae58,0
FFJcK.jpg,FFJcK,5E36H,0
259eR.jpg,259eR,Z59eR,0
5pI6p.jpg,5pI6p,59L6p,0
9K23Z.jpg,9K23Z,9K23Z,1
U98kj.jpg,U98kj,U98kj,1
i6lhT.jpg,i6lhT,cQIhJ,0
4g8s1.jpg,4g8s1,4g8si,0
y0chw.jpg,y0chw,y0chW,0
Idv6M.jpg,Idv6M,1dv6H,0
4915F.jpg,4915F,4015F,0
E91wW.jpg,E91wW,EO1wV,0
6K862.jpg,6K862,6K8i2,0
cbkzw.jpg,cbkzw,obkzW,0
Nob8H.jpg,Nob8H,MCb8H,0
Bj16l.jpg,Bj16l,Bj1Mi,0
Ae4jA.jpg,Ae4jA,dq3jP,0
b91DI.jpg,b91DI,bA1DI,0
3Q6u2.jpg,3Q6u2,3C6hZ,0
VTa5j.jpg,VTa5j,wra5j,0
37Tbh.jpg,37Tbh,37TbM,0
dbyTj.jpg,dbyTj,dbyTj,1
UE9wc.jpg,UE9wc,UK9wc,0
5ak6h.jpg,5ak6h,S2k6H,0
ul2e7.jpg,ul2e7,uI2e7,0
Yo0YY.jpg,Yo0YY,loBYv,0
94M51.jpg,94M51,94H51,0
kzT9E.jpg,kzT9E,KaT9E,0
tLy5L.jpg,tLy5L,tdq57,0
FBAN5.jpg,FBAN5,FvAN5,0
12vJH.jpg,12vJH,12vJH,1
43sKZ.jpg,43sKZ,43sK2,0
F26yD.jpg,F26yD,FZ6ID,0
Ao8bQ.jpg,Ao8bQ,xo8IU,0
19pJ1.jpg,19pJ1,19pJr,0
9chG4.jpg,9chG4,9ch64,0
nfrHh.jpg,nfrHh,ufrHh,0
UZ5Z7.jpg,UZ5Z7,Uz52y,0
MiY9m.jpg,MiY9m,MiY9m,1
HCd0H.jpg,HCd0H,H7d0X,0
bSY26.jpg,bSY26,bSV26,0
GsH20.jpg,GsH20,GsH20,1
5M8t1.jpg,5M8t1,5M8tJ,0
dzKQy.jpg,dzKQy,dZKQy,0
zNP6G.jpg,zNP6G,ZKF6C,0
zYZSf.jpg,zYZSf,zMZSf,0
jx736.jpg,jx736,Yx736,0
6Pf7L.jpg,6Pf7L,6Pf7L,1
3vd3J.jpg,3vd3J,svR3J,0
5557x.jpg,5557x,s5e7K,0
Kdl5s.jpg,Kdl5s,KdI5z,0
3wNOz.jpg,3wNOz,3mNOb,0
Ioyhg.jpg,Ioyhg,IOy5g,0
HgA26.jpg,HgA26,hqA26,0
a3U15.jpg,a3U15,u3M15,0
w2HsO.jpg,w2HsO,w2Ls0,0
gl6yt.jpg,gl6yt,gLoxt,0
N3H4g.jpg,N3H4g,N3H4g,1
iyE8B.jpg,iyE8B,WyE8B,0
92bXd.jpg,92bXd,92bKc,0
8w0mt.jpg,8w0mt,8y0mf,0
3PUtN.jpg,3PUtN,3PUqA,0
UV4pu.jpg,UV4pu,UV48u,0
47dzm.jpg,47dzm,47dxm,0
j2QgY.jpg,j2QgY,l26gY,0
6OMe6.jpg,6OMe6,6QMef,0
9gS6e.jpg,9gS6e,9gS6e,1
rzK5L.jpg,rzK5L,yzX9L,0
a7RRP.jpg,a7RRP,a7URP,0
6hfVT.jpg,6hfVT,6hEVT,0
aG56w.jpg,aG56w,aC5bw,0
5v3Lf.jpg,5v3Lf,oV3Lf,0
YTU61.jpg,YTU61,yTU64,0
HN60m.jpg,HN60m,lNG0m,0
jzZt4.jpg,jzZt4,JoZN4,0
5nsx0.jpg,5nsx0,5nVxA,0
mQ2DT.jpg,mQ2DT,mQzDT,0
UXDYP.jpg,UXDYP,UXDVe,0
de22Q.jpg,de22Q,J612D,0
2HPi2.jpg,2HPi2,ZKDi3,0
l32ce.jpg,l32ce,iBZce,0
07Ed5.jpg,07Ed5,07Ed5,1
0D7pV.jpg,0D7pV,6h7pV,0
1SF57.jpg,1SF57,1SF57,1
93C5a.jpg,93C5a,93C5M,0
72H0E.jpg,72H0E,72h0E,0
82U6m.jpg,82U6m,82U6m,1
7WJaJ.jpg,7WJaJ,7Wxad,0
P9949.jpg,P9949,P9840,0
VBatW.jpg,VBatW,VBajW,0
z3gke.jpg,z3gke,z3gk6,0
JQWE9.jpg,JQWE9,JOWF9,0
VFVJO.jpg,VFVJO,4EVJ0,0
66qoy.jpg,66qoy,0Uq2Y,0
UD6L8.jpg,UD6L8,VDoL8,0
amPmA.jpg,amPmA,umPLA,0
X36V3.jpg,X36V3,jJ6V3,0
9k0rV.jpg,9k0rV,9kdjV,0
u08eM.jpg,u08eM,y0BeM,0
mAz4L.jpg,mAz4L,mAz4C,0
v09j4.jpg,v09j4,V09j4,0
20o4C.jpg,20o4C,20a4C,0
j1XS9.jpg,j1XS9,FlXs9,0
72sP9.jpg,72sP9,L2sP9,0
Xs2s9.jpg,Xs2s9,Xs2H9,0
6fdO0.jpg,6fdO0,6fdO2,0
GX0nZ.jpg,GX0nZ,SX0n2,0
8808g.jpg,8808g,830Rx,0
nol81.jpg,nol81,nol8Y,0
LNkGS.jpg,LNkGS,LM26S,0
a6455.jpg,a6455,m645p,0
B7HkR.jpg,B7HkR,B7HkR,1
E4v89.jpg,E4v89,E4v89,1
9pEAG.jpg,9pEAG,9pE4G,0
RaBOm.jpg,RaBOm,ZaBOm,0
Q5j96.jpg,Q5j96,Q5Ms6,0
XMa4L.jpg,XMa4L,XMa4I,0
637aK.jpg,637aK,63LaK,0
QoZL0.jpg,QoZL0,OoZLR,0
SleO0.jpg,SleO0,SjeW0,0
H1kYw.jpg,H1kYw,H1kYw,1
rmftC.jpg,rmftC,rmf5C,0
2272w.jpg,2272w,287zu,0
f3974.jpg,f3974,c39Y4,0
L9gj6.jpg,L9gj6,E9nJ6,0
2O5xd.jpg,2O5xd,2O5xd,1
2X8lw.jpg,2X8lw,2XP1w,0
PsMp3.jpg,PsMp3,PgMp2,0
P90I0.jpg,P90I0,Ru0I3,0
F1mrj.jpg,F1mrj,F1mzS,0
P2fbA.jpg,P2fbA,P2fwA,0
nRZrn.jpg,nRZrn,o9ZYh,0
H4Mzf.jpg,H4Mzf,H4MZf,0
ytbaI.jpg,ytbaI,qfbxM,0
C06U9.jpg,C06U9,C56U9,0
45p2q.jpg,45p2q,45p2Q,0
o3mIq.jpg,o3mIq,o3mIX,0
XiMh7.jpg,XiMh7,xiQh7,0
2zYfB.jpg,2zYfB,2aVf8,0
mz4FD.jpg,mz4FD,mx4ED,0
C31nn.jpg,C31nn,C31Ph,0
MLh6e.jpg,MLh6e,MLh6e,1
1lTDc.jpg,1lTDc,j1FDw,0
12jBr.jpg,12jBr,h2jBr,0
93x6m.jpg,93x6m,9JxEm,0
0W329.jpg,0W329,0Mj29,0
lEF5x.jpg,lEF5x,QE45x,0
KaSu0.jpg,KaSu0,KVSu0,0
TcAnC.jpg,TcAnC,ToAnC,0
94Zx1.jpg,94Zx1,94Zxj,0
25NPz.jpg,25NPz,25HPy,0
rH0JW.jpg,rH0JW,rH0JW,1
OkupE.jpg,OkupE,OKupg,0
QH88Q.jpg,QH88Q,tH8SQ,0
BM8qB.jpg,BM8qB,DM8gR,0
X6077.jpg,X6077,A60L7,0
LZS76.jpg,LZS76,TZe76,0
tGfVG.jpg,tGfVG,tGfVo,0
j1tsu.jpg,j1tsu,j4tRU,0
Rf9c5.jpg,Rf9c5,Rf9c5,1
dB7MT.jpg,dB7MT,fB7DT,0
apQe1.jpg,apQe1,ApQxI,0
g00Zn.jpg,g00Zn,q0C7m,0
S98x0.jpg,S98x0,59810,0
TT99j.jpg,TT99j,xI3qh,0
7pFb4.jpg,7pFb4,Tpcb4,0
557cB.jpg,557cB,a51c8,0
BNobg.jpg,BNobg,BHcbg,0
5gJCb.jpg,5gJCb,5uJZb,0
BoLCi.jpg,BoLCi,BxkCt,0
RR3l0.jpg,RR3l0,NP3i0,0
1hMBE.jpg,1hMBE,1hMDE,0
HZ971.jpg,HZ971,HZQ71,0
GDu9k.jpg,GDu9k,GDu97,0
XOgu7.jpg,XOgu7,X0gu7,0
e9ZQO.jpg,e9ZQO,e37GD,0
76820.jpg,76820,7e82D,0
rX1jE.jpg,rX1jE,rXljB,0
tY5g5.jpg,tY5g5,tYAg5,0
4eERs.jpg,4eERs,4eERs,1
IxDb8.jpg,IxDb8,lxDb8,0
56LgT.jpg,56LgT,56hqT,0
t9viL.jpg,t9viL,C9vjL,0
R20n8.jpg,R20n8,R20y8,0
3b2O0.jpg,3b2O0,3b1Q0,0
j3I0p.jpg,j3I0p,jaI0p,0
eK5LL.jpg,eK5LL,eY5Lt,0
RISD3.jpg,RISD3,RfSD3,0
W5v6S.jpg,W5v6S,Hfv6S,0
dF0t5.jpg,dF0t5,dF0tX,0
m90I6.jpg,m90I6,w9ZI6,0
83Z6J.jpg,83Z6J,m3Z6J,0
QCkZW.jpg,QCkZW,OCkZu,0
FW4D4.jpg,FW4D4,FWxD4,0
lO8Y1.jpg,lO8Y1,fO6Y1,0
Myd07.jpg,Myd07,Hvc07,0
E04RD.jpg,E04RD,E04yF,0
8IM13.jpg,8IM13,8IMQ3,0
UUxbt.jpg,UUxbt,dQR51,0
C78M9.jpg,C78M9,C7nM9,0
3cSYG.jpg,3cSYG,3E5T6,0
3KpzM.jpg,3KpzM,3KszM,0
5f72k.jpg,5f72k,Xf72O,0
bKwKq.jpg,bKwKq,51vKQ,0
8l20Z.jpg,8l20Z,8l50Z,0
0zvhT.jpg,0zvhT,BzShT,0
4gjyi.jpg,4gjyi,4a1yL,0
W7ImE.jpg,W7ImE,W7ImE,1
81GVC.jpg,81GVC,81nVC,0
3PR30.jpg,3PR30,3FKa0,0
LoHR9.jpg,LoHR9,LeHR9,0
A0E0A.jpg,A0E0A,A0E7n,0
SXJhL.jpg,SXJhL,SXJmL,0
N5708.jpg,N5708,N5108,0
3Is1g.jpg,3Is1g,37s1g,0
kYvsc.jpg,kYvsc,HYvsc,0
p86b9.jpg,p86b9,p86h9,0
UD6xk.jpg,UD6xk,UD6xk,1
r985N.jpg,r985N,r0E5H,0
keC9W.jpg,keC9W,Kfg9h,0
q1Awn.jpg,q1Awn,q1Awn,1
l759c.jpg,l759c,I759C,0
75hQ4.jpg,75hQ4,7ShO4,0
HCF2U.jpg,HCF2U,HCF2U,1
Gg2yN.jpg,Gg2yN,Gg21N,0
MN9xy.jpg,MN9xy,MN9xy,1
j3NcJ.jpg,j3NcJ,i3NcH,0
c7128.jpg,c7128,cWj28,0
J9wR6.jpg,J9wR6,19wR6,0
cekA5.jpg,cekA5,CokA5,0
wQ7kQ.jpg,wQ7kQ,WO7KQ,0
CZ5P4.jpg,CZ5P4,GZ5Pn,0
5MF03.jpg,5MF03,5MF03,1
XtIrq.jpg,XtIrq,XTirQ,0
3b0yI.jpg,3b0yI,kb0yI,0
F7Ioe.jpg,F7Ioe,F7LoO,0
whXEo.jpg,whXEo,whXCo,0
W0722.jpg,W0722,W0k2S,0
59Vg8.jpg,59Vg8,5QVr8,0
eDqIz.jpg,eDqIz,cDRLz,0
DGaHj.jpg,DGaHj,D6aHj,0
4Jtbo.jpg,4Jtbo,pJTbq,0
75Oy9.jpg,75Oy9,M5Qy9,0
98WD2.jpg,98WD2,98WE2,0
eqQ95.jpg,eqQ95,ewU95,0
g66iH.jpg,g66iH,aGZiH,0
7wQ8U.jpg,7wQ8U,7wQ8U,1
UHkN2.jpg,UHkN2,UjkN2,0
r2I5h.jpg,r2I5h,e2I5h,0
zk47o.jpg,zk47o,zk47o,1
LXl6e.jpg,LXl6e,CXl6e,0
Qn2j5.jpg,Qn2j5,On2jY,0
z2vl4.jpg,z2vl4,zRvl4,0
Y5w5T.jpg,Y5w5T,YeW5j,0
w6qTm.jpg,w6qTm,W6g1m,0
7W6Ds.jpg,7W6Ds,7V6Ds,0
d9TIC.jpg,d9TIC,d9wMt,0
ErZ50.jpg,ErZ50,ErTMo,0
7GGNm.jpg,7GGNm,7QEMw,0
i0CKa.jpg,i0CKa,j0CKa,0
EO708.jpg,EO708,EOAs8,0
7yCSt.jpg,7yCSt,7yC5M,0
9e2py.jpg,9e2py,9A2ry,0
dy04v.jpg,dy04v,myCZv,0
6rRjq.jpg,6rRjq,6rRIq,0
6u7zu.jpg,6u7zu,Su7zU,0
ce0VY.jpg,ce0VY,re0V7,0
IP06N.jpg,IP06N,1P0eN,0
Ms8k4.jpg,Ms8k4,Ms3k4,0
cXHiG.jpg,cXHiG,cYMlw,0
LBjzY.jpg,LBjzY,L8TZV,0
pkmp2.jpg,pkmp2,Gkmo9,0
4A0Tk.jpg,4A0Tk,4A0Tk,1
tjA6c.jpg,tjA6c,twA6c,0
26N7N.jpg,26N7N,26Ryw,0
R7Qi4.jpg,R7Qi4,R7Ql4,0
70L3h.jpg,70L3h,7OL3H,0
1GuXD.jpg,1GuXD,16wXD,0
S1Y75.jpg,S1Y75,S1Q75,0
lAC9L.jpg,lAC9L,7jZ9L,0
6uPP5.jpg,6uPP5,6wRp5,0
m99Oi.jpg,m99Oi,mYQ2i,0
Ojjm5.jpg,Ojjm5,0jfM5,0
P5QZT.jpg,P5QZT,K5OZI,0
FX93a.jpg,FX93a,FXO3a,0
x1Rz5.jpg,x1Rz5,w1Hz5,0
N74v5.jpg,N74v5,N7cv5,0
Uk5T1.jpg,Uk5T1,UK5T4,0
R8BNU.jpg,R8BNU,k8eNU,0
KoZr8.jpg,KoZr8,woZrH,0
yUznL.jpg,yUznL,yUzn1,0
L1HD6.jpg,L1HD6,L1HD6,1
MpOyT.jpg,MpOyT,MpQyL,0
4mdEi.jpg,4mdEi,4mdEf,0
L8vMg.jpg,L8vMg,L8PMg,0
5AP46.jpg,5AP46,5APj6,0
Ma64e.jpg,Ma64e,Ma64c,0
312Dk.jpg,312Dk,312DK,0
qQKso.jpg,qQKso,HQKso,0
a6AoL.jpg,a6AoL,Hp2cL,0
0ED4q.jpg,0ED4q,0kD4y,0
Qruf1.jpg,Qruf1,Oruk1,0
H062p.jpg,H062p,H062p,1
5Nhtr.jpg,5Nhtr,5Mhtr,0
i6br4.jpg,i6br4,lSbr4,0
89Q6A.jpg,89Q6A,89GpA,0
61J4f.jpg,61J4f,6124f,0
Gug3Z.jpg,Gug3Z,Gue3Z,0
bUfC1.jpg,bUfC1,bUfCT,0
Ow79U.jpg,Ow79U,OW79U,0
Q3k96.jpg,Q3k96,Q3k96,1
7K13r.jpg,7K13r,7K93r,0
17lMv.jpg,17lMv,I7kMv,0
CVXoH.jpg,CVXoH,CVXoH,1
u8Pcr.jpg,u8Pcr,u0Pcx,0
9GOIj.jpg,9GOIj,9GOly,0
0faaR.jpg,0faaR,0fpcZ,0
94v5f.jpg,94v5f,94u5f,0
3YB9T.jpg,3YB9T,3YB9c,0
QfQ16.jpg,QfQ16,UfRZ6,0
iz222.jpg,iz222,1zSPd,0
3YboD.jpg,3YboD,3YkoD,0
motv3.jpg,motv3,motv3,1
8cJSV.jpg,8cJSV,8cJ5M,0
3fN53.jpg,3fN53,3kN9y,0
7xeo4.jpg,7xeo4,7xcJ4,0
322za.jpg,322za,3A2z0,0
F90oG.jpg,F90oG,F9joG,0
8RtCe.jpg,8RtCe,8R1Ce,0
1tHVW.jpg,1tHVW,2tMvn,0
4HyQP.jpg,4HyQP,4HYCF,0
Bpp2R.jpg,Bpp2R,B4p2R,0
76h7S.jpg,76h7S,v0HZ5,0
82793.jpg,82793,82793,1
16858.jpg,16858,16B59,0
jRW7L.jpg,jRW7L,jRV7L,0
3BGWj.jpg,3BGWj,3BGWi,0
304Y8.jpg,304Y8,504V8,0
U9zKm.jpg,U9zKm,USIKm,0
vDric.jpg,vDric,VDrkC,0
4p7JP.jpg,4p7JP,4n7IP,0
3Uz3u.jpg,3Uz3u,JMz3u,0
y22rR.jpg,y22rR,y2ZIR,0
RIqQG.jpg,RIqQG,RlqQG,0
Z47yP.jpg,Z47yP,ZA7yP,0
B3jVH.jpg,B3jVH,B3nVk,0
03K8Z.jpg,03K8Z,03K8Z,1
45E3L.jpg,45E3L,45Y3L,0
55NO0.jpg,55NO0,z5NOo,0
YxSxa.jpg,YxSxa,VkSre,0
Mcp92.jpg,Mcp92,Hcp92,0
lSz2H.jpg,lSz2H,lSe2H,0
g86HH.jpg,g86HH,g8ChR,0
KN29g.jpg,KN29g,KN28g,0
li9Oj.jpg,li9Oj,lN9Qj,0
V70yU.jpg,V70yU,k7dyU,0
2iMYQ.jpg,2iMYQ,2lMXO,0
ukg2a.jpg,ukg2a,ukg2F,0
y34Ov.jpg,y34Ov,y340v,0
4ChQE.jpg,4ChQE,4C9QF,0
Frb4a.jpg,Frb4a,Pcb4a,0
n3J81.jpg,n3J81,n5j8t,0
mPAw0.jpg,mPAw0,nFAW0,0
Es0D5.jpg,Es0D5,Ey0D5,0
uX1u8.jpg,uX1u8,aX1y6,0
2SLG2.jpg,2SLG2,YSLG2,0
hlUMo.jpg,hlUMo,hlOMc,0
a5slr.jpg,a5slr,W5slr,0
8W29x.jpg,8W29x,sH29x,0
HDSPg.jpg,HDSPg,H0SFg,0
8rAXW.jpg,8rAXW,8F4XU,0
6eSko.jpg,6eSko,6nSKo,0
lIW8u.jpg,lIW8u,EiW30,0
XRxO1.jpg,XRxO1,XRv01,0
fp3mc.jpg,fp3mc,fy3mc,0
g1Q4b.jpg,g1Q4b,gIO4b,0
10YwI.jpg,10YwI,10Ywk,0
r4Vru.jpg,r4Vru,F4V2u,0
04nP7.jpg,04nP7,04nP7,1
i3VL0.jpg,i3VL0,R3VLo,0
doR87.jpg,doR87,dbR81,0
jG9D3.jpg,jG9D3,V69D3,0
7M7xO.jpg,7M7xO,7MfwO,0
LI74E.jpg,LI74E,Qj74E,0
4bNoM.jpg,4bNoM,4bfoM,0
A07z2.jpg,A07z2,A07x2,0
5SnnV.jpg,5SnnV,58wnV,0
f9NHT.jpg,f9NHT,f9NUT,0
084nC.jpg,084nC,084mC,0
W83B4.jpg,W83B4,W8JB4,0
EAGM3.jpg,EAGM3,EA6K3,0
2Jz3o.jpg,2Jz3o,2yz36,0
730kJ.jpg,730kJ,730Al,0
54Cmk.jpg,54Cmk,54Cmk,1
nJjY4.jpg,nJjY4,mJiVA,0
998So.jpg,998So,9Y8Go,0
mpXuL.jpg,mpXuL,mpXuE,0
ny569.jpg,ny569,ny569,1
UI3Y4.jpg,UI3Y4,UFsY4,0
cc3x1.jpg,cc3x1,dr3x1,0
E9Agt.jpg,E9Agt,E0Agt,0
q21Aw.jpg,q21Aw,q21Aw,1
Ox33H.jpg,Ox33H,Oxv3H,0
eCA74.jpg,eCA74,eCK74,0
wO80h.jpg,wO80h,mC80l,0
OnaNa.jpg,OnaNa,0nzNe,0
b6bT3.jpg,b6bT3,b6H73,0
H50J6.jpg,H50J6,H5QJ6,0
X08qB.jpg,X08qB,XQ8q5,0
mYow3.jpg,mYow3,mYek3,0
KZCu6.jpg,KZCu6,KZFu6,0
xfIYw.jpg,xfIYw,xFJY0,0
5XFmM.jpg,5XFmM,64fgH,0
g9rOS.jpg,g9rOS,g9rU5,0
zaH90.jpg,zaH90,zaHS0,0
69wFk.jpg,69wFk,69wJk,0
Zn5jb.jpg,Zn5jb,Zxojb,0
OnxBw.jpg,OnxBw,OnxSy,0
cY2DM.jpg,cY2DM,cY2DM,1
tL234.jpg,tL234,tL2J4,0
7qUFJ.jpg,7qUFJ,7gUFJ,0
4ITP0.jpg,4ITP0,4lTP0,0
IW90x.jpg,IW90x,IW90x,1
THGM7.jpg,THGM7,THGAP,0
3CAde.jpg,3CAde,3C1de,0
1Wqk3.jpg,1Wqk3,iWqk3,0
sFe2Q.jpg,sFe2Q,sYE2Q,0
w9W1V.jpg,w9W1V,m8W1t,0
92UO7.jpg,92UO7,92UO7,1
RWu57.jpg,RWu57,RWu57,1
BI1D9.jpg,BI1D9,BlAD9,0
LU5Qd.jpg,LU5Qd,LM5Qf,0
wD7Oq.jpg,wD7Oq,Wb10a,0
JKcUH.jpg,JKcUH,JKCUH,0
znecU.jpg,znecU,7nocU,0
yYeNI.jpg,yYeNI,9YeNl,0
yNz0z.jpg,yNz0z,yN20V,0
w4Ub6.jpg,w4Ub6,R4Ub6,0
H7A08.jpg,H7A08,H7AO8,0
NIza4.jpg,NIza4,Niza4,0
Qm06i.jpg,Qm06i,OmZ6l,0
140aM.jpg,140aM,140aM,1
s9CA7.jpg,s9CA7,z9CA7,0
34C14.jpg,34C14,3MC14,0
Drv59.jpg,Drv59,Uryo9,0
oGsQ0.jpg,oGsQ0,MGsQ0,0
LTdBu.jpg,LTdBu,L7dBw,0
aqE30.jpg,aqE30,JqE3D,0
Jka95.jpg,Jka95,Jka9Y,0
XenBv.jpg,XenBv,XemGv,0
jex5P.jpg,jex5P,jeX5P,0
4173R.jpg,4173R,4j73B,0
VH6ri.jpg,VH6ri,VX6ri,0
0L422.jpg,0L422,0L4Pz,0
vLxoL.jpg,vLxoL,vtxoZ,0
L47IJ.jpg,L47IJ,LQ7IJ,0
k2OcQ.jpg,k2OcQ,52OcG,0
m2jVn.jpg,m2jVn,a21VX,0
5bLBm.jpg,5bLBm,5NL8m,0
xT2ej.jpg,xT2ej,xT2Oi,0
p0um5.jpg,p0um5,p8VH5,0
7E693.jpg,7E693,7E693,1
Nheqt.jpg,Nheqt,Nbsgf,0
2DtfY.jpg,2DtfY,AD1fV,0
0stQy.jpg,0stQy,0stZu,0
F7ruj.jpg,F7ruj,E7ruj,0
1aoXD.jpg,1aoXD,1aoXD,1
kBJ08.jpg,kBJ08,kBJu8,0
0HdpM.jpg,0HdpM,0RupM,0
ok7Et.jpg,ok7Et,ok7Dt,0
mC90f.jpg,mC90f,mC90X,0
81GUN.jpg,81GUN,8tGUM,0
9Yy21.jpg,9Yy21,9ay2i,0
7Fjl7.jpg,7Fjl7,JFwI7,0
Rj1MW.jpg,Rj1MW,P31MO,0
Ai78Z.jpg,Ai78Z,AE78Z,0
LxU60.jpg,LxU60,1XU50,0
gyO32.jpg,gyO32,dyO3Z,0
4ZL7B.jpg,4ZL7B,4Zl7B,0
qRPUc.jpg,qRPUc,yAsU8,0
AVYTg.jpg,AVYTg,AUYTg,0
gKd39.jpg,gKd39,gKd39,1
4r1R4.jpg,4r1R4,3r1Rd,0
2VocU.jpg,2VocU,24g6B,0
zLqjP.jpg,zLqjP,zLoYP,0
3Q44i.jpg,3Q44i,3O74i,0
omFa3.jpg,omFa3,OmEa3,0
JWQyp.jpg,JWQyp,JH0xp,0
38uUZ.jpg,38uUZ,38uUZ,1
e2bmK.jpg,e2bmK,e2b4K,0
zCYzy.jpg,zCYzy,ZCNzy,0
3OGqU.jpg,3OGqU,3QrqU,0
8lnN4.jpg,8lnN4,81nN4,0
GQ9EN.jpg,GQ9EN,CQ9FN,0
OwU4C.jpg,OwU4C,0wU4c,0
Rcs9E.jpg,Rcs9E,RZs9E,0
AEj6D.jpg,AEj6D,nLjGX,0
qFOtU.jpg,qFOtU,gFOLU,0
tPga5.jpg,tPga5,CPga5,0
3TE8i.jpg,3TE8i,3wE8i,0
06f0G.jpg,06f0G,q6f0z,0
4U1s9.jpg,4U1s9,ZU1s9,0
582vn.jpg,582vn,582VM,0
9G6s4.jpg,9G6s4,9CUk4,0
6wTq1.jpg,6wTq1,6MTa1,0
obUei.jpg,obUei,qKUzi,0
8aGx8.jpg,8aGx8,8aCx2,0
Qp6Ny.jpg,Qp6Ny,DP5H7,0
quYj7.jpg,quYj7,quYjA,0
U4Xt3.jpg,U4Xt3,U4zt3,0
7q71O.jpg,7q71O,xg7TO,0
9MMtC.jpg,9MMtC,9MytC,0
e9QTi.jpg,e9QTi,c2QT6,0
rmfw8.jpg,rmfw8,rmJw8,0
ne09a.jpg,ne09a,7e09a,0
a146g.jpg,a146g,eH462,0
4itD5.jpg,4itD5,4ICD5,0
1jlRL.jpg,1jlRL,1wIRE,0
320Yo.jpg,320Yo,32QYn,0
kk841.jpg,kk841,vn841,0
5xHWl.jpg,5xHWl,5xHWI,0
qS6Rz.jpg,qS6Rz,qS6R1,0
5Iq7i.jpg,5Iq7i,5TdZl,0
8V385.jpg,8V385,8V3sC,0
o0q1w.jpg,o0q1w,50q1W,0
KFoP2.jpg,KFoP2,K10P2,0
0atbo.jpg,0atbo,OM1bo,0
2l9S4.jpg,2l9S4,2lRS4,0
24qWd.jpg,24qWd,2AgVd,0
k2HRi.jpg,k2HRi,K2Hpi,0
Dl211.jpg,Dl211,pK21q,0
TBpdU.jpg,TBpdU,TBp1M,0
uXZpZ.jpg,uXZpZ,uXzPZ,0
kwVD8.jpg,kwVD8,Kw1D8,0
dmzZo.jpg,dmzZo,dyzZo,0
2gcOv.jpg,2gcOv,2gcOV,0
WJNYH.jpg,WJNYH,WJNYH,1
Zw62R.jpg,Zw62R,ZV62P,0
6F3a3.jpg,6F3a3,6FWa3,0
PJ92S.jpg,PJ92S,CJ925,0
Q9e1E.jpg,Q9e1E,Q9e1E,1
ye964.jpg,ye964,YM964,0
941Qq.jpg,941Qq,9AjQg,0
5tE0x.jpg,5tE0x,5tVdx,0
SW9up.jpg,SW9up,SW9up,1
FBhj5.jpg,FBhj5,E8hi5,0
x9hm9.jpg,x9hm9,XQbwY,0
16z8X.jpg,16z8X,16z8X,1
uRC62.jpg,uRC62,aHQ62,0
c0t4q.jpg,c0t4q,c0l4q,0
3V30N.jpg,3V30N,iV3AN,0
QpV5J.jpg,QpV5J,QpV5d,0
83qfp.jpg,83qfp,83qto,0
n6kpJ.jpg,n6kpJ,q6kpJ,0
lkmfK.jpg,lkmfK,L6mfK,0
yTrKW.jpg,yTrKW,yTcKW,0
89Ftn.jpg,89Ftn,89Ftm,0
5i6eD.jpg,5i6eD,516eD,0
TuaL8.jpg,TuaL8,7uaL8,0
3G1k7.jpg,3G1k7,vG1k7,0
8QDOW.jpg,8QDOW,3ZNOV,0
9MsqK.jpg,9MsqK,O1sgK,0
35yps.jpg,35yps,35Yp6,0
a2QcV.jpg,a2QcV,a2QHV,0
7Re1O.jpg,7Re1O,7RejO,0
9QCSm.jpg,9QCSm,9QC5m,0
7L1Qn.jpg,7L1Qn,7L1Om,0
7HdZf.jpg,7HdZf,7HdZf,1
LQP0y.jpg,LQP0y,LQPnx,0
sk2OP.jpg,sk2OP,sX2OP,0
qMbkD.jpg,qMbkD,qM5kD,0
Ole9T.jpg,Ole9T,0Xe5T,0
9z9mq.jpg,9z9mq,G1Smq,0
H039R.jpg,H039R,HoC9R,0
vM0jr.jpg,vM0jr,oM8jr,0
yu8Mg.jpg,yu8Mg,yu8Ms,0
y1gNm.jpg,y1gNm,YLgNm,0
sOn8b.jpg,sOn8b,YOn8b,0
5t57D.jpg,5t57D,stX7D,0
HrzVJ.jpg,HrzVJ,mrzVJ,0
fBcVq.jpg,fBcVq,f8cVg,0
l7Y8X.jpg,l7Y8X,l708X,0
h29XR.jpg,h29XR,h29XR,1
F3RpB.jpg,F3RpB,F3XvB,0
2A7Ok.jpg,2A7Ok,2A7Ok,1
e31I0.jpg,e31I0,A31l0,0
0dwSH.jpg,0dwSH,2dw3H,0
Wzd11.jpg,Wzd11,Vzd1h,0
8yYeV.jpg,8yYeV,8TY5U,0
5H9q0.jpg,5H9q0,5h9q0,0
8MC8W.jpg,8MC8W,8MC5W,0
eq1wP.jpg,eq1wP,eq1uF,0
VIUEn.jpg,VIUEn,VjOFm,0
34JTM.jpg,34JTM,G4JTM,0
7y39s.jpg,7y39s,7K30s,0
pXpJR.jpg,pXpJR,rXP1K,0
6crE3.jpg,6crE3,6clEJ,0
vTjPQ.jpg,vTjPQ,vTjP0,0
45i37.jpg,45i37,45I37,0
nqXX5.jpg,nqXX5,nyIX5,0
qfj3h.jpg,qfj3h,qfjXh,0
16McU.jpg,16McU,16McU,1
1B37Y.jpg,1B37Y,1B37y,0
6CeG6.jpg,6CeG6,6CaW5,0
xxqmp.jpg,xxqmp,J1zGp,0
5snz2.jpg,5snz2,59mzL,0
jw4G7.jpg,jw4G7,Iu4C7,0
eBYO2.jpg,eBYO2,MBYO2,0
CpieA.jpg,CpieA,CuIe4,0
52559.jpg,52559,52p69,0
aFjSo.jpg,aFjSo,XFjGo,0
UuJgG.jpg,UuJgG,UujZg,0
1Famc.jpg,1Famc,1Fam6,0
D3m8u.jpg,D3m8u,D3m6u,0
3I1k2.jpg,3I1k2,3O1N2,0
Rm3Ng.jpg,Rm3Ng,Rm3Nc,0
TPBRf.jpg,TPBRf,T7BRf,0
avy9j.jpg,avy9j,avY0f,0
45piP.jpg,45piP,45pjf,0
mFc40.jpg,mFc40,mFc40,1
K1W6U.jpg,K1W6U,K1V6U,0
fM3OF.jpg,fM3OF,tH20F,0
H37f2.jpg,H37f2,H37f2,1
3JnYL.jpg,3JnYL,3JRYL,0
JqaB1.jpg,JqaB1,JGaB1,0
X05WO.jpg,X05WO,X05WQ,0
cE1J7.jpg,cE1J7,cE1J7,1
uIbBG.jpg,uIbBG,a1bBG,0
8Rniq.jpg,8Rniq,8Rncq,0
NJNT7.jpg,NJNT7,N5GT7,0
EhJG1.jpg,EhJG1,2hJG1,0
0DVz1.jpg,0DVz1,0DVzR,0
VAY5W.jpg,VAY5W,vAI5W,0
5h1R5.jpg,5h1R5,Zh1P5,0
xWM9C.jpg,xWM9C,1WM9C,0
S9I4a.jpg,S9I4a,59I4a,0
pXQAB.jpg,pXQAB,pXYFB,0
L76Dw.jpg,L76Dw,L76DW,0
gfP0d.jpg,gfP0d,gfN0d,0
8zTGi.jpg,8zTGi,8nTGe,0
X66U2.jpg,X66U2,fg6W2,0
4D7hY.jpg,4D7hY,4D7hY,1
nbQ3x.jpg,nbQ3x,nbO1x,0
8Hd3M.jpg,8Hd3M,8xd3r,0
Cr9b9.jpg,Cr9b9,Cr3b9,0
vOlX1.jpg,vOlX1,vQlX1,0
77o4F.jpg,77o4F,LyoAF,0
KifE7.jpg,KifE7,KvfE7,0
6UstH.jpg,6UstH,6UStH,0
74AQu.jpg,74AQu,74Aiu,0
ml0fR.jpg,ml0fR,mlAfR,0
L1BJa.jpg,L1BJa,LYBJz,0
1O7i8.jpg,1O7i8,VO7r8,0
B9p59.jpg,B9p59,Bdr5b,0
shO06.jpg,shO06,zhQ06,0
v7zza.jpg,v7zza,vHzxa,0
Po5QT.jpg,Po5QT,Po5jN,0
5c28A.jpg,5c28A,5cU8A,0
27glY.jpg,27glY,27niY,0
rdBN2.jpg,rdBN2,FJBK2,0
MD8TZ.jpg,MD8TZ,MD8TZ,1
wkN3i.jpg,wkN3i,wPN3i,0
4PMlC.jpg,4PMlC,4FK10,0
Y30nv.jpg,Y30nv,Y30mv,0
CDu57.jpg,CDu57,CDuUR,0
VLr96.jpg,VLr96,VLq96,0
swapm.jpg,swapm,sw6pm,0
7vXbf.jpg,7vXbf,7vXbf,1
lHbSh.jpg,lHbSh,fHbSh,0
azGHZ.jpg,azGHZ,azGH2,0
O9p46.jpg,O9p46,j9n46,0
zUh5S.jpg,zUh5S,ZDK58,0
e3wkL.jpg,e3wkL,e3wXI,0
HfFPz.jpg,HfFPz,HfFPz,1
3LTv4.jpg,3LTv4,3iTw4,0
MmJ3B.jpg,MmJ3B,NeJ3B,0
1eRg2.jpg,1eRg2,1ORg2,0
DfH28.jpg,DfH28,DfH28,1
7X13z.jpg,7X13z,kXT3z,0
osFfA.jpg,osFfA,ezTfA,0
85QYS.jpg,85QYS,8hOVS,0
0JSGL.jpg,0JSGL,0JSRI,0
5Uw34.jpg,5Uw34,FUw34,0
V17X7.jpg,V17X7,V1mK7,0
6A235.jpg,6A235,6AV35,0
exGQb.jpg,exGQb,exCQb,0
O3UAN.jpg,O3UAN,O3UAK,0
A1uJP.jpg,A1uJP,AYuJP,0
H6HfH.jpg,H6HfH,w0NIh,0
E5FU6.jpg,E5FU6,tAFU6,0
A2Gi9.jpg,A2Gi9,A2Ci9,0
IiEKZ.jpg,IiEKZ,urEKZ,0
XdeZ2.jpg,XdeZ2,X1eZ2,0
ox0L4.jpg,ox0L4,oxML4,0
Mpbq2.jpg,Mpbq2,Mpbq2,1
KWG30.jpg,KWG30,KWGz0,0
d647G.jpg,d647G,d547G,0
7t7gD.jpg,7t7gD,7fXgD,0
712Ef.jpg,712Ef,7j2Ef,0
Yrg5U.jpg,Yrg5U,Yrg5U,1
PHGBf.jpg,PHGBf,PHaBf,0
lKK2B.jpg,lKK2B,iKw2B,0
86o8c.jpg,86o8c,W6a8i,0
AV3ZC.jpg,AV3ZC,AV3ZC,1
jmaGY.jpg,jmaGY,jma6Y,0
t7LlS.jpg,t7LlS,toLHx,0
BF6iT.jpg,BF6iT,BM6tT,0
MjMAb.jpg,MjMAb,MiNAb,0
59YuR.jpg,59YuR,E9VmK,0
VLK8Q.jpg,VLK8Q,VLK8Q,1
148U7.jpg,148U7,YK8U7,0
ypFi5.jpg,ypFi5,y8Fi5,0
GIm41.jpg,GIm41,CLm41,0
lk9yU.jpg,lk9yU,iK9yU,0
7ID2X.jpg,7ID2X,7f02X,0
yxBL9.jpg,yxBL9,YXB19,0
1r6zU.jpg,1r6zU,1r6RU,0
u51bZ.jpg,u51bZ,uS1bZ,0
9o6bx.jpg,9o6bx,9q6bx,0
Zz5J5.jpg,Zz5J5,ZpMJ5,0
geiZ4.jpg,geiZ4,geiZ4,1
j0Xbx.jpg,j0Xbx,T0Xbz,0
8v2ET.jpg,8v2ET,8v2hT,0
mg6h7.jpg,mg6h7,mf6h7,0
RkV44.jpg,RkV44,RkV4o,0
9rpWA.jpg,9rpWA,9rpVA,0
ZmMHv.jpg,ZmMHv,7mkHv,0
O0y2R.jpg,O0y2R,Gcy7R,0
y7blw.jpg,y7blw,y7btw,0
53kZ4.jpg,53kZ4,53HZ4,0
GxO72.jpg,GxO72,GxO72,1
WvTb1.jpg,WvTb1,WgTb1,0
6RxjL.jpg,6RxjL,5RxJL,0
dmwEw.jpg,dmwEw,dmwEI,0
BVI6Y.jpg,BVI6Y,BVl6m,0
m89F9.jpg,m89F9,m8YF9,0
f4HbY.jpg,f4HbY,f4Hb7,0
u3PTr.jpg,u3PTr,u3PTr,1
9km0w.jpg,9km0w,9kj0w,0
6A7TI.jpg,6A7TI,oA7Tl,0
I5Q5I.jpg,I5Q5I,t5m6j,0
P78J1.jpg,P78J1,P7GJI,0
yT36s.jpg,yT36s,yT3Gs,0
33UyG.jpg,33UyG,32Nyc,0
vX4vQ.jpg,vX4vQ,SX4vQ,0
6skLz.jpg,6skLz,6HkLP,0
n2Z5t.jpg,n2Z5t,N2C5T,0
4ik2W.jpg,4ik2W,4tT2W,0
B6TjN.jpg,B6TjN,R6T2M,0
6gTyi.jpg,6gTyi,5g7vh,0
E7EDN.jpg,E7EDN,c750K,0
7Xv7p.jpg,7Xv7p,7Xv4p,0
poI41.jpg,poI41,poC41,0
P57b0.jpg,P57b0,P57bQ,0
J089K.jpg,J089K,J0z9K,0
7zP66.jpg,7zP66,7zP6U,0
HMe4S.jpg,HMe4S,KMeZ5,0
OEcL4.jpg,OEcL4,OEcI4,0
e2D5v.jpg,e2D5v,sAD5v,0
4O6ah.jpg,4O6ah,4D6ah,0
Za2hv.jpg,Za2hv,Es2hv,0
y84yR.jpg,y84yR,n84JR,0
iX7n7.jpg,iX7n7,cMZu1,0
9O89W.jpg,9O89W,9C8qH,0
5FSjF.jpg,5FSjF,5EG4b,0
Lid66.jpg,Lid66,zjd6S,0
M7S78.jpg,M7S78,MvfJ8,0
46JfR.jpg,46JfR,4GJfR,0
YNy5C.jpg,YNy5C,YMJ5C,0
hFc6T.jpg,hFc6T,hDc6T,0
0G17R.jpg,0G17R,0T17R,0
8ung2.jpg,8ung2,8ung2,1
1o2xt.jpg,1o2xt,1o2Xt,0
7dQb9.jpg,7dQb9,7d1b9,0
Ue41E.jpg,Ue41E,Ue47F,0
2ZHI1.jpg,2ZHI1,2ZHf1,0
0K7A2.jpg,0K7A2,OK7A2,0
zFYBs.jpg,zFYBs,zFYCs,0
X0598.jpg,X0598,X0j98,0
3Th2g.jpg,3Th2g,3Yh2g,0
2WX36.jpg,2WX36,yWX36,0
jCT1T.jpg,jCT1T,HC71T,0
FlBEb.jpg,FlBEb,FjWEb,0
53eC9.jpg,53eC9,5JeC9,0
j80ki.jpg,j80ki,P80ki,0
F7xL5.jpg,F7xL5,f7xL5,0
3F62P.jpg,3F62P,3F67P,0
7ky16.jpg,7ky16,Yky1e,0
9jli6.jpg,9jli6,9jVr6,0
q1YrA.jpg,q1YrA,g1YpA,0
Fk7SZ.jpg,Fk7SZ,FkTGZ,0
d92F9.jpg,d92F9,d92FQ,0
1r4VT.jpg,1r4VT,lr4wT,0
UhAY1.jpg,UhAY1,UhAYs,0
RPFV1.jpg,RPFV1,R25V1,0
9VLOR.jpg,9VLOR,9VLOR,1
uhd2y.jpg,uhd2y,uhdZy,0
W43c0.jpg,W43c0,W4jc0,0
8uu0G.jpg,8uu0G,8Lu0G,0
E05Z8.jpg,E05Z8,P0578,0
voRhy.jpg,voRhy,vcRbY,0
3DYAb.jpg,3DYAb,3DYAb,1
sZM6B.jpg,sZM6B,sZM6B,1
QBKjs.jpg,QBKjs,QBKn1,0
8L1UH.jpg,8L1UH,SLTeH,0
xuRzD.jpg,xuRzD,XuRzD,0
b9R5z.jpg,b9R5z,b9K5t,0
3f1cB.jpg,3f1cB,3j7eB,0
w6nz5.jpg,w6nz5,W6nz5,0
3YMg6.jpg,3YMg6,3yNg6,0
YNb4g.jpg,YNb4g,YNb2q,0
s2TmF.jpg,s2TmF,s2TmB,0
3nKCu.jpg,3nKCu,3jKCu,0
76PkU.jpg,76PkU,76PkU,1
lb00U.jpg,lb00U,1bo6M,0
Od2Ka.jpg,Od2Ka,Cd2Kn,0
f209i.jpg,f209i,f20w1,0
LskDS.jpg,LskDS,LsKD6,0
8o3qo.jpg,8o3qo,8o3g7,0
Fpr2x.jpg,Fpr2x,PGr2X,0
YM9em.jpg,YM9em,VM9cm,0
Ntq29.jpg,Ntq29,Htg29,0
34pqa.jpg,34pqa,347qa,0
MF7FU.jpg,MF7FU,MF2EU,0
36me1.jpg,36me1,36mY1,0
8582d.jpg,8582d,85W2d,0
JSyp3.jpg,JSyp3,JSqp3,0
noHN3.jpg,noHN3,nOXN3,0
goU4s.jpg,goU4s,qoU4s,0
CZo8F.jpg,CZo8F,NZo8F,0
1OR5J.jpg,1OR5J,fOR5J,0
7mckE.jpg,7mckE,7MckE,0
752BF.jpg,752BF,V52Br,0
8U2LV.jpg,8U2LV,8U2EV,0
4TtgU.jpg,4TtgU,4ztgU,0
Go7WS.jpg,Go7WS,Ce7Vs,0
9bjwS.jpg,9bjwS,9hjV5,0
JK930.jpg,JK930,JKtz0,0
0V6HF.jpg,0V6HF,0V5HF,0
YXnoY.jpg,YXnoY,TZnov,0
DiIe6.jpg,DiIe6,DAfe6,0
5SHlo.jpg,5SHlo,5SHlv,0
3ovi9.jpg,3ovi9,3cv19,0
sN7gs.jpg,sN7gs,5H79v,0
7Zlfv.jpg,7Zlfv,4ZlTv,0
YE6Ro.jpg,YE6Ro,VE6Ra,0
104h4.jpg,104h4,10Zb4,0
5ZmSR.jpg,5ZmSR,5ZufR,0
Ix5c2.jpg,Ix5c2,IX5C2,0
48jPz.jpg,48jPz,48jPz,1
wONbY.jpg,wONbY,wCNhY,0
SW3y9.jpg,SW3y9,4Wxy1,0
D5SO2.jpg,D5SO2,DJxO2,0
YHZv0.jpg,YHZv0,YHZw0,0
ZfUU6.jpg,ZfUU6,ZfDd6,0
ru9T5.jpg,ru9T5,ru9T5,1
5q2PW.jpg,5q2PW,5q2PU,0
f7Zv9.jpg,f7Zv9,f7Hv9,0
nKc74.jpg,nKc74,ukc74,0
XPonK.jpg,XPonK,XE0mK,0
Cof9B.jpg,Cof9B,CnI9B,0
V7dGO.jpg,V7dGO,V7KGO,0
7xD1Y.jpg,7xD1Y,Zxp1Y,0
Wu3LT.jpg,Wu3LT,Wn2LT,0
nf8Hq.jpg,nf8Hq,vf8Hq,0
rv0lA.jpg,rv0lA,rv0lA,1
mF5re.jpg,mF5re,yESre,0
SxIT7.jpg,SxIT7,SxuT7,0
1D8t4.jpg,1D8t4,1D6t4,0
8516e.jpg,8516e,8516e,1
a6I9t.jpg,a6I9t,a679t,0
4dpT4.jpg,4dpT4,4dpTN,0
jEn1B.jpg,jEn1B,jKoYB,0
34LNE.jpg,34LNE,34LME,0
NJ00C.jpg,NJ00C,NJ0UZ,0
1rtT9.jpg,1rtT9,1ytTS,0
9IPkT.jpg,9IPkT,9iPAT,0
Ne32d.jpg,Ne32d,NG3zd,0
U4Y2x.jpg,U4Y2x,U4Y2k,0
x54Ef.jpg,x54Ef,x54Ef,1
2RYoh.jpg,2RYoh,2Aroh,0
fUjcb.jpg,fUjcb,fU7cI,0
PYnEf.jpg,PYnEf,PYnEf,1
sGGa1.jpg,sGGa1,sQMa1,0
2Bf0A.jpg,2Bf0A,2Bf0A,1
T4bhY.jpg,T4bhY,74bMY,0
KT0am.jpg,KT0am,KF0zm,0
n9bS4.jpg,n9bS4,m9b54,0
Wb0w1.jpg,Wb0w1,WbCo1,0
a3699.jpg,a3699,aZb9D,0
hL3Or.jpg,hL3Or,hL3Ow,0
82XDY.jpg,82XDY,32XD1,0
UgIg3.jpg,UgIg3,U4IgP,0
yoQkn.jpg,yoQkn,yoQkn,1
s8Q7P.jpg,s8Q7P,s807F,0
WhN9g.jpg,WhN9g,VbM2c,0
3tcxR.jpg,3tcxR,3tgxR,0
KG470.jpg,KG470,KG470,1
pMVv2.jpg,pMVv2,pM1vQ,0
84eOy.jpg,84eOy,84tDY,0
8k43x.jpg,8k43x,6k43x,0
R5v4W.jpg,R5v4W,R5vZW,0
h1D3g.jpg,h1D3g,hVD3g,0
6W5Mm.jpg,6W5Mm,6WJMm,0
9d0yJ.jpg,9d0yJ,9d0xJ,0
dRrY4.jpg,dRrY4,dMrY4,0
18pN0.jpg,18pN0,E8pN0,0
aKpD8.jpg,aKpD8,aXfD8,0
B4n4G.jpg,B4n4G,B4n1C,0
2yafL.jpg,2yafL,2uMfL,0
cGBI3.jpg,cGBI3,cG2IY,0
9K6gP.jpg,9K6gP,9K0GP,0
jM4DI.jpg,jM4DI,jM2Dr,0
k204E.jpg,k204E,K2o4E,0
Cb8Vx.jpg,Cb8Vx,Cb8VX,0
36fz8.jpg,36fz8,3GIza,0
kv64r.jpg,kv64r,kv64N,0
e8hrC.jpg,e8hrC,e3brC,0
vg8Cb.jpg,vg8Cb,Vg3C5,0
789C7.jpg,789C7,269CT,0
8A8nT.jpg,8A8nT,GA8nT,0
T8xXT.jpg,T8xXT,f8uXT,0
m9Szf.jpg,m9Szf,m9OZf,0
EJ7Hx.jpg,EJ7Hx,EJ7Hx,1
G6iDN.jpg,G6iDN,G6IDN,0
nVBSm.jpg,nVBSm,hLB5m,0
k1gSO.jpg,k1gSO,k1qSO,0
A5Ee1.jpg,A5Ee1,A5EQi,0
2aoSC.jpg,2aoSC,2aTSr,0
DQ2h4.jpg,DQ2h4,DQ7h4,0
uSdLN.jpg,uSdLN,uSdlN,0
07X0K.jpg,07X0K,F7XeK,0
uS41v.jpg,uS41v,m54TV,0
8144m.jpg,8144m,814Cm,0
yGNz1.jpg,yGNz1,pQN51,0
tqPjv.jpg,tqPjv,tqRjv,0
pDfp5.jpg,pDfp5,PDfp5,0
yG7Z7.jpg,yG7Z7,vG5Z7,0
oCUO4.jpg,oCUO4,pCTO4,0
4zHx5.jpg,4zHx5,4zHv5,0
RVeXX.jpg,RVeXX,FVcZX,0
2rKQG.jpg,2rKQG,2rWQG,0
68l9K.jpg,68l9K,C8L9K,0
f712U.jpg,f712U,f412u,0
5647C.jpg,5647C,5n47C,0
0062l.jpg,0062l,Q45zi,0
T5150.jpg,T5150,TsX50,0
84Iz9.jpg,84Iz9,84Hz9,0
RgE4f.jpg,RgE4f,Rqv4f,0
bcKfo.jpg,bcKfo,bGKfo,0
U0uN9.jpg,U0uN9,E0pN3,0
wMA00.jpg,wMA00,wMAJ0,0
38Tfa.jpg,38Tfa,36Tfm,0
pencY.jpg,pencY,p8mCY,0
6uTDN.jpg,6uTDN,6qTDN,0
9PsP9.jpg,9PsP9,9OXFJ,0
j10fO.jpg,j10fO,jT6fO,0
p60Al.jpg,p60Al,n504I,0
X2jB0.jpg,X2jB0,X2JB0,0
vFr1p.jpg,vFr1p,vsf1p,0
GE9ia.jpg,GE9ia,GE9ja,0
c3YX4.jpg,c3YX4,c3YXZ,0
7XsGI.jpg,7XsGI,7XsGl,0
oh43F.jpg,oh43F,ob43E,0
hNB44.jpg,hNB44,hiB4F,0
ASl9s.jpg,ASl9s,ASh9y,0
SyaD6.jpg,SyaD6,SyaD6,1
q5015.jpg,q5015,rG016,0
lxJ96.jpg,lxJ96,fKJ96,0
l0S7x.jpg,l0S7x,l0SHx,0
6gd3q.jpg,6gd3q,6kd3q,0
5nEkf.jpg,5nEkf,5wekf,0
yPm57.jpg,yPm57,yPn57,0
g4CpH.jpg,g4CpH,j8CpH,0
bsSh5.jpg,bsSh5,beGM5,0
WQTXZ.jpg,WQTXZ,NOFXe,0
ZN8Zo.jpg,ZN8Zo,FM82o,0
K19ub.jpg,K19ub,K19ub,1
K789j.jpg,K789j,K789j,1
rjkQg.jpg,rjkQg,rJK0g,0
p4v91.jpg,p4v91,pzv91,0
jvj29.jpg,jvj29,AvL29,0
Z8nwG.jpg,Z8nwG,Z1nwC,0
4889H.jpg,4889H,4Q5PH,0
GL056.jpg,GL056,CL05J,0
1tk0r.jpg,1tk0r,1tk0r,1
Rhjw4.jpg,Rhjw4,Phju4,0
O533o.jpg,O533o,O5z3o,0
o7pt4.jpg,o7pt4,o7pt4,1
UJixU.jpg,UJixU,W4IxU,0
i3P5E.jpg,i3P5E,iXP5e,0
ToQh2.jpg,ToQh2,To8h2,0
7QD31.jpg,7QD31,7ODa1,0
Mca6z.jpg,Mca6z,McJ6z,0
FZRVa.jpg,FZRVa,FZRV9,0
05UW6.jpg,05UW6,05UWf,0
94G95.jpg,94G95,y4EC5,0
t5hBT.jpg,t5hBT,t5AB7,0
SxnPb.jpg,SxnPb,SxnPb,1
G046X.jpg,G046X,GTi6X,0
k2KX3.jpg,k2KX3,k2mX3,0
algET.jpg,algET,1t2ET,0
7YuY7.jpg,7YuY7,7Yu8L,0
5tdu2.jpg,5tdu2,5tdG7,0
1vSm4.jpg,1vSm4,1vJmT,0
1Ro66.jpg,1Ro66,1ReU6,0
622v4.jpg,622v4,52PV4,0
dg7N9.jpg,dg7N9,dr7N9,0
KHy51.jpg,KHy51,KHv54,0
04C86.jpg,04C86,04Cx6,0
Q3TcM.jpg,Q3TcM,Q31cK,0
1Xfzv.jpg,1Xfzv,1Xfzv,1
20RNm.jpg,20RNm,20RMm,0
h09nw.jpg,h09nw,h6Spu,0
18WGb.jpg,18WGb,18HGb,0
4As11.jpg,4As11,4Av7l,0
6655Q.jpg,6655Q,6CM5y,0
13ZT1.jpg,13ZT1,i3ZTn,0
942TE.jpg,942TE,942TE,1
Ri5g1.jpg,Ri5g1,Qj5g1,0
iaMbU.jpg,iaMbU,iaKbU,0
dM2aE.jpg,dM2aE,dM2nF,0
Sqiyp.jpg,Sqiyp,5giYB,0
hNkFs.jpg,hNkFs,hNxFs,0
91xM2.jpg,91xM2,91xM2,1
11g5J.jpg,11g5J,uYR5J,0
wp22n.jpg,wp22n,Vb27a,0
RQkX2.jpg,RQkX2,H0kX2,0
pfKO2.jpg,pfKO2,pfKu2,0
9Wvc5.jpg,9Wvc5,9WvcS,0
oKAcP.jpg,oKAcP,hBAcP,0
jRHm7.jpg,jRHm7,jRHm7,1
FaLU3.jpg,FaLU3,PaLU3,0
wxDPA.jpg,wxDPA,vxDF4,0
6B5F8.jpg,6B5F8,6M5w8,0
K3MH0.jpg,K3MH0,K3MH0,1
BmLoC.jpg,BmLoC,BmLJC,0
4B6K8.jpg,4B6K8,4B6K8,1
Cqwd2.jpg,Cqwd2,Crxd2,0
76IEf.jpg,76IEf,78hEf,0
V414x.jpg,V414x,V41Hx,0
1TE30.jpg,1TE30,lTG30,0
3u5bG.jpg,3u5bG,2n5bG,0
5RNPU.jpg,5RNPU,5RNPU,1
k7O8g.jpg,k7O8g,k7QBz,0
QT9bK.jpg,QT9bK,QT9bK,1
H4UjR.jpg,H4UjR,h4UjR,0
R6mgk.jpg,R6mgk,R6mgk,1
yFxMf.jpg,yFxMf,yPxMf,0
J7SE2.jpg,J7SE2,J7SE2,1
u9rFN.jpg,u9rFN,u97FH,0
E6xY1.jpg,E6xY1,E6wY1,0
LD3ep.jpg,LD3ep,LD3qp,0
6q88p.jpg,6q88p,Wq8Sp,0
PJ1RJ.jpg,PJ1RJ,PJ1Rw,0
bZXW0.jpg,bZXW0,bZsW0,0
6iaWE.jpg,6iaWE,6i3HE,0
L9FU8.jpg,L9FU8,m9FU8,0
g7Z8Q.jpg,g7Z8Q,gFZ3O,0
j9otn.jpg,j9otn,k9o47,0
QCJrp.jpg,QCJrp,OGJrp,0
k1EF7.jpg,k1EF7,k1yPZ,0
TJw3N.jpg,TJw3N,TjWdN,0
xATaD.jpg,xATaD,x4VaD,0
2nYFx.jpg,2nYFx,2aYFx,0
25vwP.jpg,25vwP,2jv8P,0
3c76n.jpg,3c76n,3o7fn,0
eRLdD.jpg,eRLdD,eRldT,0
XRnkO.jpg,XRnkO,XRnk0,0
kw0q6.jpg,kw0q6,kw0g5,0
DEcro.jpg,DEcro,DEcr9,0
z5YFk.jpg,z5YFk,z5Y6k,0
c0924.jpg,c0924,c0M24,0
E90Fr.jpg,E90Fr,E90Rr,0
L5bo2.jpg,L5bo2,L5Xo2,0
O4Nlm.jpg,O4Nlm,04MIm,0
wH5Zh.jpg,wH5Zh,zj5Wu,0
oO6pK.jpg,oO6pK,oU6gK,0
g8n9W.jpg,g8n9W,g6n9W,0
GjTd4.jpg,GjTd4,CjTd4,0
8eJ92.jpg,8eJ92,8eJ92,1
nNYPz.jpg,nNYPz,nNIPz,0
13o8V.jpg,13o8V,1Jn8V,0
aI16z.jpg,aI16z,nl16z,0
9bf6j.jpg,9bf6j,9bc6j,0
u1f1q.jpg,u1f1q,u3K1q,0
39YG6.jpg,39YG6,3eYG6,0
5XNO7.jpg,5XNO7,5XNO1,0
BZc52.jpg,BZc52,BYC52,0
0nSA3.jpg,0nSA3,0nSl3,0
WlP4z.jpg,WlP4z,WkPdz,0
S7PbL.jpg,S7PbL,S7AbL,0
x1MaA.jpg,x1MaA,xfMaA,0
ee6J1.jpg,ee6J1,em5J7,0
SP1wB.jpg,SP1wB,SP1uB,0
UTCpu.jpg,UTCpu,UTCRu,0
Sd7Mk.jpg,Sd7Mk,Sd7Mk,1
T0Kdm.jpg,T0Kdm,Z0Kbm,0
0Nog5.jpg,0Nog5,CAog5,0
eql8M.jpg,eql8M,eqI8M,0
XFoc3.jpg,XFoc3,Xfwc3,0
ucgl2.jpg,ucgl2,uCgI2,0
jXvl6.jpg,jXvl6,TXvL6,0
66n97.jpg,66n97,dCx97,0
tN7Aa.jpg,tN7Aa,cNYAa,0
8odK3.jpg,8odK3,8odR3,0
tpDQ7.jpg,tpDQ7,tpUO7,0
7Ns2Q.jpg,7Ns2Q,7Ns2Q,1
l4480.jpg,l4480,I4a80,0
20gB7.jpg,20gB7,2JeZ7,0
Y11gF.jpg,Y11gF,Y31wF,0
JobtR.jpg,JobtR,ZobtR,0
UvI00.jpg,UvI00,Uvf0G,0
Itv16.jpg,Itv16,Frv16,0
1J64X.jpg,1J64X,NJ64X,0
T4058.jpg,T4058,y4058,0
u7N4u.jpg,u7N4u,f7N4u,0
X4l2f.jpg,X4l2f,X4j2f,0
b8SMD.jpg,b8SMD,b8SHD,0
Qz7ZP.jpg,Qz7ZP,Qh7zP,0
6pbYE.jpg,6pbYE,6PaVE,0
l80W1.jpg,l80W1,lc0W7,0
Ufxbp.jpg,Ufxbp,Ufxho,0
tu7D7.jpg,tu7D7,tuRDj,0
egIin.jpg,egIin,egXfn,0
G343y.jpg,G343y,634Rv,0
A3CAe.jpg,A3CAe,43mAe,0
oexXj.jpg,oexXj,oe2Xj,0
9G2eQ.jpg,9G2eQ,9G2eQ,1
4L369.jpg,4L369,4E309,0
UXY52.jpg,UXY52,UXYC2,0
4EquT.jpg,4EquT,4BguI,0
aLUAu.jpg,aLUAu,aLWAy,0
4qBWc.jpg,4qBWc,4JBmc,0
Gt725.jpg,Gt725,Gh72g,0
ov7EC.jpg,ov7EC,ev7EC,0
5Ny72.jpg,5Ny72,5Ny72,1
ojwoV.jpg,ojwoV,ojwgV,0
5r734.jpg,5r734,5r734,1
191B2.jpg,191B2,19LB2,0
MXd77.jpg,MXd77,MXdF7,0
0J4B9.jpg,0J4B9,mJ4B9,0
qO265.jpg,qO265,qC265,0
KPi07.jpg,KPi07,KPi07,1
Y7nyv.jpg,Y7nyv,H7nyv,0
5eai5.jpg,5eai5,Fea15,0
2H8eq.jpg,2H8eq,2H8eG,0
4P3EA.jpg,4P3EA,4P3mA,0
JRcH0.jpg,JRcH0,1RcH0,0
tK15S.jpg,tK15S,tMT53,0
8eJYY.jpg,8eJYY,8QJkY,0
3Pf7Z.jpg,3Pf7Z,3Pf7Z,1
VDaD6.jpg,VDaD6,YdaD6,0
340IN.jpg,340IN,340FM,0
ZFBA3.jpg,ZFBA3,ZFjA3,0
31Sxm.jpg,31Sxm,2I6xm,0
yGuwZ.jpg,yGuwZ,yChwZ,0
ltyLb.jpg,ltyLb,jtXLb,0
59549.jpg,59549,5wF49,0
47GiU.jpg,47GiU,47CIU,0
Sg7qh.jpg,Sg7qh,Sg7Rb,0
2mLVw.jpg,2mLVw,2mLVw,1
BsO5e.jpg,BsO5e,Bsl5e,0
3JbBq.jpg,3JbBq,3JfRq,0
q1wje.jpg,q1wje,gTwbe,0
MHKOg.jpg,MHKOg,2IBOg,0
3szoJ.jpg,3szoJ,3sZ01,0
Mhrb4.jpg,Mhrb4,Mhr54,0
2dYOV.jpg,2dYOV,AdYOV,0
mkG21.jpg,mkG21,mk621,0
358UA.jpg,358UA,3yoUk,0
916V3.jpg,916V3,916V3,1
BGLI4.jpg,BGLI4,BCLj4,0
2Wvp2.jpg,2Wvp2,4UvP2,0
zjD99.jpg,zjD99,ZiDM9,0
OP1ui.jpg,OP1ui,CP9ui,0
G4S5e.jpg,G4S5e,G43he,0
e5z2e.jpg,e5z2e,M5126,0
j57I4.jpg,j57I4,j57n4,0
FitY6.jpg,FitY6,FAtY6,0
py2n8.jpg,py2n8,py2n8,1
0E0Ki.jpg,0E0Ki,0FqKj,0
LGtH9.jpg,LGtH9,LGvH9,0
yg7Oz.jpg,yg7Oz,rg70z,0
335yn.jpg,335yn,3z5yh,0
9kC3Y.jpg,9kC3Y,9FC3Y,0
4wAXO.jpg,4wAXO,4mAX0,0
0EW4t.jpg,0EW4t,0EH4I,0
O7Lr2.jpg,O7Lr2,OWLyd,0
bAF7s.jpg,bAF7s,bAE7s,0
4R7Q3.jpg,4R7Q3,4E7Qx,0
ols36.jpg,ols36,e1s36,0
4di9w.jpg,4di9w,4el9w,0
Ug5LZ.jpg,Ug5LZ,Uq5Lz,0
FRf72.jpg,FRf72,FRbZ2,0
qpGAt.jpg,qpGAt,gpGAt,0
3lA93.jpg,3lA93,8EA93,0
5KA0Y.jpg,5KA0Y,5KA0V,0
94R59.jpg,94R59,94R5Q,0
aY52D.jpg,aY52D,aI52D,0
YJE5l.jpg,YJE5l,VJE5i,0
z9JEy.jpg,z9JEy,z9JCy,0
3MejB.jpg,3MejB,3NejW,0
YQrdN.jpg,YQrdN,TOrdN,0
mY074.jpg,mY074,mY074,1
aA2y8.jpg,aA2y8,aA2Y8,0
eJuHS.jpg,eJuHS,eJuHj,0
VuCj2.jpg,VuCj2,VuC12,0
n1MSD.jpg,n1MSD,nTMzD,0
le22L.jpg,le22L,r642L,0
dZTs8.jpg,dZTs8,dZTs8,1
aA9Js.jpg,aA9Js,mA9Js,0
X2OKZ.jpg,X2OKZ,X2Ok7,0
wmDLQ.jpg,wmDLQ,ucDL2,0
b0nHJ.jpg,b0nHJ,bOnHJ,0
e7203.jpg,e7203,u7b03,0
4xYlr.jpg,4xYlr,4RYtr,0
z69oM.jpg,z69oM,z6hoM,0
2LJ02.jpg,2LJ02,hLJ02,0
Bc78v.jpg,Bc78v,Ec78v,0
1U6Tm.jpg,1U6Tm,1U67m,0
q87i7.jpg,q87i7,q8Mr7,0
3aFUu.jpg,3aFUu,5aFku,0
rulZ8.jpg,rulZ8,rMlZ8,0
5VlNB.jpg,5VlNB,5VlNB,1
p3S3i.jpg,p3S3i,pOS3I,0
yf6T9.jpg,yf6T9,yM6T9,0
Z3Jx3.jpg,Z3Jx3,Z9JK3,0
eA32k.jpg,eA32k,e432k,0
a43F1.jpg,a43F1,u43FY,0
0a5Jz.jpg,0a5Jz,0a5lZ,0
J3s79.jpg,J3s79,J3e79,0
0h2MC.jpg,0h2MC,0h2MC,1
m0j4d.jpg,m0j4d,r05Jo,0
idgob.jpg,idgob,iWg2b,0
2IiYo.jpg,2IiYo,2fnYo,0
qhkNW.jpg,qhkNW,oOkNV,0
6K71c.jpg,6K71c,6K7Yc,0
38dvP.jpg,38dvP,58dVP,0
15WAJ.jpg,15WAJ,15WAJ,1
ocy87.jpg,ocy87,ocm87,0
I51Bc.jpg,I51Bc,I54Bc,0
66OK8.jpg,66OK8,GeTKP,0
0oMbe.jpg,0oMbe,GoKbe,0
36Y83.jpg,36Y83,SAV8J,0
Jc7b5.jpg,Jc7b5,Jp7h5,0
bmx3h.jpg,bmx3h,bcx3k,0
5g3yq.jpg,5g3yq,5G3Yq,0
W63u5.jpg,W63u5,W63u5,1
r10kc.jpg,r10kc,m1Zfc,0
7cw4j.jpg,7cw4j,7cw4j,1
6Exo7.jpg,6Exo7,5Exq7,0
IzpF6.jpg,IzpF6,IaPE6,0
03wKZ.jpg,03wKZ,U3wKZ,0
XjfIO.jpg,XjfIO,XjkIO,0
z84qc.jpg,z84qc,z8hqc,0
IdzWb.jpg,IdzWb,IdzWb,1
R7xvE.jpg,R7xvE,R7xvE,1
1so32.jpg,1so32,rsoVb,0
V4e1H.jpg,V4e1H,V4eIH,0
077Zs.jpg,077Zs,0K2Zs,0
h3hJJ.jpg,h3hJJ,G8K1S,0
U57Bf.jpg,U57Bf,u57Rf,0
sIaY9.jpg,sIaY9,slaY9,0
ydfsa.jpg,ydfsa,yQfsa,0
8220T.jpg,8220T,82401,0
QwV9M.jpg,QwV9M,QwVfM,0
MDKNc.jpg,MDKNc,MDTEc,0
ETyWk.jpg,ETyWk,ETyWk,1
ZZTbA.jpg,ZZTbA,78ThA,0
1Q02R.jpg,1Q02R,1Co2B,0
6Aopj.jpg,6Aopj,6AuPI,0
T7cIJ.jpg,T7cIJ,F26iJ,0
drXwO.jpg,drXwO,BjXwO,0
t6Nfw.jpg,t6Nfw,1GNf9,0
G54x4.jpg,G54x4,GtAw4,0
RUSyF.jpg,RUSyF,Rh5ye,0
hp5r7.jpg,hp5r7,ho5r7,0
9CX7B.jpg,9CX7B,9CX7A,0
h4o9n.jpg,h4o9n,hQ59w,0
etIRL.jpg,etIRL,etFRU,0
AeJMi.jpg,AeJMi,AeJMl,0
23JMy.jpg,23JMy,23JHY,0
3a9zM.jpg,3a9zM,3a9zW,0
p07bG.jpg,p07bG,pX7bG,0
vRrGa.jpg,vRrGa,VRrGa,0
sJZpM.jpg,sJZpM,s1ZpK,0
U6R8X.jpg,U6R8X,UmfJX,0
PfFJR.jpg,PfFJR,PtFJR,0
3hREL.jpg,3hREL,3hR4L,0
3c387.jpg,3c387,3cxH7,0
bA033.jpg,bA033,hA0J1,0
GO629.jpg,GO629,WO62j,0
23J8r.jpg,23J8r,23H8r,0
PXpIs.jpg,PXpIs,PXp1s,0
W029K.jpg,W029K,W029K,1
nPWo6.jpg,nPWo6,nPVo6,0
o7102.jpg,o7102,B7102,0
8J460.jpg,8J460,8k4e0,0
VkayP.jpg,VkayP,VkayF,0
cY9L6.jpg,cY9L6,cY9k6,0
xH9jf.jpg,xH9jf,xH9jC,0
eG8FN.jpg,eG8FN,eG81H,0
2r3mb.jpg,2r3mb,2r3mb,1
NGMyA.jpg,NGMyA,NGPyA,0
32yq2.jpg,32yq2,32yca,0
OqAnD.jpg,OqAnD,CgAvB,0
e89Gw.jpg,e89Gw,e89Gu,0
GZoCT.jpg,GZoCT,GAuCT,0
1902C.jpg,1902C,19U2C,0
OAGI5.jpg,OAGI5,OAz15,0
i9V1j.jpg,i9V1j,i9V1L,0
16DIe.jpg,16DIe,16DiZ,0
j2CVB.jpg,j2CVB,J2CVB,0
8vD8G.jpg,8vD8G,81D9C,0
eJML8.jpg,eJML8,eJMt8,0
s0VB5.jpg,s0VB5,s04M5,0
JPmDX.jpg,JPmDX,JPmOX,0
Nr141.jpg,Nr141,NrT4y,0
5W2yt.jpg,5W2yt,5WZkt,0
Go15Z.jpg,Go15Z,Go15Z,1
991an.jpg,991an,Q91dn,0
V7g4k.jpg,V7g4k,V7n4k,0
ls4Pl.jpg,ls4Pl,l3zPW,0
aOjRj.jpg,aOjRj,5OrBj,0
l18yi.jpg,l18yi,fT6wb,0
rgV7t.jpg,rgV7t,rgV7t,1
0fFRx.jpg,0fFRx,0lFRw,0
jd78n.jpg,jd78n,jd78n,1
lwvU4.jpg,lwvU4,IwxU4,0
C0T6c.jpg,C0T6c,M0V6c,0
PhqD0.jpg,PhqD0,PhqD6,0
Nxax6.jpg,Nxax6,Nray6,0
lA13y.jpg,lA13y,kA1Zy,0
ZBHeU.jpg,ZBHeU,Z3jeU,0
dm66U.jpg,dm66U,drG6U,0
ZyVII.jpg,ZyVII,ZyWl1,0
467r9.jpg,467r9,A67r9,0
AEJ5E.jpg,AEJ5E,4fJ5P,0
EXJaX.jpg,EXJaX,EKvaX,0
bANO7.jpg,bANO7,bAMOL,0
FG5s4.jpg,FG5s4,EC5x4,0
6X9rU.jpg,6X9rU,6XJrU,0
F2ouz.jpg,F2ouz,E2guz,0
yWku2.jpg,yWku2,fWku2,0
Lt14C.jpg,Lt14C,LpT4Q,0
V1VRK.jpg,V1VRK,v1YPK,0
vN5FB.jpg,vN5FB,7N5FB,0
nN69C.jpg,nN69C,nA63C,0
NKw0D.jpg,NKw0D,NKwCj,0
nYihL.jpg,nYihL,pYzhL,0
9V80K.jpg,9V80K,9VZ0K,0
w9Uhf.jpg,w9Uhf,w9Uhf,1
Q2HTJ.jpg,Q2HTJ,O2HTJ,0
JFmp8.jpg,JFmp8,JFmp8,1
0j7PH.jpg,0j7PH,0j5PH,0
3zl3o.jpg,3zl3o,3zlhv,0
slL2T.jpg,slL2T,uiLXP,0
33FOy.jpg,33FOy,34FOY,0
7QbqT.jpg,7QbqT,7CbaY,0
Y2b77.jpg,Y2b77,V4b71,0
kl4vL.jpg,kl4vL,kP4vL,0
9t0io.jpg,9t0io,9C0iw,0
T3Q0X.jpg,T3Q0X,T3GcX,0
68h6M.jpg,68h6M,e8hPM,0
XdoOc.jpg,XdoOc,KdPOr,0
SY238.jpg,SY238,SYZ3d,0
1796g.jpg,1796g,i796g,0
oqA5s.jpg,oqA5s,oqA5s,1
Kry96.jpg,Kry96,Krq9L,0
u7vEc.jpg,u7vEc,u7VPc,0
O7A7x.jpg,O7A7x,G7ALx,0
B7Vb4.jpg,B7Vb4,B7Ve4,0
Crv28.jpg,Crv28,Cmv2F,0
9Dolq.jpg,9Dolq,9Doln,0
1G594.jpg,1G594,1C594,0
j92uH.jpg,j92uH,j92uH,1
21psM.jpg,21psM,21OsM,0
8jjJb.jpg,8jjJb,8jfob,0
r6WO6.jpg,r6WO6,i6Wqs,0
7841N.jpg,7841N,784eN,0
ri6Cz.jpg,ri6Cz,rl6CZ,0
pgbbb.jpg,pgbbb,PgbW5,0
3RFlH.jpg,3RFlH,3QFLH,0
Cr4Qy.jpg,Cr4Qy,er4OY,0
61175.jpg,61175,61N75,0
yK978.jpg,yK978,AK978,0
61cp6.jpg,61cp6,o1CM8,0
5s5ms.jpg,5s5ms,6eIms,0
i2981.jpg,i2981,p2Y81,0
5Vs4B.jpg,5Vs4B,mvs4B,0
egOd9.jpg,egOd9,egOd7,0
rFWw7.jpg,rFWw7,sFWw7,0
iMFjB.jpg,iMFjB,iMFgB,0
1xN9Y.jpg,1xN9Y,1xM9Y,0
8RmW9.jpg,8RmW9,8R1W9,0
Rb72P.jpg,Rb72P,Rby2P,0
hcAT4.jpg,hcAT4,HGAt4,0
ON6u9.jpg,ON6u9,CH6u9,0
07B6F.jpg,07B6F,Q7B6F,0
cFY46.jpg,cFY46,ckY46,0
gWx3v.jpg,gWx3v,EWx3v,0
0ubjR.jpg,0ubjR,0ubfP,0
2L09x.jpg,2L09x,2109X,0
oGMY2.jpg,oGMY2,oGnY2,0
P3WJ3.jpg,P3WJ3,Z3Wj5,0
876e6.jpg,876e6,87Cu5,0
z5fE5.jpg,z5fE5,z3fG5,0
8lny0.jpg,8lny0,8Iny0,0
QRgTp.jpg,QRgTp,ORg4p,0
0O8LR.jpg,0O8LR,0c81R,0
cVfHe.jpg,cVfHe,cV1H0,0
HJ1HO.jpg,HJ1HO,mJ1R0,0
7NPcG.jpg,7NPcG,aNPcG,0
8NcJX.jpg,8NcJX,8NeJX,0
3m1na.jpg,3m1na,3wfna,0
wL4oz.jpg,wL4oz,wL3ez,0
N08M7.jpg,N08M7,KO8M7,0
DHIWw.jpg,DHIWw,0AIWw,0
h10VP.jpg,h10VP,h10VP,1
ZwFx8.jpg,ZwFx8,ZWF18,0
gx527.jpg,gx527,gM527,0
YDv8P.jpg,YDv8P,1Dv8P,0
J950h.jpg,J950h,1P50M,0
Xa50t.jpg,Xa50t,XJ50f,0
3a96S.jpg,3a96S,3a965,0
Ojhyh.jpg,Ojhyh,0tmv7,0
vu0hv.jpg,vu0hv,vu0hS,0
RFlvr.jpg,RFlvr,RFlVr,0
g4PIt.jpg,g4PIt,g4wFt,0
ftoc5.jpg,ftoc5,ftoC5,0
5DaNO.jpg,5DaNO,5PaK0,0
28G24.jpg,28G24,286z4,0
rEKlW.jpg,rEKlW,rEK1W,0
qKjB8.jpg,qKjB8,qkiB8,0
NGzcb.jpg,NGzcb,AGZe5,0
cY5Cb.jpg,cY5Cb,cVJQb,0
7aOsc.jpg,7aOsc,7XOsc,0
C1UmK.jpg,C1UmK,C1UmK,1
48RW0.jpg,48RW0,48RL0,0
6O6K5.jpg,6O6K5,y06H5,0
c08ob.jpg,c08ob,cO8rh,0
M40V0.jpg,M40V0,M4OP9,0
3jA2c.jpg,3jA2c,3jA2C,0
Y0o37.jpg,Y0o37,V0c37,0
XQvSQ.jpg,XQvSQ,XOrSq,0
T346X.jpg,T346X,F346K,0
184yb.jpg,184yb,184yb,1
gk1gq.jpg,gk1gq,gK13q,0
A0IqN.jpg,A0IqN,A0lmN,0
360S3.jpg,360S3,36mST,0
Az4K7.jpg,Az4K7,AsvXt,0
sy5wJ.jpg,sy5wJ,sy5w1,0
oXJ0x.jpg,oXJ0x,oZJOx,0
kuYxp.jpg,kuYxp,l6Nxp,0
Im6TK.jpg,Im6TK,Iw69K,0
yoi73.jpg,yoi73,yoW73,0
7Txw9.jpg,7Txw9,7Txw9,1
P664V.jpg,P664V,PotZV,0
m1D3G.jpg,m1D3G,mID36,0
god8V.jpg,god8V,g6d8V,0
rlB1R.jpg,rlB1R,rjB1K,0
65fgI.jpg,65fgI,65fgj,0
2oR3p.jpg,2oR3p,2oR3p,1
41716.jpg,41716,4T71m,0
X3QKA.jpg,X3QKA,X3CKA,0
8Ai7I.jpg,8Ai7I,8Ab7Y,0
WP6sS.jpg,WP6sS,WP61S,0
uzRJ4.jpg,uzRJ4,vzRJ4,0
usunW.jpg,usunW,JsuhW,0
HF91n.jpg,HF91n,HE91m,0
5rcNI.jpg,5rcNI,5pcMI,0
Ry2jt.jpg,Ry2jt,RX2jt,0
Q51cl.jpg,Q51cl,75Dck,0
7GGc0.jpg,7GGc0,7GSr9,0
UR4y3.jpg,UR4y3,DR4y2,0
227SU.jpg,227SU,zP7SU,0
0h6mp.jpg,0h6mp,0heTp,0
BSudq.jpg,BSudq,B5udg,0
7aj7e.jpg,7aj7e,72iVe,0
syN5l.jpg,syN5l,syAol,0
zr2Dg.jpg,zr2Dg,zr2D6,0
3FUuu.jpg,3FUuu,3FUwa,0
HtpI9.jpg,HtpI9,HZpl9,0
1ZfZ2.jpg,1ZfZ2,1zC82,0
iIh6m.jpg,iIh6m,j2h6m,0
IQ8qM.jpg,IQ8qM,1O8qM,0
S7SJ3.jpg,S7SJ3,o7GV3,0
V8tqi.jpg,V8tqi,V3tgj,0
4HYQj.jpg,4HYQj,3HV0j,0
sMz2F.jpg,sMz2F,QWz2F,0
1yOOv.jpg,1yOOv,lHGOV,0
8z2Sc.jpg,8z2Sc,Rz2Sc,0
XwG5Q.jpg,XwG5Q,XwG5Q,1
48YK5.jpg,48YK5,4nYK5,0
kkC48.jpg,kkC48,kHC48,0
W4RKD.jpg,W4RKD,W4Rfp,0
Jwqal.jpg,Jwqal,JWgAL,0
zCW8y.jpg,zCW8y,zCH8y,0
3q1F9.jpg,3q1F9,3g4E9,0
WPTJ6.jpg,WPTJ6,W2TJ6,0
H1kb0.jpg,H1kb0,H1kw0,0
f5muQ.jpg,f5muQ,f5BuO,0
0eCE9.jpg,0eCE9,moCF9,0
F7ilr.jpg,F7ilr,P7Ghr,0
1gy8x.jpg,1gy8x,1gv8x,0
uv3Mb.jpg,uv3Mb,uv3Mb,1
o3F5R.jpg,o3F5R,o3V5R,0
MzVI7.jpg,MzVI7,MzVL9,0
8d1jC.jpg,8d1jC,8dpfC,0
rZNEt.jpg,rZNEt,rZWEt,0
RZ05d.jpg,RZ05d,KZ05d,0
7oCI3.jpg,7oCI3,7oGY3,0
kJNlp.jpg,kJNlp,kJHLp,0
gM5Oh.jpg,gM5Oh,gH50h,0
g64PS.jpg,g64PS,g6zPS,0
7gRu2.jpg,7gRu2,7gBu2,0
9FBFz.jpg,9FBFz,9kB7z,0
1uNjm.jpg,1uNjm,75Kim,0
2fwTA.jpg,2fwTA,2CwTA,0
9LUZO.jpg,9LUZO,9fUZO,0
v2T8Z.jpg,v2T8Z,w218l,0
38Umq.jpg,38Umq,3BUmq,0
EbyyS.jpg,EbyyS,EbTyS,0
E5epT.jpg,E5epT,E5ew1,0
JMiq1.jpg,JMiq1,pMiq7,0
u1kw7.jpg,u1kw7,u1kw7,1
qkZhF.jpg,qkZhF,qYZnF,0
o6Pfx.jpg,o6Pfx,OGPfX,0
ed6C6.jpg,ed6C6,edG2o,0
rY5BN.jpg,rY5BN,rY28M,0
n3hUe.jpg,n3hUe,n2hUe,0
G16kE.jpg,G16kE,Q1ukF,0
cb7S7.jpg,cb7S7,cH7SP,0
846Wh.jpg,846Wh,845Vh,0
3bGvC.jpg,3bGvC,2DGVC,0
74phF.jpg,74phF,z4pMf,0
y0Aei.jpg,y0Aei,YCAe1,0
w6tk1.jpg,w6tk1,W5cK1,0
a1sPU.jpg,a1sPU,yAxZU,0
av567.jpg,av567,av5G7,0
Xv4ht.jpg,Xv4ht,Xv4nt,0
71sTq.jpg,71sTq,ZisTq,0
3gM6n.jpg,3gM6n,3gx6h,0
b0SFG.jpg,b0SFG,b0SEG,0
wkcmr.jpg,wkcmr,vkcmr,0
Mm06G.jpg,Mm06G,Mx06C,0
fpD49.jpg,fpD49,fpD49,1
k07Jp.jpg,k07Jp,Ky7Jp,0
y2uZv.jpg,y2uZv,y2u5v,0
0QuzA.jpg,0QuzA,JEuzA,0
925mW.jpg,925mW,92snW,0
6eAW3.jpg,6eAW3,teAW3,0
AN0gF.jpg,AN0gF,AV0gF,0
I38oM.jpg,I38oM,I38qM,0
R57F1.jpg,R57F1,R5QF1,0
K24UT.jpg,K24UT,W7dAw,0
29JGM.jpg,29JGM,w9JGM,0
62Tva.jpg,62Tva,521Va,0
BHR1F.jpg,BHR1F,8H2YF,0
Ums1X.jpg,Ums1X,UmSrX,0
XU3P9.jpg,XU3P9,XUzP9,0
O48FF.jpg,O48FF,O48rF,0
x193S.jpg,x193S,x1GFS,0
v3eSb.jpg,v3eSb,v3zSb,0
1Zmkp.jpg,1Zmkp,1ZmkD,0
TmfFQ.jpg,TmfFQ,PmfVO,0
C7x9i.jpg,C7x9i,U7x9I,0
BjZhb.jpg,BjZhb,812Mb,0
Ap1gf.jpg,Ap1gf,Ap2qf,0
9Blu0.jpg,9Blu0,dBfn0,0
M2vk8.jpg,M2vk8,M2qk8,0
3AEs7.jpg,3AEs7,3aEs7,0
7i2YP.jpg,7i2YP,7i2YP,1
h0aj9.jpg,h0aj9,b0wj9,0
6f1cT.jpg,6f1cT,6k1cT,0
rZg99.jpg,rZg99,TZq9O,0
3Wb8N.jpg,3Wb8N,3Vb8K,0
efi4g.jpg,efi4g,efh4g,0
iqHz2.jpg,iqHz2,iqHs2,0
cgT4d.jpg,cgT4d,cqB4d,0
yeIrT.jpg,yeIrT,yokrT,0
31K21.jpg,31K21,3jC21,0
k6s71.jpg,k6s71,Y6s71,0
c2yJn.jpg,c2yJn,c2u5n,0
iq4D6.jpg,iq4D6,iq4D6,1
ecfh6.jpg,ecfh6,zdfh6,0
14yHt.jpg,14yHt,14yHt,1
pTC0S.jpg,pTC0S,pTC0s,0
rZ2y8.jpg,rZ2y8,cZ2V8,0
M7774.jpg,M7774,M2R74,0
Z9EVA.jpg,Z9EVA,Z9FvA,0
ZVup3.jpg,ZVup3,ZVGP3,0
51B1O.jpg,51B1O,5xR10,0
A75Ai.jpg,A75Ai,N75Ai,0
6dEPl.jpg,6dEPl,6dkP1,0
3K255.jpg,3K255,3K295,0
6u5c9.jpg,6u5c9,6uAc9,0
j7yst.jpg,j7yst,j7yst,1
rx4z7.jpg,rx4z7,FU4zj,0
60y11.jpg,60y11,6DyW1,0
7F4F8.jpg,7F4F8,7m4F8,0
n1b5w.jpg,n1b5w,P1bSu,0
g8ZS1.jpg,g8ZS1,a8Z51,0
OqTA3.jpg,OqTA3,0qIA3,0
hIm0M.jpg,hIm0M,him0M,0
8a905.jpg,8a905,8h905,0
VWOfN.jpg,VWOfN,VM9e7,0
lzTi1.jpg,lzTi1,hzTjV,0
075W6.jpg,075W6,0Y5Ec,0
wh62j.jpg,wh62j,wh62j,1
k2fGK.jpg,k2fGK,k21GK,0
1e83h.jpg,1e83h,1r03h,0
6Zo43.jpg,6Zo43,6ZoM3,0
PKDy9.jpg,PKDy9,PMDTv,0
Nis0d.jpg,Nis0d,MISOd,0
tUjh7.jpg,tUjh7,tGjh7,0
vTJ1s.jpg,vTJ1s,vTJHs,0
434US.jpg,434US,43zMS,0
3obT0.jpg,3obT0,3oh1U,0
9Pw06.jpg,9Pw06,9Em06,0
22501.jpg,22501,ME50i,0
cyIqs.jpg,cyIqs,cYIq8,0
vCk0L.jpg,vCk0L,VCK01,0
6P8p9.jpg,6P8p9,6T8m9,0
TUOV5.jpg,TUOV5,1UOV5,0
yf92k.jpg,yf92k,yf02K,0
86b3e.jpg,86b3e,H6b7c,0
1Jlk4.jpg,1Jlk4,TJnk4,0
lh3DU.jpg,lh3DU,lhNDU,0
474k0.jpg,474k0,z7sk0,0
EBgqj.jpg,EBgqj,FBgwl,0
30Cv2.jpg,30Cv2,30Cv2,1
1hz4u.jpg,1hz4u,Ihz4u,0
vHJ88.jpg,vHJ88,vHJ65,0
50hB1.jpg,50hB1,5ChB1,0
dRooE.jpg,dRooE,jRd0E,0
H9F67.jpg,H9F67,HsF67,0
yKyX8.jpg,yKyX8,vNyX8,0
sEnj6.jpg,sEnj6,sEnI4,0
nay6K.jpg,nay6K,nay6K,1
VOS68.jpg,VOS68,VQM63,0
243t4.jpg,243t4,2K3t4,0
lB18E.jpg,lB18E,lR48F,0
Td102.jpg,Td102,Tah02,0
9Ro75.jpg,9Ro75,9Re75,0
W3iP0.jpg,W3iP0,W3iP0,1
VH3M5.jpg,VH3M5,VH3MZ,0
xe0fR.jpg,xe0fR,xe9fR,0
mnl9Q.jpg,mnl9Q,mzl9O,0
y96FA.jpg,y96FA,v96F2,0
fqurg.jpg,fqurg,fqWr9,0
QEQUC.jpg,QEQUC,eEqHC,0
761ln.jpg,761ln,Z6JLn,0
MuYQ2.jpg,MuYQ2,HuY02,0
KjUTW.jpg,KjUTW,Kj0TW,0
XoGuL.jpg,XoGuL,XeGuI,0
sEiM4.jpg,sEiM4,5EiM4,0
6tV78.jpg,6tV78,6AV78,0
rLkn3.jpg,rLkn3,OIkn3,0
CtUrQ.jpg,CtUrQ,6IHrQ,0
BG8Ls.jpg,BG8Ls,DG82s,0
77R6D.jpg,77R6D,Y7R6D,0
rgdeD.jpg,rgdeD,rgdeD,1
IXJOk.jpg,IXJOk,fMJ0k,0
rog3E.jpg,rog3E,r0g3L,0
ox4C3.jpg,ox4C3,ox4C3,1
7C7tE.jpg,7C7tE,JQ7tE,0
Rut0D.jpg,Rut0D,Ru1oD,0
BKn1z.jpg,BKn1z,BWn1z,0
0BFu8.jpg,0BFu8,0Rfu8,0
SnVBW.jpg,SnVBW,SrV2W,0
LUkTd.jpg,LUkTd,lUKTD,0
a2MjD.jpg,a2MjD,a2XjD,0
WLcb4.jpg,WLcb4,WLcb4,1
h719b.jpg,h719b,h7i96,0
53j2X.jpg,53j2X,53I2X,0
7t4lm.jpg,7t4lm,7t4km,0
l0UCP.jpg,l0UCP,IXUCP,0
rh79w.jpg,rh79w,rh79w,1
ACe74.jpg,ACe74,ACe74,1
gui04.jpg,gui04,gNi04,0
zd0Ip.jpg,zd0Ip,zg0Ip,0
7AS70.jpg,7AS70,zAsY0,0
22UFs.jpg,22UFs,2AUEs,0
8QAk6.jpg,8QAk6,30Ak5,0
Jf1YB.jpg,Jf1YB,JfTYB,0
63IS5.jpg,63IS5,631S5,0
q8COK.jpg,q8COK,q8C0H,0
Ff8Hl.jpg,Ff8Hl,FJ8Hl,0
FuWwm.jpg,FuWwm,FJYwm,0
tjH15.jpg,tjH15,tjn15,0
0y3e2.jpg,0y3e2,0yFe2,0
nti5E.jpg,nti5E,aLj5E,0
ba5BT.jpg,ba5BT,ba5B7,0
sM4ks.jpg,sM4ks,3M4kG,0
7p1NR.jpg,7p1NR,zptNR,0
OwRpk.jpg,OwRpk,OVRpl,0
GQ27q.jpg,GQ27q,GQ27a,0
GY3y5.jpg,GY3y5,GX3y5,0
Rbr4Q.jpg,Rbr4Q,Rbr4Q,1
dKn8O.jpg,dKn8O,dYn8Q,0
0l1yv.jpg,0l1yv,0l1yv,1
0Mn0L.jpg,0Mn0L,dMn0f,0
F9RvO.jpg,F9RvO,F9Hof,0
5LYzm.jpg,5LYzm,5CV2R,0
z7w1c.jpg,z7w1c,z7WIC,0
J8H5X.jpg,J8H5X,18H5X,0
ufRZk.jpg,ufRZk,ufKZk,0
QTd61.jpg,QTd61,fWd61,0
WFsOo.jpg,WFsOo,VEsOo,0
pPmoP.jpg,pPmoP,jBmo7,0
6J5aX.jpg,6J5aX,6JFaX,0
F1808.jpg,F1808,E1R06,0
41k8l.jpg,41k8l,41K8t,0
dGTks.jpg,dGTks,dQYks,0
e9mG4.jpg,e9mG4,e9mG7,0
PpJI7.jpg,PpJI7,PoVl7,0
28KFA.jpg,28KFA,28KEA,0
0aTCp.jpg,0aTCp,0aTwp,0
S7Qh8.jpg,S7Qh8,S7Oh8,0
bzYJm.jpg,bzYJm,bZYJm,0
fW4RU.jpg,fW4RU,fW4RD,0
7323H.jpg,7323H,yS2sH,0
3f57E.jpg,3f57E,3f5qE,0
kE69q.jpg,kE69q,KE69q,0
3I1gK.jpg,3I1gK,3W1gK,0
4g6RA.jpg,4g6RA,4g6Pv,0
SC63X.jpg,SC63X,5C63X,0
5W0Lv.jpg,5W0Lv,5H0Lv,0
2270e.jpg,2270e,2x7De,0
u3D0S.jpg,u3D0S,r3D0J,0
tBp1e.jpg,tBp1e,tBp4e,0
vx2Yc.jpg,vx2Yc,vx2Tc,0
3MM08.jpg,3MM08,3FM08,0
u3dFC.jpg,u3dFC,p3dFC,0
qy86M.jpg,qy86M,qy86A,0
p5FBE.jpg,p5FBE,Q5FBT,0
D9oDI.jpg,D9oDI,W9oD1,0
DSn6e.jpg,DSn6e,DAn6d,0
P2H95.jpg,P2H95,P2H95,1
N4802.jpg,N4802,H4802,0
IrXYY.jpg,IrXYY,lpZVY,0
bbklr.jpg,bbklr,9bklr,0
thU02.jpg,thU02,tAU02,0
63gkj.jpg,63gkj,63gkj,1
7tqI7.jpg,7tqI7,3toIU,0
3v47w.jpg,3v47w,3G4rw,0
77Y2p.jpg,77Y2p,I1V2m,0
B3Da4.jpg,B3Da4,y3Da4,0
H7z3Y.jpg,H7z3Y,HPz3Y,0
b9Hie.jpg,b9Hie,b9Fic,0
4bEg7.jpg,4bEg7,4bEg7,1
HF50q.jpg,HF50q,HTj0q,0
dK566.jpg,dK566,dK5Cp,0
x3zlX.jpg,x3zlX,y3zlX,0
2LUje.jpg,2LUje,2LUJe,0
s98L8.jpg,s98L8,s9RL8,0
34Fo0.jpg,34Fo0,34Fg0,0
E2nY9.jpg,E2nY9,E2mY9,0
dUVUW.jpg,dUVUW,dH1bW,0
i5uVg.jpg,i5uVg,r5uVg,0
32K64.jpg,32K64,i2K64,0
6aJAq.jpg,6aJAq,6aJAV,0
TE78V.jpg,TE78V,TM79v,0
2DQ98.jpg,2DQ98,2DQ96,0
5N3UH.jpg,5N3UH,5N3UR,0
7M00S.jpg,7M00S,1H6Q5,0
NP0jo.jpg,NP0jo,MPGJe,0
0WtXI.jpg,0WtXI,0MtXj,0
KI9di.jpg,KI9di,KI9dr,0
Eb76k.jpg,Eb76k,rb76k,0
0RnJW.jpg,0RnJW,0RmJY,0
5kgFn.jpg,5kgFn,5kgFm,0
9jZv5.jpg,9jZv5,9j7n5,0
grE00.jpg,grE00,gxEm6,0
7YqUG.jpg,7YqUG,7YqUG,1
NHiqu.jpg,NHiqu,NBCqu,0
66h4V.jpg,66h4V,G5h4V,0
L4r8E.jpg,L4r8E,L4q8E,0
56p5G.jpg,56p5G,s815G,0
11zl3.jpg,11zl3,J1wl3,0
3iDSR.jpg,3iDSR,3ID5H,0
D25Zb.jpg,D25Zb,D25Xb,0
ml8kg.jpg,ml8kg,m48kg,0
Ba7oQ.jpg,Ba7oQ,Ba7oQ,1
Srm0J.jpg,Srm0J,5rm0J,0
KUn93.jpg,KUn93,KUm93,0
491o9.jpg,491o9,iAEd9,0
UX4sQ.jpg,UX4sQ,HX4SO,0
15QoQ.jpg,15QoQ,15XpQ,0
DrdG3.jpg,DrdG3,DF462,0
7hv3F.jpg,7hv3F,7hv3F,1
5WUrG.jpg,5WUrG,5MUrC,0
4DcTG.jpg,4DcTG,4DrOG,0
QT34f.jpg,QT34f,QT34f,1
l4u3S.jpg,l4u3S,l9u3S,0
Mqr3I.jpg,Mqr3I,Kgr3I,0
9c6a9.jpg,9c6a9,9c6k3,0
Gw3aw.jpg,Gw3aw,Gw9Yn,0
7SxOV.jpg,7SxOV,7SxOV,1
ag59u.jpg,ag59u,ap59x,0
ibKk1.jpg,ibKk1,l0K71,0
9K9te.jpg,9K9te,JH0te,0
b3AR1.jpg,b3AR1,b3AR1,1
uZ9O6.jpg,uZ9O6,uZ5O1,0
220NO.jpg,220NO,Z19FD,0
qHSKX.jpg,qHSKX,aA9KX,0
0TQT5.jpg,0TQT5,0xAj5,0
51Y0K.jpg,51Y0K,5lYwK,0
P0bvh.jpg,P0bvh,P0pVh,0
Bo0FJ.jpg,Bo0FJ,BzHFJ,0
5gQ89.jpg,5gQ89,5rQ8Y,0
WI5S8.jpg,WI5S8,WlbS8,0
1Qy7e.jpg,1Qy7e,1ky7e,0
8mT93.jpg,8mT93,6mTO3,0
NgO75.jpg,NgO75,Ng075,0
n5bI6.jpg,n5bI6,n5bIG,0
8yG9Z.jpg,8yG9Z,8yG97,0
Abd40.jpg,Abd40,Abd40,1
8gjZf.jpg,8gjZf,3gjZf,0
un3a7.jpg,un3a7,wnYJ7,0
lWd22.jpg,lWd22,IVd27,0
eG3wz.jpg,eG3wz,eGSNz,0
4MxB0.jpg,4MxB0,4MxEU,0
b8yxx.jpg,b8yxx,b8yxZ,0
LnRGk.jpg,LnRGk,jaPGk,0
Xqcp2.jpg,Xqcp2,XqCp2,0
V5Mtn.jpg,V5Mtn,V5Mtn,1
Z88gB.jpg,Z88gB,ZS6nb,0
1Z16e.jpg,1Z16e,jZM6e,0
1GWUl.jpg,1GWUl,16WUk,0
xqVkV.jpg,xqVkV,xoWAJ,0
MG5wZ.jpg,MG5wZ,M65vZ,0
s3OsS.jpg,s3OsS,s1CzS,0
7xYk6.jpg,7xYk6,7xYk6,1
EbLv3.jpg,EbLv3,EbYv3,0
Q68mb.jpg,Q68mb,C58mb,0
A30V6.jpg,A30V6,kxdV6,0
j7kyi.jpg,j7kyi,j7Kye,0
65d2v.jpg,65d2v,65A2V,0
58y29.jpg,58y29,58yZG,0
0Sm2Q.jpg,0Sm2Q,vSX8O,0
938Ub.jpg,938Ub,c78Ub,0
8a2bp.jpg,8a2bp,8a1bF,0
Uq1Ak.jpg,Uq1Ak,UqTAk,0
5DJ0I.jpg,5DJ0I,5NJ0l,0
Wgkt9.jpg,Wgkt9,hekt9,0
5S9W0.jpg,5S9W0,5SNWo,0
312rK.jpg,312rK,5EZfK,0
6j58G.jpg,6j58G,1AW8G,0
9p50F.jpg,9p50F,9p5MF,0
QV5CF.jpg,QV5CF,QV5CE,0
kf4EZ.jpg,kf4EZ,kv4EZ,0
m8HI5.jpg,m8HI5,m8H15,0
ya273.jpg,ya273,yu27P,0
u0o0b.jpg,u0o0b,uDK0b,0
DYLIn.jpg,DYLIn,DWL1n,0
8mFPI.jpg,8mFPI,8mF2j,0
AfAam.jpg,AfAam,AfXGm,0
hSeF1.jpg,hSeF1,bSeEJ,0
63ltT.jpg,63ltT,53ht7,0
lYzMm.jpg,lYzMm,IYzMm,0
g4k30.jpg,g4k30,g4kI0,0
rtiWd.jpg,rtiWd,zfjWd,0
5ykyV.jpg,5ykyV,5vAyY,0
eeLU6.jpg,eeLU6,neLU3,0
9msRK.jpg,9msRK,9msPK,0
Vf6k4.jpg,Vf6k4,Vr6K4,0
Foz0j.jpg,Foz0j,EeZUJ,0
kDUm1.jpg,kDUm1,kDUm1,1
63Iim.jpg,63Iim,65IMm,0
9u8UV.jpg,9u8UV,9G8UY,0
43jgv.jpg,43jgv,z3lgv,0
rd1Vt.jpg,rd1Vt,r01Vt,0
Iuc6b.jpg,Iuc6b,Iur1k,0
78pqR.jpg,78pqR,7LpqR,0
Fms6Q.jpg,Fms6Q,1m56Q,0
npQ5c.jpg,npQ5c,1PQ5c,0
jIc7T.jpg,jIc7T,jhQ7T,0
dS63x.jpg,dS63x,dS6Fx,0
2rB8g.jpg,2rB8g,2rBSb,0
4848W.jpg,4848W,4zq8V,0
f3vek.jpg,f3vek,f3vak,0
7L9ST.jpg,7L9ST,7i95T,0
k2E44.jpg,k2E44,M2E4d,0
F62rn.jpg,F62rn,H62rn,0
eb3Yj.jpg,eb3Yj,eb3Vj,0
D9IdO.jpg,D9IdO,D91dO,0
349mY.jpg,349mY,349mV,0
w8lzh.jpg,w8lzh,X8fch,0
pH2Uh.jpg,pH2Uh,rH2Vh,0
8od1w.jpg,8od1w,3od1M,0
1cJS8.jpg,1cJS8,1cJSR,0
5rGat.jpg,5rGat,5rGA1,0
U8xw3.jpg,U8xw3,U8xw7,0
8JYPd.jpg,8JYPd,8JYwd,0
8X7U5.jpg,8X7U5,8K7U5,0
PA927.jpg,PA927,PA9e7,0
oqLR0.jpg,oqLR0,bqLR0,0
f1gfI.jpg,f1gfI,Pzgfh,0
VKwrL.jpg,VKwrL,VK5rL,0
9Ojps.jpg,9Ojps,9Njps,0
fk2u3.jpg,fk2u3,FK2u3,0
m7tkw.jpg,m7tkw,m7tkw,1
3afT1.jpg,3afT1,XafTj,0
keg7B.jpg,keg7B,keu7B,0
QMd0Y.jpg,QMd0Y,QMdFY,0
14jJ4.jpg,14jJ4,ihjJ4,0
zAb97.jpg,zAb97,zAv9h,0
r615P.jpg,r615P,rG15P,0
xkT0g.jpg,xkT0g,xkfUg,0
NUuyU.jpg,NUuyU,YUufl,0
IIl52.jpg,IIl52,TXl52,0
9lXQ2.jpg,9lXQ2,9IX62,0
0kGF5.jpg,0kGF5,0kGr5,0
81fe9.jpg,81fe9,8Tfn9,0
8Vu60.jpg,8Vu60,AMu60,0
7Dvh0.jpg,7Dvh0,7Dvh0,1
vsngn.jpg,vsngn,v7wgn,0
4XBx7.jpg,4XBx7,4MBx7,0
qnQAo.jpg,qnQAo,qnQAo,1
Uj0mD.jpg,Uj0mD,U10mD,0
Kvz9G.jpg,Kvz9G,HVz96,0
mz2ec.jpg,mz2ec,Wz2ac,0
7FYb9.jpg,7FYb9,AFYb9,0
pXF66.jpg,pXF66,pXFQ6,0
kwIhE.jpg,kwIhE,lZXTE,0
Duelk.jpg,Duelk,Byelw,0
4av60.jpg,4av60,4zv60,0
q1Wf1.jpg,q1Wf1,q7WCJ,0
hg5yk.jpg,hg5yk,mq57k,0
qY9gN.jpg,qY9gN,qY9Kh,0
F3V2H.jpg,F3V2H,FOV2H,0
mqDow.jpg,mqDow,m4Dow,0
9jp70.jpg,9jp70,9jW70,0
fU1Ma.jpg,fU1Ma,FUjMo,0
OpdC8.jpg,OpdC8,OPdX8,0
8sCFw.jpg,8sCFw,8sCFW,0
Ud90H.jpg,Ud90H,Uo9Yh,0
2duWK.jpg,2duWK,2CuWK,0
ELx2Z.jpg,ELx2Z,OLx2z,0
qnZpZ.jpg,qnZpZ,qnLD2,0
Vb2cI.jpg,Vb2cI,Vb2cI,1
RJRi4.jpg,RJRi4,RJhi4,0
rEQj7.jpg,rEQj7,rEOyZ,0
mHld1.jpg,mHld1,mHld1,1
9H4U7.jpg,9H4U7,9H4C7,0
adCvT.jpg,adCvT,adCvT,1
z1Ep3.jpg,z1Ep3,zIDr3,0
gJ1N6.jpg,gJ1N6,gD1N6,0
XB34V.jpg,XB34V,XB34V,1
INBAM.jpg,INBAM,1NBAM,0
73scK.jpg,73scK,74scX,0
ti0Eg.jpg,ti0Eg,ti0Eg,1
oc9lK.jpg,oc9lK,or9lK,0
Ydro7.jpg,Ydro7,Wdrol,0
R0gy0.jpg,R0gy0,RCgh0,0
9wQQa.jpg,9wQQa,ykQDa,0
Q71X4.jpg,Q71X4,07tK4,0
5DRlX.jpg,5DRlX,50RLX,0
udeUl.jpg,udeUl,mdeUf,0
dpjID.jpg,dpjID,gpjID,0
X8sj9.jpg,X8sj9,1eFW9,0
fDD8l.jpg,fDD8l,fOW8L,0
50KEv.jpg,50KEv,50AEV,0
u2aH2.jpg,u2aH2,uzaHs,0
674lG.jpg,674lG,574IG,0
RH3N1.jpg,RH3N1,DX35z,0
o58LM.jpg,o58LM,o58LM,1
As0IW.jpg,As0IW,As0IW,1
X83gl.jpg,X83gl,X83ql,0
8NBw2.jpg,8NBw2,8NJw2,0
34YNQ.jpg,34YNQ,34YbQ,0
4Qi1c.jpg,4Qi1c,4QF1c,0
rC0Ru.jpg,rC0Ru,jC0Ru,0
45HB8.jpg,45HB8,45HE8,0
66p25.jpg,66p25,6ep2M,0
1Rvtv.jpg,1Rvtv,MRwtv,0
A41pI.jpg,A41pI,A51n9,0
N3wmq.jpg,N3wmq,M3umq,0
u003N.jpg,u003N,uA03N,0
81651.jpg,81651,8TGZ1,0
bjNb8.jpg,bjNb8,qiHb3,0
F7zb0.jpg,F7zb0,E7zh0,0
3uwCS.jpg,3uwCS,3uWCS,0
Uej43.jpg,Uej43,UCI43,0
RKA5p.jpg,RKA5p,wKe5p,0
08i6A.jpg,08i6A,08IG4,0
ZTe7e.jpg,ZTe7e,ZTcrA,0
m9TgQ.jpg,m9TgQ,H9IqC,0
X88tQ.jpg,X88tQ,XSAtO,0
Nktuv.jpg,Nktuv,N3tuv,0
s2a7v.jpg,s2a7v,sha7v,0
fMm10.jpg,fMm10,fKm10,0
5MlfD.jpg,5MlfD,5HLfD,0
y0LcR.jpg,y0LcR,Y01cH,0
vX3S6.jpg,vX3S6,rX3SG,0
wuf5L.jpg,wuf5L,wuf5Y,0
fRTsY.jpg,fRTsY,mRT5Y,0
Wc38S.jpg,Wc38S,Wa3yS,0
6na5O.jpg,6na5O,6He5O,0
Ork0X.jpg,Ork0X,DFk6X,0
B5hFJ.jpg,B5hFJ,e5ADJ,0
WdC27.jpg,WdC27,WdQ27,0
9L3Bj.jpg,9L3Bj,9LABe,0
KZbJN.jpg,KZbJN,K2b1N,0
nM2e9.jpg,nM2e9,nMz69,0
MNmQ1.jpg,MNmQ1,DNuQl,0
SWj9x.jpg,SWj9x,SWr0x,0
HPF21.jpg,HPF21,Hpc2T,0
RQITs.jpg,RQITs,RGlTs,0
gZBs4.jpg,gZBs4,g7Bs4,0
1Ja82.jpg,1Ja82,fJa82,0
Dyz9d.jpg,Dyz9d,DvZ9d,0
5WVl5.jpg,5WVl5,sWvf6,0
g8lBt.jpg,g8lBt,q8wRt,0
Vic76.jpg,Vic76,Vlg76,0
409mu.jpg,409mu,40Smu,0
N8csF.jpg,N8csF,N8c5j,0
CX25j.jpg,CX25j,CK25I,0
JVxC2.jpg,JVxC2,JUXC2,0
R818R.jpg,R818R,Xd18F,0
74oRZ.jpg,74oRZ,74oRG,0
hEAd9.jpg,hEAd9,hFAd9,0
2CYm7.jpg,2CYm7,2dYm7,0
FDSlN.jpg,FDSlN,FDS4N,0
wRhzO.jpg,wRhzO,wBbz0,0
vbNd9.jpg,vbNd9,VbKd9,0
GDzHJ.jpg,GDzHJ,6DzH1,0
3hJZz.jpg,3hJZz,3by2z,0
EDYf0.jpg,EDYf0,EDYro,0
o5cC0.jpg,o5cC0,D5cr0,0
Enwtm.jpg,Enwtm,Eavtm,0
JPLw9.jpg,JPLw9,JPCW9,0
Xdk9V.jpg,Xdk9V,Xd29V,0
q2784.jpg,q2784,q2k84,0
RoCro.jpg,RoCro,RoUje,0
cQyJ7.jpg,cQyJ7,cOyJ7,0
VP7AR.jpg,VP7AR,VP7AK,0
t3Nq2.jpg,t3Nq2,L3Hg2,0
K1rdR.jpg,K1rdR,K1vdP,0
4cGZv.jpg,4cGZv,4cGZV,0
Pgf46.jpg,Pgf46,Pgf46,1
96Q17.jpg,96Q17,96nl7,0
xVkJj.jpg,xVkJj,zVkdj,0
50uzg.jpg,50uzg,50ukg,0
ZH9lb.jpg,ZH9lb,2A8fb,0
t8JIO.jpg,t8JIO,t8JY0,0
XlZr5.jpg,XlZr5,XLZr5,0
61UON.jpg,61UON,61UON,1
9e838.jpg,9e838,9Fb18,0
0pE4B.jpg,0pE4B,2pG4B,0
1W2V3.jpg,1W2V3,1W2V3,1
qGXso.jpg,qGXso,qGXFo,0
Rsa8a.jpg,Rsa8a,Rs16a,0
49u7t.jpg,49u7t,49m7E,0
6Pb9y.jpg,6Pb9y,6Pb9x,0
FW0RQ.jpg,FW0RQ,fW0RM,0
fVa5X.jpg,fVa5X,fVa4X,0
v1lzv.jpg,v1lzv,o7lFv,0
m96GW.jpg,m96GW,m96GW,1
9k1nU.jpg,9k1nU,9KTmU,0
1czn9.jpg,1czn9,1Czh9,0
63som.jpg,63som,C32om,0
r1Z3A.jpg,r1Z3A,rjZ3A,0
D1Cui.jpg,D1Cui,DTCMu,0
x7L9z.jpg,x7L9z,X7C9z,0
4m5ih.jpg,4m5ih,Jm5ih,0
h4kco.jpg,h4kco,h4kco,1
s9gWs.jpg,s9gWs,S9qWk,0
ZN6Zv.jpg,ZN6Zv,LN6zv,0
G0s3W.jpg,G0s3W,60r3H,0
Ks910.jpg,Ks910,Ks910,1
4QYty.jpg,4QYty,4OYtv,0
g7c40.jpg,g7c40,y7c40,0
wDX1Z.jpg,wDX1Z,wDX1C,0
rIiXQ.jpg,rIiXQ,rIVXO,0
FwwX1.jpg,FwwX1,FweX1,0
NaMSU.jpg,NaMSU,NaM5U,0
91q2s.jpg,91q2s,91u2s,0
62045.jpg,62045,62045,1
2OCk7.jpg,2OCk7,2vGk7,0
Hjkyt.jpg,Hjkyt,Hjkyt,1
RL321.jpg,RL321,RL52v,0
N86P7.jpg,N86P7,Nz6P7,0
7hb8n.jpg,7hb8n,7hL8H,0
ok85G.jpg,ok85G,eK85C,0
r5x45.jpg,r5x45,cTk40,0
OXrAO.jpg,OXrAO,DXrAO,0
iOxYc.jpg,iOxYc,FDKVc,0
Q1B09.jpg,Q1B09,qLB09,0
vX8tx.jpg,vX8tx,vX8fx,0
5CIm4.jpg,5CIm4,5CIm4,1
6765z.jpg,6765z,e7C5z,0
YsjT3.jpg,YsjT3,YsbT3,0
3Xy2W.jpg,3Xy2W,3KO2W,0
Mn3cU.jpg,Mn3cU,kn3cU,0
a2rKs.jpg,a2rKs,a2rHs,0
vh57V.jpg,vh57V,xI5ZV,0
5cW1U.jpg,5cW1U,52W1U,0
X492l.jpg,X492l,X492L,0
BikUY.jpg,BikUY,AikUY,0
OtD0v.jpg,OtD0v,OtDdv,0
T9IjI.jpg,T9IjI,T9Mjr,0
8HQ10.jpg,8HQ10,8HQ10,1
BkVBs.jpg,BkVBs,EKVPs,0
rrKF8.jpg,rrKF8,rwKF8,0
Zx4Z1.jpg,Zx4Z1,Zx4z1,0
cW1wG.jpg,cW1wG,iWkcG,0
vMMe2.jpg,vMMe2,vXNe3,0
5Y1qn.jpg,5Y1qn,5V1qm,0
x2hVw.jpg,x2hVw,x2hVu,0
STFpJ.jpg,STFpJ,GTEpJ,0
1N6J0.jpg,1N6J0,4H5J0,0
3N27G.jpg,3N27G,3N27G,1
08U01.jpg,08U01,p8UO1,0
z655E.jpg,z655E,709JE,0
0ee05.jpg,0ee05,9ewP5,0
eE36f.jpg,eE36f,eE36f,1
r0p97.jpg,r0p97,r0ps7,0
81Zaa.jpg,81Zaa,61ZOa,0
ARhkF.jpg,ARhkF,4RhkF,0
0x16E.jpg,0x16E,0K16E,0
l62vR.jpg,l62vR,l62wR,0
aI19C.jpg,aI19C,aFiRC,0
78YmB.jpg,78YmB,j8YwB,0
LkbXy.jpg,LkbXy,CK5Xv,0
7g3Re.jpg,7g3Re,7g3Bc,0
64d7R.jpg,64d7R,y4d7R,0
8902a.jpg,8902a,k902a,0
41xCe.jpg,41xCe,41KCe,0
ht1MB.jpg,ht1MB,hr1MB,0
Szd29.jpg,Szd29,SzN29,0
a20Ss.jpg,a20Ss,a20Ss,1
82xDU.jpg,82xDU,82xPQ,0
KKleT.jpg,KKleT,RMfeT,0
07OEa.jpg,07OEa,97OEa,0
fEgw5.jpg,fEgw5,IEgw5,0
jN4Xf.jpg,jN4Xf,jN4XC,0
Ubx2R.jpg,Ubx2R,Ubs2R,0
EMg6i.jpg,EMg6i,Ekg6P,0
ipfD3.jpg,ipfD3,4pYO3,0
ad4M6.jpg,ad4M6,ad4M6,1
4u0aq.jpg,4u0aq,4ufAo,0
4xyxv.jpg,4xyxv,4rHxv,0
rASXB.jpg,rASXB,fvSND,0
EnkjZ.jpg,EnkjZ,EaKIZ,0
G2Bh8.jpg,G2Bh8,C2Ph8,0
85sv3.jpg,85sv3,85kv3,0
L94Il.jpg,L94Il,m94Tt,0
q916Q.jpg,q916Q,H9lSQ,0
nE460.jpg,nE460,nE4x0,0
6NMM8.jpg,6NMM8,CNmM8,0
LDowV.jpg,LDowV,tNowV,0
IcBdI.jpg,IcBdI,Te3dy,0
T6CN1.jpg,T6CN1,F6CH1,0
0hn3l.jpg,0hn3l,0hn5i,0
MtiIa.jpg,MtiIa,MtZJa,0
ts62q.jpg,ts62q,ts62q,1
diKs5.jpg,diKs5,d1Ks5,0
8JWjr.jpg,8JWjr,8JWfr,0
4Me82.jpg,4Me82,4Hv82,0
CBJ0d.jpg,CBJ0d,CB10d,0
tFH15.jpg,tFH15,ZFH15,0
dNlWS.jpg,dNlWS,aNlyS,0
Sc2jc.jpg,Sc2jc,9z2js,0
W74wd.jpg,W74wd,W74wd,1
fjXDk.jpg,fjXDk,fjXDk,1
390Mx.jpg,390Mx,T90Mx,0
1ouhw.jpg,1ouhw,7ouhw,0
43yd2.jpg,43yd2,43td2,0
3YS51.jpg,3YS51,3NE5r,0
o4Gkv.jpg,o4Gkv,n46kv,0
62W3E.jpg,62W3E,m2W3E,0
GMap6.jpg,GMap6,CMap6,0
jH2gt.jpg,jH2gt,JH2gr,0
qv3zB.jpg,qv3zB,av2zB,0
jouo5.jpg,jouo5,jqKb5,0
3A1Os.jpg,3A1Os,3A1Og,0
d40of.jpg,d40of,dM0of,0
61wya.jpg,61wya,6lwya,0
0xDtl.jpg,0xDtl,0xDVl,0
nSA8b.jpg,nSA8b,nS4PI,0
0D65J.jpg,0D65J,0D6X1,0
t7y4k.jpg,t7y4k,O7y4k,0
4s406.jpg,4s406,4RAU6,0
KwGPl.jpg,KwGPl,Kv6PI,0
171Xn.jpg,171Xn,d73Xm,0
t97c0.jpg,t97c0,k97cd,0
xN9Mu.jpg,xN9Mu,xN9Eu,0
155b7.jpg,155b7,15Kb7,0
oJ7YI.jpg,oJ7YI,6h7Y1,0
24g19.jpg,24g19,Q4g15,0
nrl5B.jpg,nrl5B,nrI9B,0
DH4n5.jpg,DH4n5,DH4y5,0
JrCQG.jpg,JrCQG,JrCe6,0
uTM16.jpg,uTM16,uFMY6,0
cWj41.jpg,cWj41,0Hf41,0
Hvp13.jpg,Hvp13,Hvp13,1
r9nks.jpg,r9nks,p9mks,0
5ZjYY.jpg,5ZjYY,5ZQTw,0
l7s7R.jpg,l7s7R,IVeFR,0
fe51f.jpg,fe51f,le31F,0
G9cOV.jpg,G9cOV,E9CmV,0
SOhWo.jpg,SOhWo,SChWo,0
G7339.jpg,G7339,67J39,0
Kij1M.jpg,Kij1M,KtjTM,0
11G8N.jpg,11G8N,Y7C8A,0
aau2U.jpg,aau2U,asy2U,0
zHw5C.jpg,zHw5C,zHw5C,1
lihLG.jpg,lihLG,F1hLG,0
k8Wwy.jpg,k8Wwy,k8Cwy,0
x9kf2.jpg,x9kf2,x9kF2,0
lua5C.jpg,lua5C,jua5Z,0
A36LJ.jpg,A36LJ,A36tj,0
e0P3E.jpg,e0P3E,c0P1E,0
7kW1A.jpg,7kW1A,SrW13,0
4EQO8.jpg,4EQO8,4E9O8,0
UhTM5.jpg,UhTM5,ehTM5,0
q3QPK.jpg,q3QPK,q1OPK,0
iPzTl.jpg,iPzTl,jSzTl,0
6592V.jpg,6592V,4592V,0
FA5X1.jpg,FA5X1,CA5X1,0
mgT03.jpg,mgT03,mg703,0
t0995.jpg,t0995,l0PA5,0
1Gdtc.jpg,1Gdtc,1Gdkn,0
JgZXt.jpg,JgZXt,JgZXt,1
CLJ1G.jpg,CLJ1G,cLJ1G,0
Lfb0e.jpg,Lfb0e,Lfb0e,1
w6wZx.jpg,w6wZx,M6mZx,0
i8V5i.jpg,i8V5i,78V5L,0
6Ns32.jpg,6Ns32,GNsy2,0
dunIy.jpg,dunIy,DuNfY,0
l0SC5.jpg,l0SC5,X0SC5,0
oMULR.jpg,oMULR,oMU1R,0
yS3yQ.jpg,yS3yQ,YS3vH,0
2v2mr.jpg,2v2mr,2v3mC,0
R99G8.jpg,R99G8,PYSC8,0
u7B8X.jpg,u7B8X,m1B8X,0
3YHwP.jpg,3YHwP,3YHwp,0
f6YYD.jpg,f6YYD,f6YWD,0
1P9K9.jpg,1P9K9,1PuK9,0
zf5uj.jpg,zf5uj,Zf5uj,0
Pl02U.jpg,Pl02U,PiQ2U,0
6NVyi.jpg,6NVyi,5NVyf,0
6B0ww.jpg,6B0ww,6L0xw,0
VV4LT.jpg,VV4LT,pYALT,0
2LTyQ.jpg,2LTyQ,2uFxQ,0
lLbx3.jpg,lLbx3,1LUZ3,0
76W7N.jpg,76W7N,76WzN,0
LSkIm.jpg,LSkIm,C5Kja,0
DpCyU.jpg,DpCyU,DpCyH,0
wwRgk.jpg,wwRgk,U7Rgk,0
kT072.jpg,kT072,kYQ72,0
AmtBe.jpg,AmtBe,AmtSe,0
D538m.jpg,D538m,D53Hm,0
wR1u2.jpg,wR1u2,wR1u2,1
U1x6E.jpg,U1x6E,U1X6E,0
vKrzv.jpg,vKrzv,DKrzv,0
60FGF.jpg,60FGF,40ZGf,0
Ej9FR.jpg,Ej9FR,ei7FR,0
nhO26.jpg,nhO26,mb026,0
aK94J.jpg,aK94J,eE94J,0
L8pc3.jpg,L8pc3,I8pA3,0
D61i7.jpg,D61i7,u61i7,0
s3W70.jpg,s3W70,s3M70,0
fi3f5.jpg,fi3f5,Pi3w5,0
m6B01.jpg,m6B01,m6B01,1
5f4YK.jpg,5f4YK,5f4YK,1
Ltb6e.jpg,Ltb6e,LrH6e,0
nu7y0.jpg,nu7y0,huFy0,0
92zDp.jpg,92zDp,9Xzbo,0
4eVHl.jpg,4eVHl,4cYHi,0
p67dE.jpg,p67dE,p6Mdc,0
GwGJ8.jpg,GwGJ8,GvSJp,0
BwOd7.jpg,BwOd7,BmOd7,0
BQPvA.jpg,BQPvA,BOPVA,0
e2Vfz.jpg,e2Vfz,rPVjZ,0
b2z5c.jpg,b2z5c,h2x5C,0
T49QQ.jpg,T49QQ,T49OQ,0
5Pz9y.jpg,5Pz9y,5PN9y,0
1r3R5.jpg,1r3R5,1r3M5,0
B8JTp.jpg,B8JTp,B8JTe,0
B0bdp.jpg,B0bdp,BQhdp,0
5K6P8.jpg,5K6P8,5HCP3,0
RG27W.jpg,RG27W,R627u,0
AnoF6.jpg,AnoF6,AnoFZ,0
TZjvh.jpg,TZjvh,TZjvn,0
0p7r1.jpg,0p7r1,0B7rJ,0
T61S4.jpg,T61S4,m61S4,0
qkIS0.jpg,qkIS0,qK150,0
1f5Kf.jpg,1f5Kf,1Y5Hf,0
o5vxA.jpg,o5vxA,m5vxA,0
RYtj4.jpg,RYtj4,RYej4,0
i2VQj.jpg,i2VQj,imVQj,0
XH3IB.jpg,XH3IB,XH37G,0
f4XSB.jpg,f4XSB,I4XSB,0
mq63K.jpg,mq63K,mg63K,0
dHsIe.jpg,dHsIe,dHsfe,0
08iTV.jpg,08iTV,03zTV,0
WOn4G.jpg,WOn4G,WOy4C,0
n32Ks.jpg,n32Ks,h32Ks,0
6vssX.jpg,6vssX,6wsPX,0
qJtXo.jpg,qJtXo,qJtXo,1
SX5eS.jpg,SX5eS,GXj0S,0
216GI.jpg,216GI,216GM,0
2kh1H.jpg,2kh1H,2kb1H,0
Q8rcV.jpg,Q8rcV,K5rcV,0
q294l.jpg,q294l,g29Xl,0
oGey8.jpg,oGey8,gCe13,0
Y281q.jpg,Y281q,Y26iq,0
dkvkS.jpg,dkvkS,d2vk5,0
1Nh9X.jpg,1Nh9X,1Na9X,0
r14Fc.jpg,r14Fc,r14Ec,0
Gy5Wl.jpg,Gy5Wl,6x5Wl,0
FX1J9.jpg,FX1J9,EXmJ9,0
qJ685.jpg,qJ685,QjW85,0
8S83Z.jpg,8S83Z,8S43Z,0
MB9U0.jpg,MB9U0,M69a0,0
b9u1Z.jpg,b9u1Z,b9u12,0
456s3.jpg,456s3,45Cw3,0
2544d.jpg,2544d,z54Wd,0
Gy799.jpg,Gy799,Cy79M,0
sFap8.jpg,sFap8,sEap8,0
7e05Y.jpg,7e05Y,7a05V,0
Mqh7T.jpg,Mqh7T,MuA7Y,0
NAA2t.jpg,NAA2t,MAy2t,0
7f579.jpg,7f579,yt5w9,0
eOo6g.jpg,eOo6g,eO76g,0
xRw2q.jpg,xRw2q,xPH2q,0
hTdW3.jpg,hTdW3,bTdW3,0
1qD7v.jpg,1qD7v,1q3Kv,0
GgF3c.jpg,GgF3c,GyF3e,0
3a60H.jpg,3a60H,3ml0H,0
4wzUk.jpg,4wzUk,4wcUk,0
0hP6f.jpg,0hP6f,0hPNf,0
7UFM8.jpg,7UFM8,7UzM8,0
OODcD.jpg,OODcD,OYDcF,0
h5Ak3.jpg,h5Ak3,H5Ak3,0
6Hwli.jpg,6Hwli,6HzfL,0
Au6an.jpg,Au6an,Av6dn,0
QP2Ow.jpg,QP2Ow,UP2Ow,0
Y1xVv.jpg,Y1xVv,O1xVv,0
MBEJF.jpg,MBEJF,M8CJF,0
SiY1O.jpg,SiY1O,5iYuO,0
e9Pja.jpg,e9Pja,c9Pja,0
72lGm.jpg,72lGm,72kGm,0
Jqxtq.jpg,Jqxtq,JMxtg,0
xqEEv.jpg,xqEEv,xd5Ev,0
r1ChA.jpg,r1ChA,rTChA,0
rMgI0.jpg,rMgI0,rXqI0,0
78I31.jpg,78I31,76IR1,0
DVYxg.jpg,DVYxg,DVMxq,0
14xLi.jpg,14xLi,z4QYr,0
Q9qa5.jpg,Q9qa5,D9aF5,0
qN6p0.jpg,qN6p0,qM5p0,0
klufQ.jpg,klufQ,kLnfD,0
bEA6A.jpg,bEA6A,bEn6X,0
mIDnG.jpg,mIDnG,M1DyC,0
ys8et.jpg,ys8et,ysXet,0
I40a2.jpg,I40a2,I40a2,1
e075G.jpg,e075G,edkmG,0
8kT1M.jpg,8kT1M,3kTlM,0
j8N8l.jpg,j8N8l,j3NsZ,0
xn972.jpg,xn972,xnC72,0
2n73l.jpg,2n73l,2m73l,0
u9585.jpg,u9585,M958J,0
v6N7R.jpg,v6N7R,vcN7R,0
H8DKi.jpg,H8DKi,H8JK0,0
2kv91.jpg,2kv91,2KVQ1,0
44eON.jpg,44eON,47PCH,0
46XxD.jpg,46XxD,46XxD,1
N1f8v.jpg,N1f8v,NLfGv,0
S793a.jpg,S793a,S7V3a,0
ZJ39R.jpg,ZJ39R,ZJx9R,0
9ZqM3.jpg,9ZqM3,9ZqM3,1
6Wpgw.jpg,6Wpgw,6Ypgw,0
3eF11.jpg,3eF11,3OEX1,0
lpb2i.jpg,lpb2i,tP62j,0
Uq9N9.jpg,Uq9N9,UqJAS,0
lnC1r.jpg,lnC1r,lnC5r,0
8H6Y1.jpg,8H6Y1,8H6u1,0
P1pvk.jpg,P1pvk,P1pvK,0
jobwj.jpg,jobwj,jobWr,0
fYN59.jpg,fYN59,fYA59,0
yA46r.jpg,yA46r,yA46r,1
21SBE.jpg,21SBE,21SRF,0
2kSDT.jpg,2kSDT,2k5DX,0
MoPy6.jpg,MoPy6,MePy3,0
D4Ea2.jpg,D4Ea2,t4Ra2,0
f3h4y.jpg,f3h4y,f3h4y,1
14m70.jpg,14m70,lZHYc,0
4QGkJ.jpg,4QGkJ,4NGkJ,0
FZUhU.jpg,FZUhU,FZLbU,0
U776o.jpg,U776o,HZ16o,0
P89SQ.jpg,P89SQ,F89Su,0
k60gd.jpg,k60gd,K60gd,0
23uBf.jpg,23uBf,A3uBf,0
OKz5t.jpg,OKz5t,OKz5i,0
3929w.jpg,3929w,392Aw,0
2baYl.jpg,2baYl,2baVC,0
OXN26.jpg,OXN26,QXN26,0
3T6vk.jpg,3T6vk,3Z6vk,0
WO2i3.jpg,WO2i3,WD2L3,0
uJpm4.jpg,uJpm4,uIpm4,0
g767C.jpg,g767C,a78IC,0
2QPC7.jpg,2QPC7,2QPCY,0
Z1nOY.jpg,Z1nOY,Z1aCY,0
qr8mq.jpg,qr8mq,Vr8mq,0
F4Ak0.jpg,F4Ak0,F4Aw0,0
9mgMs.jpg,9mgMs,9mLMs,0
Xnk0m.jpg,Xnk0m,Xak0m,0
nlx67.jpg,nlx67,nfx67,0
400dQ.jpg,400dQ,49kqQ,0
LNJ91.jpg,LNJ91,LHJ81,0
f3x23.jpg,f3x23,fAY23,0
Pswl2.jpg,Pswl2,P4Ml2,0
UVEPb.jpg,UVEPb,dVrPb,0
gL525.jpg,gL525,gL825,0
jbe8v.jpg,jbe8v,1be8v,0
kKgnz.jpg,kKgnz,kKfnz,0
N8JZb.jpg,N8JZb,M8JZb,0
TgW9q.jpg,TgW9q,TpW4q,0
964CL.jpg,964CL,964CL,1
6p949.jpg,6p949,6FQ43,0
l9H8X.jpg,l9H8X,l9u8Z,0
3KjPV.jpg,3KjPV,3KjPV,1
4oTuE.jpg,4oTuE,4eTUE,0
ugkE7.jpg,ugkE7,uakE7,0
IjP6A.jpg,IjP6A,INP6A,0
264k7.jpg,264k7,2D4k7,0
73qzI.jpg,73qzI,73qzi,0
U6Fq0.jpg,U6Fq0,M6Fq8,0
2IE7w.jpg,2IE7w,2mF1w,0
za58y.jpg,za58y,zaTSy,0
tVYXJ.jpg,tVYXJ,6WYK3,0
1N3c9.jpg,1N3c9,jH3C9,0
L93Tu.jpg,L93Tu,L937u,0
o5tvh.jpg,o5tvh,o5fuh,0
gW7Y6.jpg,gW7Y6,0WZY6,0
l6b2J.jpg,l6b2J,i6n2J,0
M690t.jpg,M690t,H6301,0
35CaT.jpg,35CaT,350a1,0
u9nBC.jpg,u9nBC,u9eBC,0
DK6r4.jpg,DK6r4,DK6r4,1
6IZvu.jpg,6IZvu,bIZvr,0
BJN7p.jpg,BJN7p,BJX7p,0
3Ef39.jpg,3Ef39,XEf09,0
J573R.jpg,J573R,Js7WR,0
Yri82.jpg,Yri82,Xri62,0
7nQRz.jpg,7nQRz,7nCHz,0
5TCgd.jpg,5TCgd,5TCmd,0
P7V0F.jpg,P7V0F,P7V0k,0
50eGs.jpg,50eGs,50eCs,0
UhF18.jpg,UhF18,UbE18,0
bkc6F.jpg,bkc6F,bkaCT,0
0fb1Y.jpg,0fb1Y,0fb1M,0
872i2.jpg,872i2,87PCA,0
9sh86.jpg,9sh86,9xk86,0
cigci.jpg,cigci,cigof,0
z9VTB.jpg,z9VTB,a9VTB,0
St11O.jpg,St11O,5t71O,0
DTQ8V.jpg,DTQ8V,D1C8V,0
AV6g5.jpg,AV6g5,4V6gF,0
AufRw.jpg,AufRw,AuFRw,0
2R56G.jpg,2R56G,2P564,0
W8Rs7.jpg,W8Rs7,U6R57,0
XQP1v.jpg,XQP1v,XQPfv,0
D75X2.jpg,D75X2,D15H2,0
afy34.jpg,afy34,afK34,0
qW924.jpg,qW924,gW9z4,0
2L33z.jpg,2L33z,2m38z,0
1Kegu.jpg,1Kegu,1kegu,0
2rKGS.jpg,2rKGS,xlKGV,0
bfQCl.jpg,bfQCl,bfOSL,0
Dc05y.jpg,Dc05y,Dc25V,0
emBKo.jpg,emBKo,emB1o,0
bazS5.jpg,bazS5,bazG5,0
SAFN1.jpg,SAFN1,5AEH1,0
Ov2wV.jpg,Ov2wV,Ov2mY,0
lndoX.jpg,lndoX,ImdeX,0
rH36I.jpg,rH36I,rH36I,1
8v2J4.jpg,8v2J4,8u214,0
L7q9L.jpg,L7q9L,k7u9C,0
sxiC0.jpg,sxiC0,sXlC0,0
G4C0A.jpg,G4C0A,64t0A,0
OdN94.jpg,OdN94,OdN94,1
7euh8.jpg,7euh8,7euh8,1
4xg28.jpg,4xg28,4kq28,0
NdEeH.jpg,NdEeH,MdCey,0
ZG13L.jpg,ZG13L,Z613L,0
o7nKp.jpg,o7nKp,o7nKp,1
W9JFj.jpg,W9JFj,W9dFi,0
ILd8s.jpg,ILd8s,ILq8x,0
b6S7F.jpg,b6S7F,b6S7F,1
0Nf50.jpg,0Nf50,ZNf50,0
yq59X.jpg,yq59X,yU59X,0
oA8fX.jpg,oA8fX,eA8fK,0
20I5n.jpg,20I5n,2015n,0
cK685.jpg,cK685,eK6V5,0
oqW0q.jpg,oqW0q,oqW0S,0
Vkkca.jpg,Vkkca,VDkja,0
6cVR0.jpg,6cVR0,6cMR0,0
0FB1N.jpg,0FB1N,0FB1M,0
Clolc.jpg,Clolc,CkoYz,0
cc7TY.jpg,cc7TY,ucfTY,0
k318w.jpg,k318w,K31eu,0
9Q5w4.jpg,9Q5w4,9O5w4,0
94b0K.jpg,94b0K,64bOK,0
f4SX8.jpg,f4SX8,f4SX8,1
u3KMI.jpg,u3KMI,u3WjI,0
S2aMP.jpg,S2aMP,S2aHP,0
KewfH.jpg,KewfH,Kc2TH,0
nyA1Y.jpg,nyA1Y,nyA1Y,1
0bYLJ.jpg,0bYLJ,0bYEJ,0
fxHPp.jpg,fxHPp,fxHOp,0
z2E9x.jpg,z2E9x,z2FGs,0
Yn78a.jpg,Yn78a,YrU8a,0
mL01h.jpg,mL01h,mL01b,0
zu15l.jpg,zu15l,zA15l,0
2R57t.jpg,2R57t,2B5Tt,0
2CNBA.jpg,2CNBA,2CNJA,0
yIY85.jpg,yIY85,ylYR5,0
cnPaR.jpg,cnPaR,CwPaR,0
2lM73.jpg,2lM73,2IH79,0
PuM8j.jpg,PuM8j,2uH6L,0
q9Dal.jpg,q9Dal,c9Bzk,0
2YJ4q.jpg,2YJ4q,2VJ4g,0
68uWq.jpg,68uWq,68uVq,0
3PDW0.jpg,3PDW0,arDW0,0
ZNCW9.jpg,ZNCW9,7NCV9,0
T9LOc.jpg,T9LOc,T5LOr,0
37pWu.jpg,37pWu,37pWd,0
iL35J.jpg,iL35J,rU35J,0
TJDiW.jpg,TJDiW,TJPsW,0
74eG3.jpg,74eG3,7Ae63,0
CaEKD.jpg,CaEKD,CaEHD,0
CZK4o.jpg,CZK4o,CZX4o,0
Xr6yx.jpg,Xr6yx,Xe6yx,0
h6P5x.jpg,h6P5x,h6P5x,1
0Mk44.jpg,0Mk44,0Mk4q,0
2BK9m.jpg,2BK9m,2Bk9V,0
e0fZm.jpg,e0fZm,e0fZm,1
bTgob.jpg,bTgob,lTmjh,0
LHCye.jpg,LHCye,LACye,0
5Mm4I.jpg,5Mm4I,5Mm4I,1
a2QAP.jpg,a2QAP,n2OAE,0
i4Cc7.jpg,i4Cc7,i4C37,0
k4ycD.jpg,k4ycD,k4ycD,1
UPpu6.jpg,UPpu6,UPbX6,0
NZ9r5.jpg,NZ9r5,M2915,0
O9Anv.jpg,O9Anv,C9Anv,0
ZTS08.jpg,ZTS08,ZTS04,0
Ydt94.jpg,Ydt94,YHt94,0
3gCXC.jpg,3gCXC,3dOKS,0
h6Gbv.jpg,h6Gbv,h6G2v,0
FVGVZ.jpg,FVGVZ,FYCUX,0
s5pAQ.jpg,s5pAQ,s5nAO,0
aH3su.jpg,aH3su,7H3su,0
53vnx.jpg,53vnx,53vmX,0
AFTY0.jpg,AFTY0,AFTYM,0
IQ6K9.jpg,IQ6K9,IO6K9,0
W39A4.jpg,W39A4,W3CA1,0
usPj9.jpg,usPj9,uAPj9,0
4spJq.jpg,4spJq,4SPIq,0
GWCkN.jpg,GWCkN,GWcfM,0
156E3.jpg,156E3,1w6E3,0
f1VKg.jpg,f1VKg,f3VKg,0
RvvxH.jpg,RvvxH,QuVxH,0
26IpI.jpg,26IpI,X6Lpf,0
IlwY5.jpg,IlwY5,FdwV5,0
38ksG.jpg,38ksG,38KaC,0
95I2w.jpg,95I2w,O5I2u,0
THE80.jpg,THE80,THE80,1
6tvxi.jpg,6tvxi,6tnxj,0
99hbp.jpg,99hbp,A9n57,0
mMKoH.jpg,mMKoH,uNKeH,0
gnk40.jpg,gnk40,grk4C,0
M3pbM.jpg,M3pbM,N3PbY,0
6qKl0.jpg,6qKl0,6Y2l0,0
ue5cs.jpg,ue5cs,un5Cs,0
Y8YdH.jpg,Y8YdH,Y8vCH,0
0s1Z1.jpg,0s1Z1,0sLZY,0
M6xMP.jpg,M6xMP,M6xQP,0
u33e2.jpg,u33e2,LS3c2,0
d9adD.jpg,d9adD,M5adD,0
HcsFM.jpg,HcsFM,HCsFM,0
hP92E.jpg,hP92E,hP9NE,0
XBbM2.jpg,XBbM2,XBfM2,0
vEXTS.jpg,vEXTS,uEXT5,0
37D3X.jpg,37D3X,87D3K,0
8y72P.jpg,8y72P,8Y72P,0
6S4l5.jpg,6S4l5,6S4L5,0
anUAs.jpg,anUAs,2mLAS,0
wyoh1.jpg,wyoh1,wYob1,0
1ZVKE.jpg,1ZVKE,12VKE,0
zKqfT.jpg,zKqfT,zKgmT,0
Xx3Zf.jpg,Xx3Zf,Xw3ZC,0
Atq49.jpg,Atq49,Atq49,1
MxR31.jpg,MxR31,MZRzj,0
N0oZ4.jpg,N0oZ4,N0pZ4,0
WtAZE.jpg,WtAZE,WtAZF,0
VT4Us.jpg,VT4Us,YT4Uk,0
kMUoa.jpg,kMUoa,kMUrJ,0
08dsh.jpg,08dsh,08dxh,0
70KV1.jpg,70KV1,Z0KV1,0
oFIeR.jpg,oFIeR,3fDeR,0
yl0d0.jpg,yl0d0,ylZd0,0
k6xfm.jpg,k6xfm,k6xfm,1
08O6R.jpg,08O6R,oNQ6R,0
695e9.jpg,695e9,695el,0
31nC4.jpg,31nC4,31mC4,0
R4cQx.jpg,R4cQx,P4cQY,0
s3qu4.jpg,s3qu4,K3qu4,0
UeEG5.jpg,UeEG5,Ue1G5,0
15MpW.jpg,15MpW,15MPW,0
94vyv.jpg,94vyv,94rYh,0
i717Y.jpg,i717Y,i7m4Y,0
j05SA.jpg,j05SA,JQ5SA,0
47qag.jpg,47qag,A7qag,0
X5GeR.jpg,X5GeR,X5CeR,0
d9tS4.jpg,d9tS4,d9tSM,0
W8615.jpg,W8615,W86lN,0
c3816.jpg,c3816,c7o1a,0
0cLi7.jpg,0cLi7,0cLj7,0
07BcY.jpg,07BcY,a7EcY,0
oO79M.jpg,oO79M,eC19M,0
Ym6Vm.jpg,Ym6Vm,YZ6Wm,0
XUmmp.jpg,XUmmp,XOwiP,0
3Jja6.jpg,3Jja6,3J7a6,0
xt5uX.jpg,xt5uX,xC5aY,0
3b06T.jpg,3b06T,3b0G1,0
c7HsI.jpg,c7HsI,C7ASf,0
mqK0R.jpg,mqK0R,mqk0R,0
00kiZ.jpg,00kiZ,pekiZ,0
02TF5.jpg,02TF5,O2TF5,0
1hTz8.jpg,1hTz8,4b7z3,0
iEYxS.jpg,iEYxS,lrYxS,0
IZ012.jpg,IZ012,k301R,0
91lJl.jpg,91lJl,91lJE,0
pnYUD.jpg,pnYUD,enT4D,0
tD1Pl.jpg,tD1Pl,tUJRl,0
Ahobi.jpg,Ahobi,ANebf,0
f8v31.jpg,f8v31,E8v31,0
u67R3.jpg,u67R3,V67P3,0
KZs1G.jpg,KZs1G,XZu1G,0
ioewL.jpg,ioewL,4ozwl,0
a86x0.jpg,a86x0,M85x0,0
UI4H5.jpg,UI4H5,OI2H5,0
7Q07g.jpg,7Q07g,ZA0Jg,0
6i07C.jpg,6i07C,6i07C,1
U3zOj.jpg,U3zOj,U3zQj,0
Ci8Aa.jpg,Ci8Aa,Cf8Ax,0
88gCV.jpg,88gCV,8PgCV,0
0e8EH.jpg,0e8EH,0Z8EH,0
g4UcG.jpg,g4UcG,y1YcG,0
KwdZX.jpg,KwdZX,KSdZX,0
2D6Dn.jpg,2D6Dn,2y5An,0
ILwu6.jpg,ILwu6,TLwAS,0
7yzdg.jpg,7yzdg,7y2dg,0
VO17n.jpg,VO17n,YOl7n,0
H4h0d.jpg,H4h0d,H1b0d,0
Uv4sV.jpg,Uv4sV,Hv45Y,0
4BEgC.jpg,4BEgC,4BFYC,0
zbxBy.jpg,zbxBy,zbN8y,0
1580a.jpg,1580a,158wa,0
q1Fdf.jpg,q1Fdf,q1Fdj,0
4xF74.jpg,4xF74,NxF7G,0
i06G0.jpg,i06G0,1R6G0,0
jUKIV.jpg,jUKIV,3WKfV,0
M7212.jpg,M7212,MRZi2,0
UsG0f.jpg,UsG0f,KJG0f,0
g4b73.jpg,g4b73,g4b73,1
GYxpa.jpg,GYxpa,GY2pj,0
1UeB8.jpg,1UeB8,1HeB8,0
6lCwh.jpg,6lCwh,87Cwh,0
Qjr4w.jpg,Qjr4w,njr4w,0
Wf8P6.jpg,Wf8P6,Mf8P6,0
ph69g.jpg,ph69g,pL69T,0
BMF71.jpg,BMF71,BMz71,0
l3GuL.jpg,l3GuL,l3Gu7,0
443H5.jpg,443H5,4YaH5,0
aIBmC.jpg,aIBmC,o7BmC,0
AQLZs.jpg,AQLZs,AX7fs,0
4448B.jpg,4448B,4dAVB,0
O15NY.jpg,O15NY,0j5HY,0
cQd2I.jpg,cQd2I,kQd21,0
7ibig.jpg,7ibig,7ibwx,0
nL5gk.jpg,nL5gk,nC5gk,0
pJ53t.jpg,pJ53t,pJH3z,0
LR2W3.jpg,LR2W3,LRZw3,0
86K5n.jpg,86K5n,86K5m,0
Jl66b.jpg,Jl66b,JkP6b,0
19224.jpg,19224,19M24,0
bBkYF.jpg,bBkYF,hBcXF,0
3QXOy.jpg,3QXOy,3NXOy,0
7WVGT.jpg,7WVGT,ZWvCT,0
zTO85.jpg,zTO85,zIA35,0
jfJ7r.jpg,jfJ7r,jfWKr,0
23sZF.jpg,23sZF,23e7F,0
BuaK2.jpg,BuaK2,BueK2,0
nc3y0.jpg,nc3y0,nc3y0,1
0aaLe.jpg,0aaLe,94zLe,0
2NF21.jpg,2NF21,3MF2s,0
54jGx.jpg,54jGx,5ujGx,0
Pr7dc.jpg,Pr7dc,Ph7dc,0
5VDub.jpg,5VDub,5VPub,0
RJF4X.jpg,RJF4X,RJE4X,0
VKHi6.jpg,VKHi6,v2HiF,0
Q0i3b.jpg,Q0i3b,C0i3b,0
3aWa9.jpg,3aWa9,3zWq9,0
Xe01S.jpg,Xe01S,Xv0kS,0
5L5b6.jpg,5L5b6,5L7be,0
2l2T5.jpg,2l2T5,Ph2T5,0
yrawh.jpg,yrawh,ujaVk,0
7RG2O.jpg,7RG2O,7NG2O,0
Q1T99.jpg,Q1T99,OjT29,0
lWFD5.jpg,lWFD5,jWFD5,0
Hn4k6.jpg,Hn4k6,Wn4k6,0
H3jKO.jpg,H3jKO,H3jKO,1
9fbjM.jpg,9fbjM,9FbJM,0
2PNm0.jpg,2PNm0,2PNmC,0
F9us1.jpg,F9us1,E9us1,0
9pyD4.jpg,9pyD4,9pyD4,1
WJnlG.jpg,WJnlG,VJnt6,0
sk92U.jpg,sk92U,sk92U,1
I5R33.jpg,I5R33,I5R23,0
PYhgQ.jpg,PYhgQ,PYNgQ,0
2sB1U.jpg,2sB1U,2sB1U,1
Z2ol9.jpg,Z2ol9,Z2K19,0
6iGxX.jpg,6iGxX,61OnX,0
1YFIk.jpg,1YFIk,1YwLk,0
4ghAB.jpg,4ghAB,4ghYB,0
IRf2E.jpg,IRf2E,sRf2E,0
B7z7p.jpg,B7z7p,H7z1P,0
Y4awk.jpg,Y4awk,YCawk,0
uu8Oo.jpg,uu8Oo,Vr8Co,0
ijjKA.jpg,ijjKA,eh0KA,0
0WmaK.jpg,0WmaK,0WmJK,0
Dd6w5.jpg,Dd6w5,Dd6wj,0
a3We7.jpg,a3We7,a3We7,1
Luw2J.jpg,Luw2J,Lmr9J,0
11h2u.jpg,11h2u,19h2u,0
00bwb.jpg,00bwb,GULwb,0
beN0n.jpg,beN0n,feN0n,0
SN4Vv.jpg,SN4Vv,SN4Vr,0
r3DAz.jpg,r3DAz,c3DAz,0
7lAA4.jpg,7lAA4,7taG4,0
cJx1o.jpg,cJx1o,cJxfO,0
P1OCn.jpg,P1OCn,PIOcN,0
FPfts.jpg,FPfts,EPJ4S,0
thRW8.jpg,thRW8,Th9v8,0
7YADp.jpg,7YADp,7VADc,0
jCKGY.jpg,jCKGY,JCKeV,0
8Qh7X.jpg,8Qh7X,HOh7X,0
R7tYD.jpg,R7tYD,RofYD,0
9MToe.jpg,9MToe,9KToe,0
7DE1r.jpg,7DE1r,7DEVr,0
C04yV.jpg,C04yV,C04yV,1
vOD9n.jpg,vOD9n,vW29n,0
5Z948.jpg,5Z948,5Z9A8,0
mVIDv.jpg,mVIDv,mY1Ov,0
1L6hI.jpg,1L6hI,1L6bF,0
1Ui81.jpg,1Ui81,JUr8T,0
b8IHK.jpg,b8IHK,b8tMK,0
RH7Cf.jpg,RH7Cf,RN7Cf,0
V8o0s.jpg,V8o0s,V8jCs,0
o69A3.jpg,o69A3,e69A3,0
qz810.jpg,qz810,qz810,1
lD5eb.jpg,lD5eb,lD5eh,0
5NHv4.jpg,5NHv4,5NIV4,0
m1Awb.jpg,m1Awb,N1Awb,0
r71DY.jpg,r71DY,r71DY,1
nbGyR.jpg,nbGyR,21GyR,0
T6e41.jpg,T6e41,TteK3,0
95r0H.jpg,95r0H,95r0H,1
71QlA.jpg,71QlA,xvWMA,0
93jQR.jpg,93jQR,93IQR,0
2s9ss.jpg,2s9ss,259Aw,0
PnG1b.jpg,PnG1b,Fm61b,0
KKSe3.jpg,KKSe3,KNSe3,0
LomcZ.jpg,LomcZ,LoNcZ,0
0OZv8.jpg,0OZv8,dQ2V8,0
6835f.jpg,6835f,o825f,0
7lAma.jpg,7lAma,7IAma,0
W2mY1.jpg,W2mY1,W2nY1,0
MDUp4.jpg,MDUp4,MZUqx,0
qA8BV.jpg,qA8BV,y28BV,0
Fz87c.jpg,Fz87c,Yu87c,0
IZYzd.jpg,IZYzd,IZYzH,0
2K06J.jpg,2K06J,2H06J,0
CvA42.jpg,CvA42,CVA42,0
F30S0.jpg,F30S0,E3DS4,0
0n7wK.jpg,0n7wK,Sn7WK,0
YY5kd.jpg,YY5kd,y75kd,0
F7p5l.jpg,F7p5l,F7u5l,0
0z6KD.jpg,0z6KD,0z6KP,0
u5E2X.jpg,u5E2X,u5rTX,0
TwK9E.jpg,TwK9E,TwK9L,0
Z1Fw7.jpg,Z1Fw7,z1Fu7,0
80Qa6.jpg,80Qa6,8YQn6,0
wMw8t.jpg,wMw8t,uHQ81,0
Oqxw1.jpg,Oqxw1,OoxzI,0
ydqdQ.jpg,ydqdQ,yNacQ,0
bLpAR.jpg,bLpAR,btpAR,0
0UE4l.jpg,0UE4l,0UExl,0
n1ReN.jpg,n1ReN,h1B5M,0
MKz2B.jpg,MKz2B,MK42B,0
CAWBu.jpg,CAWBu,C4KBu,0
CvvcJ.jpg,CvvcJ,CruEJ,0
mX0e0.jpg,mX0e0,mXFe0,0
WLVuf.jpg,WLVuf,D4Vuf,0
S5E93.jpg,S5E93,SpEy3,0
lgN6w.jpg,lgN6w,1gN6w,0
28gh3.jpg,28gh3,284b3,0
12jni.jpg,12jni,Y2jmr,0
kDGeg.jpg,kDGeg,KDCeg,0
XN19F.jpg,XN19F,XNf9F,0
ECX44.jpg,ECX44,ECK84,0
5o0L4.jpg,5o0L4,5oOL4,0
59xH7.jpg,59xH7,59XH7,0
14g53.jpg,14g53,L4Q23,0
UCotH.jpg,UCotH,dGotH,0
DcQQH.jpg,DcQQH,DcfQH,0
jmUa9.jpg,jmUa9,1mUa9,0
GbjQW.jpg,GbjQW,Gb1QV,0
eHpN0.jpg,eHpN0,eUpN0,0
BE929.jpg,BE929,BEq20,0
TJq2o.jpg,TJq2o,TJ61v,0
F77HY.jpg,F77HY,F7CWY,0
2Nsru.jpg,2Nsru,2Ns7u,0
eSiGp.jpg,eSiGp,Qs1gp,0
29zCl.jpg,29zCl,29xCK,0
i7M32.jpg,i7M32,i7Q32,0
H2Y68.jpg,H2Y68,H2Y68,1
0w1rh.jpg,0w1rh,0w1rh,1
xUTY6.jpg,xUTY6,xU1Y6,0
105NM.jpg,105NM,Je5mM,0
946NM.jpg,946NM,946nM,0
ISRHG.jpg,ISRHG,15PHC,0
75z5p.jpg,75z5p,75xYp,0
M7N71.jpg,M7N71,GZN91,0
kK3i5.jpg,kK3i5,ZKai5,0
o60h4.jpg,o60h4,c6Qh4,0
IsL6X.jpg,IsL6X,fSL6X,0
Fv91B.jpg,Fv91B,Fu91B,0
Zf6eD.jpg,Zf6eD,Zf6KD,0
KHsy1.jpg,KHsy1,KW9y1,0
t8U2H.jpg,t8U2H,f8U2K,0
462TI.jpg,462TI,4sjXh,0
30fhe.jpg,30fhe,30fhe,1
cRD6Z.jpg,cRD6Z,cRjvZ,0
VqGt6.jpg,VqGt6,VqGi6,0
QhmtJ.jpg,QhmtJ,QbmtJ,0
hAi54.jpg,hAi54,hAv54,0
xM8yi.jpg,xM8yi,xMeYl,0
6gPUv.jpg,6gPUv,6gPUv,1
X5u60.jpg,X5u60,XSn60,0
850iB.jpg,850iB,85OjB,0
2vC9d.jpg,2vC9d,2VC9d,0
B8Y80.jpg,B8Y80,B8Y2u,0
RORST.jpg,RORST,wORST,0
Y2LWF.jpg,Y2LWF,Y2LWF,1
nz5sK.jpg,nz5sK,nz5sK,1
Y8YpL.jpg,Y8YpL,Y8TaM,0
5A2UF.jpg,5A2UF,5AzUF,0
962vJ.jpg,962vJ,962vJ,1
4IF4U.jpg,4IF4U,qIFA0,0
pC0u6.jpg,pC0u6,PC0X6,0
ofb6s.jpg,ofb6s,Ofh6s,0
ZUke8.jpg,ZUke8,Zyke8,0
2U3Z6.jpg,2U3Z6,2U3F6,0
C591w.jpg,C591w,C591w,1
YsUYE.jpg,YsUYE,YsUJR,0
DIdUO.jpg,DIdUO,DjdwO,0
95r27.jpg,95r27,95F2X,0
iqs9a.jpg,iqs9a,lgs9a,0
2bPL1.jpg,2bPL1,2bPL1,1
ZvYGb.jpg,ZvYGb,mvYCk,0
72qPt.jpg,72qPt,72qkt,0
8PLju.jpg,8PLju,6PLju,0
U7QXM.jpg,U7QXM,U7cXM,0
1y69B.jpg,1y69B,16ZJB,0
hK23P.jpg,hK23P,bK23F,0
UTEFk.jpg,UTEFk,UTBvk,0
74bU1.jpg,74bU1,74BUI,0
6a8Jx.jpg,6a8Jx,Ca81x,0
nMoJa.jpg,nMoJa,nMCJa,0
BQ493.jpg,BQ493,Be493,0
q95T5.jpg,q95T5,g2S7b,0
rZNEV.jpg,rZNEV,rZNEV,1
YI4HL.jpg,YI4HL,YJ4HC,0
6I0yc.jpg,6I0yc,6J0yk,0
UxZi6.jpg,UxZi6,UxZj6,0
2DM16.jpg,2DM16,2DM16,1
39136.jpg,39136,391Z6,0
g02nG.jpg,g02nG,gv2nG,0
51ljt.jpg,51ljt,5L6jT,0
F5v6u.jpg,F5v6u,F5V6u,0
Dj479.jpg,Dj479,pj479,0
Ys96i.jpg,Ys96i,Vs96i,0
g182w.jpg,g182w,g182v,0
7bdsP.jpg,7bdsP,1bGsP,0
7C7Zm.jpg,7C7Zm,7CzZp,0
mqeQR.jpg,mqeQR,mq7QR,0
UOb00.jpg,UOb00,UOxe0,0
60Ibd.jpg,60Ibd,6D1bd,0
qf85j.jpg,qf85j,gf85A,0
whH5m.jpg,whH5m,vdH5m,0
tlLlE.jpg,tlLlE,thAjE,0
BqCa6.jpg,BqCa6,RyLa6,0
DMqQL.jpg,DMqQL,DHg6L,0
9mhQD.jpg,9mhQD,3m7CD,0
8z995.jpg,8z995,8Zuy5,0
90Mg4.jpg,90Mg4,9OMq4,0
LD5hs.jpg,LD5hs,tD5hs,0
666sL.jpg,666sL,uG5sL,0
hnD68.jpg,hnD68,kmD48,0
8201G.jpg,8201G,8201C,0
OvFRp.jpg,OvFRp,0V1Kp,0
2r81X.jpg,2r81X,2F81X,0
YpWpe.jpg,YpWpe,7pWhe,0
z5jS7.jpg,z5jS7,KajSv,0
qBJ6O.jpg,qBJ6O,gB16D,0
7OD7m.jpg,7OD7m,7OkIm,0
xhK6Z.jpg,xhK6Z,xhR6Z,0
341u4.jpg,341u4,36Iu4,0
ST7Q4.jpg,ST7Q4,SI7QA,0
oVSHq.jpg,oVSHq,oVjHq,0
yeL48.jpg,yeL48,VOL48,0
91Rw5.jpg,91Rw5,9tPh5,0
M580X.jpg,M580X,M580X,1
184xD.jpg,184xD,184xD,1
1E3xZ.jpg,1E3xZ,1E3XZ,0
lo1r1.jpg,lo1r1,Lo1rX,0
5huP2.jpg,5huP2,5krU2,0
TBUon.jpg,TBUon,1BUom,0
Q9Y6H.jpg,Q9Y6H,q5r6H,0
NHRRM.jpg,NHRRM,Nj0kM,0
RiC4p.jpg,RiC4p,RlCXp,0
o20yX.jpg,o20yX,eW0yX,0
16HFE.jpg,16HFE,15APE,0
cuJ5p.jpg,cuJ5p,CuJ5p,0
3It4c.jpg,3It4c,3jt4c,0
K4PrR.jpg,K4PrR,K4P1R,0
JFVs6.jpg,JFVs6,JFYs6,0
WEcbm.jpg,WEcbm,WFcbm,0
5sWM6.jpg,5sWM6,5cWM6,0
v70u8.jpg,v70u8,v70u3,0
tppvh.jpg,tppvh,TFpva,0
qD72D.jpg,qD72D,gU72D,0
jxwS6.jpg,jxwS6,jXwS6,0
VsMMl.jpg,VsMMl,VsQMl,0
jf406.jpg,jf406,JE406,0
u8poi.jpg,u8poi,u8Zol,0
Ad5hX.jpg,Ad5hX,2c5hX,0
EDfG3.jpg,EDfG3,EDI63,0
LO3JC.jpg,LO3JC,LO3JK,0
0ox61.jpg,0ox61,0pX61,0
NuTJW.jpg,NuTJW,NutJW,0
HPEAz.jpg,HPEAz,HPcAZ,0
UTPs3.jpg,UTPs3,U7Pe3,0
582AH.jpg,582AH,582AH,1
B5BKE.jpg,B5BKE,W5BKE,0
9b9n2.jpg,9b9n2,sbyr2,0
wOQ44.jpg,wOQ44,v085H,0
65OOI.jpg,65OOI,65OJX,0
Nu8q5.jpg,Nu8q5,Ku8g5,0
VWQ40.jpg,VWQ40,vLQ49,0
Noy43.jpg,Noy43,NovZ3,0
8rM6c.jpg,8rM6c,8FM6c,0
5Vhc5.jpg,5Vhc5,zWhcI,0
Xx8P9.jpg,Xx8P9,XtWp9,0
yE214.jpg,yE214,yE214,1
v40jv.jpg,v40jv,v40IM,0
pfDhz.jpg,pfDhz,pfDhz,1
501bB.jpg,501bB,5Q1bB,0
498QT.jpg,498QT,4v8QI,0
Tvo0P.jpg,Tvo0P,TMe6P,0
v9YS0.jpg,v9YS0,vMYS0,0
C9H1o.jpg,C9H1o,CZH1o,0
7vpxY.jpg,7vpxY,7upxY,0
5d4nq.jpg,5d4nq,5C4nq,0
66Jz7.jpg,66Jz7,SeJZ7,0
kggAt.jpg,kggAt,ko9AC,0
4b0pW.jpg,4b0pW,4bCrW,0
8Fe45.jpg,8Fe45,8Fn45,0
W3ifH.jpg,W3ifH,WuZfH,0
pbtfi.jpg,pbtfi,pbtfX,0
HwNd5.jpg,HwNd5,HZNd5,0
HHeN5.jpg,HHeN5,HzeN5,0
zZClR.jpg,zZClR,zZ0IR,0
H1I53.jpg,H1I53,HlI53,0
EAl1r.jpg,EAl1r,EAl19,0
346ei.jpg,346ei,346er,0
640Eu.jpg,640Eu,640Eu,1
YnmrM.jpg,YnmrM,YnwJM,0
0xllw.jpg,0xllw,0XJTw,0
66TRY.jpg,66TRY,6cHRY,0
T85r0.jpg,T85r0,T85v0,0
0lqCH.jpg,0lqCH,BIqxH,0
0sZiH.jpg,0sZiH,057iH,0
2xmY2.jpg,2xmY2,lxhV5,0
nX6vW.jpg,nX6vW,nX6vW,1
3Uo2F.jpg,3Uo2F,3Uo2F,1
cyPD2.jpg,cyPD2,cYPU2,0
8xD7o.jpg,8xD7o,SxM7o,0
76cKD.jpg,76cKD,16cKD,0
ar515.jpg,ar515,drXm5,0
sv4xj.jpg,sv4xj,sU4xj,0
eaUhO.jpg,eaUhO,eaUh0,0
tqD7a.jpg,tqD7a,tgD7n,0
hrqJ6.jpg,hrqJ6,hrqJ6,1
090Q4.jpg,090Q4,G9pQ1,0
2sNe7.jpg,2sNe7,YSNe7,0
Srzgp.jpg,Srzgp,SizqB,0
hSEKc.jpg,hSEKc,b9EXc,0
4W0tV.jpg,4W0tV,4H6tv,0
nBGby.jpg,nBGby,nBC5y,0
D7ql6.jpg,D7ql6,D7ak5,0
inZ1k.jpg,inZ1k,lnZ1k,0
O62JH.jpg,O62JH,Q82JH,0
HRo7S.jpg,HRo7S,HR075,0
4ERDj.jpg,4ERDj,4ERwa,0
fiNj5.jpg,fiNj5,V2Aj5,0
128F8.jpg,128F8,12NFS,0
0l8dV.jpg,0l8dV,01Z4V,0
8a2ng.jpg,8a2ng,6a2hg,0
7PZ3i.jpg,7PZ3i,APZ3i,0
1ps1e.jpg,1ps1e,WpsYc,0
8p9E0.jpg,8p9E0,8m9E0,0
Ncs6F.jpg,Ncs6F,Acs6F,0
VPQwi.jpg,VPQwi,VPOw1,0
9zNlD.jpg,9zNlD,9ZN16,0
1Nb5q.jpg,1Nb5q,iNB5Q,0
qILWn.jpg,qILWn,qYLWn,0
3zld8.jpg,3zld8,3ZINB,0
WLV98.jpg,WLV98,WLVe8,0
39J2W.jpg,39J2W,3eJ2W,0
aRiYW.jpg,aRiYW,gRFZW,0
N4AfQ.jpg,N4AfQ,M45fO,0
CfR3z.jpg,CfR3z,CyR3z,0
jA81w.jpg,jA81w,jA8zW,0
3cfWz.jpg,3cfWz,3cfW4,0
U29Bb.jpg,U29Bb,V29Bb,0
b2G5d.jpg,b2G5d,k2C5D,0
YN194.jpg,YN194,YN19Z,0
10p0a.jpg,10p0a,1SpMa,0
aWfr2.jpg,aWfr2,oWfr2,0
mUgli.jpg,mUgli,aUylC,0
4f9G2.jpg,4f9G2,4f9G2,1
MvLAH.jpg,MvLAH,MvLIH,0
uxFba.jpg,uxFba,uXFbo,0
W53Ea.jpg,W53Ea,W53Ca,0
Vf6f0.jpg,Vf6f0,V76t0,0
d6L3q.jpg,d6L3q,dZL3q,0
Nv8Xa.jpg,Nv8Xa,Nv8Xb,0
h9tit.jpg,h9tit,h94jt,0
PCP6b.jpg,PCP6b,PCD6b,0
u31Ry.jpg,u31Ry,u31KU,0
fPq4U.jpg,fPq4U,IPg4H,0
I503B.jpg,I503B,M502B,0
5D6WF.jpg,5D6WF,5D6MF,0
Q9R1p.jpg,Q9R1p,Q9R1p,1
4cjs6.jpg,4cjs6,4cjV6,0
5KlW9.jpg,5KlW9,5k1W9,0
lYm59.jpg,lYm59,IVm59,0
6Fso3.jpg,6Fso3,6Fse3,0
pNrd1.jpg,pNrd1,pArdT,0
6IEw5.jpg,6IEw5,gYEw5,0
810o0.jpg,810o0,K10o9,0
F5JKS.jpg,F5JKS,FbJKS,0
HcjgJ.jpg,HcjgJ,HCi8J,0
CbpBh.jpg,CbpBh,YbpBn,0
rK73z.jpg,rK73z,rK73z,1
1bZdP.jpg,1bZdP,1b2GP,0
F5FPT.jpg,F5FPT,Fd4PT,0
ca7zA.jpg,ca7zA,Ca7zA,0
894D7.jpg,894D7,894D7,1
O3VPJ.jpg,O3VPJ,O2VP4,0
Bp2FC.jpg,Bp2FC,Xp2FC,0
f474F.jpg,f474F,fu74P,0
D7zrz.jpg,D7zrz,072cx,0
qWssU.jpg,qWssU,qXs2U,0
8mXX3.jpg,8mXX3,kmXY3,0
0ReW4.jpg,0ReW4,0PcW1,0
u6pvN.jpg,u6pvN,a6pZN,0
XjdRe.jpg,XjdRe,XjuPe,0
Vbt6C.jpg,Vbt6C,VbtAC,0
yTLc6.jpg,yTLc6,yGLcn,0
bT06U.jpg,bT06U,K706U,0
Z7Ea8.jpg,Z7Ea8,Z76w8,0
EQSbX.jpg,EQSbX,eQPBX,0
wmNWe.jpg,wmNWe,vmNWs,0
fHfu6.jpg,fHfu6,7HfuG,0
mYTXr.jpg,mYTXr,QYlkr,0
eidZe.jpg,eidZe,exJZj,0
dfkvV.jpg,dfkvV,dFXwV,0
65DdR.jpg,65DdR,65LdR,0
ZJr0O.jpg,ZJr0O,HJrUQ,0
65HrE.jpg,65HrE,65HrZ,0
T4sr2.jpg,T4sr2,T4sr2,1
b8210.jpg,b8210,h821D,0
d0MPV.jpg,d0MPV,d0HFV,0
0Hskr.jpg,0Hskr,0Hskr,1
y73bK.jpg,y73bK,w136K,0
y940P.jpg,y940P,y540P,0
5rFk5.jpg,5rFk5,5rFK6,0
b3TJm.jpg,b3TJm,b3TJR,0
rh5o0.jpg,rh5o0,1h5e0,0
tfeO7.jpg,tfeO7,tFeO7,0
C8EP2.jpg,C8EP2,C8MP2,0
0clF9.jpg,0clF9,0chF9,0
RpnN1.jpg,RpnN1,RPnxL,0
u5NB4.jpg,u5NB4,u5HB4,0
v3B73.jpg,v3B73,V3B19,0
A92q2.jpg,A92q2,AS2qx,0
e484I.jpg,e484I,ed84f,0
OuMEH.jpg,OuMEH,OuMEH,1
y3ObM.jpg,y3ObM,v30bM,0
n8i0h.jpg,n8i0h,p3fUh,0
o0v8F.jpg,o0v8F,oMv8F,0
hLPgG.jpg,hLPgG,hLPqG,0
NhNxh.jpg,NhNxh,NhyZq,0
kHJcK.jpg,kHJcK,kHJ9K,0
6e4tw.jpg,6e4tw,6V4bw,0
P2cPY.jpg,P2cPY,P26HT,0
atV12.jpg,atV12,atv12,0
g1QTG.jpg,g1QTG,q1pTG,0
P7I11.jpg,P7I11,P7l1e,0
07wva.jpg,07wva,0Zwva,0
jdI15.jpg,jdI15,aGY15,0
i5UX9.jpg,i5UX9,i5UX9,1
T3X62.jpg,T3X62,tJXp2,0
BQ64w.jpg,BQ64w,kQG4x,0
6w8d6.jpg,6w8d6,6M34p,0
0OOYX.jpg,0OOYX,zQCYX,0
j0Ic9.jpg,j0Ic9,j0FC9,0
4444W.jpg,4444W,4dA1B,0
imcyr.jpg,imcyr,lmcyr,0
pe8Q6.jpg,pe8Q6,prYO6,0
M1Vb9.jpg,M1Vb9,M1Vh9,0
dfW2e.jpg,dfW2e,dfW26,0
IyKns.jpg,IyKns,IuKns,0
D2pE5.jpg,D2pE5,D2pL5,0
75V4n.jpg,75V4n,75V4m,0
2eNp2.jpg,2eNp2,2OHp9,0
9X8i2.jpg,9X8i2,OX8l2,0
3pW5L.jpg,3pW5L,3pW5f,0
2MFaW.jpg,2MFaW,2MFaW,1
7C7nH.jpg,7C7nH,ZCxnH,0
2Ma1a.jpg,2Ma1a,2MufQ,0
N0tN0.jpg,N0tN0,xg1K0,0
8k9Mv.jpg,8k9Mv,8k9Mv,1
eA5Jt.jpg,eA5Jt,eA5Yt,0
koQwp.jpg,koQwp,kYQhp,0
7585V.jpg,7585V,7e85V,0
mB81e.jpg,mB81e,mB81e,1
0mRo7.jpg,0mRo7,2mRo7,0
3JTfa.jpg,3JTfa,2JTfa,0
CxfP2.jpg,CxfP2,0XIP2,0
4BRHW.jpg,4BRHW,4BZHW,0
eagY9.jpg,eagY9,tagV9,0
Um65D.jpg,Um65D,Uw65D,0
Rxt6o.jpg,Rxt6o,Rxj5o,0
HVtex.jpg,HVtex,HYtex,0
Vpqzn.jpg,Vpqzn,VPdzn,0
2FBzP.jpg,2FBzP,Zf6zP,0
rob7j.jpg,rob7j,rohTj,0
Jx07w.jpg,Jx07w,Jxf7w,0
07lbs.jpg,07lbs,07ibs,0
13Vzt.jpg,13Vzt,j3Vzt,0
1sn9e.jpg,1sn9e,Rsn9t,0
Y84VR.jpg,Y84VR,Y84vR,0
B7Exp.jpg,B7Exp,W7Exp,0
5E18M.jpg,5E18M,5E1YM,0
kk7h5.jpg,kk7h5,hK7D0,0
1FLR5.jpg,1FLR5,1FLRO,0
Z48IJ.jpg,Z48IJ,Z48Im,0
prD3l.jpg,prD3l,prZ3l,0
lCDsH.jpg,lCDsH,jCDsH,0
ELqOP.jpg,ELqOP,ELqOM,0
F3Fak.jpg,F3Fak,E3Pak,0
fV6uX.jpg,fV6uX,FV6aX,0
58Q0z.jpg,58Q0z,58qvz,0
8LDZT.jpg,8LDZT,8LvKT,0
8GW78.jpg,8GW78,RGU7a,0
qlijl.jpg,qlijl,qF2rl,0
M04E3.jpg,M04E3,M04E3,1
Kf5l7.jpg,Kf5l7,KAvl7,0
uRPXc.jpg,uRPXc,uRfXc,0
15p3A.jpg,15p3A,lZp3A,0
vo77I.jpg,vo77I,vo7Zu,0
3M2gN.jpg,3M2gN,LMrJN,0
9X7lp.jpg,9X7lp,UX7lp,0
pAi8Y.jpg,pAi8Y,PAi8Y,0
4096v.jpg,4096v,H096v,0
Dt63R.jpg,Dt63R,Df63A,0
I77cf.jpg,I77cf,Fz70r,0
6Vdj7.jpg,6Vdj7,6Vaj7,0
oGU0a.jpg,oGU0a,OgW91,0
v7oAK.jpg,v7oAK,z7oAK,0
4Txhx.jpg,4Txhx,4TShx,0
AuTlY.jpg,AuTlY,AuTsY,0
QbgG7.jpg,QbgG7,ObqE7,0
2ZX5g.jpg,2ZX5g,2zX5g,0
aZy4b.jpg,aZy4b,aZv4b,0
IMN0Z.jpg,IMN0Z,1Mk9Z,0
zI8nv.jpg,zI8nv,zI8uv,0
445H2.jpg,445H2,qd5H2,0
IQ0gk.jpg,IQ0gk,t70gk,0
AoP93.jpg,AoP93,AoE93,0
6vVTn.jpg,6vVTn,6vdTn,0
k0xvW.jpg,k0xvW,k0xvW,1
koLLk.jpg,koLLk,ModLk,0
lFnfN.jpg,lFnfN,jZufH,0
LZ036.jpg,LZ036,LZQ36,0
p1b3e.jpg,p1b3e,P1h3C,0
xuyp5.jpg,xuyp5,xuYp5,0
m67G8.jpg,m67G8,m67Q8,0
p98eb.jpg,p98eb,P98eh,0
9JIl1.jpg,9JIl1,9J7lH,0
r6oFo.jpg,r6oFo,rGwFo,0
722Zf.jpg,722Zf,72Qzf,0
0AU3T.jpg,0AU3T,0AU3F,0
42V09.jpg,42V09,42F09,0
30kAg.jpg,30kAg,3OYAg,0
tW6nr.jpg,tW6nr,LW6hr,0
Mg6g7.jpg,Mg6g7,MU6s7,0
6Rdug.jpg,6Rdug,64Ivg,0
0E5V3.jpg,0E5V3,QE5V3,0
EFSHw.jpg,EFSHw,BI5Au,0
Wx3G5.jpg,Wx3G5,Hr3C5,0
G62jY.jpg,G62jY,C621V,0
7sEUj.jpg,7sEUj,7sEUj,1
oKS29.jpg,oKS29,0H519,0
S1tj6.jpg,S1tj6,SAtj6,0
86fDV.jpg,86fDV,857DV,0
G4j8u.jpg,G4j8u,G4j2u,0
vKl2E.jpg,vKl2E,vXl2C,0
hkDwL.jpg,hkDwL,lkDwo,0
gTW23.jpg,gTW23,91H23,0
e2dMU.jpg,e2dMU,e2dMU,1
CdRG1.jpg,CdRG1,DdKG1,0
91ow3.jpg,91ow3,91pw3,0
pNceh.jpg,pNceh,wNcZh,0
7J3zr.jpg,7J3zr,7J3zr,1
pa7Ke.jpg,pa7Ke,Fa7KC,0
HjrLC.jpg,HjrLC,HJrLC,0
9LS7q.jpg,9LS7q,DlS7q,0
82cEr.jpg,82cEr,82glr,0
0k0k8.jpg,0k0k8,04Ck8,0
4n5n4.jpg,4n5n4,4r5nV,0
fpNn4.jpg,fpNn4,f2Nn4,0
wr8dE.jpg,wr8dE,wr3dE,0
ldhIu.jpg,ldhIu,ldhCv,0
hsD71.jpg,hsD71,hwD71,0
X8cMc.jpg,X8cMc,X8jMc,0
wobbl.jpg,wobbl,yoDhL,0
9Ur9S.jpg,9Ur9S,BHFJ5,0
vA7ll.jpg,vA7ll,vA7bl,0
c81Cy.jpg,c81Cy,c3IGy,0
GpYz9.jpg,GpYz9,GpVz9,0
aVQ7g.jpg,aVQ7g,aVC7g,0
v208o.jpg,v208o,Y2U8e,0
7c18I.jpg,7c18I,7c18M,0
YtFwy.jpg,YtFwy,YtFmy,0
ppkC7.jpg,ppkC7,2jKC7,0
20niM.jpg,20niM,2onIM,0
bSA9k.jpg,bSA9k,bSA9L,0
0T57Q.jpg,0T57Q,0T57Q,1
i5fA2.jpg,i5fA2,J5FA2,0
5OC8v.jpg,5OC8v,5Of8v,0
wRJt3.jpg,wRJt3,uRJf3,0
3g929.jpg,3g929,3gM29,0
KuoDQ.jpg,KuoDQ,kU4dQ,0
l6IW0.jpg,l6IW0,F6fW0,0
3W4pR.jpg,3W4pR,3W4pR,1
k2UJF.jpg,k2UJF,A2GJF,0
HqUA8.jpg,HqUA8,HgLA8,0
MsE3U.jpg,MsE3U,M4E3U,0
mDaz9.jpg,mDaz9,mDTz9,0
a4hrs.jpg,a4hrs,a4hvY,0
QR6AK.jpg,QR6AK,qRyAK,0
6w941.jpg,6w941,6m941,0
3Ba43.jpg,3Ba43,1Br43,0
94bIB.jpg,94bIB,94nlB,0
q48m2.jpg,q48m2,g18m2,0
y6fjT.jpg,y6fjT,y6fjT,1
IG9XS.jpg,IG9XS,LC9X5,0
dLC3X.jpg,dLC3X,dLC3X,1
7mAec.jpg,7mAec,7mAeC,0
Du7S1.jpg,Du7S1,Du781,0
OQNgQ.jpg,OQNgQ,9CNyU,0
R35Tu.jpg,R35Tu,R35Tu,1
aT79K.jpg,aT79K,aTZ9K,0
f9zCS.jpg,f9zCS,f9ACS,0
x216o.jpg,x216o,rR16a,0
1RZ6M.jpg,1RZ6M,1RZoM,0
M738J.jpg,M738J,M7y8J,0
C2Jf1.jpg,C2Jf1,C2Jf1,1
ePoMY.jpg,ePoMY,tPoMY,0
s39Zv.jpg,s39Zv,n39ZV,0
1KEJS.jpg,1KEJS,vKEJS,0
kmqvQ.jpg,kmqvQ,kmqvO,0
kDtJw.jpg,kDtJw,kDtJw,1
fBI6h.jpg,fBI6h,fwj6h,0
x1sJw.jpg,x1sJw,a1tJw,0
aOnIF.jpg,aOnIF,2OnIF,0
XCYGY.jpg,XCYGY,XEroW,0
3Ry9e.jpg,3Ry9e,3RyDz,0
Oth2G.jpg,Oth2G,Dth2G,0
l98Gi.jpg,l98Gi,l9Cez,0
KXZ6N.jpg,KXZ6N,KX25N,0
Q8725.jpg,Q8725,Q87M5,0
P3z6n.jpg,P3z6n,PVz6n,0
h6Zu9.jpg,h6Zu9,hTru9,0
u2og1.jpg,u2og1,u2ogW,0
nAmF6.jpg,nAmF6,nZwE6,0
YpX7S.jpg,YpX7S,YpX7S,1
z8Krz.jpg,z8Krz,z8Hrx,0
WUQ6N.jpg,WUQ6N,WUQ6N,1
2k8Y1.jpg,2k8Y1,2K6YL,0
3r7m7.jpg,3r7m7,3t7m9,0
44rLN.jpg,44rLN,5drLH,0
J1ejE.jpg,J1ejE,diOjE,0
tot9v.jpg,tot9v,LAF9V,0
BoFL5.jpg,BoFL5,BoF25,0
ay0UL.jpg,ay0UL,ay0ZL,0
3fHtb.jpg,3fHtb,3FHTB,0
0UQjN.jpg,0UQjN,0UfjN,0
Hc7Qr.jpg,Hc7Qr,Hc7Or,0
C6q8x.jpg,C6q8x,C6q1x,0
0g3z3.jpg,0g3z3,0c873,0
vTiNZ.jpg,vTiNZ,uTsNZ,0
UcgMU.jpg,UcgMU,UcJKQ,0
qSgpE.jpg,qSgpE,1SgpE,0
Os65j.jpg,Os65j,0z651,0
4OamM.jpg,4OamM,4OarM,0
449Rp.jpg,449Rp,149Rp,0
8bAKK.jpg,8bAKK,8bA7K,0
EL8ga.jpg,EL8ga,EL8ga,1
DT4Ri.jpg,DT4Ri,DT4Ru,0
YhvWW.jpg,YhvWW,YhvNW,0
E647z.jpg,E647z,E6Y7z,0
7D1yn.jpg,7D1yn,7D4Zn,0
9x5l3.jpg,9x5l3,GxPL3,0
629Hz.jpg,629Hz,6E9Hz,0
EsXe3.jpg,EsXe3,EsXQ3,0
7nDs1.jpg,7nDs1,7nDsI,0
gGfd7.jpg,gGfd7,gGfM7,0
Ob1h7.jpg,Ob1h7,0Btn7,0
Xad1j.jpg,Xad1j,Xad1L,0
c6ScZ.jpg,c6ScZ,E6sTZ,0
hyvTI.jpg,hyvTI,hyGTI,0
rKdh6.jpg,rKdh6,rKJh6,0
Y8XU6.jpg,Y8XU6,Y8XU6,1
8hTYw.jpg,8hTYw,8A1Yw,0
O1JWZ.jpg,O1JWZ,01aWZ,0
zsrTs.jpg,zsrTs,zHLTs,0
L6NFi.jpg,L6NFi,L9NTb,0
iAcoh.jpg,iAcoh,IACoh,0
ry43X.jpg,ry43X,Dy43X,0
5795a.jpg,5795a,E79fA,0
ywSF3.jpg,ywSF3,jwZ9x,0
k9V6i.jpg,k9V6i,R9V6i,0
096I4.jpg,096I4,096IK,0
1D1S6.jpg,1D1S6,1MYS6,0
hPc9G.jpg,hPc9G,yPcmG,0
6RJ7j.jpg,6RJ7j,6R17j,0
8QnnW.jpg,8QnnW,8Cn7W,0
KVF2E.jpg,KVF2E,KVF1c,0
Lo2As.jpg,Lo2As,LoZAs,0
038yV.jpg,038yV,QSLyV,0
G2k8C.jpg,G2k8C,oYk8C,0
5N9Yt.jpg,5N9Yt,5NqYt,0
U8HHo.jpg,U8HHo,U3N4q,0
WBiXA.jpg,WBiXA,WBtXA,0
25m5p.jpg,25m5p,29m5k,0
oD0Sj.jpg,oD0Sj,oD0Si,0
UJE5W.jpg,UJE5W,U1E5V,0
Qt7O7.jpg,Qt7O7,qtkWy,0
eEZ1l.jpg,eEZ1l,eEN1l,0
Wgz7a.jpg,Wgz7a,WqZ7n,0
SS8W2.jpg,SS8W2,bS8Wr,0
nwXP0.jpg,nwXP0,hWX20,0
P6EZo.jpg,P6EZo,P6NZo,0
e3517.jpg,e3517,o3ME7,0
CAa0A.jpg,CAa0A,CHa0A,0
3K6z7.jpg,3K6z7,3H6z7,0
HmwIb.jpg,HmwIb,OmwIb,0
0m3Qt.jpg,0m3Qt,9m3Qt,0
wxo6u.jpg,wxo6u,WxpC1,0
D3PMw.jpg,D3PMw,D3Ptw,0
gvxVz.jpg,gvxVz,Pv2Yz,0
4k82p.jpg,4k82p,4kC2p,0
5pVZ2.jpg,5pVZ2,50V42,0
062mT.jpg,062mT,062mY,0
65RT3.jpg,65RT3,C5R13,0
yc2UV.jpg,yc2UV,y62HV,0
uv0rW.jpg,uv0rW,uvoiW,0
wz7Ej.jpg,wz7Ej,Mz7EJ,0
O3w5l.jpg,O3w5l,KaJzl,0
66lcE.jpg,66lcE,S64oF,0
XQU5L.jpg,XQU5L,XQV5L,0
vvdIV.jpg,vvdIV,RvdIY,0
HxEsL.jpg,HxEsL,HxFsm,0
c77JJ.jpg,c77JJ,CF2Jy,0
t3beo.jpg,t3beo,t3bGo,0
piJt7.jpg,piJt7,pQJt7,0
V43Xq.jpg,V43Xq,V43Kc,0
0rCBE.jpg,0rCBE,orCBE,0
E16yp.jpg,E16yp,E15vP,0
Ng5HL.jpg,Ng5HL,Nq5WL,0
zWKGt.jpg,zWKGt,zWKGt,1
WzIcj.jpg,WzIcj,Wzmcj,0
JtIvH.jpg,JtIvH,JcOvH,0
UnP1C.jpg,UnP1C,UnF1C,0
oRKPq.jpg,oRKPq,6RKPq,0
i72fN.jpg,i72fN,E7ufN,0
zHi1n.jpg,zHi1n,zHC1n,0
V1033.jpg,V1033,Vf0m8,0
0Nc2p.jpg,0Nc2p,0Nc2f,0
5JYj4.jpg,5JYj4,5JYr4,0
46X9k.jpg,46X9k,i6X9k,0
RBmcu.jpg,RBmcu,KBmcu,0
K08c3.jpg,K08c3,K07c3,0
M7TrA.jpg,M7TrA,H7Yc4,0
R9WiX.jpg,R9WiX,P9WiX,0
e13em.jpg,e13em,ol3Gm,0
fU39o.jpg,fU39o,fUA9o,0
8I9Yv.jpg,8I9Yv,8L9Yv,0
49Lo8.jpg,49Lo8,497o8,0
62P9C.jpg,62P9C,H2p9c,0
a5U9p.jpg,a5U9p,a5H9p,0
Hi9tP.jpg,Hi9tP,H19qF,0
2bHDY.jpg,2bHDY,2bHCY,0
B2tCj.jpg,B2tCj,B2tqj,0
J3oi1.jpg,J3oi1,J3oZ1,0
b5M8a.jpg,b5M8a,l5M8a,0
mM671.jpg,mM671,nM671,0
0LrfF.jpg,0LrfF,0Lr2F,0
UK82N.jpg,UK82N,UK62a,0
g3O1W.jpg,g3O1W,g3OjW,0
B7uji.jpg,B7uji,B7nji,0
5haNM.jpg,5haNM,5haCM,0
31ZI9.jpg,31ZI9,3NZl0,0
442xO.jpg,442xO,V4m5O,0
5CyFz.jpg,5CyFz,5CyNz,0
flrO3.jpg,flrO3,TlrO3,0
WCmrN.jpg,WCmrN,WCZfN,0
oTfR4.jpg,oTfR4,oTfR4,1
N8Z07.jpg,N8Z07,N8z07,0
ZDag6.jpg,ZDag6,ZDaT6,0
4S1X0.jpg,4S1X0,4SiX0,0
bt8W3.jpg,bt8W3,b18H3,0
Exp1j.jpg,Exp1j,Exp1J,0
s4KR8.jpg,s4KR8,s4XR8,0
qTYaV.jpg,qTYaV,47Yev,0
Xk3Zx.jpg,Xk3Zx,Xk3Zv,0
UNI0e.jpg,UNI0e,UXi0e,0
d0KkM.jpg,d0KkM,70KkM,0
5QW8n.jpg,5QW8n,5OW81,0
4sAsy.jpg,4sAsy,38mvC,0
26ohH.jpg,26ohH,ZrokH,0
Fi8Vd.jpg,Fi8Vd,Fi8Wd,0
h1AXV.jpg,h1AXV,H1AXV,0
n0N3F.jpg,n0N3F,n0M3F,0
9SfV9.jpg,9SfV9,9Sfw0,0
8xw9m.jpg,8xw9m,8xV9m,0
dh8xU.jpg,dh8xU,dh8XU,0
sU9ah.jpg,sU9ah,sU9ah,1
afGzB.jpg,afGzB,afXzB,0
pJ3gK.jpg,pJ3gK,pJ3qK,0
s86Kn.jpg,s86Kn,286Kh,0
fJ62s.jpg,fJ62s,MJ62s,0
jo7zP.jpg,jo7zP,L07zP,0
6986H.jpg,6986H,y98cH,0
G6naK.jpg,G6naK,G5mzK,0
56JdP.jpg,56JdP,56JdP,1
3FQ70.jpg,3FQ70,3FQAU,0
ZRc03.jpg,ZRc03,ZRi03,0
7d1tI.jpg,7d1tI,7dTCl,0
tOfj5.jpg,tOfj5,VOhj5,0
8sTPc.jpg,8sTPc,8sTPc,1
31Cf4.jpg,31Cf4,M1Cf4,0
gPY6q.jpg,gPY6q,gP16q,0
20Nst.jpg,20Nst,20Yct,0
95th5.jpg,95th5,9StZ5,0
13O7l.jpg,13O7l,13e7J,0
4G9MO.jpg,4G9MO,4GxMQ,0
9oXX3.jpg,9oXX3,9u4R3,0
YpM5C.jpg,YpM5C,Y4M5C,0
2QB10.jpg,2QB10,2QB1U,0
OzDJC.jpg,OzDJC,OzDJt,0
mkR3y.jpg,mkR3y,plR3y,0
DFz8k.jpg,DFz8k,AFz8k,0
1r6bk.jpg,1r6bk,1rGbK,0
5FvoV.jpg,5FvoV,5fxoV,0
i42Ub.jpg,i42Ub,i42Ub,1
D63qd.jpg,D63qd,D6jxd,0
m8RBg.jpg,m8RBg,mSRBg,0
643ng.jpg,643ng,64Sng,0
x2hYL.jpg,x2hYL,x2hYt,0
q3SJ0.jpg,q3SJ0,g35H0,0
uRKYg.jpg,uRKYg,uRbYg,0
r7gCU.jpg,r7gCU,rXgCU,0
87erf.jpg,87erf,8herf,0
xFmc3.jpg,xFmc3,XFmC3,0
38xPT.jpg,38xPT,38xPT,1
LE96m.jpg,LE96m,lF96m,0
YWC90.jpg,YWC90,YWC9J,0
3N2nl.jpg,3N2nl,3V2nI,0
hmW2B.jpg,hmW2B,heW2B,0
uhfq3.jpg,uhfq3,uHFcZ,0
HTSZY.jpg,HTSZY,HT5Zv,0
zFP37.jpg,zFP37,xfP37,0
FXX5K.jpg,FXX5K,DVX5K,0
XCk62.jpg,XCk62,XCN62,0
vO7w5.jpg,vO7w5,yOLw5,0
P2k3a.jpg,P2k3a,C2K3a,0
54uh3.jpg,54uh3,54ub3,0
9x54i.jpg,9x54i,9x5Wi,0
V15t9.jpg,V15t9,VT5C9,0
jB70q.jpg,jB70q,iB70a,0
prfhN.jpg,prfhN,prfhN,1
7vMOV.jpg,7vMOV,7uMOV,0
94UQi.jpg,94UQi,94Mqi,0
p8720.jpg,p8720,p8720,1
i7LoV.jpg,i7LoV,i7LoN,0
Ci27l.jpg,Ci27l,Qj27l,0
Mb0pb.jpg,Mb0pb,Ho0Pj,0
WGccl.jpg,WGccl,MGxc1,0
f0ct5.jpg,f0ct5,f0At5,0
gHRId.jpg,gHRId,gHR1d,0
P8y17.jpg,P8y17,P6yi7,0
29gyR.jpg,29gyR,2CgyR,0
g15Y6.jpg,g15Y6,g4SY6,0
T0w8M.jpg,T0w8M,10u3M,0
VFuch.jpg,VFuch,VFucb,0
g7SKU.jpg,g7SKU,q7SKU,0
72k9B.jpg,72k9B,T2h9B,0
0UZ4z.jpg,0UZ4z,0UZ4v,0
lZipS.jpg,lZipS,4ZlpS,0
7b5p6.jpg,7b5p6,1bsn6,0
Kp7z8.jpg,Kp7z8,Kp7z8,1
v7ZMT.jpg,v7ZMT,V7ZHI,0
ReVZZ.jpg,ReVZZ,R0V7Z,0
crnxc.jpg,crnxc,ZrhXc,0
05y4m.jpg,05y4m,02y4m,0
386Rd.jpg,386Rd,38CRd,0
E02Pw.jpg,E02Pw,E62Yw,0
WDOkc.jpg,WDOkc,W9Oke,0
y561E.jpg,y561E,y561E,1
Lm6US.jpg,Lm6US,Lm6V3,0
E3Bd1.jpg,E3Bd1,F3Bd1,0
YFH1O.jpg,YFH1O,YF21D,0
aq1wS.jpg,aq1wS,2g1W5,0
58z7Q.jpg,58z7Q,58u7Q,0
1K0GL.jpg,1K0GL,1K0GL,1
g89l2.jpg,g89l2,g8w12,0
2D58z.jpg,2D58z,2D58z,1
8CWhQ.jpg,8CWhQ,3cWhQ,0
88z7m.jpg,88z7m,89U7p,0
fGZ7m.jpg,fGZ7m,fCX7m,0
GLN3Q.jpg,GLN3Q,6LN3Q,0
X4usL.jpg,X4usL,X4usE,0
LEwcI.jpg,LEwcI,LEwc7,0
Uk623.jpg,Uk623,UX623,0
14anf.jpg,14anf,j4amC,0
47NZl.jpg,47NZl,47MZI,0
E61qg.jpg,E61qg,Ev1qg,0
1CC8M.jpg,1CC8M,1QC8M,0
I8ZW5.jpg,I8ZW5,IeZW5,0
LgA30.jpg,LgA30,LgA36,0
FR4ew.jpg,FR4ew,FR4CW,0
25XWN.jpg,25XWN,25XWN,1
w76oG.jpg,w76oG,Vz6Dg,0
k067V.jpg,k067V,K067V,0
4X2DG.jpg,4X2DG,4X2D6,0
MgT1s.jpg,MgT1s,MoTls,0
E4283.jpg,E4283,E42R3,0
I8aA8.jpg,I8aA8,lwaA8,0
n6d89.jpg,n6d89,m6d89,0
R13mG.jpg,R13mG,R13mG,1
Uz1XP.jpg,Uz1XP,Gz1XP,0
QPE89.jpg,QPE89,QPkJ9,0
9w644.jpg,9w644,9w6Z4,0
rx0o5.jpg,rx0o5,fx0o5,0
9KX02.jpg,9KX02,9HX02,0
kNma6.jpg,kNma6,lNmz6,0
jV8wb.jpg,jV8wb,jV8wb,1
jg64F.jpg,jg64F,Jg54F,0
tTX31.jpg,tTX31,CPX31,0
siI88.jpg,siI88,srjU8,0
q38WP.jpg,q38WP,a3AVF,0
33E0U.jpg,33E0U,3sE0U,0
zHG1e.jpg,zHG1e,zA61e,0
y216y.jpg,y216y,fQ16y,0
8ReMy.jpg,8ReMy,8PaMy,0
5mY1O.jpg,5mY1O,5mV1O,0
e1s0Q.jpg,e1s0Q,k1M2O,0
XA33O.jpg,XA33O,XA3FO,0
iPxNr.jpg,iPxNr,LPxMr,0
kP9Uy.jpg,kP9Uy,hP9Zy,0
eLdc9.jpg,eLdc9,oLSv9,0
KNM6c.jpg,KNM6c,KAM5c,0
H6TCi.jpg,H6TCi,N6TCi,0
LiA0X.jpg,LiA0X,LiA03,0
Hxggo.jpg,Hxggo,HxT60,0
3hSYd.jpg,3hSYd,3hSVd,0
r7PcK.jpg,r7PcK,u7PcK,0
n9Pl4.jpg,n9Pl4,n9Pj4,0
VtUg6.jpg,VtUg6,VtHg6,0
j8wbo.jpg,j8wbo,j6who,0
nsq03.jpg,nsq03,nseOB,0
OW6iN.jpg,OW6iN,DW6iN,0
2660f.jpg,2660f,2hG01,0
w622K.jpg,w622K,w659K,0
l6Kz1.jpg,l6Kz1,lGXzj,0
6p9us.jpg,6p9us,6p9us,1
GZu34.jpg,GZu34,GZuY4,0
8vWch.jpg,8vWch,8vWfh,0
6LUi0.jpg,6LUi0,5LUj9,0
aH5gd.jpg,aH5gd,aH5gd,1
H5x04.jpg,H5x04,H5r04,0
7Q45Y.jpg,7Q45Y,7m45Y,0
oWszX.jpg,oWszX,oHszX,0
axJ6b.jpg,axJ6b,aXJCb,0
huL0x.jpg,huL0x,huL0x,1
ru9th.jpg,ru9th,ru21h,0
2S44b.jpg,2S44b,ySa4b,0
FLnqA.jpg,FLnqA,FLn9A,0
3uNZt.jpg,3uNZt,3uMZt,0
lH5G9.jpg,lH5G9,lM5G9,0
T3Eae.jpg,T3Eae,I3ERe,0
48fG4.jpg,48fG4,4MfGd,0
5PsE0.jpg,5PsE0,5PVE0,0
j0vxE.jpg,j0vxE,j0PxE,0
Sf8PM.jpg,Sf8PM,Sf8Pu,0
bHQzN.jpg,bHQzN,bHCzM,0
b6826.jpg,b6826,bjg2a,0
0E58W.jpg,0E58W,0E58W,1
ESfM8.jpg,ESfM8,Z5fM8,0
TcPAz.jpg,TcPAz,TrPB3,0
96zVt.jpg,96zVt,96RVt,0
Y99B7.jpg,Y99B7,YMeB7,0
aoBkG.jpg,aoBkG,aoBkG,1
YVN9g.jpg,YVN9g,fWN9q,0
23lxX.jpg,23lxX,43lxX,0
I0GQa.jpg,I0GQa,1pGQa,0
q7juQ.jpg,q7juQ,T2ARQ,0
7IAND.jpg,7IAND,7I4ND,0
3WJ4c.jpg,3WJ4c,3W74c,0
1SYwM.jpg,1SYwM,1SYnM,0
Me7XB.jpg,Me7XB,Me7XB,1
SOAQ5.jpg,SOAQ5,SOARt,0
yJ7Hp.jpg,yJ7Hp,yJZHp,0
yd7iF.jpg,yd7iF,yd7jF,0
3QY39.jpg,3QY39,5CL39,0
1L2py.jpg,1L2py,1L2py,1
PlW6M.jpg,PlW6M,PlZ6M,0
g2U1l.jpg,g2U1l,g2Uml,0
zT2Zq.jpg,zT2Zq,zI2Zg,0
gWnlb.jpg,gWnlb,9Vm1b,0
5TVg8.jpg,5TVg8,5TWq8,0
IC5Dp.jpg,IC5Dp,IC5DA,0
86C68.jpg,86C68,96C18,0
1qQZ0.jpg,1qQZ0,1gA76,0
uZZjm.jpg,uZZjm,sKZjm,0
noAd2.jpg,noAd2,N0Ad2,0
gJ6Q5.jpg,gJ6Q5,7J6O5,0
xWTxd.jpg,xWTxd,pWTxd,0
CR0Ql.jpg,CR0Ql,CR0ZI,0
ALlYW.jpg,ALlYW,ALFYW,0
Ltps9.jpg,Ltps9,LTps9,0
8V0hM.jpg,8V0hM,8V0hM,1
GVT5U.jpg,GVT5U,GVT5U,1
9jU3M.jpg,9jU3M,9IU3M,0
2wsTN.jpg,2wsTN,2ysTN,0
Gk0n9.jpg,Gk0n9,GkAu9,0
UOCaA.jpg,UOCaA,UDcaA,0
176Ps.jpg,176Ps,176Ds,0
3r57c.jpg,3r57c,3r57c,1
70vww.jpg,70vww,70nwS,0
5AAbF.jpg,5AAbF,5H4QF,0
sHTH1.jpg,sHTH1,sUch1,0
HiriQ.jpg,HiriQ,HfrjO,0
7uqm0.jpg,7uqm0,7sqX0,0
OyV0P.jpg,OyV0P,OfVmF,0
4hc6U.jpg,4hc6U,4hc6U,1
A0vQl.jpg,A0vQl,A6vQI,0
6rvpF.jpg,6rvpF,4rypt,0
nJ2QS.jpg,nJ2QS,n12OS,0
fnM9G.jpg,fnM9G,fnM9G,1
u2T0w.jpg,u2T0w,u2IOw,0
b1F73.jpg,b1F73,biF73,0
YdKwu.jpg,YdKwu,YdKru,0
Am445.jpg,Am445,kmYZ5,0
hrR9m.jpg,hrR9m,brR9w,0
3u9Vi.jpg,3u9Vi,3u9Vl,0
X6ON5.jpg,X6ON5,X6QM5,0
1J3Jv.jpg,1J3Jv,1M34v,0
65y3D.jpg,65y3D,65y3Q,0
1wyi9.jpg,1wyi9,1wYr9,0
N54Uw.jpg,N54Uw,N5AUw,0
Q2w7N.jpg,Q2w7N,OrY6N,0
qR4of.jpg,qR4of,qR4oI,0
872Pt.jpg,872Pt,572Pt,0
1By97.jpg,1By97,iBy97,0
3RUn9.jpg,3RUn9,5RUnf,0
34210.jpg,34210,94Z10,0
N3U7p.jpg,N3U7p,K4U7p,0
cCYnN.jpg,cCYnN,cCYK3,0
P0O1L.jpg,P0O1L,FoOtL,0
U0I11.jpg,U0I11,U0zY1,0
Ls0il.jpg,Ls0il,Ls0Hf,0
DUE52.jpg,DUE52,DUH5x,0
r37On.jpg,r37On,r370H,0
4M2y2.jpg,4M2y2,4Mzy2,0
2sJSL.jpg,2sJSL,2sJYL,0
0BnCM.jpg,0BnCM,0BnCM,1
M486t.jpg,M486t,H48GI,0
15ph3.jpg,15ph3,1Fph3,0
5l3ze.jpg,5l3ze,5i3ze,0
923xv.jpg,923xv,973kv,0
G3snj.jpg,G3snj,C3shj,0
b637g.jpg,b637g,b637y,0
Xpt9T.jpg,Xpt9T,Xpc9T,0
S2Qd0.jpg,S2Qd0,S2QdB,0
8s8py.jpg,8s8py,8sZpy,0
F1yCf.jpg,F1yCf,FXyOt,0
Ao90t.jpg,Ao90t,AuS0r,0
8rG8G.jpg,8rG8G,MrQ6E,0
c6VIY.jpg,c6VIY,c6VlY,0
1ty50.jpg,1ty50,1ty50,1
9LDlo.jpg,9LDlo,9LX1o,0
0pn1U.jpg,0pn1U,0pmTU,0
lU498.jpg,lU498,rU498,0
6r82X.jpg,6r82X,6182X,0
JH003.jpg,JH003,1NP63,0
xNU8p.jpg,xNU8p,yAU8p,0
3qUGz.jpg,3qUGz,3qU6z,0
zhWY9.jpg,zhWY9,Zhwx9,0
dU7QK.jpg,dU7QK,dC7QK,0
9i9v9.jpg,9i9v9,9f2wO,0
340k6.jpg,340k6,340k6,1
D4IVr.jpg,D4IVr,B4IVr,0
7pIqF.jpg,7pIqF,7pWqF,0
sSJRa.jpg,sSJRa,s9JRa,0
Kr14L.jpg,Kr14L,Kr14L,1
FTk4b.jpg,FTk4b,F7k4o,0
eSc3f.jpg,eSc3f,A5c3f,0
a3hri.jpg,a3hri,a3hrL,0
5uPL1.jpg,5uPL1,5uPL1,1
bF1Cz.jpg,bF1Cz,bF1Cz,1
Y3bPV.jpg,Y3bPV,YSblV,0
Kufm2.jpg,Kufm2,Kufm2,1
n2zc9.jpg,n2zc9,h2zC9,0
jTNF1.jpg,jTNF1,jVK61,0
RUgeA.jpg,RUgeA,RWgeA,0
A3cB9.jpg,A3cB9,A4cB9,0
pMA91.jpg,pMA91,qMA2j,0
xNlBa.jpg,xNlBa,xNLBa,0
O3b86.jpg,O3b86,O1b86,0
tsQUz.jpg,tsQUz,tsQMz,0
96Z6i.jpg,96Z6i,9AZ6l,0
40IDE.jpg,40IDE,4oIWE,0
T5dl5.jpg,T5dl5,Tmdi5,0
N246O.jpg,N246O,H2460,0
cGP9W.jpg,cGP9W,eGP9H,0
Bs67M.jpg,Bs67M,Bs67M,1
4d71M.jpg,4d71M,407fM,0
Z9jjp.jpg,Z9jjp,Z9M1n,0
lPB02.jpg,lPB02,lPRa2,0
mjD11.jpg,mjD11,mjB4z,0
A594m.jpg,A594m,A591v,0
nsj03.jpg,nsj03,msL03,0
nWtSt.jpg,nWtSt,nHl5t,0
crPIy.jpg,crPIy,crVHy,0
rfT3P.jpg,rfT3P,rfT3P,1
4txeL.jpg,4txeL,4Pxeu,0
EZS5A.jpg,EZS5A,EZS5A,1
7v6nr.jpg,7v6nr,7v6mr,0
r7e6X.jpg,r7e6X,r7Q5X,0
pFYf2.jpg,pFYf2,oRYf2,0
dqG2F.jpg,dqG2F,dqG5P,0
JGt8T.jpg,JGt8T,JGt8y,0
uSake.jpg,uSake,uSa7e,0
u647D.jpg,u647D,u647D,1
cwcsr.jpg,cwcsr,2WC5r,0
AS5uz.jpg,AS5uz,A3FqZ,0
b0i4N.jpg,b0i4N,bUz4N,0
3hs73.jpg,3hs73,8hC7J,0
4m70r.jpg,4m70r,4m70r,1
MGF53.jpg,MGF53,M6F53,0
o3BoC.jpg,o3BoC,o3RYC,0
67m5n.jpg,67m5n,67P5n,0
ja7Og.jpg,ja7Og,IX7O9,0
Yb6Ig.jpg,Yb6Ig,YbOxg,0
v57E2.jpg,v57E2,v5XE2,0
620YI.jpg,620YI,620Vl,0
3I069.jpg,3I069,31nG9,0
wM40k.jpg,wM40k,wMFek,0
nHS7X.jpg,nHS7X,nHS7X,1
5ZT0j.jpg,5ZT0j,bZY0J,0
S81Z3.jpg,S81Z3,S61Z3,0
ZQC9c.jpg,ZQC9c,2AO9c,0
evlCb.jpg,evlCb,eV1C5,0
KZ5Jw.jpg,KZ5Jw,KZ0Jw,0
U0n8N.jpg,U0n8N,U0n8M,0
72I5C.jpg,72I5C,72m5C,0
8upcc.jpg,8upcc,8mPGe,0
rh3c1.jpg,rh3c1,rh3c1,1
77oCy.jpg,77oCy,zJeCv,0
9oON7.jpg,9oON7,9qZNc,0
2L3Gg.jpg,2L3Gg,2L3Kg,0
5QR17.jpg,5QR17,5QRl7,0
00cF8.jpg,00cF8,D9KF3,0
bSa6W.jpg,bSa6W,bSa6V,0
sKTON.jpg,sKTON,5K70m,0
2hX1K.jpg,2hX1K,2bX1K,0
q17J1.jpg,q17J1,gt7J1,0
P9fcQ.jpg,P9fcQ,R5fcQ,0
eLX10.jpg,eLX10,e4Y10,0
CzXV7.jpg,CzXV7,CzAV7,0
JROQ9.jpg,JROQ9,JRO79,0
WE079.jpg,WE079,WEA79,0
N95HJ.jpg,N95HJ,N95UJ,0
67Qr0.jpg,67Qr0,67QrU,0
e2Cjd.jpg,e2Cjd,eMCjd,0
71wwH.jpg,71wwH,71nWH,0
r3UwY.jpg,r3UwY,r3OwY,0
pYu00.jpg,pYu00,pYw0e,0
4dYKU.jpg,4dYKU,4dYKU,1
M12yA.jpg,M12yA,G12yA,0
J19Y4.jpg,J19Y4,J1DY4,0
XBj91.jpg,XBj91,XBi91,0
7kK7B.jpg,7kK7B,7nKTB,0
bK6tj.jpg,bK6tj,bKZtj,0
i1Tn4.jpg,i1Tn4,r1Tm4,0
0Q6pB.jpg,0Q6pB,cQ6pH,0
7a9L8.jpg,7a9L8,7a9E8,0
Ai40O.jpg,Ai40O,Ax90O,0
5Aot2.jpg,5Aot2,5Aoi2,0
hV7x1.jpg,hV7x1,hV9x1,0
N1Qbz.jpg,N1Qbz,N1Obz,0
O459S.jpg,O459S,O459r,0
r39nR.jpg,r39nR,f39nR,0
9q7L9.jpg,9q7L9,9q7h0,0
D13gS.jpg,D13gS,D1ZgS,0
17H8e.jpg,17H8e,t7H8c,0
CS4M8.jpg,CS4M8,cm4M8,0
YOs3K.jpg,YOs3K,YOb3H,0
Q2Efd.jpg,Q2Efd,02EIJ,0
144ma.jpg,144ma,1V4Ma,0
I5X1C.jpg,I5X1C,L5Xfm,0
j10p2.jpg,j10p2,j40p2,0
cY3tK.jpg,cY3tK,EY3tK,0
pr4l9.jpg,pr4l9,ur4LS,0
1p0Ur.jpg,1p0Ur,1kQUr,0
iefv8.jpg,iefv8,hefV8,0
xG58o.jpg,xG58o,xG58e,0
9779G.jpg,9779G,0K79C,0
N1zP5.jpg,N1zP5,N1zD5,0
7M6E8.jpg,7M6E8,7M6E3,0
cE4w2.jpg,cE4w2,cE4w2,1
9F6LC.jpg,9F6LC,9F6LC,1
6U607.jpg,6U607,Gd5w1,0
qXjN5.jpg,qXjN5,qYjNc,0
69m61.jpg,69m61,G3Hb1,0
z731s.jpg,z731s,z7Rjs,0
sP35S.jpg,sP35S,XP35G,0
XqNnH.jpg,XqNnH,XgNpH,0
3ngoG.jpg,3ngoG,3hgBC,0
u16UZ.jpg,u16UZ,u16XZ,0
Dhg4X.jpg,Dhg4X,Ohg1X,0
2M6Iw.jpg,2M6Iw,ZM6fw,0
z3P04.jpg,z3P04,z3E04,0
iF90I.jpg,iF90I,rFW0I,0
3yuZ5.jpg,3yuZ5,3ypZ5,0
brDn6.jpg,brDn6,b7Dn6,0
XOuqJ.jpg,XOuqJ,XOukJ,0
lT3vE.jpg,lT3vE,6T3vE,0
624Ll.jpg,624Ll,p24LM,0
5p04T.jpg,5p04T,5R04T,0
NgX6m.jpg,NgX6m,NqX6P,0
9gZ0Q.jpg,9gZ0Q,WgZ0Q,0
71sav.jpg,71sav,71Sdv,0
624N2.jpg,624N2,6P4NT,0
4f078.jpg,4f078,4fm78,0
t3Zx5.jpg,t3Zx5,t3Zx5,1
EdZL6.jpg,EdZL6,EdZt6,0
L05w7.jpg,L05w7,L05w7,1
FPo1N.jpg,FPo1N,CPo1N,0
HhBgn.jpg,HhBgn,HbBgm,0
Y2RIw.jpg,Y2RIw,Y2XFw,0
NRXEX.jpg,NRXEX,NRK5X,0
xb546.jpg,xb546,Vb546,0
9a7GZ.jpg,9a7GZ,9a76Z,0
Kp14I.jpg,Kp14I,KpQ4l,0
5Z7Z3.jpg,5Z7Z3,5XwZ3,0
7bD03.jpg,7bD03,7bR03,0
M45pS.jpg,M45pS,M45pS,1
670w8.jpg,670w8,610M3,0
3l5Pz.jpg,3l5Pz,3L5Pa,0
sY2Jw.jpg,sY2Jw,sY2Aw,0
Vh821.jpg,Vh821,VhKO1,0
3l5sA.jpg,3l5sA,3lSuA,0
d595d.jpg,d595d,o59Nd,0
aSvg8.jpg,aSvg8,aS7g8,0
q6122.jpg,q6122,q61zQ,0
gH14q.jpg,gH14q,kH14q,0
0D505.jpg,0D505,oD5uX,0
39CaQ.jpg,39CaQ,V9Cah,0
RqmOM.jpg,RqmOM,DgmOM,0
qHCm5.jpg,qHCm5,gHCx5,0
N29r6.jpg,N29r6,N2nL6,0
EaB2U.jpg,EaB2U,FaB2U,0
O3ZdQ.jpg,O3ZdQ,O3Zdn,0
fA1x0.jpg,fA1x0,fATx0,0
4SuuR.jpg,4SuuR,4Seuk,0
M8F11.jpg,M8F11,M8F1q,0
hr4u0.jpg,hr4u0,hr4u0,1
4N4Fm.jpg,4N4Fm,4MzEm,0
nmDNq.jpg,nmDNq,nfDMq,0
49TrU.jpg,49TrU,49TeU,0
20VA6.jpg,20VA6,Z0VA6,0
IH9Gx.jpg,IH9Gx,pH9Gx,0
3R4qI.jpg,3R4qI,3R4eI,0
hg4SO.jpg,hg4SO,hg4SL,0
H6p48.jpg,H6p48,H6Q48,0
Uyl0i.jpg,Uyl0i,UFV0i,0
6618t.jpg,6618t,6C1Nt,0
Qi982.jpg,Qi982,Q1932,0
Qh3dc.jpg,Qh3dc,Ob3dE,0
4hwkz.jpg,4hwkz,4hwko,0
62vxo.jpg,62vxo,62jXO,0
7v2w5.jpg,7v2w5,7vNw5,0
9MfJ3.jpg,9MfJ3,9MAJ3,0
5OELL.jpg,5OELL,5OPjW,0
49Q89.jpg,49Q89,49Q67,0
J3WvC.jpg,J3WvC,JAWvC,0
44aTr.jpg,44aTr,49aLr,0
TCfr7.jpg,TCfr7,TCkr7,0
6SS1D.jpg,6SS1D,65C1D,0
QC24M.jpg,QC24M,Dc24M,0
hBge5.jpg,hBge5,hBye5,0
DeU7U.jpg,DeU7U,peH1U,0
9Rjeo.jpg,9Rjeo,9Kjzo,0
O6NYX.jpg,O6NYX,O6kYX,0
5t2e0.jpg,5t2e0,5tZe0,0
O3j58.jpg,O3j58,OXczI,0
39AxQ.jpg,39AxQ,39AxC,0
XKL58.jpg,XKL58,XKL58,1
44ZOO.jpg,44ZOO,Aak0m,0
Y6G7G.jpg,Y6G7G,Y6g2c,0
UBrgU.jpg,UBrgU,h3rgU,0
OCvg6.jpg,OCvg6,OLvX6,0
lHoCc.jpg,lHoCc,lRaCc,0
wGkXK.jpg,wGkXK,VCkXK,0
Y8NHT.jpg,Y8NHT,Y8NE7,0
4E9Z1.jpg,4E9Z1,4E9Z1,1
a1j36.jpg,a1j36,eWj36,0
6LV8g.jpg,6LV8g,51V8a,0
JT3Sd.jpg,JT3Sd,JT25d,0
4qA33.jpg,4qA33,4gAF3,0
S622t.jpg,S622t,S6u2t,0
9ITg9.jpg,9ITg9,QIhg3,0
7i5Fs.jpg,7i5Fs,7iAfs,0
5w90K.jpg,5w90K,lu90K,0
M3rVO.jpg,M3rVO,M3fVO,0
I7CqL.jpg,I7CqL,IZCmL,0
6paJ6.jpg,6paJ6,8pMJo,0
W5fSC.jpg,W5fSC,H5fSe,0
kODbZ.jpg,kODbZ,kODmZ,0
181pX.jpg,181pX,j8YpX,0
ukU7X.jpg,ukU7X,pkd7X,0
4D1jK.jpg,4D1jK,4DvjK,0
a88Vp.jpg,a88Vp,aX3VF,0
pNyU7.jpg,pNyU7,pAyU7,0
luGT8.jpg,luGT8,luQT8,0
Mbhb3.jpg,Mbhb3,Mo1b3,0
4i4Ho.jpg,4i4Ho,Ai4Mo,0
3ak0O.jpg,3ak0O,3aK9D,0
5dSeg.jpg,5dSeg,5dxcq,0
ypEyG.jpg,ypEyG,ypE7G,0
Nxzmp.jpg,Nxzmp,MLzmp,0
QJ5I1.jpg,QJ5I1,QJ5Ix,0
1sQ6J.jpg,1sQ6J,1sQ6J,1
7A171.jpg,7A171,vA17J,0
4Dq1o.jpg,4Dq1o,4DqIo,0
d6R9r.jpg,d6R9r,u6R9F,0
azx2F.jpg,azx2F,aNx2F,0
7357V.jpg,7357V,T35zU,0
0BQ7q.jpg,0BQ7q,0BQ1g,0
6e8n1.jpg,6e8n1,6e2m1,0
3uoGI.jpg,3uoGI,3uoGt,0
64uVG.jpg,64uVG,6XuVC,0
xITEN.jpg,xITEN,xlTEM,0
24QW9.jpg,24QW9,24CW9,0
3kiBT.jpg,3kiBT,3KiBT,0
NFYTG.jpg,NFYTG,HrYT6,0
G0pC4.jpg,G0pC4,60pC1,0
ls3Yc.jpg,ls3Yc,ls4Yc,0
HK9oL.jpg,HK9oL,HKSeL,0
FG5ss.jpg,FG5ss,FCbsX,0
R176T.jpg,R176T,N1Z6T,0
6eMYR.jpg,6eMYR,6cMYR,0
rmZDU.jpg,rmZDU,rAZDU,0
P1z8S.jpg,P1z8S,P128S,0
a2x32.jpg,a2x32,a2C37,0
XZLv3.jpg,XZLv3,XZIv3,0
J56lh.jpg,J56lh,J56th,0
dll5d.jpg,dll5d,Uj25o,0
V39U1.jpg,V39U1,V39h1,0
ec448.jpg,ec448,mcAV8,0
52uAo.jpg,52uAo,52LAo,0
H0smr.jpg,H0smr,H05mr,0
qI2s4.jpg,qI2s4,qI2s4,1
o292X.jpg,o292X,oZ93W,0
2cO2c.jpg,2cO2c,aEDYq,0
GSTXT.jpg,GSTXT,G5TX2,0
1q2Sx.jpg,1q2Sx,1Q25X,0
rC1xF.jpg,rC1xF,rC1xF,1
4ij8H.jpg,4ij8H,4Ij2H,0
t1kvf.jpg,t1kvf,tPxaf,0
7FAj7.jpg,7FAj7,yEAsZ,0
1vg25.jpg,1vg25,1vg25,1
e3Hg6.jpg,e3Hg6,c3Hg6,0
9FKUc.jpg,9FKUc,9TQXc,0
764EB.jpg,764EB,764FB,0
3U622.jpg,3U622,3V629,0
rEWK2.jpg,rEWK2,rEgK2,0
6PMHE.jpg,6PMHE,0PmHf,0
GAj74.jpg,GAj74,6AV74,0
gPdT0.jpg,gPdT0,gPdTX,0
9c447.jpg,9c447,9cKU7,0
27SD7.jpg,27SD7,2ySDJ,0
Im4mM.jpg,Im4mM,Ip4wM,0
2Ywcq.jpg,2Ywcq,2Ywcq,1
wpMKW.jpg,wpMKW,wpMKW,1
5R3eG.jpg,5R3eG,5R3YG,0
QA6aP.jpg,QA6aP,JA6aP,0
i46MS.jpg,i46MS,i0bXS,0
RJV3r.jpg,RJV3r,RMV3r,0
MM5r1.jpg,MM5r1,NV5r1,0
ovZ61.jpg,ovZ61,ovH61,0
oCASh.jpg,oCASh,oCASm,0
e38YI.jpg,e38YI,e38Yl,0
v2sdi.jpg,v2sdi,v2Sd1,0
SHr1I.jpg,SHr1I,SHrVI,0
kbc95.jpg,kbc95,kme95,0
9dc84.jpg,9dc84,9dr64,0
za82R.jpg,za82R,Ya62R,0
mLj94.jpg,mLj94,mTG94,0
tt0f7.jpg,tt0f7,teojT,0
06ZB3.jpg,06ZB3,06ZH3,0
JHCiw.jpg,JHCiw,JHCIw,0
w53PS.jpg,w53PS,Wo3PS,0
B1Gj3.jpg,B1Gj3,BrGj3,0
JP8KM.jpg,JP8KM,JPLKm,0
ewE5s.jpg,ewE5s,qwt5D,0
12hX5.jpg,12hX5,12hX5,1
6W3l2.jpg,6W3l2,6W3l2,1
OFU80.jpg,OFU80,CFM80,0
V42Qm.jpg,V42Qm,V4aCm,0
2wByU.jpg,2wByU,2vByO,0
Afmmd.jpg,Afmmd,AfpmH,0
KR2Gr.jpg,KR2Gr,KR2Oj,0
oyuv9.jpg,oyuv9,b7uv2,0
36UAQ.jpg,36UAQ,w6rAQ,0
2lp5N.jpg,2lp5N,2le5H,0
E4m9v.jpg,E4m9v,D4W9v,0
0Ulf9.jpg,0Ulf9,0UlX9,0
XlI1K.jpg,XlI1K,XleTK,0
3DFaM.jpg,3DFaM,3DXaG,0
c8GSy.jpg,c8GSy,e8G5y,0
1yqJx.jpg,1yqJx,LyaJX,0
UVAso.jpg,UVAso,DVA5e,0
Njx2z.jpg,Njx2z,Mjx0z,0
k5oCS.jpg,k5oCS,K50Cs,0
40CJR.jpg,40CJR,40CJR,1
Cco0X.jpg,Cco0X,GryUX,0
H7sxz.jpg,H7sxz,H7sxz,1
LgG0L.jpg,LgG0L,XgG0L,0
7P1mn.jpg,7P1mn,7P1An,0
i82Tu.jpg,i82Tu,l62Tm,0
LHs0N.jpg,LHs0N,lHsQB,0
B33xn.jpg,B33xn,B3Oxn,0
m7Ihm.jpg,m7Ihm,a7ihw,0
HVv2J.jpg,HVv2J,HVv2k,0
TcXaD.jpg,TcXaD,TcXaD,1
1021p.jpg,1021p,jG21p,0
r2icE.jpg,r2icE,r2JcF,0
qw4mB.jpg,qw4mB,gV1mB,0
Rmx1K.jpg,Rmx1K,Fmx1K,0
Usb4X.jpg,Usb4X,Hsb4X,0
PHT6K.jpg,PHT6K,PwT6K,0
8s7n1.jpg,8s7n1,8O7n1,0
2O21z.jpg,2O21z,20AIz,0
K7093.jpg,K7093,K7093,1
9DD35.jpg,9DD35,9md35,0
qxp3C.jpg,qxp3C,qxp3f,0
r2PmL.jpg,r2PmL,b6PmY,0
I3X74.jpg,I3X74,IaX74,0
xQj8K.jpg,xQj8K,xCj8K,0
xGF5R.jpg,xGF5R,xGt5R,0
41WfV.jpg,41WfV,u1Wfe,0
Pc7PN.jpg,Pc7PN,F679H,0
AR05K.jpg,AR05K,Az05K,0
N9Q0q.jpg,N9Q0q,H9P01,0
5LEg0.jpg,5LEg0,5IEg0,0
Dk0F2.jpg,Dk0F2,DK0F2,0
RcXdR.jpg,RcXdR,BcMzP,0
CvxOc.jpg,CvxOc,CvxAc,0
ArBQ2.jpg,ArBQ2,ArBV2,0
3713V.jpg,3713V,37jeV,0
WkTLj.jpg,WkTLj,WRTLj,0
27To6.jpg,27To6,27ToA,0
7O4Ei.jpg,7O4Ei,7O4Fi,0
y1Rc8.jpg,y1Rc8,m1Rc8,0
kGR79.jpg,kGR79,k6P79,0
7I9iF.jpg,7I9iF,7L9cF,0
bL9E3.jpg,bL9E3,bu9F3,0
ZsaMk.jpg,ZsaMk,ZsaMk,1
V230u.jpg,V230u,V73Qu,0
7V51x.jpg,7V51x,7U51x,0
AzVsp.jpg,AzVsp,AZV5m,0
MGRi8.jpg,MGRi8,MGRc8,0
7nev9.jpg,7nev9,7mex9,0
vJL6V.jpg,vJL6V,vHL6V,0
Rg461.jpg,Rg461,Rg461,1
8WnsX.jpg,8WnsX,3UhsX,0
007N8.jpg,007N8,oU7K8,0
jpDxy.jpg,jpDxy,jpOXy,0
ltS92.jpg,ltS92,lvS92,0
8N3MU.jpg,8N3MU,6N2Zu,0
4d8x1.jpg,4d8x1,Fd8x1,0
lS412.jpg,lS412,fY412,0
s601z.jpg,s601z,S60lz,0
W2ssE.jpg,W2ssE,U2eqF,0
OyW75.jpg,OyW75,OyW75,1
kZ68m.jpg,kZ68m,K753a,0
42l86.jpg,42l86,47ld6,0
W9eua.jpg,W9eua,W9ena,0
uFU2k.jpg,uFU2k,uFU2j,0
t60Wo.jpg,t60Wo,L62Ra,0
lb8Kw.jpg,lb8Kw,I28Kw,0
ZMYC4.jpg,ZMYC4,ZHY04,0
H8iZh.jpg,H8iZh,H8fZn,0
nz9G1.jpg,nz9G1,Mz9C1,0
Hs9l7.jpg,Hs9l7,Hs9i7,0
8aw21.jpg,8aw21,8aw21,1
5j4Wr.jpg,5j4Wr,5j4We,0
35pOD.jpg,35pOD,15nUD,0
JP82r.jpg,JP82r,JP82n,0
JFfZ6.jpg,JFfZ6,JEfZ6,0
AU2zE.jpg,AU2zE,AU2zE,1
KZtY3.jpg,KZtY3,KZcT3,0
4UMtB.jpg,4UMtB,jUMt0,0
2py4F.jpg,2py4F,2py4E,0
FBJhb.jpg,FBJhb,F8Jnb,0
idqQo.jpg,idqQo,idMOo,0
pY8b6.jpg,pY8b6,pY8bA,0
J0IWy.jpg,J0IWy,JQtWy,0
4rv47.jpg,4rv47,4ryQ7,0
T3vz0.jpg,T3vz0,T3vZ0,0
w5QJL.jpg,w5QJL,w50JL,0
E347E.jpg,E347E,B347r,0
U67J0.jpg,U67J0,U67J0,1
3qO40.jpg,3qO40,3qU49,0
T2iKu.jpg,T2iKu,T2LKu,0
bTea9.jpg,bTea9,bTcx9,0
0oV6Z.jpg,0oV6Z,0NV6Z,0
BchuK.jpg,BchuK,BchuK,1
s5L0p.jpg,s5L0p,N5L0p,0
pm5HN.jpg,pm5HN,pm5iN,0
NIZ86.jpg,NIZ86,MIZ3o,0
Um4nT.jpg,Um4nT,Um4pY,0
RWwuc.jpg,RWwuc,PYwac,0
ohiPR.jpg,ohiPR,ebtPR,0
qXBZ8.jpg,qXBZ8,qXBZf,0
b65vY.jpg,b65vY,b65wY,0
3ZgoP.jpg,3ZgoP,3ZVoP,0
GQU1B.jpg,GQU1B,GQM1B,0
Jy812.jpg,Jy812,Jv8k2,0
Y9821.jpg,Y9821,YQ821,0
rn8WI.jpg,rn8WI,rn8WI,1
4lLV4.jpg,4lLV4,4JRVs,0
lK8kM.jpg,lK8kM,jKdkM,0
85p1O.jpg,85p1O,85p1O,1
POxV2.jpg,POxV2,POxVZ,0
3P2GQ.jpg,3P2GQ,3P2rQ,0
CQ1K8.jpg,CQ1K8,Cq1K8,0
GFceL.jpg,GFceL,GFc2L,0
n5w07.jpg,n5w07,n5W07,0
1nIiL.jpg,1nIiL,1pPHZ,0
XYIMG.jpg,XYIMG,XYIkG,0
d52Fr.jpg,d52Fr,d5ZFr,0
974i5.jpg,974i5,97aI5,0
3t7g0.jpg,3t7g0,3rPg0,0
UPgAL.jpg,UPgAL,UPgAL,1
4cT49.jpg,4cT49,4cTh9,0
WIrN6.jpg,WIrN6,WIZN6,0
ctRX3.jpg,ctRX3,cIRX3,0
M1fPs.jpg,M1fPs,M1fBs,0
8PNqX.jpg,8PNqX,8PNqY,0
nmq6S.jpg,nmq6S,hmq6S,0
YpYRP.jpg,YpYRP,1owKP,0
5vvE4.jpg,5vvE4,QvYk4,0
1169v.jpg,1169v,1h69v,0
a09vB.jpg,a09vB,a0SVE,0
Y1KNJ.jpg,Y1KNJ,Y1KNJ,1
7l8M5.jpg,7l8M5,Pl8M5,0
spN7x.jpg,spN7x,spM7x,0
xe7mu.jpg,xe7mu,Xe1mu,0
uBUxp.jpg,uBUxp,uBOxp,0
2E07O.jpg,2E07O,2E07w,0
cj1N8.jpg,cj1N8,CjVM8,0
0U2nr.jpg,0U2nr,0U2nF,0
fW6pn.jpg,fW6pn,fV6pm,0
sk9Kn.jpg,sk9Kn,sk9Xn,0
AuYG7.jpg,AuYG7,AuY67,0
S17AS.jpg,S17AS,G1ZAS,0
v5siF.jpg,v5siF,V5siP,0
i5555.jpg,i5555,i0TW6,0
0z3tQ.jpg,0z3tQ,0z3tQ,1
13RzU.jpg,13RzU,13DtU,0
Q3E6J.jpg,Q3E6J,O3E6J,0
qhaAc.jpg,qhaAc,qbaAF,0
sq8W2.jpg,sq8W2,5q8W1,0
ec12k.jpg,ec12k,e012W,0
6tdrp.jpg,6tdrp,6tJRp,0
9Fr7u.jpg,9Fr7u,0Er7u,0
Iqz3y.jpg,Iqz3y,lgzYu,0
G40HS.jpg,G40HS,Gz0HS,0
sqvtT.jpg,sqvtT,sgvlT,0
1sqzb.jpg,1sqzb,1s9rb,0
r9cV1.jpg,r9cV1,F9dV1,0
bqM9f.jpg,bqM9f,bqM9z,0
pfs2A.jpg,pfs2A,pfs2A,1
2N1hn.jpg,2N1hn,2N1hq,0
k1aPx.jpg,k1aPx,k1aPx,1
CnTO8.jpg,CnTO8,cnTO5,0
R34IZ.jpg,R34IZ,B34IZ,0
nf027.jpg,nf027,mf027,0
ftH2a.jpg,ftH2a,ftH2a,1
4Ber0.jpg,4Ber0,4BTr0,0
4YyE3.jpg,4YyE3,4Yy63,0
TYL1i.jpg,TYL1i,TVL1r,0
E9DYK.jpg,E9DYK,E9D7K,0
oXCNm.jpg,oXCNm,oXCHm,0
e17Qi.jpg,e17Qi,eV70i,0
w95sO.jpg,w95sO,M95s0,0
tt5xb.jpg,tt5xb,1c9xb,0
bg6b0.jpg,bg6b0,hg6r0,0
tFYEv.jpg,tFYEv,tFYEn,0
REbD3.jpg,REbD3,RLbD3,0
Y500Q.jpg,Y500Q,Y5rsq,0
Os5DY.jpg,Os5DY,Os5uY,0
34CFk.jpg,34CFk,34CFk,1
mkoSg.jpg,mkoSg,mkoSg,1
2His5.jpg,2His5,2Hix5,0
SS7R4.jpg,SS7R4,co7R4,0
4UTwM.jpg,4UTwM,4UTmM,0
014c4.jpg,014c4,0IZc3,0
Br3XR.jpg,Br3XR,Bc3XF,0
X78sI.jpg,X78sI,X7BsI,0
Cs9K4.jpg,Cs9K4,Cw9K4,0
lRry8.jpg,lRry8,lRru8,0
lf8X2.jpg,lf8X2,yf0K2,0
Et5W3.jpg,Et5W3,Er5V3,0
kyaQZ.jpg,kyaQZ,kjaOZ,0
7j5op.jpg,7j5op,7i5up,0
h3hrk.jpg,h3hrk,d3hrX,0
x6YDL.jpg,x6YDL,X5VDL,0
rTI8P.jpg,rTI8P,rTt8P,0
NegVG.jpg,NegVG,NeqLG,0
vE6lZ.jpg,vE6lZ,vQ6IZ,0
mInUu.jpg,mInUu,0lnCu,0
QW45o.jpg,QW45o,QV45o,0
wY6sO.jpg,wY6sO,uY6fO,0
8Aeu7.jpg,8Aeu7,84cm7,0
86K48.jpg,86K48,87K4d,0
PIy41.jpg,PIy41,PCy41,0
8k7z4.jpg,8k7z4,8k7zu,0
rTILh.jpg,rTILh,rTfLh,0
n3Z2R.jpg,n3Z2R,m34IR,0
zU0p8.jpg,zU0p8,hFex8,0
zqW38.jpg,zqW38,CqW38,0
4SkDI.jpg,4SkDI,qSkDl,0
alF6x.jpg,alF6x,sJF6x,0
K6S8N.jpg,K6S8N,KI58M,0
WxeZR.jpg,WxeZR,Wxe9R,0
CSkyJ.jpg,CSkyJ,C5Ky1,0
T7tPB.jpg,T7tPB,T7tPB,1
tXjyF.jpg,tXjyF,4XjyF,0
14YE4.jpg,14YE4,1eYE4,0
F90a0.jpg,F90a0,F9GZ0,0
4yeTj.jpg,4yeTj,4YETj,0
UeN69.jpg,UeN69,UeN69,1
cXhFT.jpg,cXhFT,CXhfT,0
ht2rd.jpg,ht2rd,hf2jd,0
q7LY4.jpg,q7LY4,q7uY4,0
e6ufX.jpg,e6ufX,e64fX,0
803Zh.jpg,803Zh,x03Zh,0
1JGuI.jpg,1JGuI,1J6nl,0
Fc9lN.jpg,Fc9lN,Fc3lM,0
C7889.jpg,C7889,G78d9,0
8Y2CD.jpg,8Y2CD,8MZCx,0
0D7Sf.jpg,0D7Sf,0D7sf,0
5xQzT.jpg,5xQzT,5X0z1,0
2tn2Y.jpg,2tn2Y,Jtn29,0
a6310.jpg,a6310,a6310,1
Sgm63.jpg,Sgm63,sgr63,0
r2pt9.jpg,r2pt9,r2pl9,0
L6M7M.jpg,L6M7M,L6h7T,0
95UzC.jpg,95UzC,95H2C,0
qWzWQ.jpg,qWzWQ,9Tzwg,0
5lYNN.jpg,5lYNN,5lYNv,0
i9DWN.jpg,i9DWN,I3DWM,0
K028k.jpg,K028k,K028L,0
ZvkBB.jpg,ZvkBB,ZvkNB,0
83zT5.jpg,83zT5,8AZ15,0
54F2Z.jpg,54F2Z,54E2Z,0
c31mI.jpg,c31mI,c21ml,0
pUR73.jpg,pUR73,pWk73,0
l9ybD.jpg,l9ybD,19yZP,0
H44xC.jpg,H44xC,UjdxC,0
4kLMA.jpg,4kLMA,8kLMA,0
q26rm.jpg,q26rm,V26rm,0
1Ec14.jpg,1Ec14,JFc14,0
rY762.jpg,rY762,rY762,1
p42LK.jpg,p42LK,p42IK,0
BzEyl.jpg,BzEyl,RzeYl,0
HnF8u.jpg,HnF8u,HnF84,0
3Qj0k.jpg,3Qj0k,3Qj6k,0
a2fn7.jpg,a2fn7,a2f67,0
saPk4.jpg,saPk4,saFK4,0
KZHpZ.jpg,KZHpZ,KYHn2,0
7uRJ7.jpg,7uRJ7,TuRSZ,0
03nHS.jpg,03nHS,03nH5,0
2IFS2.jpg,2IFS2,AVFS2,0
6O400.jpg,6O400,6O4Mo,0
6ksS0.jpg,6ksS0,6HzS0,0
8038j.jpg,8038j,Z038j,0
0T1u3.jpg,0T1u3,0F1u3,0
J3LN2.jpg,J3LN2,y7EN2,0
XBB7S.jpg,XBB7S,KF61S,0
m2m26.jpg,m2m26,HVm26,0
G1oR0.jpg,G1oR0,C1eP0,0
mWh04.jpg,mWh04,mWF04,0
7ci1E.jpg,7ci1E,7eh1E,0
KVrBh.jpg,KVrBh,KVi3b,0
5rqeW.jpg,5rqeW,5i4eW,0
jue3N.jpg,jue3N,Imc3M,0
Exaq8.jpg,Exaq8,Exmg6,0
25bsP.jpg,25bsP,25bsP,1
gwmIM.jpg,gwmIM,gw2IM,0
9J4uB.jpg,9J4uB,9I4m6,0
uO929.jpg,uO929,uOa2t,0
dmHEN.jpg,dmHEN,dmHEN,1
xixS9.jpg,xixS9,XEw59,0
U3JHV.jpg,U3JHV,U3JKV,0
76fuC.jpg,76fuC,76fnQ,0
2nT9Z.jpg,2nT9Z,2nt9Z,0
6EcUh.jpg,6EcUh,6EcUh,1
0RimD.jpg,0RimD,dRjmD,0
4i3Ms.jpg,4i3Ms,4i3M5,0
o94u2.jpg,o94u2,o94w2,0
5EwCj.jpg,5EwCj,5EwAj,0
lxw9V.jpg,lxw9V,lXw9Y,0
Os2u7.jpg,Os2u7,DsXu7,0
x2WC5.jpg,x2WC5,x2WC5,1
4qv0r.jpg,4qv0r,4qV0f,0
Q39fx.jpg,Q39fx,WJ9fx,0
yZEgv.jpg,yZEgv,yZEgW,0
T38C8.jpg,T38C8,TvnfB,0
uGD6v.jpg,uGD6v,uND6v,0
1XBzb.jpg,1XBzb,1X8zb,0
R9c8f.jpg,R9c8f,RMy8F,0
3h56U.jpg,3h56U,3h56P,0
b2LqH.jpg,b2LqH,b2Lq9,0
xbU9u.jpg,xbU9u,xbE9u,0
64N9t.jpg,64N9t,64N7t,0
wfs7R.jpg,wfs7R,wfs7R,1
h67ja.jpg,h67ja,h67ja,1
3OnvE.jpg,3OnvE,3OnvF,0
kMuLi.jpg,kMuLi,kMuGi,0
A4U1a.jpg,A4U1a,R4UTa,0
8sRh0.jpg,8sRh0,8ZRh0,0
4L2FO.jpg,4L2FO,4L2F0,0
HoUGK.jpg,HoUGK,MeuGK,0
psO1B.jpg,psO1B,ps01B,0
2n3k6.jpg,2n3k6,2n3k6,1
yoL3y.jpg,yoL3y,Vok2r,0
8EpiD.jpg,8EpiD,8Ep1D,0
uYe9y.jpg,uYe9y,KYz9y,0
o0sQU.jpg,o0sQU,o6sQU,0
Wo4i1.jpg,Wo4i1,Wo4i1,1
XD1d5.jpg,XD1d5,XE1d5,0
9XdVV.jpg,9XdVV,9Ad1F,0
CR61A.jpg,CR61A,CRylA,0
1mgNj.jpg,1mgNj,zmUNj,0
Y2EKD.jpg,Y2EKD,Y2cKD,0
x3JeZ.jpg,x3JeZ,k3JeZ,0
7G5kp.jpg,7G5kp,165Kp,0
nhl5U.jpg,nhl5U,nhf5U,0
dRAXR.jpg,dRAXR,dRaXS,0
o340t.jpg,o340t,n340L,0
817gY.jpg,817gY,817cY,0
8B0fQ.jpg,8B0fQ,8b0Fm,0
1Dp8L.jpg,1Dp8L,1DK8L,0
5yIB9.jpg,5yIB9,5yiH9,0
xYIx0.jpg,xYIx0,xYlZ0,0
jGpwT.jpg,jGpwT,jGewT,0
AgiPc.jpg,AgiPc,AoYLv,0
3y2S9.jpg,3y2S9,3r2S9,0
glvw1.jpg,glvw1,glvm1,0
TvTjF.jpg,TvTjF,TvZJF,0
Dx3w0.jpg,Dx3w0,Ex3w0,0
x27Cg.jpg,x27Cg,X27Cg,0
R4sz1.jpg,R4sz1,k4sz1,0
cN6B9.jpg,cN6B9,cH6R9,0
6CrfT.jpg,6CrfT,uRrf7,0
8wN3d.jpg,8wN3d,HLY3d,0
1K3CP.jpg,1K3CP,1H3CP,0
xU8V4.jpg,xU8V4,Xl8Y4,0
hhgZ7.jpg,hhgZ7,QhgZ7,0
2Xv7W.jpg,2Xv7W,2Kv7H,0
yKeSI.jpg,yKeSI,VHa51,0
26e30.jpg,26e30,26ek0,0
79iNk.jpg,79iNk,79ENh,0
7k6u5.jpg,7k6u5,7kHu5,0
i0vFB.jpg,i0vFB,i0fTB,0
89zEk.jpg,89zEk,89qEk,0
QbVIs.jpg,QbVIs,QbVZs,0
rqayl.jpg,rqayl,rdZyI,0
pcUqz.jpg,pcUqz,PcMgz,0
jE31j.jpg,jE31j,JE3Xi,0
04729.jpg,04729,E4729,0
R3Vfd.jpg,R3Vfd,A3Vfd,0
7rUc7.jpg,7rUc7,3rDoL,0
g2oC4.jpg,g2oC4,g2oC1,0
YN1B1.jpg,YN1B1,YNZB1,0
LGYwG.jpg,LGYwG,LBYwG,0
l4Ys3.jpg,l4Ys3,l4Ys3,1
Ls6kT.jpg,Ls6kT,Ls6kT,1
6ju6y.jpg,6ju6y,6juZy,0
59cHe.jpg,59cHe,59bHz,0
24ZjO.jpg,24ZjO,24Zjo,0
bVspN.jpg,bVspN,lVspN,0
NcQwo.jpg,NcQwo,MzQwo,0
Z18DD.jpg,Z18DD,Z13AD,0
uIJ6K.jpg,uIJ6K,u136K,0
zj5N2.jpg,zj5N2,z1592,0
1atui.jpg,1atui,7atui,0
3U3W1.jpg,3U3W1,3UcW1,0
Qy9d2.jpg,Qy9d2,Of9d2,0
Eavub.jpg,Eavub,EAvub,0
Z676z.jpg,Z676z,DG7hz,0
5lh9F.jpg,5lh9F,5ih9E,0
954pS.jpg,954pS,954rS,0
39Kcf.jpg,39Kcf,39HCF,0
jA2Sl.jpg,jA2Sl,HA2SI,0
e7b80.jpg,e7b80,e7W80,0
WyGKq.jpg,WyGKq,WjGNq,0
S92Y4.jpg,S92Y4,S92V4,0
3533g.jpg,3533g,J5X3g,0
CFcd6.jpg,CFcd6,CFZd6,0
b6s4Y.jpg,b6s4Y,bGs47,0
6BwiW.jpg,6BwiW,69wlW,0
7DsWQ.jpg,7DsWQ,7PsHQ,0
2H1Bl.jpg,2H1Bl,2u7BL,0
JcJWP.jpg,JcJWP,AcJWP,0
7Uz2S.jpg,7Uz2S,7Mx25,0
6MQT7.jpg,6MQT7,6MQfJ,0
3om37.jpg,3om37,3opU7,0
zmzd3.jpg,zmzd3,zmZC3,0
35t8u.jpg,35t8u,3518u,0
Z9mCo.jpg,Z9mCo,ZTmCo,0
2Iukk.jpg,2Iukk,2Yu3k,0
GB7Qf.jpg,GB7Qf,6B7Qf,0
6SLfB.jpg,6SLfB,6SLfB,1
P6Udg.jpg,P6Udg,F6LdT,0
mgf8T.jpg,mgf8T,mgf87,0
nWhNy.jpg,nWhNy,nWbZy,0
2ax1F.jpg,2ax1F,2ax1F,1
Une0z.jpg,Une0z,Vhe0z,0
6iQkp.jpg,6iQkp,61QKP,0
MaIyt.jpg,MaIyt,MalYd,0
z9tLB.jpg,z9tLB,Z9tzB,0
5dUEw.jpg,5dUEw,5qUEw,0
CPF5t.jpg,CPF5t,CPF5Y,0
wUAjd.jpg,wUAjd,wVAjd,0
Y9l89.jpg,Y9l89,YQK89,0
j27kD.jpg,j27kD,L27kD,0
A0O0V.jpg,A0O0V,AoOnV,0
VVfhU.jpg,VVfhU,VJfXD,0
TbQ7t.jpg,TbQ7t,TbO7r,0
PI3MW.jpg,PI3MW,PI3MW,1
IfH01.jpg,IfH01,I5H01,0
KJ3O8.jpg,KJ3O8,KJ3O8,1
XL1vU.jpg,XL1vU,XLjvU,0
A1IX8.jpg,A1IX8,AqLX8,0
vn8VE.jpg,vn8VE,4A3YE,0
Ct49I.jpg,Ct49I,c74Qj,0
3ySvP.jpg,3ySvP,3ySuP,0
7PU8D.jpg,7PU8D,7rU8D,0
14T7w.jpg,14T7w,12h7w,0
L6Wsx.jpg,L6Wsx,LQW9x,0
9ZzP6.jpg,9ZzP6,9ZxF6,0
B5tzs.jpg,B5tzs,B5hzs,0
1mXlQ.jpg,1mXlQ,4mXL9,0
8TD68.jpg,8TD68,STbv8,0
uj7jW.jpg,uj7jW,ueZjW,0
PNsAy.jpg,PNsAy,PNsAv,0
43Gz6.jpg,43Gz6,43Cr6,0
v6kdY.jpg,v6kdY,vBkdY,0
tYq25.jpg,tYq25,fYg25,0
HdK4z.jpg,HdK4z,Kdq9r,0
g8R2f.jpg,g8R2f,u8R2f,0
H0k1B.jpg,H0k1B,M0k4B,0
7ncL0.jpg,7ncL0,7mck0,0
R68jw.jpg,R68jw,R58IV,0
6g1Ge.jpg,6g1Ge,6g1Ce,0
4qkr7.jpg,4qkr7,4qkz7,0
BC78Q.jpg,BC78Q,BC78O,0
hFJG5.jpg,hFJG5,hDyG5,0
8N2Ra.jpg,8N2Ra,8M2Ra,0
0bG20.jpg,0bG20,0bC2u,0
p52R3.jpg,p52R3,052R3,0
UhfGZ.jpg,UhfGZ,UhfGZ,1
B6jnH.jpg,B6jnH,B5JmH,0
HEtRK.jpg,HEtRK,HEtqk,0
03qD5.jpg,03qD5,03MD5,0
gd6ki.jpg,gd6ki,gd6K1,0
M44Z0.jpg,M44Z0,M54Z0,0
0b798.jpg,0b798,0b798,1
z101F.jpg,z101F,Z10LF,0
s70bO.jpg,s70bO,s7dkQ,0
4P6u9.jpg,4P6u9,4P8r9,0
YZt3E.jpg,YZt3E,YZf3E,0
ZBpN6.jpg,ZBpN6,ZwpN6,0
wK71M.jpg,wK71M,wK71M,1
56XC9.jpg,56XC9,56XC9,1
xo6bL.jpg,xo6bL,xo6AL,0
Ir0Wn.jpg,Ir0Wn,1r0Wn,0
77Tya.jpg,77Tya,MVZya,0
1WbK0.jpg,1WbK0,1WbKc,0
Ty65R.jpg,Ty65R,1y65R,0
SlT6Y.jpg,SlT6Y,SlP6X,0
C95Dc.jpg,C95Dc,C95H7,0
Px6E4.jpg,Px6E4,2X6E4,0
APufD.jpg,APufD,APufD,1
12RRV.jpg,12RRV,12kmM,0
kRVi9.jpg,kRVi9,KRV19,0
n5jDH.jpg,n5jDH,n5jDH,1
i32ns.jpg,i32ns,I3Zms,0
aaP50.jpg,aaP50,LaP50,0
r4kPq.jpg,r4kPq,rAkPg,0
8n991.jpg,8n991,8eC91,0
Cd7YD.jpg,Cd7YD,CdZY5,0
P29la.jpg,P29la,P29Ia,0
55d8s.jpg,55d8s,m5d8s,0
jSBQK.jpg,jSBQK,1SBQK,0
3zS1d.jpg,3zS1d,37S1d,0
0cTnc.jpg,0cTnc,0S7az,0
6vCaE.jpg,6vCaE,6vQaE,0
jM620.jpg,jM620,1M620,0
61yO3.jpg,61yO3,61vG3,0
3Up09.jpg,3Up09,4VpO9,0
r0B13.jpg,r0B13,r0B13,1
9u250.jpg,9u250,9u25C,0
qu8l9.jpg,qu8l9,au8f9,0
eVkJj.jpg,eVkJj,eVGJ1,0
27YhH.jpg,27YhH,2RYdH,0
qXz0E.jpg,qXz0E,qTz0E,0
z2lkm.jpg,z2lkm,z2FKQ,0
SBoUm.jpg,SBoUm,sBOUm,0
e8ON7.jpg,e8ON7,e8qM7,0
S5FD5.jpg,S5FD5,SbFUR,0
KQ3eA.jpg,KQ3eA,YO3cA,0
kPIg3.jpg,kPIg3,KP0g3,0
GDDTq.jpg,GDDTq,48DTq,0
H3NHT.jpg,H3NHT,h3Nu7,0
N0uJk.jpg,N0uJk,M0zJk,0
7Nt55.jpg,7Nt55,7Mf56,0
1Um5W.jpg,1Um5W,1Om5W,0
3029H.jpg,3029H,3029E,0
ILmHN.jpg,ILmHN,TLaHR,0
bglgn.jpg,bglgn,bd1gm,0
51Hfa.jpg,51Hfa,01Hcp,0
lxohw.jpg,lxohw,lxohG,0
qY7FT.jpg,qY7FT,qM7FT,0
v29fo.jpg,v29fo,v29fo,1
np3X8.jpg,np3X8,npCX8,0
4FzXR.jpg,4FzXR,0CzXH,0
10aK9.jpg,10aK9,1QaK9,0
Yv5cQ.jpg,Yv5cQ,Yv5cQ,1
j767l.jpg,j767l,jZ67M,0
AlrDO.jpg,AlrDO,AjzDO,0
agfY5.jpg,agfY5,agPY5,0
Ms2j0.jpg,Ms2j0,Mc2L0,0
mJ3ic.jpg,mJ3ic,mJ3fc,0
5jWRn.jpg,5jWRn,5IURe,0
1Lyyx.jpg,1Lyyx,1LyYx,0
Q0HyX.jpg,Q0HyX,Q9hyR,0
x214U.jpg,x214U,R214U,0
ySJB8.jpg,ySJB8,ySI28,0
yz8pJ.jpg,yz8pJ,yz8PJ,0
M487q.jpg,M487q,M4p7q,0
C2t9n.jpg,C2t9n,C2k9n,0
h2DCg.jpg,h2DCg,h2DCg,1
ug2dP.jpg,ug2dP,ug3dP,0
El183.jpg,El183,Ey163,0
oYM1u.jpg,oYM1u,oYA1u,0
1s77Z.jpg,1s77Z,1cP7Z,0
GSkX0.jpg,GSkX0,jSkX0,0
0zlaP.jpg,0zlaP,0Z1aE,0
4sF9S.jpg,4sF9S,4zF95,0
79A4q.jpg,79A4q,79M4g,0
dnrD1.jpg,dnrD1,dRrD1,0
z4829.jpg,z4829,r4329,0
ju1ZW.jpg,ju1ZW,jo1ZW,0
ivWCm.jpg,ivWCm,ivXCm,0
P2pHS.jpg,P2pHS,P24HS,0
k2wP9.jpg,k2wP9,kzwP9,0
8Hz41.jpg,8Hz41,8Hz41,1
i7YLg.jpg,i7YLg,i7YEa,0
uMwI7.jpg,uMwI7,eAwI7,0
E0GKw.jpg,E0GKw,P0GKw,0
5oZWc.jpg,5oZWc,5oZWr,0
WtY2U.jpg,WtY2U,WtYZU,0
Y8d0e.jpg,Y8d0e,Y8d0r,0
hxnc9.jpg,hxnc9,bXuE9,0
1hlhm.jpg,1hlhm,1afhO,0
75LgW.jpg,75LgW,75roW,0
NR58g.jpg,NR58g,Nx58q,0
wwuob.jpg,wwuob,Yw1cb,0
y6xt2.jpg,y6xt2,M6xtz,0
4XIr9.jpg,4XIr9,4wIr9,0
I6h3L.jpg,I6h3L,I6h3L,1
yE6PZ.jpg,yE6PZ,yE6Pz,0
78BVY.jpg,78BVY,78BMY,0
3jLzh.jpg,3jLzh,3YLzh,0
7gxb7.jpg,7gxb7,4gxb7,0
UOM8g.jpg,UOM8g,UOK6g,0
ZM60C.jpg,ZM60C,ZM60C,1
2KcU3.jpg,2KcU3,2KpW3,0
H0Y41.jpg,H0Y41,H0Y41,1
On7jJ.jpg,On7jJ,Or7jJ,0
32srS.jpg,32srS,32sFR,0
TJ92F.jpg,TJ92F,TJ92E,0
56xvy.jpg,56xvy,5cxvH,0
Pqt2K.jpg,Pqt2K,Pgt2K,0
2In25.jpg,2In25,7tu25,0
r18Q5.jpg,r18Q5,r13G5,0
yezif.jpg,yezif,Yez7f,0
0Xjte.jpg,0Xjte,0Xjte,1
FVjrl.jpg,FVjrl,FVjrA,0
cAOKK.jpg,cAOKK,5A0Nk,0
1ih80.jpg,1ih80,1rh80,0
i7gSA.jpg,i7gSA,I7g8A,0
e7i1B.jpg,e7i1B,e7M1B,0
KQ87e.jpg,KQ87e,KQ81e,0
m34A3.jpg,m34A3,mC4A3,0
e75yV.jpg,e75yV,e7HyV,0
Ju1lm.jpg,Ju1lm,JuTkm,0
nz8C8.jpg,nz8C8,hZsCX,0
s7258.jpg,s7258,s72k8,0
YiE3f.jpg,YiE3f,YiE30,0
10qya.jpg,10qya,10Hya,0
ydeyP.jpg,ydeyP,Y8eyP,0
279s0.jpg,279s0,279K0,0
1R3sC.jpg,1R3sC,1H3sC,0
xIUZm.jpg,xIUZm,xIUZm,1
5bOPW.jpg,5bOPW,5bOPM,0
2ScN8.jpg,2ScN8,2SoN8,0
8QiI1.jpg,8QiI1,7Qrk1,0
1tedu.jpg,1tedu,TZedu,0
LEI15.jpg,LEI15,LMi15,0
NDG03.jpg,NDG03,HDGp3,0
dG75H.jpg,dG75H,dG75H,1
O8a1e.jpg,O8a1e,O8M1E,0
4Wo8Z.jpg,4Wo8Z,jWo8Z,0
G4mQS.jpg,G4mQS,G4mQs,0
J1784.jpg,J1784,J1764,0
7YgHQ.jpg,7YgHQ,7VgHO,0
nWXP5.jpg,nWXP5,nWXPj,0
95XRe.jpg,95XRe,95XRc,0
iFtmA.jpg,iFtmA,jFtwA,0
KmmPR.jpg,KmmPR,KjwPR,0
Q80wq.jpg,Q80wq,Q801g,0
CSJP3.jpg,CSJP3,C5JP3,0
rMRS5.jpg,rMRS5,rMRSw,0
tN7WK.jpg,tN7WK,tN4WK,0
BCeF1.jpg,BCeF1,BCeF1,1
J31l8.jpg,J31l8,JQ4I8,0
VYBUA.jpg,VYBUA,vY5UA,0
ZpYxS.jpg,ZpYxS,Z0VxS,0
IKXG1.jpg,IKXG1,LKX01,0
3uuL9.jpg,3uuL9,3Bul9,0
09xhH.jpg,09xhH,03xhH,0
MapL6.jpg,MapL6,WJnL6,0
029cB.jpg,029cB,J09cB,0
6abVw.jpg,6abVw,ycbWz,0
u4usF.jpg,u4usF,U4usF,0
Y39Q6.jpg,Y39Q6,V39O6,0
dH6tK.jpg,dH6tK,dH6tK,1
05Ie2.jpg,05Ie2,0hFe2,0
Wz2T4.jpg,Wz2T4,Hz2T4,0
7Cc30.jpg,7Cc30,7Cn30,0
Iy6Lk.jpg,Iy6Lk,PY6LK,0
414y2.jpg,414y2,41Xu2,0
793H9.jpg,793H9,7c3EY,0
3rkju.jpg,3rkju,3rkOu,0
57IDH.jpg,57IDH,57IDA,0
LNdXb.jpg,LNdXb,LZJXb,0
p8Wh5.jpg,p8Wh5,z8Wh5,0
QW5G6.jpg,QW5G6,tW5GI,0
z4zK7.jpg,z4zK7,sSmK7,0
GtIZ3.jpg,GtIZ3,6plZ3,0
RzV4R.jpg,RzV4R,RzV4I,0
849Q6.jpg,849Q6,8v9Mc,0
k6UL1.jpg,k6UL1,k6Ur1,0
8G2E2.jpg,8G2E2,8C2Fz,0
xhjdG.jpg,xhjdG,xhLdC,0
u1fjv.jpg,u1fjv,uifJO,0
Nj5xl.jpg,Nj5xl,Ny5xl,0
8S15w.jpg,8S15w,8P15W,0
T0IEl.jpg,T0IEl,N0IEL,0
T95zW.jpg,T95zW,T95nW,0
30p7E.jpg,30p7E,30n7E,0
2XBE6.jpg,2XBE6,2XBf6,0
h13I6.jpg,h13I6,hl3z6,0
6b291.jpg,6b291,6H291,0
MGc22.jpg,MGc22,MGe2d,0
BL4y1.jpg,BL4y1,BC4y1,0
hp1S0.jpg,hp1S0,hP150,0
8h4yv.jpg,8h4yv,8h4yU,0
7J6Pp.jpg,7J6Pp,7J6Pw,0
9hVuA.jpg,9hVuA,9hVcA,0
Sm7U0.jpg,Sm7U0,5m7WD,0
l3Q11.jpg,l3Q11,L30Y4,0
LCxwc.jpg,LCxwc,JCx79,0
7biLm.jpg,7biLm,7bsDw,0
8yJf8.jpg,8yJf8,B2JfS,0
12uLa.jpg,12uLa,1SuLh,0
XvpqF.jpg,XvpqF,XvpqE,0
Cr22I.jpg,Cr22I,CHZ2I,0
yI21p.jpg,yI21p,yI2Ep,0
q915l.jpg,q915l,d915L,0
2Q7sJ.jpg,2Q7sJ,2QRsJ,0
gxJD7.jpg,gxJD7,gxAD7,0
U2Slt.jpg,U2Slt,U2Slr,0
MD6nQ.jpg,MD6nQ,MD4FQ,0
y3ka6.jpg,y3ka6,U3Ia6,0
m1be7.jpg,m1be7,m1be7,1
VLLsp.jpg,VLLsp,MLrSp,0
09X0D.jpg,09X0D,0SX6D,0
1W9Hy.jpg,1W9Hy,1w9Hy,0
YN7z1.jpg,YN7z1,YM7z1,0
V049O.jpg,V049O,Vb49D,0
H9Lv0.jpg,H9Lv0,H9Lva,0
3H1lb.jpg,3H1lb,3KTlb,0
F2kYm.jpg,F2kYm,F2kYm,1
5ox6x.jpg,5ox6x,jer6x,0
ZC82v.jpg,ZC82v,7CB2V,0
LDXWJ.jpg,LDXWJ,cDXWJ,0
Jagqo.jpg,Jagqo,Ja9Go,0
y07ax.jpg,y07ax,y07ax,1
6Z5qV.jpg,6Z5qV,6ZBaV,0
T2h6u.jpg,T2h6u,T2h6q,0
3MijH.jpg,3MijH,3NcjH,0
SFHVc.jpg,SFHVc,SFHVc,1
LxCdy.jpg,LxCdy,IxQdy,0
cu7xm.jpg,cu7xm,Cu7xH,0
7Xd06.jpg,7Xd06,7XH06,0
jDCJz.jpg,jDCJz,YDCJz,0
v878Z.jpg,v878Z,u3T6z,0
T8jf0.jpg,T8jf0,T8jf0,1
EgwY6.jpg,EgwY6,EgWY6,0
v6Y91.jpg,v6Y91,v6N91,0
radYz.jpg,radYz,rqdY2,0
9qLC3.jpg,9qLC3,9qHC3,0
Csv86.jpg,Csv86,CsV8A,0
YY8ve.jpg,YY8ve,X1Bue,0
XiIFG.jpg,XiIFG,Xjf5G,0
1jTMS.jpg,1jTMS,ajTMO,0
P6Ewo.jpg,P6Ewo,P6EHo,0
AG6jx.jpg,AG6jx,4C6ix,0
pWP89.jpg,pWP89,rVP89,0
2g9EN.jpg,2g9EN,2g9EK,0
WUfy7.jpg,WUfy7,KUfy7,0
jAYZ8.jpg,jAYZ8,J4V26,0
Ao7Qv.jpg,Ao7Qv,A57Oi,0
roV1B.jpg,roV1B,rOYEB,0
Y2F8X.jpg,Y2F8X,V4F8X,0
atrf2.jpg,atrf2,qtyH2,0
KZPLc.jpg,KZPLc,KZPLc,1
y99n7.jpg,y99n7,y39n7,0
jEwi2.jpg,jEwi2,jEwT2,0
1Pyef.jpg,1Pyef,JPyMf,0
98Vmu.jpg,98Vmu,96Vmu,0
83k52.jpg,83k52,C3K52,0
W3C11.jpg,W3C11,W3c1T,0
lhlHE.jpg,lhlHE,2hjHE,0
34kiO.jpg,34kiO,S4ki0,0
ktew5.jpg,ktew5,K1eU5,0
1pNdX.jpg,1pNdX,1bHCX,0
96MX0.jpg,96MX0,9bHx0,0
242su.jpg,242su,Z4P5b,0
9m2b0.jpg,9m2b0,9m2f0,0
T13dQ.jpg,T13dQ,TgodQ,0
qmDp6.jpg,qmDp6,qWDp6,0
kcoFz.jpg,kcoFz,kyoFz,0
G8Y61.jpg,G8Y61,CRY61,0
o49ME.jpg,o49ME,nA9ME,0
mGdbp.jpg,mGdbp,mTsvr,0
w5gCZ.jpg,w5gCZ,M5gCZ,0
3bhrv.jpg,3bhrv,3bkrv,0
Mr8Xb.jpg,Mr8Xb,Mr8X2,0
1A26x.jpg,1A26x,1A26X,0
ZY9z0.jpg,ZY9z0,2K9z0,0
o70y2.jpg,o70y2,e7Dy2,0
61RGg.jpg,61RGg,6lXGg,0
0jxB5.jpg,0jxB5,0jxB5,1
l5WyC.jpg,l5WyC,l5WyC,1
Kkpw2.jpg,Kkpw2,Kkpw2,1
EZJVF.jpg,EZJVF,lZJwN,0
Ri2Mp.jpg,Ri2Mp,Ri2Mo,0
00175.jpg,00175,wUj75,0
Tpaw6.jpg,Tpaw6,1paM5,0
0Xql7.jpg,0Xql7,0Xyl7,0
L50r0.jpg,L50r0,L50x8,0
7B0oE.jpg,7B0oE,730aE,0
93Ne4.jpg,93Ne4,93NeL,0
MAktS.jpg,MAktS,MAk1S,0
TW32b.jpg,TW32b,TC32b,0
vTpY7.jpg,vTpY7,vTpY7,1
h3iw3.jpg,h3iw3,hziG3,0
R708L.jpg,R708L,R70wL,0
75lK7.jpg,75lK7,Z5lRY,0
f1Riz.jpg,f1Riz,f1Rjz,0
Yo1F3.jpg,Yo1F3,Yu1Fk,0
EOJRg.jpg,EOJRg,ZOJRg,0
rNpYM.jpg,rNpYM,cKPYM,0
z3D4F.jpg,z3D4F,Q3w4F,0
4CkCJ.jpg,4CkCJ,4EK0J,0
IomnA.jpg,IomnA,IomuA,0
bl6Av.jpg,bl6Av,bI6Av,0
RV9fT.jpg,RV9fT,AV9fT,0
062Ag.jpg,062Ag,052Ag,0
R2HH7.jpg,R2HH7,R2YU7,0
Z62H1.jpg,Z62H1,Z6sH1,0
8g2DU.jpg,8g2DU,8gzpU,0
4n779.jpg,4n779,4HCj5,0
8rlgp.jpg,8rlgp,8rlgm,0
tIyxS.jpg,tIyxS,plyXS,0
xQ2fu.jpg,xQ2fu,xO2fu,0
5F8M3.jpg,5F8M3,5FnU3,0
7483Y.jpg,7483Y,7483V,0
J5Rb6.jpg,J5Rb6,15RQ6,0
zx120.jpg,zx120,zx120,1
24lXr.jpg,24lXr,2JlXn,0
eaAn1.jpg,eaAn1,cgAm1,0
159XQ.jpg,159XQ,i59XO,0
6tI44.jpg,6tI44,6c7H4,0
Tohig.jpg,Tohig,T9hVy,0
JKYin.jpg,JKYin,JKYCn,0
YsjuE.jpg,YsjuE,YsjZe,0
G96wj.jpg,G96wj,C96Mj,0
V876d.jpg,V876d,Vf76d,0
0X832.jpg,0X832,0w83N,0
T4R6A.jpg,T4R6A,T4E6A,0
yi5MG.jpg,yi5MG,yl5AG,0
u1f01.jpg,u1f01,uJZ01,0
8zF7o.jpg,8zF7o,6zF7Q,0
P0c28.jpg,P0c28,FWc28,0
67SpO.jpg,67SpO,W7SPO,0
iX23Z.jpg,iX23Z,eX23Z,0
Azgqg.jpg,Azgqg,AZpSg,0
1YRzt.jpg,1YRzt,TYPzb,0
83NrY.jpg,83NrY,85HCY,0
qutCk.jpg,qutCk,outCk,0
25QPw.jpg,25QPw,25OPV,0
yt4rh.jpg,yt4rh,yU4rh,0
XAXui.jpg,XAXui,XASui,0
b7Bdh.jpg,b7Bdh,b7BdQ,0
Ny4I9.jpg,Ny4I9,Ny4T9,0
mlRhw.jpg,mlRhw,m1Rhv,0
Nf3V5.jpg,Nf3V5,Nf3u5,0
jP5wz.jpg,jP5wz,JP5Wz,0
0E9ZL.jpg,0E9ZL,0E9Z1,0
5079C.jpg,5079C,5p71C,0
9mGxC.jpg,9mGxC,PmGXc,0
0Wbd8.jpg,0Wbd8,0Wzd8,0
P4vcQ.jpg,P4vcQ,P47cO,0
O8FaQ.jpg,O8FaQ,O8F1h,0
G3FAI.jpg,G3FAI,G3FAI,1
oAXQD.jpg,oAXQD,c4XOD,0
kv850.jpg,kv850,kv85C,0
1Ayr4.jpg,1Ayr4,1AWc4,0
KV3SP.jpg,KV3SP,KV3Sp,0
xPA7d.jpg,xPA7d,xPQ7d,0
5wM8H.jpg,5wM8H,5vM8L,0
SUn4z.jpg,SUn4z,SUh4Z,0
P0OqR.jpg,P0OqR,ioVqR,0
04mNZ.jpg,04mNZ,04mNZ,1
xkzpQ.jpg,xkzpQ,VkzpQ,0
DZQVt.jpg,DZQVt,D2GMf,0
eQn73.jpg,eQn73,eUn73,0
YsQ65.jpg,YsQ65,VsC6J,0
M69rp.jpg,M69rp,M69rn,0
A9Z0w.jpg,A9Z0w,A9Z0w,1
5Nlmj.jpg,5Nlmj,5Nluy,0
2W635.jpg,2W635,7HG35,0
p8096.jpg,p8096,p8uY6,0
bYZr6.jpg,bYZr6,hVZF6,0
79FrH.jpg,79FrH,79FvH,0
4E6Ij.jpg,4E6Ij,4E6Vj,0
MlUly.jpg,MlUly,Mj0cy,0
83LH4.jpg,83LH4,8stHX,0
835jl.jpg,835jl,84Kjl,0
Y95Uq.jpg,Y95Uq,V95Hd,0
H0UwN.jpg,H0UwN,B0JwN,0
682e1.jpg,682e1,682cH,0
17d5L.jpg,17d5L,Y7a5t,0
4FZ8m.jpg,4FZ8m,4F78m,0
0da5g.jpg,0da5g,0da7g,0
g5RCx.jpg,g5RCx,g5RCx,1
mQtS7.jpg,mQtS7,HCf57,0
64apk.jpg,64apk,64aFK,0
9HS13.jpg,9HS13,9HS13,1
5Zqc0.jpg,5Zqc0,52qrU,0
e8tOg.jpg,e8tOg,78vOJ,0
t05wi.jpg,t05wi,fd5wi,0
7FGQn.jpg,7FGQn,7F6Qm,0
Pz5O2.jpg,Pz5O2,Pq502,0
UgW78.jpg,UgW78,UgM78,0
87nOw.jpg,87nOw,87hOw,0
Zcx2p.jpg,Zcx2p,HOx2p,0
IEo3b.jpg,IEo3b,lE0Zb,0
2cU85.jpg,2cU85,2YU85,0
YiB40.jpg,YiB40,ViS40,0
ybsAX.jpg,ybsAX,ybsAX,1
70QQ3.jpg,70QQ3,7dMq3,0
7W77Q.jpg,7W77Q,Zu7PQ,0
sj9T0.jpg,sj9T0,sj9L0,0
3HJZi.jpg,3HJZi,3HJZi,1
247b9.jpg,247b9,fs7h9,0
VUxEN.jpg,VUxEN,YUxfN,0
3IPUn.jpg,3IPUn,3kPUn,0
KY020.jpg,KY020,KVu20,0
0NX1L.jpg,0NX1L,0NZ1G,0
66970.jpg,66970,Gb270,0
rn0nw.jpg,rn0nw,fH0uw,0
b7N24.jpg,b7N24,b7N2Y,0
LX801.jpg,LX801,kX801,0
B1j55.jpg,B1j55,Blqx5,0
qYy0Z.jpg,qYy0Z,qYr0Z,0
V80r6.jpg,V80r6,V8nrT,0
UcKZv.jpg,UcKZv,UcKZv,1
JEKBE.jpg,JEKBE,JfKDE,0
o5tvn.jpg,o5tvn,o5tvn,1
72I8G.jpg,72I8G,72I86,0
lRcA7.jpg,lRcA7,iRcA7,0
x4BK2.jpg,x4BK2,x4BK2,1
Yw8lN.jpg,Yw8lN,Yw8JN,0
Cst84.jpg,Cst84,CsI84,0
68Wc1.jpg,68Wc1,53Hc1,0
iN0pZ.jpg,iN0pZ,jNOpZ,0
o5AnP.jpg,o5AnP,oSAnP,0
4ASsW.jpg,4ASsW,4ACZW,0
318Fv.jpg,318Fv,218Fv,0
yM505.jpg,yM505,yM305,0
cwx1D.jpg,cwx1D,Awx1D,0
01uQ7.jpg,01uQ7,01ue7,0
dho8q.jpg,dho8q,Vho8g,0
eOmOk.jpg,eOmOk,eOnPk,0
Q89KC.jpg,Q89KC,W89Kc,0
QSL65.jpg,QSL65,wS165,0
jMHc1.jpg,jMHc1,jMHc1,1
YquL0.jpg,YquL0,YRuLO,0
koK0Y.jpg,koK0Y,uoK2Y,0
AUc6W.jpg,AUc6W,A9e6W,0
9VeSJ.jpg,9VeSJ,9MQ51,0
ITszl.jpg,ITszl,fTs4k,0
SJN9u.jpg,SJN9u,SfN9u,0
69Jjf.jpg,69Jjf,69mjf,0
4c71G.jpg,4c71G,4czfG,0
VQ3P2.jpg,VQ3P2,LCSF2,0
uYOZA.jpg,uYOZA,uV0ZA,0
62Pyn.jpg,62Pyn,62Pyn,1
lV3Wp.jpg,lV3Wp,iV3Wp,0
Ekaev.jpg,Ekaev,EkAeV,0
YU2XR.jpg,YU2XR,yU2XR,0
huWEP.jpg,huWEP,hvWK9,0
WH9zW.jpg,WH9zW,Vl9zB,0
50prl.jpg,50prl,50wrj,0
5Q5C9.jpg,5Q5C9,5wlC9,0
133E0.jpg,133E0,13xEG,0
J4SOo.jpg,J4SOo,J4S2o,0
s90nk.jpg,s90nk,s90mK,0
fHKGO.jpg,fHKGO,fHKGe,0
yBQoF.jpg,yBQoF,yuQ5f,0
T3UQ6.jpg,T3UQ6,73UQ6,0
247WY.jpg,247WY,247wY,0
7I8z2.jpg,7I8z2,7f862,0
6CS4N.jpg,6CS4N,rCS9N,0
yN5xX.jpg,yN5xX,yN5fX,0
n6dUV.jpg,n6dUV,m6dUV,0
OhQOG.jpg,OhQOG,2hwOC,0
bmUv0.jpg,bmUv0,bmUv0,1
6g4Uq.jpg,6g4Uq,6R4Mq,0
J823x.jpg,J823x,JBZ3x,0
00vpo.jpg,00vpo,G9VFc,0
iH4u2.jpg,iH4u2,iH4u2,1
8h3Gt.jpg,8h3Gt,Yh3Gt,0
fT2bW.jpg,fT2bW,fTGbW,0
0nxFo.jpg,0nxFo,UhxEe,0
Y5Zdd.jpg,Y5Zdd,V52nd,0
tNGh2.jpg,tNGh2,tNGu2,0
jX88A.jpg,jX88A,iKs0A,0
Vonlh.jpg,Vonlh,Yonjb,0
v8U58.jpg,v8U58,vBM5o,0
p8WQT.jpg,p8WQT,p8W4T,0
o9I70.jpg,o9I70,oSI7O,0
456f4.jpg,456f4,3507d,0
5Y4y3.jpg,5Y4y3,5Y4y3,1
E8zu0.jpg,E8zu0,F8zu0,0
dLZHj.jpg,dLZHj,dLZHj,1
K0MBZ.jpg,K0MBZ,K0M31,0
888CP.jpg,888CP,Bx9CP,0
05596.jpg,05596,0Sz96,0
bA4S8.jpg,bA4S8,bA4V8,0
VIjF8.jpg,VIjF8,VLjF8,0
l576u.jpg,l576u,i5Z6u,0
3yX0S.jpg,3yX0S,3EX0S,0
wiaoO.jpg,wiaoO,wlapO,0
3jNyd.jpg,3jNyd,31Kyc,0
NfHW5.jpg,NfHW5,NFHu5,0
9Tqbi.jpg,9Tqbi,3Tgbr,0
Iur80.jpg,Iur80,IuZ80,0
j5Kt9.jpg,j5Kt9,j5Kt9,1
O83M8.jpg,O83M8,0f318,0
9779s.jpg,9779s,C719s,0
m9hyU.jpg,m9hyU,m9hyU,1
OKOts.jpg,OKOts,vKOLs,0
rJ7z1.jpg,rJ7z1,rJUz1,0
he63v.jpg,he63v,ha63V,0
Le9w2.jpg,Le9w2,L69w2,0
1Tw4Y.jpg,1Tw4Y,iTw4Y,0
V4z23.jpg,V4z23,V4zP3,0
1qJw4.jpg,1qJw4,jqJx4,0
HehAy.jpg,HehAy,PebAy,0
WU8IL.jpg,WU8IL,YQ8Eh,0
s6FvI.jpg,s6FvI,z6WvI,0
vbbI7.jpg,vbbI7,vbkI7,0
j4c22.jpg,j4c22,H4cV2,0
a0Du8.jpg,a0Du8,a0Dvk,0
Al7yG.jpg,Al7yG,AlZyG,0
LNJ54.jpg,LNJ54,LHJ54,0
p8U35.jpg,p8U35,pIU3R,0
PN3MK.jpg,PN3MK,EN3MK,0
D1FQV.jpg,D1FQV,D3F0V,0
ih67S.jpg,ih67S,iM67S,0
1718w.jpg,1718w,194sw,0
Qp5RJ.jpg,Qp5RJ,Qp5zJ,0
178F3.jpg,178F3,V76E3,0
6bgnz.jpg,6bgnz,6bgnz,1
6yBwp.jpg,6yBwp,4yBwp,0
0wIoU.jpg,0wIoU,0w1pU,0
6CSLU.jpg,6CSLU,6CS1H,0
r1O28.jpg,r1O28,c1028,0
7NJ2v.jpg,7NJ2v,XNJ2v,0
gznIE.jpg,gznIE,gZmIE,0
b09FM.jpg,b09FM,b03EH,0
jW9xq.jpg,jW9xq,IV9xe,0
z85Za.jpg,z85Za,z85ZM,0
gTP56.jpg,gTP56,w1P5G,0
oKm9k.jpg,oKm9k,efm9k,0
Lc10b.jpg,Lc10b,Le1Ub,0
TPx8P.jpg,TPx8P,JRa8E,0
U2V3m.jpg,U2V3m,U2Y3m,0
cAJ9B.jpg,cAJ9B,cAJ9B,1
J80s1.jpg,J80s1,J80sY,0
23b8I.jpg,23b8I,2Yb8W,0
FAlL4.jpg,FAlL4,FAEkY,0
Wxz78.jpg,Wxz78,Wxj28,0
5a3Kp.jpg,5a3Kp,5C3Ku,0
O2o9U.jpg,O2o9U,OZp9U,0
6pYaQ.jpg,6pYaQ,6FYaC,0
8N5UV.jpg,8N5UV,6A50V,0
0U696.jpg,0U696,0USR6,0
O56nn.jpg,O56nn,O5fwn,0
ra8sN.jpg,ra8sN,Ca85N,0
cFzkX.jpg,cFzkX,CFzkX,0
iDy2T.jpg,iDy2T,jDy2T,0
Z1i14.jpg,Z1i14,Z1uM4,0
H5Qvb.jpg,H5Qvb,H5OVb,0
q4Zt1.jpg,q4Zt1,g4Zt1,0
rqpw8.jpg,rqpw8,rdpw8,0
36ST4.jpg,36ST4,36SI4,0
vbKaT.jpg,vbKaT,vbKeT,0
Kd39N.jpg,Kd39N,Kd39M,0
q6I8b.jpg,q6I8b,qG18b,0
UD5r5.jpg,UD5r5,UP5ra,0
kUfa2.jpg,kUfa2,kUfa2,1
8s3oD.jpg,8s3oD,8K1oD,0
VGShu.jpg,VGShu,YGSbu,0
dV77x.jpg,dV77x,dV7Ax,0
esSLQ.jpg,esSLQ,esSIO,0
F6BYU.jpg,F6BYU,Fo3YU,0
67jEL.jpg,67jEL,67jEL,1
nVGz8.jpg,nVGz8,NVCZ3,0
8BYCR.jpg,8BYCR,2BVCR,0
70G60.jpg,70G60,7uG6E,0
7ED0x.jpg,7ED0x,7ED0x,1
z8Q46.jpg,z8Q46,z9C46,0
0w88N.jpg,0w88N,0vpsA,0
95Yc8.jpg,95Yc8,95VC8,0
021ZK.jpg,021ZK,0217K,0
CmZgr.jpg,CmZgr,vmZsk,0
H65qk.jpg,H65qk,H65Qk,0
8T56t.jpg,8T56t,ZT56i,0
TcZAr.jpg,TcZAr,JcZAr,0
e7hUB.jpg,e7hUB,C7hUB,0
J9YGp.jpg,J9YGp,J9YGk,0
g1d9b.jpg,g1d9b,g1X9b,0
FaS9Z.jpg,FaS9Z,FuS9Z,0
51EV5.jpg,51EV5,31eWS,0
qigiS.jpg,qigiS,al9HS,0
66mq1.jpg,66mq1,0Gmq1,0
wQ5iE.jpg,wQ5iE,wO5iF,0
sRS50.jpg,sRS50,sPS5O,0
yRtvE.jpg,yRtvE,JKtvE,0
H01T4.jpg,H01T4,H01r4,0
x2eRv.jpg,x2eRv,32cRv,0
pm0Cx.jpg,pm0Cx,jm0Cx,0
o87zc.jpg,o87zc,oyjtM,0
G321r.jpg,G321r,G32Mr,0
6qiTS.jpg,6qiTS,6aiTS,0
Wyq4V.jpg,Wyq4V,Bjq4V,0
2UXSp.jpg,2UXSp,2UXSn,0
Wv7rs.jpg,Wv7rs,Wv7rs,1
6U0JW.jpg,6U0JW,5E01W,0
EeKRf.jpg,EeKRf,EaKR1,0
o4HZ5.jpg,o4HZ5,e4HZ5,0
t5lC0.jpg,t5lC0,t5lN0,0
G7075.jpg,G7075,GY0z5,0
gU5CO.jpg,gU5CO,gH5CQ,0
504D7.jpg,504D7,5o4D7,0
klFk8.jpg,klFk8,RlPk8,0
2pe0k.jpg,2pe0k,2pe04,0
5K9li.jpg,5K9li,5K9lC,0
JstuL.jpg,JstuL,JZtuL,0
fK88G.jpg,fK88G,fK8nG,0
VF3u2.jpg,VF3u2,VF3H2,0
5jm5B.jpg,5jm5B,5jm4B,0
308Zp.jpg,308Zp,3087p,0
Y7M05.jpg,Y7M05,Y7H05,0
vjy80.jpg,vjy80,vjy60,0
FTjDq.jpg,FTjDq,S7lDq,0
6EA7J.jpg,6EA7J,8EA7J,0
24tfV.jpg,24tfV,24TfV,0
HfufV.jpg,HfufV,Htu5V,0
I4T7e.jpg,I4T7e,Z4T1u,0
VxW0U.jpg,VxW0U,v5W0U,0
44FRW.jpg,44FRW,93CRU,0
BjsUe.jpg,BjsUe,BjsU7,0
6I9Et.jpg,6I9Et,6I9Et,1
9TeSx.jpg,9TeSx,9Te5x,0
6x2M8.jpg,6x2M8,fx2M3,0
0k8K6.jpg,0k8K6,0l8K6,0
DyuDx.jpg,DyuDx,DyuHx,0
3HrDZ.jpg,3HrDZ,3HrDZ,1
nUx1j.jpg,nUx1j,QUxTi,0
R44SH.jpg,R44SH,RuA5H,0
WVEB2.jpg,WVEB2,WVEB2,1
C69o0.jpg,C69o0,C6To0,0
5sbll.jpg,5sbll,5s0CJ,0
077yM.jpg,077yM,0ZTYH,0
C6n7t.jpg,C6n7t,C6n7t,1
bdh5j.jpg,bdh5j,vahFj,0
J7rWd.jpg,J7rWd,J7rWq,0
4iZ3p.jpg,4iZ3p,4i23m,0
8Aizv.jpg,8Aizv,3Mizv,0
xbnXn.jpg,xbnXn,16uXr,0
y3h2K.jpg,y3h2K,ysh4K,0
TxzD3.jpg,TxzD3,TAzD3,0
341nx.jpg,341nx,34IQx,0
M88bX.jpg,M88bX,MZebX,0
uEbMW.jpg,uEbMW,u2bMW,0
t7Db8.jpg,t7Db8,r7Ob8,0
21pP2.jpg,21pP2,ztpB2,0
h7423.jpg,h7423,M7423,0
0x0Rt.jpg,0x0Rt,On9R1,0
L51Ag.jpg,L51Ag,L51AG,0
NX3Hr.jpg,NX3Hr,0X3Hr,0
hBpiY.jpg,hBpiY,M3piV,0
4wpXa.jpg,4wpXa,4WpXa,0
zbA8Y.jpg,zbA8Y,zbA8Y,1
8dxUI.jpg,8dxUI,8dxWI,0
At15i.jpg,At15i,At15i,1
UtlU2.jpg,UtlU2,UFlYD,0
259K1.jpg,259K1,2s9K1,0
G3KJc.jpg,G3KJc,G3KJc,1
o6iq7.jpg,o6iq7,o6iq7,1
J99d9.jpg,J99d9,j82d9,0
147r4.jpg,147r4,147pM,0
H5U9C.jpg,H5U9C,H5r9c,0
F2C65.jpg,F2C65,F2C65,1
m7l6q.jpg,m7l6q,mTlBq,0
C3AG1.jpg,C3AG1,lXAG1,0
e3Qk4.jpg,e3Qk4,w3Of4,0
FmiR6.jpg,FmiR6,FmCR6,0
SGc9P.jpg,SGc9P,5Uc9F,0
J5fG5.jpg,J5fG5,JDfC5,0
0D7RW.jpg,0D7RW,057mW,0
6laM4.jpg,6laM4,6IaH4,0
yGV2L.jpg,yGV2L,yGW2F,0
9qh8c.jpg,9qh8c,9qhBC,0
vZsR7.jpg,vZsR7,VZsA7,0
Spnxh.jpg,Spnxh,Spwxh,0
R3ODl.jpg,R3ODl,R3Qpl,0
Y9xqG.jpg,Y9xqG,Y9xaG,0
QlF72.jpg,QlF72,QlF7d,0
90fA8.jpg,90fA8,90tA8,0
z474U.jpg,z474U,zd7gU,0
7Fqor.jpg,7Fqor,7FqCN,0
E9J6T.jpg,E9J6T,E9u6T,0
J8t2i.jpg,J8t2i,Q8t2j,0
4r4oS.jpg,4r4oS,ar4MS,0
sQ13z.jpg,sQ13z,sO1Mz,0
w6O1F.jpg,w6O1F,w6O1F,1
80jla.jpg,80jla,80jIa,0
874iS.jpg,874iS,8XxpS,0
ByE3J.jpg,ByE3J,8vL3J,0
vU2EV.jpg,vU2EV,vUaEV,0
sr4F9.jpg,sr4F9,sD4F9,0
n9jiz.jpg,n9jiz,m9jiz,0
iekFM.jpg,iekFM,ickDM,0
G8qzG.jpg,G8qzG,S8HzO,0
Os9gm.jpg,Os9gm,ls9gm,0
FU94D.jpg,FU94D,fUo4D,0
9wNpe.jpg,9wNpe,9wN7e,0
3u3Yy.jpg,3u3Yy,3u8Yk,0
esK12.jpg,esK12,osKU2,0
GIpx6.jpg,GIpx6,C1PX6,0
70N3t.jpg,70N3t,7BN3f,0
Fc0sP.jpg,Fc0sP,FcOaY,0
M4yEx.jpg,M4yEx,H4yEx,0
91E6P.jpg,91E6P,9Ne6P,0
726ax.jpg,726ax,7d6ax,0
3mz15.jpg,3mz15,3mZI5,0
DQ604.jpg,DQ604,DQkn4,0
pPSd6.jpg,pPSd6,pPSd6,1
1h86H.jpg,1h86H,1h8GH,0
5N1n2.jpg,5N1n2,5Nto2,0
Z5j3L.jpg,Z5j3L,Z5j3L,1
u60u7.jpg,u60u7,koQc7,0
d7Xd3.jpg,d7Xd3,47Xd3,0
ltaje.jpg,ltaje,ltXpe,0
IO7Eb.jpg,IO7Eb,iO7Eb,0
HWBS6.jpg,HWBS6,HqB56,0
j56oP.jpg,j56oP,j56MP,0
6AZD3.jpg,6AZD3,6A7D3,0
5T2H4.jpg,5T2H4,9T2h4,0
99VEV.jpg,99VEV,A9yEM,0
VeTmM.jpg,VeTmM,Vc1mM,0
vfj8o.jpg,vfj8o,Vfj30,0
dsNt5.jpg,dsNt5,dsMt5,0
2WG06.jpg,2WG06,2AG06,0
BWIER.jpg,BWIER,BW7ER,0
5Q6gR.jpg,5Q6gR,5Q6gR,1
G8TpW.jpg,G8TpW,C8TPM,0
225Ik.jpg,225Ik,2e5fY,0
qLs9w.jpg,qLs9w,plj9w,0
zPzj7.jpg,zPzj7,aBzI7,0
QmWK5.jpg,QmWK5,OmWK5,0
6QW04.jpg,6QW04,5QH91,0
2MJ8B.jpg,2MJ8B,9MJqB,0
25rcT.jpg,25rcT,25rCI,0
rY0Ru.jpg,rY0Ru,rT0Pu,0
w32H6.jpg,w32H6,z3yF6,0
a18A7.jpg,a18A7,x18W7,0
WaoKL.jpg,WaoKL,WJoKL,0
5B2GI.jpg,5B2GI,3B2GL,0
EuD3U.jpg,EuD3U,EnP3U,0
im48e.jpg,im48e,im4xO,0
DonQJ.jpg,DonQJ,DemQJ,0
O4VIF.jpg,O4VIF,O4V7x,0
944x3.jpg,944x3,94hx3,0
9V8rl.jpg,9V8rl,9U6rl,0
XvCKT.jpg,XvCKT,Zv6H1,0
Ff3ZF.jpg,Ff3ZF,Ff3Zh,0
QrK4R.jpg,QrK4R,QrK4R,1
aW697.jpg,aW697,aV697,0
0IL5u.jpg,0IL5u,0JL5w,0
Fd9Nm.jpg,Fd9Nm,Fd9Nm,1
2e5p1.jpg,2e5p1,2c5R1,0
5M103.jpg,5M103,ZM103,0
00i07.jpg,00i07,D9to7,0
DUjsB.jpg,DUjsB,mUIzB,0
ErjIW.jpg,ErjIW,Erj9W,0
8pBK8.jpg,8pBK8,9pGK8,0
2gVaZ.jpg,2gVaZ,2gNaZ,0
1FTOL.jpg,1FTOL,1FTOL,1
9MxzX.jpg,9MxzX,9Nx5X,0
N87zQ.jpg,N87zQ,A37zC,0
FP37X.jpg,FP37X,EP3vX,0
fkz50.jpg,fkz50,IKz50,0
votdc.jpg,votdc,voMds,0
JXwR5.jpg,JXwR5,JXW25,0
Ir4t2.jpg,Ir4t2,lrKt2,0
pR0AX.jpg,pR0AX,pRUhX,0
4n6e6.jpg,4n6e6,476eg,0
fxEu6.jpg,fxEu6,fxHu6,0
02164.jpg,02164,02H64,0
1DPTp.jpg,1DPTp,1QP7e,0
FJ0EQ.jpg,FJ0EQ,F1MEQ,0
1CE9l.jpg,1CE9l,1CE9l,1
Wq91s.jpg,Wq91s,WgM1s,0
2J3Lu.jpg,2J3Lu,2J3Ln,0
ec1KV.jpg,ec1KV,o61KV,0
Fk31T.jpg,Fk31T,FX3iT,0
OG1EM.jpg,OG1EM,OG1tM,0
nusOM.jpg,nusOM,nySDM,0
RzGag.jpg,RzGag,RzCag,0
w090j.jpg,w090j,wR901,0
w00No.jpg,w00No,wC3Mo,0
5OeUM.jpg,5OeUM,fOvUM,0
7P4qp.jpg,7P4qp,7P4qm,0
6P8S1.jpg,6P8S1,6p8S1,0
6whx0.jpg,6whx0,Cwhx0,0
8c858.jpg,8c858,Xc259,0
q3raF.jpg,q3raF,q3r0E,0
vtmbm.jpg,vtmbm,vfW5m,0
4GOJE.jpg,4GOJE,VGO1E,0
n9a40.jpg,n9a40,nHa40,0
25256.jpg,25256,7EZb6,0
k1JOd.jpg,k1JOd,K1JOd,0
yuJH8.jpg,yuJH8,zuJH8,0
D19i1.jpg,D19i1,D49rJ,0
3nVU7.jpg,3nVU7,3nYU7,0
BS2o0.jpg,BS2o0,B51o0,0
6QUq8.jpg,6QUq8,6QUaP,0
4Fr5T.jpg,4Fr5T,4Fr5T,1
kQnI4.jpg,kQnI4,KQmI4,0
Igcr2.jpg,Igcr2,WOcx2,0
UVd40.jpg,UVd40,LVd40,0
0ptA0.jpg,0ptA0,05TA4,0
tp0t5.jpg,tp0t5,tFw6J,0
89XkW.jpg,89XkW,897kW,0
rJhC3.jpg,rJhC3,rJbC9,0
hrJ3O.jpg,hrJ3O,hrJ30,0
c3Hvg.jpg,c3Hvg,c3Hvq,0
KS8cZ.jpg,KS8cZ,K58C1,0
23141.jpg,23141,Yxj4k,0
zh6Gn.jpg,zh6Gn,zh6Vm,0
74nb2.jpg,74nb2,74mb2,0
wbFQ0.jpg,wbFQ0,wbfQ0,0
89Mrm.jpg,89Mrm,l9Mrs,0
CvMua.jpg,CvMua,CyMu5,0
9KPEe.jpg,9KPEe,9KzEe,0
X1kUp.jpg,X1kUp,X1kOn,0
i5K3v.jpg,i5K3v,iEH3v,0
UMT4A.jpg,UMT4A,UMTSA,0
xHR6H.jpg,xHR6H,xHR5r,0
5NXsC.jpg,5NXsC,bNXcC,0
S5lg0.jpg,S5lg0,S5Lg0,0
Abh4X.jpg,Abh4X,Fbh4X,0
7FVPa.jpg,7FVPa,jEUPa,0
M3502.jpg,M3502,M3f02,0
rmX22.jpg,rmX22,rmX2U,0
4WgA8.jpg,4WgA8,4Wgx8,0
RPU9t.jpg,RPU9t,RFU9f,0
zF61L.jpg,zF61L,zF61L,1
j2tac.jpg,j2tac,j2tae,0
CQ8C8.jpg,CQ8C8,EQ8CM,0
oPy8l.jpg,oPy8l,0FY81,0
JV2m2.jpg,JV2m2,fV2mz,0
A4y3q.jpg,A4y3q,A4j3q,0
0z1mD.jpg,0z1mD,0zHmD,0
wcWot.jpg,wcWot,wCWo1,0
66Tit.jpg,66Tit,86Tlw,0
Oj39c.jpg,Oj39c,OjR9c,0
53oT3.jpg,53oT3,CJWTa,0
QJ5R8.jpg,QJ5R8,OJ5R8,0
h15Ep.jpg,h15Ep,h15Ep,1
knr62.jpg,knr62,kVr62,0
89af3.jpg,89af3,B9aF3,0
dPg8N.jpg,dPg8N,dPg5N,0
936NT.jpg,936NT,03kNT,0
8Mq1Y.jpg,8Mq1Y,3He1V,0
uQjOW.jpg,uQjOW,uOIRW,0
iW054.jpg,iW054,1W054,0
ZKc9S.jpg,ZKc9S,ZHC9S,0
Nlr7H.jpg,Nlr7H,KIe7H,0
82bXh.jpg,82bXh,82pXL,0
d7d81.jpg,d7d81,qDd81,0
w2882.jpg,w2882,u28eY,0
ckE59.jpg,ckE59,mKF59,0
4DaX4.jpg,4DaX4,jDaX4,0
2R1a0.jpg,2R1a0,2R1a0,1
Vi0CQ.jpg,Vi0CQ,ViUCq,0
s7zCf.jpg,s7zCf,n7zCf,0
fmByL.jpg,fmByL,fqByL,0
B3jVw.jpg,B3jVw,A3SVu,0
Z8Vqw.jpg,Z8Vqw,78Vaw,0
CI1R9.jpg,CI1R9,ClTR9,0
B20td.jpg,B20td,B201d,0
Hvq9h.jpg,Hvq9h,Mry9h,0
p4P45.jpg,p4P45,p4yX5,0
tj68h.jpg,tj68h,tj6Vh,0
QSXhW.jpg,QSXhW,QSXhW,1
Y4zMt.jpg,Y4zMt,Y4zHC,0
15ZkV.jpg,15ZkV,15nkV,0
feZ9a.jpg,feZ9a,feZ9a,1
U0OqI.jpg,U0OqI,U9Oqf,0
JU0Ib.jpg,JU0Ib,JU4I5,0
7ecVb.jpg,7ecVb,7acVb,0
UkyMs.jpg,UkyMs,UkyAs,0
0t4S4.jpg,0t4S4,0tZ3J,0
9mtBR.jpg,9mtBR,9a1BR,0
7s463.jpg,7s463,7g403,0
26776.jpg,26776,267N5,0
lw110.jpg,lw110,lw4T0,0
WNpT0.jpg,WNpT0,wNp10,0
5O2TA.jpg,5O2TA,5U2IA,0
avL5X.jpg,avL5X,avL5X,1
6ge8R.jpg,6ge8R,6qe8N,0
w637e.jpg,w637e,M637e,0
8DF3F.jpg,8DF3F,82Eof,0
30TuW.jpg,30TuW,30TnW,0
tgTeP.jpg,tgTeP,tmTeP,0
5Sw4y.jpg,5Sw4y,MSw4c,0
14wFU.jpg,14wFU,24wFU,0
MdUSi.jpg,MdUSi,MdUSi,1
2kG8X.jpg,2kG8X,2kGjX,0
6ox1h.jpg,6ox1h,6ex1h,0
iPEvg.jpg,iPEvg,4PEvg,0
jg2VU.jpg,jg2VU,Jg2VU,0
Crs7U.jpg,Crs7U,Crs7H,0
Ffaeh.jpg,Ffaeh,Ffauh,0
mbMg9.jpg,mbMg9,mb7g9,0
oSB1x.jpg,oSB1x,oZB1x,0
00y92.jpg,00y92,9Oy52,0
1tOrG.jpg,1tOrG,1kDrG,0
Zu23i.jpg,Zu23i,Eu231,0
w0i7W.jpg,w0i7W,w6k7W,0
U73lH.jpg,U73lH,U73IA,0
BGo9t.jpg,BGo9t,BKo9t,0
kbhRp.jpg,kbhRp,1bhRp,0
u1KV7.jpg,u1KV7,ajKV7,0
M90DO.jpg,M90DO,MATDO,0
HoY28.jpg,HoY28,HoY28,1
121Vl.jpg,121Vl,y2HWk,0
u0c2B.jpg,u0c2B,y0i2B,0
r0VLi.jpg,r0VLi,r0VZI,0
0wS31.jpg,0wS31,0w531,0
nY5mF.jpg,nY5mF,dY5mF,0
39O5f.jpg,39O5f,7ZO5f,0
1668x.jpg,1668x,1oGPx,0
VttMA.jpg,VttMA,vtzMA,0
b96w0.jpg,b96w0,l96w0,0
zQRUT.jpg,zQRUT,zQRUT,1
R3428.jpg,R3428,R3428,1
8NJ8m.jpg,8NJ8m,xNL6m,0
LAoYc.jpg,LAoYc,LAoVc,0
CXV65.jpg,CXV65,CXVB5,0
XQqY1.jpg,XQqY1,xOqYj,0
4eIHx.jpg,4eIHx,4efHx,0
5D1hs.jpg,5D1hs,5D1hs,1
3k9qx.jpg,3k9qx,3h9qx,0
81uE5.jpg,81uE5,81uE5,1
NpEEN.jpg,NpEEN,QpzGN,0
XH0W7.jpg,XH0W7,X40w7,0
7Rrp3.jpg,7Rrp3,7Brp3,0
jPzQG.jpg,jPzQG,jPnQ6,0
7aDln.jpg,7aDln,PXDrN,0
24Jy0.jpg,24Jy0,2rJy0,0
kz845.jpg,kz845,kz845,1
YyKMT.jpg,YyKMT,YqKMT,0
d38NP.jpg,d38NP,dv8NP,0
rrm1y.jpg,rrm1y,rKm19,0
9z7tu.jpg,9z7tu,9z7Ku,0
87190.jpg,87190,871Sn,0
9xjNK.jpg,9xjNK,9xjNt,0
1FZNQ.jpg,1FZNQ,1F2MO,0
H3m7j.jpg,H3m7j,e3m7j,0
7Ljpp.jpg,7Ljpp,7Lj6F,0
MSsZL.jpg,MSsZL,MSsOL,0
KH1a7.jpg,KH1a7,SH1a7,0
Rbk8B.jpg,Rbk8B,Mbk8D,0
0iBL2.jpg,0iBL2,0NBL2,0
eUXvc.jpg,eUXvc,eUXvG,0
051cv.jpg,051cv,051cv,1
kLAwg.jpg,kLAwg,k6Awj,0
V7bg6.jpg,V7bg6,V7hg6,0
U1KYY.jpg,U1KYY,UiKY0,0
Exf7A.jpg,Exf7A,ExW7A,0
NNTNb.jpg,NNTNb,dNTBb,0
AV0RT.jpg,AV0RT,AV0RI,0
99fTU.jpg,99fTU,3qf7H,0
twl19.jpg,twl19,rXl19,0
8HeU8.jpg,8HeU8,9HcUs,0
b4SWn.jpg,b4SWn,b4SWn,1
o55g4.jpg,o55g4,o5Rg4,0
14urr.jpg,14urr,E4uhr,0
YYR9y.jpg,YYR9y,Y1H0p,0
4NswD.jpg,4NswD,4HswD,0
DGV05.jpg,DGV05,DGYd5,0
33jop.jpg,33jop,SXjor,0
32kvZ.jpg,32kvZ,J2kvZ,0
Edvb2.jpg,Edvb2,EdVb2,0
75c41.jpg,75c41,75c41,1
AZXPF.jpg,AZXPF,02VBF,0
AxB4a.jpg,AxB4a,AxP4a,0
C3jaM.jpg,C3jaM,C3jaM,1
aOAX0.jpg,aOAX0,mPHX0,0
fA1a0.jpg,fA1a0,fAVe0,0
XfK4f.jpg,XfK4f,xiN4f,0
D4JRZ.jpg,D4JRZ,U4JRZ,0
rNSdS.jpg,rNSdS,rK3d9,0
I71W5.jpg,I71W5,IZ1W5,0
FbaTr.jpg,FbaTr,Eb4Tr,0
E65ig.jpg,E65ig,E651g,0
eD3qE.jpg,eD3qE,sD3XF,0
o5KbN.jpg,o5KbN,o5KbN,1
6Ub5D.jpg,6Ub5D,6Yh5D,0
vg91d.jpg,vg91d,vz91d,0
7kAAL.jpg,7kAAL,7kaFL,0
i22Hx.jpg,i22Hx,i3dHx,0
qO1dj.jpg,qO1dj,qOlzj,0
1Ejz3.jpg,1Ejz3,1Ejm3,0
1w65b.jpg,1w65b,1m6Fh,0
6X9fc.jpg,6X9fc,6X9Hc,0
P7Bm8.jpg,P7Bm8,P7Vm8,0
5PIzf.jpg,5PIzf,5PLZf,0
otBjq.jpg,otBjq,ot8jM,0
WV7J5.jpg,WV7J5,HVPJ5,0
A8869.jpg,A8869,A8jM9,0
rKpY6.jpg,rKpY6,rKpY6,1
2Z0u0.jpg,2Z0u0,PYNub,0
UH9R9.jpg,UH9R9,0hGR9,0
C0FK8.jpg,C0FK8,C01K3,0
BVz54.jpg,BVz54,BV254,0
AAsE6.jpg,AAsE6,XhsE6,0
t0616.jpg,t0616,t061H,0
v4Y9v.jpg,v4Y9v,m4Y9v,0
FGGv1.jpg,FGGv1,FSUm1,0
a3g48.jpg,a3g48,a39L8,0
15Cku.jpg,15Cku,l5Cku,0
IZnu7.jpg,IZnu7,Iznu7,0
U2BN5.jpg,U2BN5,U28A5,0
SynLW.jpg,SynLW,Syn2W,0
47CJN.jpg,47CJN,4ZcJN,0
M56iy.jpg,M56iy,M56iy,1
394v2.jpg,394v2,3P4d2,0
P4N20.jpg,P4N20,P4N2y,0
W0wDO.jpg,W0wDO,WqxDO,0
o3oE9.jpg,o3oE9,63eE9,0
FWsO9.jpg,FWsO9,FWsO9,1
xUTUS.jpg,xUTUS,x0TDG,0
HPpx0.jpg,HPpx0,HPpx0,1
k97sZ.jpg,k97sZ,K91cZ,0
75892.jpg,75892,V589z,0
i2wnO.jpg,i2wnO,i2wn0,0
7QWj4.jpg,7QWj4,7QWj8,0
bJdx8.jpg,bJdx8,bJdM8,0
8W9fr.jpg,8W9fr,8W9fc,0
Jv9Da.jpg,Jv9Da,7nOWd,0
TAk84.jpg,TAk84,TAw64,0
7K310.jpg,7K310,7Kmi9,0
Nf9zJ.jpg,Nf9zJ,Uj9cJ,0
IoUp2.jpg,IoUp2,foUn2,0
JsonG.jpg,JsonG,JsorC,0
s12dX.jpg,s12dX,5120X,0
nGxnt.jpg,nGxnt,uGxht,0
5JzM4.jpg,5JzM4,5JzH4,0
P3Udh.jpg,P3Udh,P3Udh,1
19P3g.jpg,19P3g,1YP3g,0
b4j9M.jpg,b4j9M,b4j9M,1
R03e0.jpg,R03e0,RY3e0,0
uM3pw.jpg,uM3pw,uMIpy,0
0AddZ.jpg,0AddZ,0AVdZ,0
Kt1sv.jpg,Kt1sv,Kt1sd,0
b0TY1.jpg,b0TY1,b0TR1,0
2xDrL.jpg,2xDrL,2XDnL,0
ijXc2.jpg,ijXc2,ibXG2,0
92G2a.jpg,92G2a,9r62a,0
yM4LQ.jpg,yM4LQ,7M4LQ,0
lgl7A.jpg,lgl7A,Jgf7A,0
b7olO.jpg,b7olO,b79IO,0
0Mgy3.jpg,0Mgy3,0Hgy3,0
w726i.jpg,w726i,w726i,1
hcJ09.jpg,hcJ09,hc1u9,0
y4mW7.jpg,y4mW7,ykmW2,0
4Q4Q8.jpg,4Q4Q8,4e9Ql,0
jZACt.jpg,jZACt,JznET,0
KlF2p.jpg,KlF2p,GlF2p,0
bA79d.jpg,bA79d,5A79u,0
2Jtrg.jpg,2Jtrg,2JLYg,0
SyLAR.jpg,SyLAR,SYLAR,0
3rcp0.jpg,3rcp0,3rVp0,0
P1xV3.jpg,P1xV3,P1xV3,1
tp5SU.jpg,tp5SU,1P53U,0
uczU2.jpg,uczU2,u4cUR,0
7E467.jpg,7E467,7E463,0
BaW69.jpg,BaW69,BaWC9,0
zSmaG.jpg,zSmaG,z5HaC,0
Ofih3.jpg,Ofih3,oTih3,0
H171k.jpg,H171k,HC71k,0
c6p3n.jpg,c6p3n,c6F1m,0
Quezt.jpg,Quezt,9uezt,0
1N9yM.jpg,1N9yM,1n9yM,0
BO973.jpg,BO973,BQY73,0
kRlV8.jpg,kRlV8,5R1V8,0
DYeNq.jpg,DYeNq,DYeMq,0
0V59n.jpg,0V59n,OV59n,0
6sZB2.jpg,6sZB2,6suB2,0
qcr71.jpg,qcr71,qcW71,0
70ne3.jpg,70ne3,Z0n65,0
XE2jv.jpg,XE2jv,XE2Jv,0
mltrI.jpg,mltrI,ml9rT,0
3DM0G.jpg,3DM0G,3DM0S,0
mKsVY.jpg,mKsVY,QK3WY,0
8RX87.jpg,8RX87,SmXE7,0
JTqDI.jpg,JTqDI,JTqDl,0
iv6D8.jpg,iv6D8,Xr6D8,0
F2xT6.jpg,F2xT6,Q2xT6,0
z3I3y.jpg,z3I3y,z5N3y,0
9QQ7o.jpg,9QQ7o,9DC1o,0
64eP8.jpg,64eP8,b4eP8,0
4uTB9.jpg,4uTB9,4n7B9,0
5QmhO.jpg,5QmhO,5emhO,0
MpqI4.jpg,MpqI4,Hpg74,0
DHn22.jpg,DHn22,DHw72,0
TpwDz.jpg,TpwDz,TpKDz,0
bnc4E.jpg,bnc4E,brV4E,0
Ytu4p.jpg,Ytu4p,YtqKp,0
6tTmm.jpg,6tTmm,6f7ma,0
cOU43.jpg,cOU43,r6M43,0
WTzc6.jpg,WTzc6,M1zc6,0
3E05V.jpg,3E05V,JE05V,0
lP3Fy.jpg,lP3Fy,lR3Fv,0
VAdta.jpg,VAdta,VAdtz,0
LO8br.jpg,LO8br,L0Jbr,0
V42jR.jpg,V42jR,V42IR,0
vxRz8.jpg,vxRz8,vXPz8,0
qSaQA.jpg,qSaQA,qSnOA,0
60r5a.jpg,60r5a,6Ur5a,0
053c5.jpg,053c5,U53cF,0
EJt42.jpg,EJt42,EJr42,0
6dbbJ.jpg,6dbbJ,Md5bJ,0
w3Ihe.jpg,w3Ihe,w2Fbe,0
1TF81.jpg,1TF81,jTr8U,0
0E1b4.jpg,0E1b4,0E7b4,0
H4oLa.jpg,H4oLa,H45ta,0
Zt8xp.jpg,Zt8xp,Zf8xp,0
0m9rU.jpg,0m9rU,0m9fU,0
AD7KG.jpg,AD7KG,AD7KG,1
2hyO3.jpg,2hyO3,2hyC3,0
MEhnM.jpg,MEhnM,NEhyK,0
965FG.jpg,965FG,96AFG,0
34FAh.jpg,34FAh,34FXh,0
N2Uki.jpg,N2Uki,M2Uke,0
s2wGY.jpg,s2wGY,32wGY,0
0xGPt.jpg,0xGPt,0xGPt,1
X503l.jpg,X503l,X5U3l,0
ss7KT.jpg,ss7KT,sA7KI,0
0X23n.jpg,0X23n,0K23h,0
8L997.jpg,8L997,8iSY7,0
7Ur28.jpg,7Ur28,7Ur28,1
rZivW.jpg,rZivW,rZIvM,0
Z1Veh.jpg,Z1Veh,ZEych,0
3p97i.jpg,3p97i,3p97X,0
GBDk0.jpg,GBDk0,GBTk0,0
dBL96.jpg,dBL96,dB196,0
4KB8F.jpg,4KB8F,4KB8E,0
R06Ux.jpg,R06Ux,PQ5LX,0
oD6Ep.jpg,oD6Ep,o26Ep,0
5WN1d.jpg,5WN1d,5WN1d,1
Cg4zD.jpg,Cg4zD,CgJrD,0
Wb8cu.jpg,Wb8cu,Mb3Cu,0
USghM.jpg,USghM,4SghM,0
JUk08.jpg,JUk08,JLT08,0
uBWUV.jpg,uBWUV,q3KlV,0
A84N8.jpg,A84N8,AcjN8,0
DIT0s.jpg,DIT0s,DlT05,0
99STZ.jpg,99STZ,AySFZ,0
rSrcM.jpg,rSrcM,zSFcM,0
2SiOU.jpg,2SiOU,2SkOU,0
FC5aG.jpg,FC5aG,1C5aU,0
jAH7I.jpg,jAH7I,j2H7I,0
j357i.jpg,j357i,d357l,0
aK4Jl.jpg,aK4Jl,aR4Jl,0
ai2h1.jpg,ai2h1,aG2h1,0
5q3ch.jpg,5q3ch,5q2ch,0
w8Jt6.jpg,w8Jt6,w8Jt6,1
r76wN.jpg,r76wN,r76wN,1
2I6v2.jpg,2I6v2,PI6vZ,0
caBl7.jpg,caBl7,caBi7,0
5Ak66.jpg,5Ak66,5AKGp,0
JdNaS.jpg,JdNaS,1dHa5,0
9p277.jpg,9p277,9p27h,0
FHvpV.jpg,FHvpV,fHwpV,0
0lCQU.jpg,0lCQU,01CQU,0
280PZ.jpg,280PZ,x80FZ,0
JH8I0.jpg,JH8I0,JH81C,0
78J83.jpg,78J83,76JR3,0
NpeQK.jpg,NpeQK,Mp1QK,0
82L4x.jpg,82L4x,82L4x,1
VGLJO.jpg,VGLJO,VGEJ0,0
11CNj.jpg,11CNj,Z1CNj,0
KKA8K.jpg,KKA8K,YuA8K,0
sm3UA.jpg,sm3UA,Zm3UA,0
0rWJ1.jpg,0rWJ1,0rBJ1,0
Pr5Eu.jpg,Pr5Eu,Pr5Eu,1
L5Q6A.jpg,L5Q6A,L5O6A,0
UU30k.jpg,UU30k,Ib30K,0
J1kKh.jpg,J1kKh,JrkKh,0
v2yes.jpg,v2yes,v2y6s,0
R92Bn.jpg,R92Bn,R92Tn,0
s1366.jpg,s1366,s1Z6w,0
9v7Ls.jpg,9v7Ls,9V7Is,0
ojYl0.jpg,ojYl0,AjYl0,0
NwaFo.jpg,NwaFo,Nf3Fo,0
DS8h3.jpg,DS8h3,D58Kz,0
TeV1X.jpg,TeV1X,leVtX,0
5iPG1.jpg,5iPG1,5sPG1,0
p9vGG.jpg,p9vGG,P9VX6,0
H6SsW.jpg,H6SsW,K6SsW,0
M5L6b.jpg,M5L6b,M5x0h,0
NOFzQ.jpg,NOFzQ,MvFzQ,0
22Tuw.jpg,22Tuw,2zIuw,0
hIeRt.jpg,hIeRt,bYeHt,0
qSb43.jpg,qSb43,QsM4z,0
bHhmp.jpg,bHhmp,6HkuP,0
0Q4hd.jpg,0Q4hd,0S4hd,0
uOXOh.jpg,uOXOh,4DXoh,0
AMSp7.jpg,AMSp7,AHGp7,0
339N8.jpg,339N8,239N6,0
ZMZe4.jpg,ZMZe4,Z0Se4,0
q4V53.jpg,q4V53,qrV53,0
7o01w.jpg,7o01w,750Rw,0
03on1.jpg,03on1,03eh1,0
XqLuU.jpg,XqLuU,MyLbU,0
6x6y8.jpg,6x6y8,5VMyd,0
4WtBJ.jpg,4WtBJ,4Wt8J,0
PxHLn.jpg,PxHLn,PxHIq,0
1S97A.jpg,1S97A,l5e7A,0
9uUFl.jpg,9uUFl,9uXFA,0
1Z7Mf.jpg,1Z7Mf,rZ7Mf,0
59B4B.jpg,59B4B,V184E,0
SJUuJ.jpg,SJUuJ,SyUuf,0
wP9O7.jpg,wP9O7,XP9O7,0
Tv0QX.jpg,Tv0QX,1vDqX,0
AFWJ4.jpg,AFWJ4,ACHJ4,0
j8yV1.jpg,j8yV1,j8yV1,1
ldvN2.jpg,ldvN2,FdvM2,0
Lwk7U.jpg,Lwk7U,jwk7U,0
i0IgA.jpg,i0IgA,i0fgA,0
BxIn8.jpg,BxIn8,PXIm6,0
4M7K1.jpg,4M7K1,4M7Ki,0
oWORW.jpg,oWORW,oxORW,0
12Pga.jpg,12Pga,V2Pga,0
Fs5k7.jpg,Fs5k7,Fe5k7,0
ti5wC.jpg,ti5wC,pM5wC,0
HyFkq.jpg,HyFkq,Hy5kg,0
7YrK0.jpg,7YrK0,7YrK0,1
x9IIy.jpg,x9IIy,x9IZy,0
LVH42.jpg,LVH42,lVH42,0
ZwyCd.jpg,ZwyCd,ZMyCd,0
jl28j.jpg,jl28j,HuZ8l,0
vkl31.jpg,vkl31,vFl3X,0
gO5Up.jpg,gO5Up,gO5HP,0
m4xa0.jpg,m4xa0,m4x20,0
m742I.jpg,m742I,m742I,1
4hCY3.jpg,4hCY3,4b6I3,0
Y5c3S.jpg,Y5c3S,Y5cRS,0
j6b52.jpg,j6b52,j6bz2,0
5I0j2.jpg,5I0j2,5r0j2,0
7UQvY.jpg,7UQvY,zUOvY,0
jt91x.jpg,jt91x,je94x,0
mM6ZL.jpg,mM6ZL,mX6ZI,0
Vsg9y.jpg,Vsg9y,Vrg9S,0
Da88b.jpg,Da88b,DzN3b,0
05b6g.jpg,05b6g,05b6y,0
9NISg.jpg,9NISg,9M1Sn,0
yz4Hb.jpg,yz4Hb,yz4Mb,0
Uq2rz.jpg,Uq2rz,Uq2rX,0
N24MM.jpg,N24MM,N24EW,0
dQyC5.jpg,dQyC5,dQVf5,0
0MoV5.jpg,0MoV5,9rQV5,0
Sg24Y.jpg,Sg24Y,Sy24Y,0
82j9Y.jpg,82j9Y,8sj9Y,0
LapLq.jpg,LapLq,UaPIq,0
zfK2t.jpg,zfK2t,zfKA1,0
t95Ob.jpg,t95Ob,t950b,0
o9KwO.jpg,o9KwO,o7kwQ,0
mm3Ej.jpg,mm3Ej,Nw2EI,0
J10QB.jpg,J10QB,J10cB,0
okd22.jpg,okd22,mkdrZ,0
v5IAN.jpg,v5IAN,v5EAN,0
31154.jpg,31154,3Yl64,0
94NQO.jpg,94NQO,94NeO,0
Fr15A.jpg,Fr15A,Fv15A,0
j50b1.jpg,j50b1,y50h1,0
d0wB4.jpg,d0wB4,df2B4,0
hz6Rf.jpg,hz6Rf,bz6Rf,0
90bW0.jpg,90bW0,7GbWc,0
4F4ZE.jpg,4F4ZE,1f0ZE,0
O7I6F.jpg,O7I6F,O7u6F,0
83wKx.jpg,83wKx,63vNx,0
k7M7Y.jpg,k7M7Y,x7MOY,0
19tsi.jpg,19tsi,u9Ysi,0
1Nhy4.jpg,1Nhy4,1Mbg4,0
ML9aa.jpg,ML9aa,ML9ha,0
hNyn4.jpg,hNyn4,bMJn2,0
VVXOA.jpg,VVXOA,yVXOA,0
WM1w5.jpg,WM1w5,WM1q5,0
w6950.jpg,w6950,wGl50,0
6QseL.jpg,6QseL,6MseL,0
853aM.jpg,853aM,853aW,0
9h8mx.jpg,9h8mx,9h8mx,1
6K08N.jpg,6K08N,6K081,0
sy3lb.jpg,sy3lb,8y51b,0
0937l.jpg,0937l,m937l,0
jy5am.jpg,jy5am,jy5aC,0
11KAL.jpg,11KAL,jPK4L,0
xdiB0.jpg,xdiB0,xdiR0,0
j7v9w.jpg,j7v9w,jZW9w,0
aGC1R.jpg,aGC1R,aSC1R,0
00sl2.jpg,00sl2,0Cs12,0
RnW09.jpg,RnW09,BmU0J,0
9OQIt.jpg,9OQIt,9Oq7t,0
0BYbf.jpg,0BYbf,0RYhf,0
4lS96.jpg,4lS96,4ls9p,0
IU7R8.jpg,IU7R8,iU7R8,0
P8GVM.jpg,P8GVM,F3GVH,0
DSVei.jpg,DSVei,DSVe1,0
9CkYn.jpg,9CkYn,9CKIa,0
2uKHe.jpg,2uKHe,2uNBe,0
B0N2J.jpg,B0N2J,80K2J,0
jweJw.jpg,jweJw,fwe4N,0
X1314.jpg,X1314,XT0y4,0
5B8iH.jpg,5B8iH,5D8cH,0
J0sRw.jpg,J0sRw,c0ARw,0
uYFRU.jpg,uYFRU,uYERU,0
dpjJZ.jpg,dpjJZ,4pjJZ,0
a4jJQ.jpg,a4jJQ,a4iP0,0
PJ6B3.jpg,PJ6B3,7J6B3,0
3i2w7.jpg,3i2w7,3i2w7,1
HGP1X.jpg,HGP1X,HCP1X,0
hAT5b.jpg,hAT5b,h1ca6,0
2lz9S.jpg,2lz9S,0Ra7S,0
e7B68.jpg,e7B68,e7RG8,0
jQ8LC.jpg,jQ8LC,j08VC,0
c115t.jpg,c115t,QjL5T,0
6Ujup.jpg,6Ujup,6Ujmp,0
6HU5d.jpg,6HU5d,6Hy5d,0
YsFV3.jpg,YsFV3,YsEV3,0
Pwl11.jpg,Pwl11,PMl1T,0
h8qfq.jpg,h8qfq,b8cFq,0
J4ZE2.jpg,J4ZE2,J4ZEl,0
D5JUa.jpg,D5JUa,D5TUa,0
6P796.jpg,6P796,uP195,0
h7Eg6.jpg,h7Eg6,h7Eq6,0
FgMYc.jpg,FgMYc,FgHYC,0
2qnkI.jpg,2qnkI,2gnkj,0
uDBq1.jpg,uDBq1,uD8q1,0
Z36KU.jpg,Z36KU,Z36KU,1
HpQG2.jpg,HpQG2,HpQm1,0
b8Qtw.jpg,b8Qtw,h8Qtx,0
YLoEr.jpg,YLoEr,YIaEr,0
W4f69.jpg,W4f69,H4f69,0
e88BH.jpg,e88BH,78ABH,0
eU08x.jpg,eU08x,eMC8x,0
9y47K.jpg,9y47K,0y47K,0
bj02L.jpg,bj02L,bi02L,0
Nn7eC.jpg,Nn7eC,Nh75C,0
NOCJX.jpg,NOCJX,NOtJX,0
b8Ci5.jpg,b8Ci5,b8C15,0
528sa.jpg,528sa,528Ka,0
9EmeG.jpg,9EmeG,9EWeG,0
fNOCc.jpg,fNOCc,fNOCB,0
eVbCO.jpg,eVbCO,t7FCo,0
N1c27.jpg,N1c27,H1c27,0
5y4nM.jpg,5y4nM,5y4nM,1
gUVF2.jpg,gUVF2,gHVF2,0
E0Pi0.jpg,E0Pi0,EUPjG,0
939fF.jpg,939fF,6xJfF,0
KEYSV.jpg,KEYSV,KE75V,0
4Rg4h.jpg,4Rg4h,dRgjb,0
E79lY.jpg,E79lY,Ez9lY,0
5RE61.jpg,5RE61,5RJGn,0
W4aPc.jpg,W4aPc,W4aPc,1
LnH6z.jpg,LnH6z,LpH6z,0
8y4n0.jpg,8y4n0,8y4xP,0
xyZTx.jpg,xyZTx,xy2Ts,0
21Q82.jpg,21Q82,z1D82,0
FDq4e.jpg,FDq4e,FUq4x,0
0YE6t.jpg,0YE6t,UVF6t,0
66yyB.jpg,66yyB,06yrE,0
2pfnd.jpg,2pfnd,0pfSd,0
04vxV.jpg,04vxV,04uxV,0
72Ui5.jpg,72Ui5,7JUi5,0
mTphB.jpg,mTphB,m1pb3,0
taO80.jpg,taO80,1aQ89,0
VolBW.jpg,VolBW,vO1BW,0
b4YNG.jpg,b4YNG,z4YNG,0
ghyT5.jpg,ghyT5,q2yT5,0
24W88.jpg,24W88,24M8e,0
59KQZ.jpg,59KQZ,591QZ,0
fus58.jpg,fus58,1us53,0
St334.jpg,St334,Gtys4,0
8e1vV.jpg,8e1vV,8e1KV,0
zWl7D.jpg,zWl7D,zwlTD,0
l3H0u.jpg,l3H0u,l3H0u,1
kqFDz.jpg,kqFDz,kqrDz,0
z6k22.jpg,z6k22,76M2Y,0
sPAI9.jpg,sPAI9,sP4I9,0
JfL99.jpg,JfL99,JfLQ9,0
ww231.jpg,ww231,cW231,0
gOu6r.jpg,gOu6r,gO76r,0
B7B2Y.jpg,B7B2Y,87D2q,0
BVuf0.jpg,BVuf0,3Vnf0,0
jI3Q5.jpg,jI3Q5,jI3Q5,1
oFd76.jpg,oFd76,pFd76,0
e0Y49.jpg,e0Y49,e0M49,0
m8K7H.jpg,m8K7H,O8K7H,0
2ssjY.jpg,2ssjY,2esjY,0
XHd1W.jpg,XHd1W,AEd1W,0
kNXVd.jpg,kNXVd,fNXVd,0
4SxpQ.jpg,4SxpQ,4SxpO,0
JqT54.jpg,JqT54,JgT54,0
lSl6d.jpg,lSl6d,jSk6d,0
jJD4a.jpg,jJD4a,jJN4a,0
W4Z0i.jpg,W4Z0i,W4Z0I,0
9U2w1.jpg,9U2w1,9U2Rj,0
WVhG2.jpg,WVhG2,AVkG2,0
R5OA6.jpg,R5OA6,K5OYG,0
x6HJ9.jpg,x6HJ9,x6HA9,0
JygdL.jpg,JygdL,JyGnL,0
64slz.jpg,64slz,64sIz,0
f9jsS.jpg,f9jsS,F9jw5,0
6E2aA.jpg,6E2aA,6E2JA,0
s375Z.jpg,s375Z,saY9Z,0
14TYb.jpg,14TYb,14TYb,1
nOZPt.jpg,nOZPt,wOZPt,0
02iIm.jpg,02iIm,025Tm,0
45Hub.jpg,45Hub,4SHqb,0
JQvze.jpg,JQvze,JCvze,0
w9Am7.jpg,w9Am7,v9Amf,0
GWNM2.jpg,GWNM2,CTnM2,0
lT2G8.jpg,lT2G8,hT2C8,0
lr66h.jpg,lr66h,1ySCh,0
490sS.jpg,490sS,490g5,0
5994Q.jpg,5994Q,59H1C,0
16g51.jpg,16g51,TG251,0
k4oqk.jpg,k4oqk,wjoqB,0
heTh0.jpg,heTh0,be1A0,0
bZFRJ.jpg,bZFRJ,bZFRJ,1
94715.jpg,94715,947t5,0
oy3Zl.jpg,oy3Zl,ey3ZI,0
KuZ3l.jpg,KuZ3l,KuZ8f,0
hQ97F.jpg,hQ97F,Tk97F,0
O1qLA.jpg,O1qLA,OlqLA,0
Yy471.jpg,Yy471,YJ47l,0
HSAF0.jpg,HSAF0,HSAF0,1
86clh.jpg,86clh,86c1b,0
5IKFc.jpg,5IKFc,5LKFc,0
t3pvv.jpg,t3pvv,tL7vp,0
vU3tI.jpg,vU3tI,vU3tT,0
O2Qq0.jpg,O2Qq0,O2tg9,0
00TsW.jpg,00TsW,m0TsW,0
WB5IL.jpg,WB5IL,WBzIL,0
i238H.jpg,i238H,TZ38H,0
6K0V9.jpg,6K0V9,6Ke19,0
kx673.jpg,kx673,kx673,1
6LE61.jpg,6LE61,GLE54,0
8zSt1.jpg,8zSt1,8zGM1,0
hv0Ij.jpg,hv0Ij,hv0Zj,0
a6g7Y.jpg,a6g7Y,a6g7V,0
5ax4A.jpg,5ax4A,5Jx4A,0
gsK7W.jpg,gsK7W,0sh7W,0
08kbI.jpg,08kbI,Q8khf,0
Z0ACZ.jpg,Z0ACZ,Z0ACE,0
1i634.jpg,1i634,li6R4,0
ObhgY.jpg,ObhgY,OBhgY,0
7n3Qw.jpg,7n3Qw,7n3Ow,0
h4Ra6.jpg,h4Ra6,h4Pa6,0
5n2d2.jpg,5n2d2,5NAdP,0
Q3siL.jpg,Q3siL,O3sPL,0
3pmK0.jpg,3pmK0,3jmK0,0
IwXN8.jpg,IwXN8,1wXM8,0
g550G.jpg,g550G,g5k0G,0
su7Mu.jpg,su7Mu,su7Mn,0
83lDW.jpg,83lDW,83I0X,0
94gnS.jpg,94gnS,94UnS,0
Tw31X.jpg,Tw31X,TG3iX,0
sE1hM.jpg,sE1hM,jErhM,0
70S32.jpg,70S32,70SR2,0
9Ck5P.jpg,9Ck5P,9eX5P,0
YIwvj.jpg,YIwvj,YImvj,0
1K0eQ.jpg,1K0eQ,1HbeQ,0
xkDvt.jpg,xkDvt,XkDv1,0
CIrOb.jpg,CIrOb,CTrOb,0
vG87S.jpg,vG87S,vH875,0
zJ6iV.jpg,zJ6iV,zJ9rV,0
k9XCk.jpg,k9XCk,m9XCk,0
31oPD.jpg,31oPD,31oPb,0
6Is14.jpg,6Is14,6Lw14,0
Q124z.jpg,Q124z,Q1n4z,0
77vx2.jpg,77vx2,TSVx2,0
58xxc.jpg,58xxc,58xHC,0
qZiDe.jpg,qZiDe,qWiDe,0
q8Iz2.jpg,q8Iz2,VkIe2,0
SD7Ve.jpg,SD7Ve,SD7Xe,0
9L1bz.jpg,9L1bz,9L1bz,1
kAphQ.jpg,kAphQ,W2phQ,0
OMkdM.jpg,OMkdM,Ozk6H,0
RxykD.jpg,RxykD,RxykD,1
79mMW.jpg,79mMW,79pMV,0
Lxmh7.jpg,Lxmh7,LxOh7,0
Uf8un.jpg,Uf8un,Uf9yn,0
9uRt9.jpg,9uRt9,0uR19,0
hg586.jpg,hg586,hV586,0
s39ba.jpg,s39ba,r39ba,0
HOomK.jpg,HOomK,HQDzK,0
c2892.jpg,c2892,cL892,0
9c243.jpg,9c243,mc243,0
e3bD3.jpg,e3bD3,exbDJ,0
l3hM3.jpg,l3hM3,t3hMJ,0
BlCpE.jpg,BlCpE,B1Cpd,0
OQ2Ez.jpg,OQ2Ez,UT2Er,0
Zj6my.jpg,Zj6my,Zj6my,1
60QC5.jpg,60QC5,60RC5,0
TySNv.jpg,TySNv,TYSAv,0
O757g.jpg,O757g,Qx57g,0
7y934.jpg,7y934,7V934,0
VVT3x.jpg,VVT3x,vVg8x,0
49wr3.jpg,49wr3,49wr3,1
8eoZr.jpg,8eoZr,8eAZr,0
WkL9f.jpg,WkL9f,WkL9j,0
jENB1.jpg,jENB1,jFMBu,0
9cnym.jpg,9cnym,9Nuym,0
O8ObR.jpg,O8ObR,D3CbR,0
715s5.jpg,715s5,7FYwS,0
7ayQ3.jpg,7ayQ3,7ayC3,0
z7F4F.jpg,z7F4F,z7F4Q,0
o51y1.jpg,o51y1,o5Ny1,0
iQGX7.jpg,iQGX7,lQGX7,0
7Gv2m.jpg,7Gv2m,7GV2m,0
Yz6bS.jpg,Yz6bS,Yz6rs,0
51d9W.jpg,51d9W,p1d9W,0
47kAp.jpg,47kAp,47kAD,0
6yypr.jpg,6yypr,6Rzor,0
1LnEH.jpg,1LnEH,1LneH,0
8eFSC.jpg,8eFSC,AesSV,0
R6Axg.jpg,R6Axg,R5Axg,0
52DR6.jpg,52DR6,529k6,0
K15eV.jpg,K15eV,K1NeV,0
4zshW.jpg,4zshW,4zsbH,0
Zwb2W.jpg,Zwb2W,Zwf2W,0
0335B.jpg,0335B,03m5B,0
vdOWm.jpg,vdOWm,fdUWm,0
Jt20G.jpg,Jt20G,Jt20w,0
0g479.jpg,0g479,0g475,0
4sQQL.jpg,4sQQL,4sGeL,0
IzAxN.jpg,IzAxN,IzAuN,0
9k10l.jpg,9k10l,9K1UF,0
T6zgH.jpg,T6zgH,T5zgH,0
Et3PT.jpg,Et3PT,Ff3RT,0
XXWrz.jpg,XXWrz,YxUFz,0
42vuH.jpg,42vuH,42CuH,0
z6KMk.jpg,z6KMk,z6KUs,0
89PoP.jpg,89PoP,89H3P,0
ND9jE.jpg,ND9jE,ND9jE,1
56tHA.jpg,56tHA,56CHA,0
U8H6b.jpg,U8H6b,U2N6b,0
63d3F.jpg,63d3F,6Sd2F,0
Tik44.jpg,Tik44,Tixa4,0
x6o24.jpg,x6o24,K6u24,0
7wYI1.jpg,7wYI1,7QYl1,0
E5x8P.jpg,E5x8P,E5X3P,0
CIB8m.jpg,CIB8m,C1D8m,0
r7NmV.jpg,r7NmV,rTNeV,0
ql26Z.jpg,ql26Z,aI257,0
OcLeZ.jpg,OcLeZ,3ckFZ,0
P98TJ.jpg,P98TJ,P98iu,0
bH464.jpg,bH464,tHd5j,0
p2UKh.jpg,p2UKh,F2CKb,0
0N461.jpg,0N461,0Nz6r,0
FutN9.jpg,FutN9,FuTM9,0
U1h68.jpg,U1h68,U1n68,0
A20U0.jpg,A20U0,A20US,0
NiuLD.jpg,NiuLD,MYuLD,0
G38ml.jpg,G38ml,G38HI,0
VI80b.jpg,VI80b,V1w0b,0
qDQo1.jpg,qDQo1,gDQ61,0
ihfXH.jpg,ihfXH,shfYH,0
f1ENU.jpg,f1ENU,y1EAU,0
i4G1J.jpg,i4G1J,p4G0j,0
nV0FX.jpg,nV0FX,mV0FX,0
g6I4G.jpg,g6I4G,gml4G,0
82Hdk.jpg,82Hdk,52ndk,0
HWC0w.jpg,HWC0w,HYC0w,0
3K6sO.jpg,3K6sO,3NisQ,0
9acjs.jpg,9acjs,9a0js,0
9530L.jpg,9530L,9530I,0
k4JDI.jpg,k4JDI,2QJDI,0
49bhd.jpg,49bhd,49b7d,0
4j57O.jpg,4j57O,4jR7O,0
3nUA6.jpg,3nUA6,3mU46,0
xMGQ5.jpg,xMGQ5,vMPO5,0
CHcvS.jpg,CHcvS,CHevS,0
Wrhs4.jpg,Wrhs4,Wrhs4,1
4a410.jpg,4a410,4mZ1o,0
6RSFJ.jpg,6RSFJ,6ASFJ,0
727Th.jpg,727Th,72sTh,0
w7f7V.jpg,w7f7V,W6fTX,0
K6K8H.jpg,K6K8H,h6K34,0
WT5z8.jpg,WT5z8,WTSz8,0
MY5bn.jpg,MY5bn,MYsbn,0
d7KBJ.jpg,d7KBJ,dfKnJ,0
9397U.jpg,9397U,0X57U,0
JsRE7.jpg,JsRE7,JskH7,0
778s9.jpg,778s9,7h8s9,0
sx7xl.jpg,sx7xl,sx7yi,0
aEG9H.jpg,aEG9H,aEG7H,0
3kdM2.jpg,3kdM2,3fqM2,0
fa92T.jpg,fa92T,fa9ZT,0
cmw2E.jpg,cmw2E,cm42F,0
TuL9F.jpg,TuL9F,TuH9P,0
73A86.jpg,73A86,73A86,1
NlMiQ.jpg,NlMiQ,NJmjG,0
GbYo9.jpg,GbYo9,CAVo3,0
UxYp7.jpg,UxYp7,UxYp7,1
L0FSV.jpg,L0FSV,L0FSV,1
xxb0w.jpg,xxb0w,Xxb0W,0
0339a.jpg,0339a,U289K,0
nM5sF.jpg,nM5sF,nM58i,0
KV4R5.jpg,KV4R5,MVhR5,0
K55ww.jpg,K55ww,V5anm,0
8pC1L.jpg,8pC1L,ApC1L,0
CyT4Q.jpg,CyT4Q,CvT4D,0
HlZc3.jpg,HlZc3,HnZ73,0
cYT7J.jpg,cYT7J,cYT7J,1
v5eK1.jpg,v5eK1,v5cK1,0
4j0p3.jpg,4j0p3,47op3,0
x58YK.jpg,x58YK,x587K,0
N3u00.jpg,N3u00,H3uG0,0
EXi43.jpg,EXi43,EXi43,1
s05bq.jpg,s05bq,x05hg,0
JjHR7.jpg,JjHR7,JCHR7,0
Qiz9c.jpg,Qiz9c,Qiz3g,0
WJ88A.jpg,WJ88A,WI58A,0
Cw1PA.jpg,Cw1PA,C91PA,0
2c2a9.jpg,2c2a9,2c7a9,0
68BJv.jpg,68BJv,68K1u,0
mw238.jpg,mw238,mwP38,0
H11Zg.jpg,H11Zg,H1Y2g,0
gyNI8.jpg,gyNI8,gyAf3,0
ZyLfr.jpg,ZyLfr,ZyL9r,0
rgU8M.jpg,rgU8M,igU3M,0
kd4vk.jpg,kd4vk,6d4vk,0
u0NRB.jpg,u0NRB,u0NRF,0
8s3P6.jpg,8s3P6,8z3PH,0
68l2U.jpg,68l2U,68f2U,0
lf5bt.jpg,lf5bt,lf5bM,0
9w806.jpg,9w806,9w8P6,0
Sttj9.jpg,Sttj9,mt6j9,0
NxGEx.jpg,NxGEx,HyGEw,0
x86h3.jpg,x86h3,X86h3,0
BG0hg.jpg,BG0hg,BG2hg,0
4LQD3.jpg,4LQD3,4LO93,0
H135W.jpg,H135W,Nt35W,0
3veq1.jpg,3veq1,3VOd1,0
nC9d1.jpg,nC9d1,nC9dX,0
xY81h.jpg,xY81h,xYOfh,0
84WyD.jpg,84WyD,64WkD,0
hbJ1D.jpg,hbJ1D,loJFD,0
jT7WZ.jpg,jT7WZ,jT70Z,0
YN5IW.jpg,YN5IW,YA5IW,0
qL0Ui.jpg,qL0Ui,qL0Ux,0
1PpeI.jpg,1PpeI,1Zpel,0
2K6E1.jpg,2K6E1,2K6E4,0
F74Ek.jpg,F74Ek,F74Gk,0
enw1I.jpg,enw1I,enw1I,1
5mGQs.jpg,5mGQs,JmVOs,0
2S81F.jpg,2S81F,2SRIM,0
gF07j.jpg,gF07j,gFO7W,0
j7O2B.jpg,j7O2B,j7O2B,1
zi188.jpg,zi188,zL1a8,0
t7eLT.jpg,t7eLT,r7QLT,0
WE785.jpg,WE785,WE78q,0
4ahCK.jpg,4ahCK,v2hCK,0
2VnNK.jpg,2VnNK,2VmNK,0
kZ215.jpg,kZ215,kZX15,0
mm3lb.jpg,mm3lb,Kn3Ib,0
9dI15.jpg,9dI15,9dk17,0
7Krf0.jpg,7Krf0,7Ktz0,0
aKgYP.jpg,aKgYP,aHgYF,0
z04H0.jpg,z04H0,zu4H0,0
2j7JW.jpg,2j7JW,2j7JR,0
q2Gub.jpg,q2Gub,j2Guh,0
IFh8h.jpg,IFh8h,lEh8w,0
w5594.jpg,w5594,wEj9d,0
5J2E5.jpg,5J2E5,sJ2M6,0
lcHNn.jpg,lcHNn,ICHNn,0
B0Y5s.jpg,B0Y5s,PCVbS,0
KZk07.jpg,KZk07,HZk01,0
9S11i.jpg,9S11i,9SJ1C,0
P6B8J.jpg,P6B8J,P5R81,0
8nup9.jpg,8nup9,8niF9,0
dX097.jpg,dX097,dxQ97,0
hEf02.jpg,hEf02,aeF0y,0
8s3eA.jpg,8s3eA,8s3OA,0
5Z47O.jpg,5Z47O,5z47O,0
0ou9d.jpg,0ou9d,0buPd,0
xzh08.jpg,xzh08,x2H08,0
1mAj6.jpg,1mAj6,1mAk5,0
268zR.jpg,268zR,263YR,0
I90o1.jpg,I90o1,IN0m1,0
2PayL.jpg,2PayL,29aul,0
b45G0.jpg,b45G0,h15G0,0
i72u8.jpg,i72u8,i72vW,0
RU09i.jpg,RU09i,RU09t,0
4Yvqk.jpg,4Yvqk,SYvqk,0
z10l4.jpg,z10l4,zY0l4,0
OX5Z3.jpg,OX5Z3,0K523,0
E63uh.jpg,E63uh,F63uh,0
vp5In.jpg,vp5In,VP5Ln,0
FfKC2.jpg,FfKC2,FJKC2,0
m9M8Y.jpg,m9M8Y,m9M8Y,1
axA56.jpg,axA56,axA5C,0
5tTo4.jpg,5tTo4,5MTO4,0
9atSK.jpg,9atSK,jat5K,0
jS778.jpg,jS778,JS7V8,0
cVEjL.jpg,cVEjL,cVkqL,0
42H1Y.jpg,42H1Y,42HtY,0
6v1wa.jpg,6v1wa,6vfwa,0
Wmowd.jpg,Wmowd,Wmfwd,0
2F3sq.jpg,2F3sq,2F3sg,0
StHn7.jpg,StHn7,StNn7,0
evk93.jpg,evk93,eWk93,0
94YYn.jpg,94YYn,9EYxn,0
Fdxx4.jpg,Fdxx4,Fd7x4,0
wBwa0.jpg,wBwa0,wGY10,0
fPY1q.jpg,fPY1q,K2Y1q,0
GYr9X.jpg,GYr9X,GYr9X,1
Fk7cN.jpg,Fk7cN,F27cM,0
kIHB2.jpg,kIHB2,kIHG2,0
C7543.jpg,C7543,C754f,0
muq7R.jpg,muq7R,mVg7R,0
Wlw6W.jpg,Wlw6W,Wfw6A,0
5ETu7.jpg,5ETu7,5ETu7,1
5n7Ec.jpg,5n7Ec,5a7EQ,0
UK8uv.jpg,UK8uv,UK2uV,0
JVtR4.jpg,JVtR4,JVtR4,1
9dGhD.jpg,9dGhD,YdGhD,0
D42i0.jpg,D42i0,D42K0,0
GuXZU.jpg,GuXZU,CuKZU,0
9MI19.jpg,9MI19,yMF19,0
6y06b.jpg,6y06b,7y06b,0
TnyhF.jpg,TnyhF,TOykF,0
bgIqt.jpg,bgIqt,bwjqt,0
ts4N4.jpg,ts4N4,I53Hd,0
VQsT8.jpg,VQsT8,V0S18,0
U0LR6.jpg,U0LR6,Y0LR6,0
R1dpv.jpg,R1dpv,R1d3v,0
bOaA5.jpg,bOaA5,pOzA5,0
5o6q8.jpg,5o6q8,576g8,0
mO54M.jpg,mO54M,mO5lM,0
mwN6w.jpg,mwN6w,mTN5w,0
wFIzL.jpg,wFIzL,wFlz2,0
F73on.jpg,F73on,E730n,0
6EN49.jpg,6EN49,6EH49,0
VBUNy.jpg,VBUNy,VBUNy,1
xu0ST.jpg,xu0ST,xu0SI,0
8V5Js.jpg,8V5Js,8N5Js,0
d83bv.jpg,d83bv,J83Ev,0
3VbM9.jpg,3VbM9,3VbK9,0
R92em.jpg,R92em,R92cm,0
8d9yH.jpg,8d9yH,8d9vH,0
9t1jw.jpg,9t1jw,9tYjw,0
ls9iW.jpg,ls9iW,ls9mW,0
8sayU.jpg,8sayU,8safU,0
IKC9x.jpg,IKC9x,JKC9x,0
gFgbh.jpg,gFgbh,2Fgbh,0
vcVn2.jpg,vcVn2,vCYn2,0
B0n9j.jpg,B0n9j,X0nPj,0
FtKHT.jpg,FtKHT,FtKwT,0
51a31.jpg,51a31,51a3y,0
b14NR.jpg,b14NR,614MP,0
5jNW2.jpg,5jNW2,5jmV2,0
KobgU.jpg,KobgU,KPbgU,0
0u4sZ.jpg,0u4sZ,0u4sZ,1
6AUh9.jpg,6AUh9,6AHg9,0
f36nj.jpg,f36nj,f3Gnj,0
97nHp.jpg,97nHp,97aYp,0
EP8I8.jpg,EP8I8,EP9T8,0
M8i1Z.jpg,M8i1Z,M8l1Z,0
3RN3J.jpg,3RN3J,3RM5J,0
Ja08p.jpg,Ja08p,7aQ8p,0
dik49.jpg,dik49,ajk49,0
Kb2Qh.jpg,Kb2Qh,K52Cn,0
uEowr.jpg,uEowr,uEoWI,0
6zu82.jpg,6zu82,Czu82,0
Tr2ru.jpg,Tr2ru,Tt2ru,0
7Xo09.jpg,7Xo09,7Xv09,0
m60d3.jpg,m60d3,m6Vd3,0
Fia2V.jpg,Fia2V,Fja2V,0
wb02o.jpg,wb02o,kb12o,0
2xLX7.jpg,2xLX7,2xEX7,0
krA5B.jpg,krA5B,lrW5Y,0
bBzh2.jpg,bBzh2,bBxM2,0
I071a.jpg,I071a,k071a,0
5s3kV.jpg,5s3kV,4smkV,0
t2owy.jpg,t2owy,t2ouy,0
F9HvM.jpg,F9HvM,F3Hva,0
m2GTe.jpg,m2GTe,ShOTa,0
Y7B30.jpg,Y7B30,Y7Bh0,0
BFZWu.jpg,BFZWu,BFZWu,1
CM28F.jpg,CM28F,Cw28F,0
062s2.jpg,062s2,0B2xP,0
q1YMm.jpg,q1YMm,u1YMm,0
w0qu1.jpg,w0qu1,W0qu1,0
LH77o.jpg,LH77o,sH7To,0
008Za.jpg,008Za,048Za,0
gD4UI.jpg,gD4UI,g24UI,0
iZ4y7.jpg,iZ4y7,tZ4v7,0
8lhkf.jpg,8lhkf,8Ihzf,0
1X6M2.jpg,1X6M2,1X6M2,1
26Z5f.jpg,26Z5f,26Z5F,0
Lr34t.jpg,Lr34t,Lc3UR,0
97086.jpg,97086,970M6,0
bxLwo.jpg,bxLwo,hxiw0,0
ZgTQ8.jpg,ZgTQ8,ZgTDx,0
QQk7b.jpg,QQk7b,Qev7b,0
3T9ZG.jpg,3T9ZG,3T9ZC,0
7l3Lh.jpg,7l3Lh,7f3Lh,0
0232n.jpg,0232n,013PK,0
o6K4T.jpg,o6K4T,oCk4T,0
OccwG.jpg,OccwG,0ZcH6,0
t9C9k.jpg,t9C9k,t5C7K,0
36yHA.jpg,36yHA,36qHA,0
6G96k.jpg,6G96k,679ek,0
wZ3nh.jpg,wZ3nh,W73rb,0
SsKs6.jpg,SsKs6,SsKr6,0
wDeCF.jpg,wDeCF,WD4CF,0
5ol76.jpg,5ol76,woI74,0
1QEUT.jpg,1QEUT,1QpGT,0
tXsKe.jpg,tXsKe,fXsKo,0
05mbw.jpg,05mbw,05Phw,0
5xM52.jpg,5xM52,6xH52,0
6C5K4.jpg,6C5K4,6C5K4,1
C0m2j.jpg,C0m2j,c0m2I,0
b6274.jpg,b6274,b6M74,0
nVaSA.jpg,nVaSA,nVMSL,0
Lx9DN.jpg,Lx9DN,Lx9DH,0
P32Dz.jpg,P32Dz,PJ2Ox,0
OPGUc.jpg,OPGUc,OF6Hc,0
b8259.jpg,b8259,76259,0
bt7a0.jpg,bt7a0,bt7w0,0
7MI9o.jpg,7MI9o,7Mr9o,0
2CO8e.jpg,2CO8e,2LD8e,0
De7ST.jpg,De7ST,Da7GT,0
M3799.jpg,M3799,M37q9,0
YqsHY.jpg,YqsHY,YasH7,0
GTSWF.jpg,GTSWF,cTSWF,0
THWu4.jpg,THWu4,TRWu4,0
7Hf0t.jpg,7Hf0t,7Hf0t,1
Qb4yK.jpg,Qb4yK,ON47K,0
9sGNH.jpg,9sGNH,9zGNH,0
R6G72.jpg,R6G72,R6Q72,0
4BGu2.jpg,4BGu2,4Bcu2,0
7bjOg.jpg,7bjOg,7bj0g,0
2d3sC.jpg,2d3sC,2H3sC,0
8n1fB.jpg,8n1fB,8nUF3,0
f3WJ0.jpg,f3WJ0,E3Wy0,0
p5A83.jpg,p5A83,n5A83,0
37CgQ.jpg,37CgQ,37CgQ,1
lFF73.jpg,lFF73,lqF73,0
54q8P.jpg,54q8P,54c8M,0
2YU18.jpg,2YU18,2YUj6,0
AOv37.jpg,AOv37,AOvq7,0
4tbR6.jpg,4tbR6,4ChR6,0
45PM7.jpg,45PM7,45PM7,1
wYa62.jpg,wYa62,wYaf2,0
0376J.jpg,0376J,032UJ,0
TmAqK.jpg,TmAqK,ImAqK,0
Vl4k5.jpg,Vl4k5,Vl4n5,0
gEVR5.jpg,gEVR5,gEVR5,1
ju5fn.jpg,ju5fn,jz5Bn,0
0X5dL.jpg,0X5dL,9X5dL,0
l8JNb.jpg,l8JNb,fQJNb,0
w9bBK.jpg,w9bBK,w9bBK,1
W64Wy.jpg,W64Wy,W64My,0
wAT5Q.jpg,wAT5Q,wA750,0
W2xRx.jpg,W2xRx,wzK9x,0
wOjj9.jpg,wOjj9,WQrF9,0
g70D8.jpg,g70D8,g70D8,1
Jp8w0.jpg,Jp8w0,Jp8wO,0
4M16F.jpg,4M16F,4MjoF,0
yt0Z7.jpg,yt0Z7,vtQZ7,0
5Sujg.jpg,5Sujg,bSu7g,0
p99i6.jpg,p99i6,pH9i6,0
Hhrfs.jpg,Hhrfs,HZrfs,0
B7SW2.jpg,B7SW2,B1SW2,0
8SIZ1.jpg,8SIZ1,8QtZ1,0
Da96Y.jpg,Da96Y,Da96V,0
B33De.jpg,B33De,BJSDy,0
3465O.jpg,3465O,3LozQ,0
A32Ev.jpg,A32Ev,A32EU,0
164JE.jpg,164JE,164JF,0
30Jc8.jpg,30Jc8,wQJc8,0
3ro7B.jpg,3ro7B,3ro7W,0
DgxyN.jpg,DgxyN,D9xyH,0
HXc9B.jpg,HXc9B,HXc9B,1
tNFGm.jpg,tNFGm,tNFG9,0
3d31s.jpg,3d31s,3d21K,0
8NZtH.jpg,8NZtH,8NZtH,1
A7p85.jpg,A7p85,A7r85,0
0RYNP.jpg,0RYNP,eRYNP,0
wAQPs.jpg,wAQPs,waOPs,0
4I6tF.jpg,4I6tF,4T5tM,0
1f1LF.jpg,1f1LF,1f32F,0
ooYJZ.jpg,ooYJZ,oEV1Z,0
p90mV.jpg,p90mV,p9zmV,0
Q61lm.jpg,Q61lm,O6Tkm,0
EAbNc.jpg,EAbNc,EAbnc,0
uBE4v.jpg,uBE4v,uYE4v,0
1JG2T.jpg,1JG2T,hJ62T,0
9g1P0.jpg,9g1P0,9d12O,0
jP6Vm.jpg,jP6Vm,126Vm,0
bjJs7.jpg,bjJs7,bfM87,0
FzHu8.jpg,FzHu8,FZHu8,0
mpoFN.jpg,mpoFN,mpofN,0
gd91F.jpg,gd91F,gd91F,1
eP00x.jpg,eP00x,eTD0X,0
0R78K.jpg,0R78K,0H18K,0
6fT8v.jpg,6fT8v,6fT8m,0
LQUrf.jpg,LQUrf,LOUnf,0
2zyc7.jpg,2zyc7,2pycP,0
t8g2W.jpg,t8g2W,l8q2W,0
dqHg1.jpg,dqHg1,dqBw1,0
8wuzE.jpg,8wuzE,9wu7E,0
g05w4.jpg,g05w4,g05W4,0
V7Uwg.jpg,V7Uwg,V7ORg,0
ITUR1.jpg,ITUR1,fTUA4,0
ES9SZ.jpg,ES9SZ,ES9wZ,0
z3plC.jpg,z3plC,w3ptC,0
Qc2J2.jpg,Qc2J2,DczJY,0
4vo8V.jpg,4vo8V,4Re8V,0
LdI3G.jpg,LdI3G,Ldr5C,0
Nb0i7.jpg,Nb0i7,Kb0f7,0
N7fZu.jpg,N7fZu,H7fZu,0
Tr82t.jpg,Tr82t,Tr82f,0
wcIxH.jpg,wcIxH,wc13h,0
H8IFc.jpg,H8IFc,H91Fc,0
BpkNX.jpg,BpkNX,BpkNX,1
xLYPK.jpg,xLYPK,sLYPM,0
ugjH0.jpg,ugjH0,wg1H0,0
AwzDn.jpg,AwzDn,AwzDn,1
6yTvh.jpg,6yTvh,6yTxh,0
7u0y4.jpg,7u0y4,7a0V4,0
4LiUy.jpg,4LiUy,4Lr0y,0
mgiwM.jpg,mgiwM,mg1WM,0
UogSE.jpg,UogSE,Hog5E,0
4Seor.jpg,4Seor,4Seor,1
8a9MA.jpg,8a9MA,8a9MA,1
l3944.jpg,l3944,C39d4,0
20S58.jpg,20S58,20k58,0
6Zxh8.jpg,6Zxh8,6Zxh9,0
PbFi8.jpg,PbFi8,PbFL3,0
bdZ47.jpg,bdZ47,bdZ4Y,0
049UJ.jpg,049UJ,049UJ,1
Zpd1c.jpg,Zpd1c,ZpU1c,0
yaY6L.jpg,yaY6L,yaY6L,1
ouTwn.jpg,ouTwn,ouFGn,0
lgG53.jpg,lgG53,lgG53,1
14Y43.jpg,14Y43,NqY68,0
Z2q55.jpg,Z2q55,Z2qSs,0
kx9oV.jpg,kx9oV,mx9oV,0
Tv12N.jpg,Tv12N,Pv12K,0
UwI0Z.jpg,UwI0Z,URfoZ,0
kqgJ7.jpg,kqgJ7,KqgJ7,0
BjmaU.jpg,BjmaU,B1maU,0
nWixg.jpg,nWixg,nM1Xg,0
7k18l.jpg,7k18l,7K18l,0
I7t5Q.jpg,I7t5Q,i7a5F,0
dLG74.jpg,dLG74,drG74,0
joCmS.jpg,joCmS,1eCm5,0
Zm9F9.jpg,Zm9F9,2mgE9,0
G304z.jpg,G304z,G3Mep,0
WtFcv.jpg,WtFcv,WtFAv,0
qJ77L.jpg,qJ77L,gJn7L,0
kZ3Zy.jpg,kZ3Zy,KP3ZV,0
XX45E.jpg,XX45E,KX43E,0
Gv2fN.jpg,Gv2fN,6u2FH,0
nsI0U.jpg,nsI0U,msI0U,0
uQZA0.jpg,uQZA0,uQZN0,0
DJxSR.jpg,DJxSR,DJxSR,1
2ywFx.jpg,2ywFx,2ywFX,0
mwD7X.jpg,mwD7X,iwD7X,0
fQPj1.jpg,fQPj1,fOPjM,0
iO2jx.jpg,iO2jx,tO2TX,0
WHF2g.jpg,WHF2g,WkF2a,0
b0dLJ.jpg,b0dLJ,6cdLJ,0
Ual57.jpg,Ual57,UaI57,0
bUams.jpg,bUams,bUjms,0
6T4P2.jpg,6T4P2,6I4P2,0
VzS5I.jpg,VzS5I,VzSAI,0
Nlkf9.jpg,Nlkf9,ybdf9,0
2Hklg.jpg,2Hklg,2Hxjq,0
Yi46V.jpg,Yi46V,Yi46v,0
37syk.jpg,37syk,37Gyk,0
1H3c8.jpg,1H3c8,1HaC8,0
O1I72.jpg,O1I72,01l72,0
X8gjB.jpg,X8gjB,X8g7B,0
6b6QQ.jpg,6b6QQ,6bKCN,0
4k0CL.jpg,4k0CL,4m0CL,0
2Nq5y.jpg,2Nq5y,2Nq5r,0
KXn7d.jpg,KXn7d,KXu7A,0
o3o5o.jpg,o3o5o,q3v5p,0
063Bm.jpg,063Bm,0G3Pm,0
5K2Bo.jpg,5K2Bo,5h2jo,0
q8S8V.jpg,q8S8V,qRS6V,0
IKyK6.jpg,IKyK6,ILyK6,0
276pa.jpg,276pa,276ja,0
pBVo3.jpg,pBVo3,pBVo3,1
m51Ix.jpg,m51Ix,m51Wx,0
gDKAL.jpg,gDKAL,qDKAL,0
69KS4.jpg,69KS4,69KS1,0
t2n12.jpg,t2n12,U8nT2,0
nx3z0.jpg,nx3z0,hX3Z0,0
C3447.jpg,C3447,C34AZ,0
Ax29Y.jpg,Ax29Y,Ax29Y,1
j05cl.jpg,j05cl,Km5Cl,0
Af3L3.jpg,Af3L3,AK3lJ,0
0h164.jpg,0h164,Oh16Z,0
ie9Fq.jpg,ie9Fq,ie9Fq,1
E29fF.jpg,E29fF,B291F,0
0BVW9.jpg,0BVW9,nEVWS,0
rA2U5.jpg,rA2U5,rA2U5,1
Ni8S9.jpg,Ni8S9,NL859,0
bb0G2.jpg,bb0G2,Nb0G2,0
ux8V3.jpg,ux8V3,mR8V3,0
4yWlv.jpg,4yWlv,4yWIv,0
m26Ns.jpg,m26Ns,m26Ks,0
NKuOz.jpg,NKuOz,NKuOZ,0
n3FPr.jpg,n3FPr,m3LPr,0
CT5XC.jpg,CT5XC,6T5XQ,0
30oHm.jpg,30oHm,3OoNm,0
83qW6.jpg,83qW6,87oW6,0
u4QM6.jpg,u4QM6,p4OM6,0
Eh0k8.jpg,Eh0k8,Eh0k8,1
N60Yo.jpg,N60Yo,M6UYe,0
Xv318.jpg,Xv318,Xv518,0
0357l.jpg,0357l,0357f,0
lsD3q.jpg,lsD3q,lsD3q,1
24mT6.jpg,24mT6,24HF6,0
q6jnV.jpg,q6jnV,qZjnV,0
EOBv6.jpg,EOBv6,EO3V6,0
4OKI9.jpg,4OKI9,4DKF9,0
Vaz72.jpg,Vaz72,Uax72,0
cdx9v.jpg,cdx9v,cdXfv,0
y04tH.jpg,y04tH,y04tH,1
3MhEC.jpg,3MhEC,3MbEC,0
xk7j1.jpg,xk7j1,xh7j1,0
soK59.jpg,soK59,svK59,0
3isN6.jpg,3isN6,uisU6,0
75ze7.jpg,75ze7,7Szef,0
kFjSb.jpg,kFjSb,kFjS4,0
cliqo.jpg,cliqo,zfiqo,0
glmPP.jpg,glmPP,gfmEP,0
7e17F.jpg,7e17F,ZO12E,0
A025k.jpg,A025k,A025K,0
Db050.jpg,Db050,DbC5X,0
Xumrr.jpg,Xumrr,XuWsr,0
OB9BJ.jpg,OB9BJ,OB9K1,0
mu23k.jpg,mu23k,mu23k,1
NUd2f.jpg,NUd2f,NVq2f,0
bkuXJ.jpg,bkuXJ,BkuZj,0
7Q575.jpg,7Q575,70sNb,0
S67Dr.jpg,S67Dr,S67Dz,0
Ml8tG.jpg,Ml8tG,Mj8vG,0
40tAJ.jpg,40tAJ,40twJ,0
S78pP.jpg,S78pP,SL8sF,0
n8yrW.jpg,n8yrW,h3ycU,0
YLliC.jpg,YLliC,YBldC,0
a61c9.jpg,a61c9,aGjc9,0
3E2gk.jpg,3E2gk,3E2gK,0
Fl3n2.jpg,Fl3n2,Fl3K2,0
H3Ap8.jpg,H3Ap8,H3ApZ,0
F5Q6r.jpg,F5Q6r,FJQ6r,0
q45NS.jpg,q45NS,u45HS,0
6VW80.jpg,6VW80,5VH30,0
K9G39.jpg,K9G39,K7G5P,0
2p2x3.jpg,2p2x3,Cp2X3,0
E33Ci.jpg,E33Ci,E3HCi,0
I9cMU.jpg,I9cMU,I9zMU,0
3127O.jpg,3127O,31270,0
Fm931.jpg,Fm931,Fm931,1
PaoPH.jpg,PaoPH,Pao7H,0
1L1Jg.jpg,1L1Jg,1LxJg,0
R4J0H.jpg,R4J0H,R4J0H,1
F649g.jpg,F649g,Fb49g,0
2VCH0.jpg,2VCH0,2VfH0,0
ywlO9.jpg,ywlO9,yElO2,0
Do9We.jpg,Do9We,Dm9Vz,0
i2R9o.jpg,i2R9o,i2RMo,0
FG59H.jpg,FG59H,FC59H,0
mLMCe.jpg,mLMCe,mLHCe,0
n7Ae0.jpg,n7Ae0,m7Ae0,0
0jy9R.jpg,0jy9R,01ySR,0
5A9bR.jpg,5A9bR,5A9cR,0
k6t7t.jpg,k6t7t,k6m7Q,0
a8601.jpg,a8601,aR60L,0
Nx3Ui.jpg,Nx3Ui,MX3Ui,0
94835.jpg,94835,94835,1
188e4.jpg,188e4,jR8e4,0
n4JKK.jpg,n4JKK,p4JYK,0
2En5T.jpg,2En5T,2En5T,1
y9mw8.jpg,y9mw8,L9mwx,0
mm00D.jpg,mm00D,mna0f,0
nIs4N.jpg,nIs4N,0Is4M,0
eP237.jpg,eP237,eP2u7,0
05cZI.jpg,05cZI,U5cZI,0
092WV.jpg,092WV,092HV,0
6C7fg.jpg,6C7fg,6C7fH,0
WZVK2.jpg,WZVK2,WCvK2,0
YU3Lf.jpg,YU3Lf,YU3Lf,1
0oxJ4.jpg,0oxJ4,PoxJ4,0
Mh3Yx.jpg,Mh3Yx,Mh2Yx,0
G39e0.jpg,G39e0,G39e0,1
4Abb3.jpg,4Abb3,WAnb3,0
wWCL0.jpg,wWCL0,wWC10,0
K45IO.jpg,K45IO,K45Jo,0
S466n.jpg,S466n,S2G9n,0
C82o9.jpg,C82o9,C82oH,0
3Z7CN.jpg,3Z7CN,3z7CH,0
Vy4zU.jpg,Vy4zU,Vj4z0,0
MYm1u.jpg,MYm1u,MYn1J,0
WG2e5.jpg,WG2e5,WC2e5,0
cS2q4.jpg,cS2q4,M52g4,0
5Z7IW.jpg,5Z7IW,5Z7mW,0
AptR2.jpg,AptR2,AutR2,0
EZkyn.jpg,EZkyn,E2Kya,0
2Owrx.jpg,2Owrx,20WFX,0
i87aC.jpg,i87aC,r87aC,0
Kb4jr.jpg,Kb4jr,Kb4jc,0
NxZrV.jpg,NxZrV,Hx2cV,0
1LqeM.jpg,1LqeM,1rqeH,0
rJ12G.jpg,rJ12G,rM12G,0
59Xlh.jpg,59Xlh,59XtH,0
d4cRB.jpg,d4cRB,d4rRB,0
aYHax.jpg,aYHax,qYH9x,0
J9E03.jpg,J9E03,1YE03,0
49s1Q.jpg,49s1Q,V9r1Q,0
1HHTB.jpg,1HHTB,1CETB,0
8mV1O.jpg,8mV1O,8mVIO,0
Y6l8p.jpg,Y6l8p,YKlSp,0
8Mv25.jpg,8Mv25,8Mv2q,0
NWKMR.jpg,NWKMR,NWxoR,0
U22LB.jpg,U22LB,U3zIB,0
sGOf3.jpg,sGOf3,sG9fn,0
AkOBr.jpg,AkOBr,AkuBr,0
l1o15.jpg,l1o15,L40T5,0
M88Qi.jpg,M88Qi,M28OL,0
ndHip.jpg,ndHip,ndHLp,0
zNgP8.jpg,zNgP8,zN5P8,0
iz2a6.jpg,iz2a6,iz2a6,1
LjGsQ.jpg,LjGsQ,LJGsQ,0
Bcm9C.jpg,Bcm9C,3ew9C,0
fR2n3.jpg,fR2n3,fwZn3,0
Jq2ib.jpg,Jq2ib,Jq216,0
MglDi.jpg,MglDi,M9lDr,0
56l9v.jpg,56l9v,5619V,0
juRzt.jpg,juRzt,jW7at,0
V1vlo.jpg,V1vlo,V1xko,0
9l08X.jpg,9l08X,9108X,0
Z1sk7.jpg,Z1sk7,Z1ak7,0
an7gT.jpg,an7gT,wm7gT,0
FTzR1.jpg,FTzR1,MfzR1,0
97D13.jpg,97D13,o7Dr3,0
8E0Uk.jpg,8E0Uk,3EqUK,0
2NJX4.jpg,2NJX4,2KJX4,0
17Ug9.jpg,17Ug9,176g9,0
kVy8b.jpg,kVy8b,kdy8b,0
5nC6U.jpg,5nC6U,jnC6U,0
dWbWV.jpg,dWbWV,dCbHV,0
5DDY6.jpg,5DDY6,5B0Y4,0
94ADP.jpg,94ADP,91ADF,0
xD6Si.jpg,xD6Si,XD6SI,0
2sbm1.jpg,2sbm1,2Sbm1,0
dOWVK.jpg,dOWVK,dOHVK,0
A6Ah0.jpg,A6Ah0,A6Vb0,0
N3C4u.jpg,N3C4u,M3C4u,0
262zX.jpg,262zX,26PaX,0
38Ix5.jpg,38Ix5,38Ix5,1
5hp0J.jpg,5hp0J,5ke0J,0
Gs39K.jpg,Gs39K,Cn39K,0
G958J.jpg,G958J,G9Z8J,0
1vYrI.jpg,1vYrI,1vYnl,0
NE5ni.jpg,NE5ni,WE5ni,0
euQU6.jpg,euQU6,RvOU6,0
n82n6.jpg,n82n6,L82n6,0
0W1we.jpg,0W1we,9W1ws,0
UraD0.jpg,UraD0,UrXD0,0
pfZk3.jpg,pfZk3,pfZK3,0
o6Nhb.jpg,o6Nhb,o6NhZ,0
3G8RE.jpg,3G8RE,3G8K1,0
9fyvb.jpg,9fyvb,31yVb,0
m79ib.jpg,m79ib,w79rb,0
5oG08.jpg,5oG08,5oc08,0
59o8J.jpg,59o8J,59O8J,0
y0hJm.jpg,y0hJm,yChJm,0
I2Gww.jpg,I2Gww,IZGyw,0
0d0eh.jpg,0d0eh,OdUe1,0
v8v7t.jpg,v8v7t,x3u7E,0
c15g8.jpg,c15g8,c15h8,0
i9SDg.jpg,i9SDg,195Dg,0
7XR26.jpg,7XR26,7XR26,1
203Lt.jpg,203Lt,ZP31u,0
43fmL.jpg,43fmL,43fnL,0
9li7q.jpg,9li7q,9lj2u,0
47z54.jpg,47z54,27z54,0
s190m.jpg,s190m,s190m,1
nU8wC.jpg,nU8wC,nU8TC,0
V6HKF.jpg,V6HKF,V6HK2,0
lWvFa.jpg,lWvFa,fWv9a,0
AWjvv.jpg,AWjvv,AW1Mv,0
66zOk.jpg,66zOk,5d7OK,0
96GJ9.jpg,96GJ9,98G7a,0
ECsx7.jpg,ECsx7,BCsX7,0
320J7.jpg,320J7,s20j7,0
3Cqd7.jpg,3Cqd7,3Cyd7,0
YjAjb.jpg,YjAjb,YrNjb,0
CUMb4.jpg,CUMb4,CUM54,0
G4yGT.jpg,G4yGT,G4wZT,0
oABH7.jpg,oABH7,ov3X7,0
8jTsQ.jpg,8jTsQ,8jTKO,0
4Tk7n.jpg,4Tk7n,4Tk70,0
93jYX.jpg,93jYX,93LYX,0
yBKcB.jpg,yBKcB,Y3KcS,0
LLa6g.jpg,LLa6g,kfa6G,0
wXPgR.jpg,wXPgR,WXFgR,0
j6a95.jpg,j6a95,j6a9w,0
vr7IH.jpg,vr7IH,vr72H,0
0ydL7.jpg,0ydL7,0Y4L7,0
B7DNJ.jpg,B7DNJ,B7DkJ,0
Ajbbw.jpg,Ajbbw,2Ih5v,0
938J5.jpg,938J5,9Y8l5,0
AdNU7.jpg,AdNU7,YdTU5,0
5e262.jpg,5e262,5axG2,0
Rg4ho.jpg,Rg4ho,Rg9hu,0
irOJV.jpg,irOJV,jrOJV,0
FcyD2.jpg,FcyD2,FCYH2,0
y8ULO.jpg,y8ULO,y8W1Q,0
pTj34.jpg,pTj34,pTjS4,0
sWryd.jpg,sWryd,sWryd,1
HdF6z.jpg,HdF6z,h0F6z,0
8B9Ro.jpg,8B9Ro,8D9Ac,0
gODHs.jpg,gODHs,gObHz,0
k70eR.jpg,k70eR,K19eR,0
0BXZF.jpg,0BXZF,0BXZr,0
5tglF.jpg,5tglF,5twlF,0
kGkD4.jpg,kGkD4,kGKD4,0
GLAka.jpg,GLAka,CL4ka,0
I27rC.jpg,I27rC,lR7rC,0
GlfmG.jpg,GlfmG,Gbfm3,0
4nV85.jpg,4nV85,4mV8f,0
zvwam.jpg,zvwam,zVUam,0
iV3jP.jpg,iV3jP,rV3jP,0
3tIk6.jpg,3tIk6,3tjk5,0
oJMah.jpg,oJMah,o7Mah,0
34OuB.jpg,34OuB,34luB,0
RTGf7.jpg,RTGf7,ReGf7,0
XZrOg.jpg,XZrOg,XZF08,0
4P018.jpg,4P018,4Pu18,0
8rD9r.jpg,8rD9r,BeT91,0
i85t6.jpg,i85t6,j85v6,0
o6goO.jpg,o6goO,pGgoO,0
hxv59.jpg,hxv59,hxe59,0
gde98.jpg,gde98,g4e98,0
zMil4.jpg,zMil4,nMVJ4,0
MHFB9.jpg,MHFB9,MUFB9,0
e0ffu.jpg,e0ffu,c0t7m,0
08aSZ.jpg,08aSZ,08aS7,0
p2J0z.jpg,p2J0z,p2J0k,0
m4IPB.jpg,m4IPB,m4jPB,0
QPas4.jpg,QPas4,CPms4,0
Cl55Y.jpg,Cl55Y,c1F5Y,0
9x47R.jpg,9x47R,9X47B,0
53QUb.jpg,53QUb,53QUb,1
H786p.jpg,H786p,Hr8Go,0
tjH5H.jpg,tjH5H,tTA5H,0
O7J5y.jpg,O7J5y,O7K5Y,0
GcpA2.jpg,GcpA2,FcpN2,0
cqd6w.jpg,cqd6w,cgdfw,0
y6y9l.jpg,y6y9l,p6Y9L,0
puRfT.jpg,puRfT,puRE7,0
Pq0Mf.jpg,Pq0Mf,Pg0MI,0
6PzYE.jpg,6PzYE,6PaVE,0
D1K03.jpg,D1K03,DfK03,0
ZoVu7.jpg,ZoVu7,ZOVn7,0
e76XB.jpg,e76XB,n76XB,0
gLd4z.jpg,gLd4z,ghdFz,0
0vpy4.jpg,0vpy4,uCPyA,0
94jL1.jpg,94jL1,P4jL1,0
Zs416.jpg,Zs416,ms416,0
Yn3p3.jpg,Yn3p3,7K9F5,0
G2MpS.jpg,G2MpS,G2MvS,0
2gj55.jpg,2gj55,2af96,0
VuL0m.jpg,VuL0m,Vuf0m,0
RSL62.jpg,RSL62,HSI62,0
huo3E.jpg,huo3E,hmo3P,0
GK1vm.jpg,GK1vm,CK1Vm,0
wY4ZP.jpg,wY4ZP,mV4LF,0
Et246.jpg,Et246,EI246,0
0IWdf.jpg,0IWdf,0J4Yf,0
vYMcQ.jpg,vYMcQ,vIMcQ,0
1S68G.jpg,1S68G,1S68C,0
MsQRc.jpg,MsQRc,M5QRc,0
2TI1V.jpg,2TI1V,2TI4V,0
0td2E.jpg,0td2E,Btd2E,0
1k6W5.jpg,1k6W5,1kdH5,0
11D7b.jpg,11D7b,jGD7b,0
4gzOA.jpg,4gzOA,4VzCA,0
5kini.jpg,5kini,5WIns,0
6s40f.jpg,6s40f,6w49I,0
e8gJR.jpg,e8gJR,e8gJR,1
D7O66.jpg,D7O66,N14BS,0
Ic14w.jpg,Ic14w,iC14W,0
sQQNN.jpg,sQQNN,3eGml,0
vMI46.jpg,vMI46,vMI46,1
aq9iX.jpg,aq9iX,Hq9rX,0
Gxlwt.jpg,Gxlwt,Gxlwt,1
q1Ohm.jpg,q1Ohm,g1Chm,0
k2s4L.jpg,k2s4L,k2sJL,0
eENf6.jpg,eENf6,ebMf6,0
34VL4.jpg,34VL4,3nvL4,0
N3hJ3.jpg,N3hJ3,N5bJ3,0
41kK2.jpg,41kK2,4CkX2,0
z7gQv.jpg,z7gQv,z7MOv,0
M863D.jpg,M863D,M861D,0
nE5Wk.jpg,nE5Wk,nE5Wk,1
6btrm.jpg,6btrm,6hVrm,0
ePN68.jpg,ePN68,7PNv8,0
oJmUM.jpg,oJmUM,eJrUM,0
3Pky5.jpg,3Pky5,3Pky5,1
3EY48.jpg,3EY48,3EV48,0
kxYT8.jpg,kxYT8,kmYT8,0
ZXEJF.jpg,ZXEJF,ZX4JF,0
AZSs1.jpg,AZSs1,AZSv1,0
2h048.jpg,2h048,2b048,0
HBeVs.jpg,HBeVs,HBeYs,0
0jKK4.jpg,0jKK4,0jMK4,0
B7FCx.jpg,B7FCx,87F0X,0
Xti87.jpg,Xti87,X5Lx7,0
JwML9.jpg,JwML9,JwME5,0
NEkPO.jpg,NEkPO,AukP0,0
qd2kH.jpg,qd2kH,qd2kH,1
0veCC.jpg,0veCC,9v4Rc,0
aooGZ.jpg,aooGZ,10fC2,0
7o10U.jpg,7o10U,7oiwU,0
prEgT.jpg,prEgT,prEg1,0
L84E2.jpg,L84E2,IBrG2,0
GwCaL.jpg,GwCaL,GWPaL,0
bmvaj.jpg,bmvaj,bmvdj,0
ZP65p.jpg,ZP65p,ZP65V,0
vTAi6.jpg,vTAi6,uTAi5,0
vN2d8.jpg,vN2d8,VH203,0
l5AOD.jpg,l5AOD,15AOp,0
z8FKU.jpg,z8FKU,z8EKT,0
aR54X.jpg,aR54X,aC54X,0
k5HwT.jpg,k5HwT,k5HvI,0
SWE95.jpg,SWE95,SNR95,0
P3L6c.jpg,P3L6c,P3I6c,0
eZ2nv.jpg,eZ2nv,ek2nv,0
e8Gg4.jpg,e8Gg4,s8GmV,0
ORj0l.jpg,ORj0l,cRh0L,0
5cvst.jpg,5cvst,5Eusl,0
EN8as.jpg,EN8as,EN8as,1
ex3I6.jpg,ex3I6,ex3I6,1
EspZ8.jpg,EspZ8,iqpZ8,0
Dw2hl.jpg,Dw2hl,4w2hj,0
R89eX.jpg,R89eX,A82eX,0
pb8uV.jpg,pb8uV,rb8uV,0
9mQ85.jpg,9mQ85,9mO85,0
Yl7Er.jpg,Yl7Er,Yu7Fr,0
b5uuN.jpg,b5uuN,Y5uzN,0
9Fi39.jpg,9Fi39,0Ej3S,0
9F00e.jpg,9F00e,91Q6a,0
be22R.jpg,be22R,beZ9C,0
0K1Fi.jpg,0K1Fi,0V7Fc,0
d5W2x.jpg,d5W2x,dCW2x,0
DDHLH.jpg,DDHLH,DqELh,0
W32w3.jpg,W32w3,Vo2nS,0
cUdP8.jpg,cUdP8,cUdP8,1
f97xP.jpg,f97xP,f97uP,0
v428L.jpg,v428L,y428L,0
7SaEc.jpg,7SaEc,7SaEW,0
690Sp.jpg,690Sp,6f0Sp,0
a6jm7.jpg,a6jm7,X6Jm7,0
HjCe1.jpg,HjCe1,HkCo1,0
4q886.jpg,4q886,4q8T6,0
eePcH.jpg,eePcH,6zPqH,0
86ER8.jpg,86ER8,a6CR8,0
d33o8.jpg,d33o8,d3To8,0
C555r.jpg,C555r,C5Hbr,0
T3xf5.jpg,T3xf5,T3Ofz,0
00E86.jpg,00E86,oUE8X,0
Wg7ML.jpg,Wg7ML,Qg7ML,0
lMW70.jpg,lMW70,JHW7p,0
0Cejr.jpg,0Cejr,0CwJr,0
jq7b7.jpg,jq7b7,j9Zb7,0
in1rB.jpg,in1rB,inTrB,0
vwhQU.jpg,vwhQU,vS5OU,0
c0JCY.jpg,c0JCY,rOJCV,0
CR67d.jpg,CR67d,CR57d,0
2D869.jpg,2D869,2X86o,0
M6q6x.jpg,M6q6x,MSq6x,0
U1WwR.jpg,U1WwR,u1WmR,0
3fUf7.jpg,3fUf7,36Uf7,0
0i7Gy.jpg,0i7Gy,0i7Gy,1
9c17Z.jpg,9c17Z,46r7Z,0
x9zZ6.jpg,x9zZ6,xMzZ6,0
ql13u.jpg,ql13u,qL13u,0
11SLx.jpg,11SLx,Tjwlx,0
n9Aqp.jpg,n9Aqp,n9Aqp,1
fxgPi.jpg,fxgPi,fkqP7,0
VoQ35.jpg,VoQ35,VZO35,0
V7iif.jpg,V7iif,V7Lnf,0
igT56.jpg,igT56,igT46,0
SD3Q5.jpg,SD3Q5,9U1QK,0
hSnS8.jpg,hSnS8,iSnG2,0
19Wh1.jpg,19Wh1,c9Wh1,0
i3qYy.jpg,i3qYy,t3mYy,0
dFltx.jpg,dFltx,dFjCX,0
gv0GI.jpg,gv0GI,gv0G1,0
iJzrI.jpg,iJzrI,rJzGI,0
qwO0B.jpg,qwO0B,gwC1B,0
6YXN4.jpg,6YXN4,6yXN4,0
j58i9.jpg,j58i9,K58i9,0
Mviw7.jpg,Mviw7,MviG7,0
99vnV.jpg,99vnV,51vmV,0
s5Iiy.jpg,s5Iiy,s5IpY,0
6BJWE.jpg,6BJWE,6B1VE,0
j49pR.jpg,j49pR,i49pR,0
C3Twb.jpg,C3Twb,C4Twb,0
HIaCH.jpg,HIaCH,R1aCV,0
1E6z7.jpg,1E6z7,1w6z7,0
J95Y9.jpg,J95Y9,JGrY9,0
uopk9.jpg,uopk9,uo7k9,0
VvW7d.jpg,VvW7d,Vxb7e,0
6TXQh.jpg,6TXQh,61XQh,0
xV8mw.jpg,xV8mw,xC8mW,0
4Wb9A.jpg,4Wb9A,1Wb9A,0
0Kp6J.jpg,0Kp6J,0Hp6J,0
76r82.jpg,76r82,76r82,1
FbW56.jpg,FbW56,FpV5G,0
1WE3I.jpg,1WE3I,1WE3T,0
1ag39.jpg,1ag39,1Xq39,0
c7YvX.jpg,c7YvX,c7TvX,0
7vDVj.jpg,7vDVj,7wQYj,0
YQiue.jpg,YQiue,YQiuN,0
PZW2e.jpg,PZW2e,FZH2O,0
fj8X4.jpg,fj8X4,fm8X4,0
7tbtV.jpg,7tbtV,7c0jV,0
9W6sh.jpg,9W6sh,9U62b,0
9Q7i1.jpg,9Q7i1,9O7c1,0
yTD2J.jpg,yTD2J,yND2J,0
zu8o6.jpg,zu8o6,7u8o6,0
LFi3C.jpg,LFi3C,JTiXC,0
zaPVy.jpg,zaPVy,zoPWy,0
o4B14.jpg,o4B14,edBk4,0
cuKTi.jpg,cuKTi,CuKTl,0
98j8h.jpg,98j8h,9316h,0
1fg3q.jpg,1fg3q,Yfg5Q,0
JbKJW.jpg,JbKJW,JbK2W,0
fnFCl.jpg,fnFCl,faFCT,0
t1ojH.jpg,t1ojH,C1ojH,0
6qm0E.jpg,6qm0E,SYm0E,0
NQyUk.jpg,NQyUk,FQyUk,0
20iEH.jpg,20iEH,20iEH,1
6tgR6.jpg,6tgR6,8fgRG,0
zb9lw.jpg,zb9lw,zb91W,0
TY6IS.jpg,TY6IS,TV6hS,0
44uax.jpg,44uax,P4uax,0
b9KQU.jpg,b9KQU,b9KQz,0
Hzt9K.jpg,Hzt9K,Hzt9R,0
b8C5A.jpg,b8C5A,BJC5A,0
c9nUK.jpg,c9nUK,c9n2K,0
94bBE.jpg,94bBE,94bBc,0
7ERK3.jpg,7ERK3,7EnK3,0
6yiC8.jpg,6yiC8,XyiC8,0
T86k0.jpg,T86k0,T86kQ,0
N1zw5.jpg,N1zw5,M1zw5,0
t2OUP.jpg,t2OUP,tXOUP,0
796fe.jpg,796fe,796fe,1
AB262.jpg,AB262,AWZ6J,0
PY5o8.jpg,PY5o8,PV508,0
3fsKw.jpg,3fsKw,3f5Ru,0
cf8XO.jpg,cf8XO,cf8XO,1
NZJoE.jpg,NZJoE,AZJ0E,0
k4QEL.jpg,k4QEL,k4DEI,0
HWVIq.jpg,HWVIq,8WVIq,0
VzeS9.jpg,VzeS9,VheS9,0
RaZ5r.jpg,RaZ5r,RalTr,0
83g2J.jpg,83g2J,63g2k,0
l1U9H.jpg,l1U9H,l1d9H,0
2U24v.jpg,2U24v,ZU24v,0
D6aPM.jpg,D6aPM,D6sFM,0
dBJ1k.jpg,dBJ1k,dBJVk,0
MV44E.jpg,MV44E,HV4zE,0
2zcQR.jpg,2zcQR,21c0H,0
6qsnM.jpg,6qsnM,6isnM,0
Yviwd.jpg,Yviwd,TvfRd,0
813w4.jpg,813w4,813m4,0
X4kjn.jpg,X4kjn,X4kIn,0
14Dbr.jpg,14Dbr,14Dhr,0
W4Vlf.jpg,W4Vlf,W4vlf,0
K6909.jpg,K6909,K6901,0
nKfCq.jpg,nKfCq,nKICq,0
WWPLX.jpg,WWPLX,HwkLX,0
7F9hK.jpg,7F9hK,7FohK,0
GPb00.jpg,GPb00,GFb0y,0
5wa3e.jpg,5wa3e,5Wa3c,0
8Kvb3.jpg,8Kvb3,8KOb3,0
8upD5.jpg,8upD5,8oPU4,0
AVv8N.jpg,AVv8N,4Vv8N,0
0Ix6f.jpg,0Ix6f,0rXSf,0
5D54B.jpg,5D54B,aO61B,0
88X35.jpg,88X35,8eX35,0
uV70d.jpg,uV70d,nVZ0d,0
07457.jpg,07457,0Z45P,0
8Tm6u.jpg,8Tm6u,2Tm6u,0
8ri15.jpg,8ri15,8ri1M,0
y2m7l.jpg,y2m7l,y2m7I,0
NaXZA.jpg,NaXZA,NpIZA,0
h8OHx.jpg,h8OHx,l1OHx,0
NUN0d.jpg,NUN0d,NUjrd,0
USFJ5.jpg,USFJ5,U6FJ5,0
7QMr4.jpg,7QMr4,7QMr8,0
IL4ma.jpg,IL4ma,FL4wa,0
S8hP2.jpg,S8hP2,SdhP2,0
6zr3s.jpg,6zr3s,6zA3s,0
9PsL5.jpg,9PsL5,9PcL5,0
1qcuD.jpg,1qcuD,1qcuM,0
U2x53.jpg,U2x53,U2X53,0
joyG0.jpg,joyG0,jnyGD,0
9PZGZ.jpg,9PZGZ,9PXGZ,0
8dKGU.jpg,8dKGU,vdKGU,0
85QrL.jpg,85QrL,8oVrL,0
4EzbC.jpg,4EzbC,4EzbO,0
11RH1.jpg,11RH1,T3RHe,0
H9b14.jpg,H9b14,H9b1Y,0
yVpWF.jpg,yVpWF,xVpWF,0
6DMn6.jpg,6DMn6,dDMn5,0
2RebQ.jpg,2RebQ,2mebQ,0
GLk2u.jpg,GLk2u,G7k2u,0
B8476.jpg,B8476,E8r76,0
B976y.jpg,B976y,B976y,1
I23rp.jpg,I23rp,b1Typ,0
xB6X9.jpg,xB6X9,3BtX9,0
JVTs1.jpg,JVTs1,JkTs1,0
ffE8J.jpg,ffE8J,fmE6J,0
91cJ4.jpg,91cJ4,9fnJ4,0
3oOTh.jpg,3oOTh,3oOYh,0
g7STS.jpg,g7STS,e79fS,0
xp1xI.jpg,xp1xI,wo4Xl,0
XyMGr.jpg,XyMGr,XyjGr,0
Ya37f.jpg,Ya37f,Va37f,0
4esk3.jpg,4esk3,4eGK3,0
FhpTi.jpg,FhpTi,FhoTt,0
as0N1.jpg,as0N1,as0H1,0
kAkCg.jpg,kAkCg,k4MCg,0
9ggt0.jpg,9ggt0,9g7t0,0
j5752.jpg,j5752,cW752,0
lzKvB.jpg,lzKvB,lzKvB,1
P9dSZ.jpg,P9dSZ,F9U57,0
pJ6G9.jpg,pJ6G9,pJ6c9,0
1CsUx.jpg,1CsUx,1rsUx,0
5i06Q.jpg,5i06Q,3l06Q,0
g6pwu.jpg,g6pwu,gCLwu,0
siKK5.jpg,siKK5,QiFKo,0
7Aw03.jpg,7Aw03,7Awe3,0
JCvLY.jpg,JCvLY,JCmlY,0
1oUvR.jpg,1oUvR,1eUyB,0
B9Lzc.jpg,B9Lzc,B9Lzc,1
xkaVa.jpg,xkaVa,xkgV4,0
y63z3.jpg,y63z3,y6Wzs,0
g78He.jpg,g78He,g78He,1
C2Z0k.jpg,C2Z0k,c2ZDK,0
6vs5s.jpg,6vs5s,6Ms52,0
nV56Z.jpg,nV56Z,nY56Z,0
JMdPL.jpg,JMdPL,J5MPL,0
WxS76.jpg,WxS76,yxSJ6,0
XET98.jpg,XET98,KE196,0
itjQN.jpg,itjQN,rVJQN,0
rc5i9.jpg,rc5i9,rc5L9,0
NUBRk.jpg,NUBRk,NUPRk,0
VZ951.jpg,VZ951,VZ951,1
p1L74.jpg,p1L74,p1LZ4,0
YX2Bs.jpg,YX2Bs,YA2Bs,0
68w31.jpg,68w31,D8w31,0
g96fD.jpg,g96fD,396fD,0
xr547.jpg,xr547,Kr547,0
xEdh0.jpg,xEdh0,xtJW0,0
VxOJt.jpg,VxOJt,VxCJI,0
0s2bB.jpg,0s2bB,012bB,0
vO93n.jpg,vO93n,yGI3n,0
EEcYx.jpg,EEcYx,f50VX,0
21mn5.jpg,21mn5,21On5,0
xdlz4.jpg,xdlz4,xdIz4,0
buk5u.jpg,buk5u,buk57,0
e0BgU.jpg,e0BgU,e9BgM,0
LouY6.jpg,LouY6,roAYG,0
ZjXuB.jpg,ZjXuB,9IXuB,0
5a42y.jpg,5a42y,5a42u,0
EzseU.jpg,EzseU,EXseU,0
b28hS.jpg,b28hS,HZ8hS,0
0w2I7.jpg,0w2I7,0w2I7,1
jk5VU.jpg,jk5VU,jk5VU,1
2HoXG.jpg,2HoXG,2HeXC,0
jLiH9.jpg,jLiH9,yciX9,0
2Nid8.jpg,2Nid8,2Nid9,0
FEb5F.jpg,FEb5F,FEeNR,0
1jfxK.jpg,1jfxK,1JPxH,0
3Z6g0.jpg,3Z6g0,3Y6g0,0
4WZPq.jpg,4WZPq,1VZPg,0
21dS6.jpg,21dS6,2RdS6,0
wQ61l.jpg,wQ61l,wQ61L,0
v2200.jpg,v2200,V52tq,0
C9p27.jpg,C9p27,C9F27,0
GI3TU.jpg,GI3TU,Qk3TU,0
25ckS.jpg,25ckS,2jcKS,0
nbjml.jpg,nbjml,ubjmC,0
6Gj4O.jpg,6Gj4O,6cjMO,0
f2N9f.jpg,f2N9f,hoN9f,0
Y9pA2.jpg,Y9pA2,Y9pAU,0
KzlVl.jpg,KzlVl,Kz1vJ,0
n648d.jpg,n648d,nv18d,0
D0ujz.jpg,D0ujz,D0uje,0
aaPq7.jpg,aaPq7,ahFq7,0
xL3sI.jpg,xL3sI,XLDsI,0
i3bTW.jpg,i3bTW,r3bTM,0
1qsfY.jpg,1qsfY,1esh9,0
36M6c.jpg,36M6c,35H6z,0
31AVm.jpg,31AVm,3IAVn,0
N42LH.jpg,N42LH,N42Ip,0
66l08.jpg,66l08,6e103,0
gQZi2.jpg,gQZi2,Nqzl2,0
V388N.jpg,V388N,q38SN,0
tmKpE.jpg,tmKpE,tmK3E,0
S2tI7.jpg,S2tI7,S2tYZ,0
v17D6.jpg,v17D6,vl7D6,0
Wj11f.jpg,Wj11f,Wj42f,0
4h1UZ.jpg,4h1UZ,4n1UZ,0
aG1Ea.jpg,aG1Ea,mG1E5,0
1PnlC.jpg,1PnlC,1PmkC,0
ysA4p.jpg,ysA4p,VsA40,0
mZP8f.jpg,mZP8f,mzP8f,0
0hynU.jpg,0hynU,ChyxU,0
82ON9.jpg,82ON9,32DH9,0
lUH4o.jpg,lUH4o,fUH4o,0
5EXW3.jpg,5EXW3,PEXW3,0
AN4xT.jpg,AN4xT,AM4xF,0
7UQK4.jpg,7UQK4,7DQK4,0
F7V01.jpg,F7V01,E7V01,0
GjxWl.jpg,GjxWl,GjxWI,0
s8Sq6.jpg,s8Sq6,s8Sqb,0
ta1lx.jpg,ta1lx,ta1jx,0
r2Hbr.jpg,r2Hbr,pzh5G,0
56mif.jpg,56mif,56mLf,0
5ru44.jpg,5ru44,5ru41,0
6a0a7.jpg,6a0a7,6q2a7,0
7dz4L.jpg,7dz4L,yez4L,0
eV72a.jpg,eV72a,eV75n,0
8TOnl.jpg,8TOnl,8FOn1,0
LXZ4n.jpg,LXZ4n,LXZ4n,1
dkDp0.jpg,dkDp0,J1Dp0,0
14SyU.jpg,14SyU,1KsTU,0
0Cmqq.jpg,0Cmqq,0CmJ9,0
3d70R.jpg,3d70R,3d7CA,0
8LzO0.jpg,8LzO0,8LzQ9,0
CxyAI.jpg,CxyAI,CxvAl,0
7bn8a.jpg,7bn8a,7bm6q,0
KbpQX.jpg,KbpQX,HbFC1,0
AgqEr.jpg,AgqEr,hgqf3,0
M94wl.jpg,M94wl,M94wI,0
fuxXn.jpg,fuxXn,fDxXn,0
bq2d5.jpg,bq2d5,bgZd5,0
TK326.jpg,TK326,IHJ26,0
Nl35T.jpg,Nl35T,AC35T,0
N68Ud.jpg,N68Ud,NC8Ud,0
rlJmJ.jpg,rlJmJ,rL4wJ,0
f62c2.jpg,f62c2,fB2c7,0
hsx88.jpg,hsx88,hsx0B,0
856Bc.jpg,856Bc,856Bc,1
W1u36.jpg,W1u36,W1rN6,0
5R540.jpg,5R540,5rT40,0
Iig5l.jpg,Iig5l,Jrg5v,0
0AyBz.jpg,0AyBz,0Ay8z,0
1hPr6.jpg,1hPr6,1hPs6,0
9iGNz.jpg,9iGNz,9iGNz,1
1j35M.jpg,1j35M,Tj35M,0
eUB6o.jpg,eUB6o,rUB6o,0
5UUN9.jpg,5UUN9,5EOX9,0
Fp0Xx.jpg,Fp0Xx,FpmXs,0
kS0FO.jpg,kS0FO,kS0EU,0
c26Gv.jpg,c26Gv,c28G1,0
O8CTs.jpg,O8CTs,O8CTs,1
XN2xK.jpg,XN2xK,YN2xK,0
K7fNK.jpg,K7fNK,27fNx,0
U244h.jpg,U244h,U2A4h,0
n5hb9.jpg,n5hb9,NJho9,0
XaFTN.jpg,XaFTN,XaETN,0
7P0MJ.jpg,7P0MJ,7P0XJ,0
l7d23.jpg,l7d23,L7d23,0
jCz49.jpg,jCz49,jCz49,1
D88gG.jpg,D88gG,7B9gC,0
evPbD.jpg,evPbD,qvPbD,0
2FsF4.jpg,2FsF4,GDsJ3,0
C77b7.jpg,C77b7,CxTb7,0
Y005c.jpg,Y005c,Y9p5c,0
0Xvnh.jpg,0Xvnh,0XVah,0
P3fo6.jpg,P3fo6,P31o6,0
3Sf48.jpg,3Sf48,3SF4w,0
4oFvV.jpg,4oFvV,4oFvM,0
ff2zA.jpg,ff2zA,Gf2zA,0
90BI0.jpg,90BI0,9qR16,0
6f9gV.jpg,6f9gV,619gV,0
KDdsI.jpg,KDdsI,KDqs1,0
X3773.jpg,X3773,XBh7J,0
1rq9i.jpg,1rq9i,1Zg9i,0
arV2I.jpg,arV2I,apU2I,0
Zv8gq.jpg,Zv8gq,Zv8mc,0
szFXg.jpg,szFXg,sZrXg,0
0dtS3.jpg,0dtS3,0gIS3,0
28a7J.jpg,28a7J,z8uTJ,0
oIigA.jpg,oIigA,u1bgA,0
0AyAv.jpg,0AyAv,0Hzkv,0
495GC.jpg,495GC,49MGC,0
m31WI.jpg,m31WI,m3tWF,0
V7td1.jpg,V7td1,V7td1,1
I26w9.jpg,I26w9,I26A9,0
y00bw.jpg,y00bw,xACbw,0
cEMFo.jpg,cEMFo,S4MFo,0
AaLmI.jpg,AaLmI,Aa2mj,0
034D0.jpg,034D0,034Dr,0
e9WF3.jpg,e9WF3,g9Wf3,0
2wO9v.jpg,2wO9v,4wCPy,0
5513z.jpg,5513z,5Ei3z,0
S868P.jpg,S868P,SBK0P,0
5A60F.jpg,5A60F,5A62F,0
35F61.jpg,35F61,35FG1,0
K3vwd.jpg,K3vwd,K3zDd,0
riu4h.jpg,riu4h,rJu4h,0
zp2oe.jpg,zp2oe,3pCJH,0
mWNue.jpg,mWNue,mUNuc,0
1K05R.jpg,1K05R,1na5M,0
b68lj.jpg,b68lj,b68Zy,0
W4DdF.jpg,W4DdF,W4OdF,0
9LZxH.jpg,9LZxH,9L2xH,0
c6m66.jpg,c6m66,c6m6O,0
7Hu27.jpg,7Hu27,CHu27,0
aBKTb.jpg,aBKTb,a8K1b,0
OKqOo.jpg,OKqOo,ZHgOo,0
EEt5I.jpg,EEt5I,TkG51,0
IfT1b.jpg,IfT1b,TfV1b,0
DVKN6.jpg,DVKN6,DVKN6,1
i61MA.jpg,i61MA,761HA,0
KIz2i.jpg,KIz2i,KIz2O,0
qk0y6.jpg,qk0y6,qk0yG,0
FO2Zx.jpg,FO2Zx,F02Lx,0
QaRrw.jpg,QaRrw,Oakrw,0
C58i8.jpg,C58i8,C591S,0
9zj14.jpg,9zj14,9zjT4,0
92314.jpg,92314,9231K,0
qAeqv.jpg,qAeqv,qAeNv,0
P52Ac.jpg,P52Ac,F52Ai,0
V7SBt.jpg,V7SBt,V75Bi,0
iNNk4.jpg,iNNk4,iYNk4,0
Oa47b.jpg,Oa47b,OuA7b,0
UI7e3.jpg,UI7e3,Ui7e3,0
mEr4M.jpg,mEr4M,mEr3M,0
dWxHA.jpg,dWxHA,dtxHA,0
MXZTC.jpg,MXZTC,MXwF2,0
o1CUY.jpg,o1CUY,o3CUY,0
sWzTH.jpg,sWzTH,sVZTH,0
n647i.jpg,n647i,n647l,0
Zu1SE.jpg,Zu1SE,Zm1SE,0
mF78c.jpg,mF78c,mF73c,0
74V56.jpg,74V56,74V5G,0
18pJT.jpg,18pJT,18nJT,0
9TDjh.jpg,9TDjh,9TDih,0
2N9C1.jpg,2N9C1,2N9CI,0
6NFyv.jpg,6NFyv,0kFyv,0
5OhA6.jpg,5OhA6,5Ohy6,0
Su0Ld.jpg,Su0Ld,5uCId,0
6f9d9.jpg,6f9d9,6F9A5,0
a52ND.jpg,a52ND,a52HD,0
S75m5.jpg,S75m5,S75mA,0
hkaZz.jpg,hkaZz,hKyZ6,0
rfAA7.jpg,rfAA7,rYAe7,0
mV1J9.jpg,mV1J9,mVCj9,0
10c9r.jpg,10c9r,10c9k,0
29LOV.jpg,29LOV,29LQV,0
1cJ53.jpg,1cJ53,1cJ53,1
0YRi4.jpg,0YRi4,0YRI4,0
7wp5i.jpg,7wp5i,7Op5j,0
y68r1.jpg,y68r1,y6Rr1,0
7snT1.jpg,7snT1,7Suf1,0
iqB1T.jpg,iqB1T,iaBmT,0
i23J5.jpg,i23J5,uZ3J5,0
qVhE3.jpg,qVhE3,d7bE3,0
2Sc2m.jpg,2Sc2m,75CzH,0
XrgiY.jpg,XrgiY,xpgjV,0
hkOv7.jpg,hkOv7,hk0v7,0
dh4ID.jpg,dh4ID,dh4fD,0
7SwZy.jpg,7SwZy,7SwAy,0
i72NG.jpg,i72NG,c75NG,0
LBI8b.jpg,LBI8b,LNf8b,0
WnS5N.jpg,WnS5N,WeS5M,0
gvJCg.jpg,gvJCg,RvJCg,0
5eVwh.jpg,5eVwh,54Vwh,0
XaM0e.jpg,XaM0e,X7M0e,0
Sb1oD.jpg,Sb1oD,Sb1wD,0
0eWQr.jpg,0eWQr,0eWZr,0
doCGX.jpg,doCGX,d9CWX,0
Zw28o.jpg,Zw28o,Zw28o,1
fIdMy.jpg,fIdMy,fLaMy,0
057ec.jpg,057ec,U57mc,0
Vp9Dg.jpg,Vp9Dg,Vp9lg,0
ph57Z.jpg,ph57Z,phC7Z,0
W2Bz1.jpg,W2Bz1,W2Bz1,1
9V27s.jpg,9V27s,9V27s,1
vndy9.jpg,vndy9,Wmdy9,0
IQE7r.jpg,IQE7r,KQE7l,0
7k0E9.jpg,7k0E9,7kUE9,0
m0ZyB.jpg,m0ZyB,m0ZVB,0
6Z5yZ.jpg,6Z5yZ,6z5V4,0
75u8m.jpg,75u8m,75w8J,0
RvyaF.jpg,RvyaF,RIyaF,0
an1f5.jpg,an1f5,emWf5,0
25Me4.jpg,25Me4,25Ha4,0
24i7V.jpg,24i7V,24r7V,0
IB662.jpg,IB662,1H0p2,0
eQ9KM.jpg,eQ9KM,eC9KM,0
530rW.jpg,530rW,510rW,0
5nBDx.jpg,5nBDx,5nCDx,0
vSBlE.jpg,vSBlE,vS8lF,0
7TEi9.jpg,7TEi9,7TEi0,0
iUPHQ.jpg,iUPHQ,IUFNQ,0
czjVY.jpg,czjVY,QzjWY,0
3U25U.jpg,3U25U,3U25y,0
l0Qq1.jpg,l0Qq1,l6QaZ,0
HXi6r.jpg,HXi6r,HxL6r,0
ISvW5.jpg,ISvW5,1SvWR,0
gf282.jpg,gf282,gFA62,0
dO4e8.jpg,dO4e8,dD4c8,0
GgjTT.jpg,GgjTT,Gg4fD,0
Z3M7q.jpg,Z3M7q,Z3M7g,0
4M7WZ.jpg,4M7WZ,4M7vZ,0
0YUaX.jpg,0YUaX,0SUAX,0
9y6HR.jpg,9y6HR,9ycXA,0
0t93V.jpg,0t93V,Qt95V,0
Es8mh.jpg,Es8mh,FC8mh,0
LV4Cv.jpg,LV4Cv,LV4Cu,0
Y286A.jpg,Y286A,vz86A,0
O4g72.jpg,O4g72,Dhg72,0
PGhju.jpg,PGhju,PChju,0
94g0l.jpg,94g0l,W4gdl,0
4XR50.jpg,4XR50,4XR50,1
B07t4.jpg,B07t4,K07t4,0
5l481.jpg,5l481,5f48N,0
ietvv.jpg,ietvv,1ehv9,0
o4912.jpg,o4912,vX912,0
U1Q41.jpg,U1Q41,vIO4l,0
PQCbq.jpg,PQCbq,POc5q,0
r8mc0.jpg,r8mc0,F8HcD,0
anoCX.jpg,anoCX,amoCX,0
O184d.jpg,O184d,G184d,0
SOSJ0.jpg,SOSJ0,Gk5J0,0
lFYY5.jpg,lFYY5,iEXT5,0
Y51JR.jpg,Y51JR,Y51MR,0
3gBnm.jpg,3gBnm,19Bhw,0
cQ95l.jpg,cQ95l,eY95l,0
4ss11.jpg,4ss11,uesTi,0
n3YQf.jpg,n3YQf,n3Y0f,0
s234v.jpg,s234v,c234v,0
y6d49.jpg,y6d49,y6d49,1
1WW4Q.jpg,1WW4Q,1W74p,0
I1VH0.jpg,I1VH0,r1VH0,0
E5V9X.jpg,E5V9X,E5V0X,0
dba9i.jpg,dba9i,dba4F,0
4JeG2.jpg,4JeG2,4VeG2,0
jLUyU.jpg,jLUyU,j20yu,0
1BKt5.jpg,1BKt5,1RKv5,0
mbpVd.jpg,mbpVd,mbpVd,1
500n5.jpg,500n5,SU0rb,0
5d2QW.jpg,5d2QW,5d2QM,0
HK3gJ.jpg,HK3gJ,EK3cJ,0
F0VGX.jpg,F0VGX,F0VGN,0
863Lt.jpg,863Lt,8o3vT,0
cbs75.jpg,cbs75,cbN75,0
K3xtG.jpg,K3xtG,K9xEG,0
Qd42D.jpg,Qd42D,CJ42D,0
hpv03.jpg,hpv03,hpvQ3,0
c23c9.jpg,c23c9,M23c9,0
qqVtA.jpg,qqVtA,uoVfA,0
ZJHr9.jpg,ZJHr9,ZJAi9,0
g6k7J.jpg,g6k7J,g6K7J,0
Ibsg1.jpg,Ibsg1,IMsg1,0
010D3.jpg,010D3,0LqD3,0
r8VB4.jpg,r8VB4,rtVBQ,0
24U3X.jpg,24U3X,24UmX,0
KkpH5.jpg,KkpH5,YxPH5,0
B1m4d.jpg,B1m4d,B1m4d,1
rUW3k.jpg,rUW3k,rRj3k,0
0030W.jpg,0030W,dC3UH,0
eKF2a.jpg,eKF2a,eKF2d,0
6JjJi.jpg,6JjJi,6Tj1Z,0
O21bg.jpg,O21bg,O2Yhy,0
n2z3n.jpg,n2z3n,A2z3w,0
58Q82.jpg,58Q82,58QH2,0
okci0.jpg,okci0,pXcIU,0
X4lBv.jpg,X4lBv,X4lBv,1
5UwMt.jpg,5UwMt,5UwMI,0
u2tTD.jpg,u2tTD,u2tWD,0
G5I0A.jpg,G5I0A,G5I0A,1
hoT0x.jpg,hoT0x,meT0x,0
7N1W0.jpg,7N1W0,7PiW0,0
AGmou.jpg,AGmou,Aq7Ou,0
3G2Qw.jpg,3G2Qw,3GPOw,0
91379.jpg,91379,9t57e,0
9kMBb.jpg,9kMBb,9kMBb,1
b452n.jpg,b452n,b452n,1
W5IrY.jpg,W5IrY,W5ErY,0
6Lno6.jpg,6Lno6,61n0b,0
e83tj.jpg,e83tj,e83tj,1
E9B3c.jpg,E9B3c,EVB3c,0
J3J1Z.jpg,J3J1Z,F3M1Z,0
92CTk.jpg,92CTk,92eTk,0
Wy09P.jpg,Wy09P,Wy09P,1
C07Xd.jpg,C07Xd,G07XJ,0
myiK6.jpg,myiK6,mV1K6,0
Rq5L7.jpg,Rq5L7,Ru5L7,0
cS354.jpg,cS354,cS354,1
5BO4R.jpg,5BO4R,5E01R,0
S97m2.jpg,S97m2,S97M2,0
036D0.jpg,036D0,Q36D0,0
UyS9D.jpg,UyS9D,UyK9D,0
337hR.jpg,337hR,s47MR,0
U8fuH.jpg,U8fuH,U8fuH,1
H5tcB.jpg,H5tcB,HntzB,0
P29k4.jpg,P29k4,P2Ok4,0
Mb9fD.jpg,Mb9fD,Mh91D,0
T2qRR.jpg,T2qRR,TJ7RG,0
EYDYN.jpg,EYDYN,E90JK,0
131Zc.jpg,131Zc,13MZc,0
r9kkC.jpg,r9kkC,r9MKC,0
gqha2.jpg,gqha2,d9haZ,0
6W92r.jpg,6W92r,dW92r,0
fYp89.jpg,fYp89,fVm89,0
R409w.jpg,R409w,P109M,0
IveZv.jpg,IveZv,1ue2v,0
cvu99.jpg,cvu99,cvn85,0
6AKmD.jpg,6AKmD,6AKyD,0
y4i1K.jpg,y4i1K,y4r1w,0
j6Lfs.jpg,j6Lfs,j6Vfg,0
OC73M.jpg,OC73M,oC73M,0
AxA5T.jpg,AxA5T,uwA51,0
2mp7H.jpg,2mp7H,2Gp7H,0
Tl88t.jpg,Tl88t,ThO8t,0
I5VAm.jpg,I5VAm,I5VAm,1
9070g.jpg,9070g,907ng,0
13mEC.jpg,13mEC,13mEO,0
JGqV6.jpg,JGqV6,MGqV6,0
7019e.jpg,7019e,7019a,0
2z4Pj.jpg,2z4Pj,M0VPr,0
Sf8a4.jpg,Sf8a4,S78M4,0
cZJAP.jpg,cZJAP,yz7AP,0
4E33o.jpg,4E33o,6EJ8o,0
tn5QY.jpg,tn5QY,fm5OY,0
HZSkw.jpg,HZSkw,H7Skw,0
uM2PS.jpg,uM2PS,uM2PS,1
sd0c0.jpg,sd0c0,sdTvO,0
0CZhk.jpg,0CZhk,0SZbk,0
6dVWw.jpg,6dVWw,6dVWz,0
zw2x3.jpg,zw2x3,kw2xy,0
wOROb.jpg,wOROb,yQR9b,0
8029i.jpg,8029i,80291,0
S6t82.jpg,S6t82,5GF82,0
8h3m3.jpg,8h3m3,8h4m3,0
9358c.jpg,9358c,y358c,0
B094G.jpg,B094G,B0b4G,0
57LiL.jpg,57LiL,57rTL,0
U6XRm.jpg,U6XRm,W6XRm,0
AItN7.jpg,AItN7,AJrN7,0
ng799.jpg,ng799,rg7G5,0
gYr5O.jpg,gYr5O,gYm5O,0
0SK90.jpg,0SK90,aSk7o,0
MV4C2.jpg,MV4C2,MV4n2,0
XM2po.jpg,XM2po,XM7pC,0
2K8Ru.jpg,2K8Ru,2N6Ru,0
954Uo.jpg,954Uo,95AUe,0
vn43I.jpg,vn43I,Va42I,0
O8sED.jpg,O8sED,O8fqd,0
HA3c5.jpg,HA3c5,HPac5,0
L82D2.jpg,L82D2,L82Dc,0
lBkBD.jpg,lBkBD,IEkR0,0
q60iU.jpg,q60iU,g60IH,0
7iFv4.jpg,7iFv4,7iPv4,0
49w0d.jpg,49w0d,49w0d,1
AI44V.jpg,AI44V,aI4SV,0
3Q7xx.jpg,3Q7xx,MQ7sv,0
a342G.jpg,a342G,a3426,0
ZZWVf.jpg,ZZWVf,ZsWVf,0
895id.jpg,895id,89Wld,0
2neKy.jpg,2neKy,2ueKy,0
EpF8n.jpg,EpF8n,Ep48n,0
bTJVN.jpg,bTJVN,bT2VM,0
Aj6Di.jpg,Aj6Di,AJ6Ds,0
Z9D87.jpg,Z9D87,Z9D81,0
j33Ko.jpg,j33Ko,f32K0,0
qYkQ9.jpg,qYkQ9,gYkC9,0
0Fe1K.jpg,0Fe1K,0Fe1H,0
F2r2r.jpg,F2r2r,F3r2U,0
A82fg.jpg,A82fg,A82rg,0
ja9dI.jpg,ja9dI,ja9dW,0
7014B.jpg,7014B,7o54B,0
9hmRb.jpg,9hmRb,9hyRE,0
l57GD.jpg,l57GD,I576D,0
g019D.jpg,g019D,u0zVD,0
u3Lml.jpg,u3Lml,u3LmY,0
bmp4R.jpg,bmp4R,bmp4N,0
W0m3h.jpg,W0m3h,W0mzh,0
mkbPA.jpg,mkbPA,mxbPA,0
We0E0.jpg,We0E0,We07b,0
q6n87.jpg,q6n87,q6wf7,0
2pM61.jpg,2pM61,2pM61,1
ErWo5.jpg,ErWo5,ErVQ5,0
4Cp0D.jpg,4Cp0D,4Cp0D,1
Z55CN.jpg,Z55CN,7a5cN,0
MCM2H.jpg,MCM2H,DvMzH,0
x56M4.jpg,x56M4,x5GM4,0
8AJ82.jpg,8AJ82,eKJo7,0
ig256.jpg,ig256,ig2Y6,0
m363O.jpg,m363O,ng63O,0
Mo7yv.jpg,Mo7yv,Mo7yC,0
I3blS.jpg,I3blS,13MlS,0
LA5z9.jpg,LA5z9,LAsrh,0
s0wn6.jpg,s0wn6,s0wf6,0
s1VTF.jpg,s1VTF,s1eWF,0
KZu60.jpg,KZu60,KZu60,1
096w0.jpg,096w0,OP6XJ,0
UmpGk.jpg,UmpGk,UmpCk,0
zxQw7.jpg,zxQw7,zxCw7,0
8nW0d.jpg,8nW0d,8ZWJd,0
JU1QW.jpg,JU1QW,JUrQW,0
8k84K.jpg,8k84K,9kDJK,0
SMg8c.jpg,SMg8c,5HJ8C,0
aIm4G.jpg,aIm4G,aIm4C,0
ljiHV.jpg,ljiHV,IjoHV,0
7Gb53.jpg,7Gb53,76b5M,0
ujcpu.jpg,ujcpu,ujcp3,0
r76SB.jpg,r76SB,r7eSH,0
8SeOh.jpg,8SeOh,8feOh,0
aAzPl.jpg,aAzPl,aAZP1,0
9cXgR.jpg,9cXgR,PcXgw,0
0ko6l.jpg,0ko6l,9Ke61,0
3691y.jpg,3691y,3691y,1
gsH70.jpg,gsH70,gsH70,1
m0ud1.jpg,m0ud1,m0ud1,1
FZftq.jpg,FZftq,FZJWa,0
Dwwx5.jpg,Dwwx5,Dhwx5,0
4Gzbs.jpg,4Gzbs,4Czbs,0
ug321.jpg,ug321,Ug321,0
B3cLb.jpg,B3cLb,H3cLb,0
9HpiY.jpg,9HpiY,9HPIV,0
kD2AG.jpg,kD2AG,hV2AC,0
61V4m.jpg,61V4m,61V4m,1
yBplx.jpg,yBplx,yBpCX,0
4G328.jpg,4G328,4GJ28,0
L4ubq.jpg,L4ubq,t4ubg,0
5X46m.jpg,5X46m,5X46m,1
22n9m.jpg,22n9m,Zankm,0
740VD.jpg,740VD,7M0Yu,0
VJ2Ua.jpg,VJ2Ua,Yj2Ua,0
Lk4MG.jpg,Lk4MG,Lk4My,0
E4afU.jpg,E4afU,E4afO,0
j075j.jpg,j075j,p075j,0
6visl.jpg,6visl,6w7sF,0
ISEZM.jpg,ISEZM,ySEZM,0
zU0mT.jpg,zU0mT,zU0mT,1
t43xV.jpg,t43xV,tA3xV,0
TY740.jpg,TY740,TY740,1
oa7Ft.jpg,oa7Ft,oa7FG,0
M3g36.jpg,M3g36,R2g36,0
EaU5m.jpg,EaU5m,EAH5m,0
5iQhL.jpg,5iQhL,9rOhL,0
bU44s.jpg,bU44s,bUAJg,0
geFu9.jpg,geFu9,geFu9,1
3kksY.jpg,3kksY,3E6sY,0
LS87X.jpg,LS87X,L5a7X,0
EpG0R.jpg,EpG0R,EjC0R,0
rCcC1.jpg,rCcC1,rOBE1,0
oB23v.jpg,oB23v,eB2Nv,0
iT0ON.jpg,iT0ON,i45wN,0
bR305.jpg,bR305,7R305,0
394Jn.jpg,394Jn,3Q4Jn,0
sp7Rh.jpg,sp7Rh,sr7Rb,0
FMK6e.jpg,FMK6e,FMK6u,0
M2s3P.jpg,M2s3P,M2s3P,1
pzH25.jpg,pzH25,pzH25,1
bV163.jpg,bV163,bV163,1
8JMDX.jpg,8JMDX,8JMDX,1
hMCGd.jpg,hMCGd,bME04,0
OkNXU.jpg,OkNXU,OkNXU,1
9J8KN.jpg,9J8KN,9J8KN,1
Df0Hv.jpg,Df0Hv,DfoHV,0
9ZGOC.jpg,9ZGOC,9Z6hf,0
3m1pP.jpg,3m1pP,Sm1eP,0
sh2Vr.jpg,sh2Vr,sh2Vr,1
9VmyE.jpg,9VmyE,9VAyE,0
PH3yj.jpg,PH3yj,DH3vj,0
lXi8F.jpg,lXi8F,lXC3F,0
hZyP7.jpg,hZyP7,bZYE1,0
lV9F6.jpg,lV9F6,fVoF6,0
M5MOY.jpg,M5MOY,z5N0Y,0
x4S9E.jpg,x4S9E,x6SM1,0
Cl9nV.jpg,Cl9nV,CI9nV,0
Uy55E.jpg,Uy55E,Ay25E,0
FQRH8.jpg,FQRH8,z0RH8,0
7vw79.jpg,7vw79,7vAT9,0
79LT0.jpg,79LT0,Z9KTn,0
pQrus.jpg,pQrus,pQ7K4,0
24aXz.jpg,24aXz,24oXz,0
cwkZr.jpg,cwkZr,oWKZr,0
sTkP0.jpg,sTkP0,sTK20,0
fJr9A.jpg,fJr9A,fJn9A,0
7PAX0.jpg,7PAX0,7PAX0,1
7f4un.jpg,7f4un,7k4un,0
E6P25.jpg,E6P25,E6P25,1
o152i.jpg,o152i,o152r,0
c5k3p.jpg,c5k3p,C5K3P,0
0I05e.jpg,0I05e,0iU5c,0
U6GpV.jpg,U6GpV,xeSpT,0
4e24K.jpg,4e24K,4c2AH,0
rWIOY.jpg,rWIOY,rWL0y,0
4012b.jpg,4012b,401Rb,0
3opxZ.jpg,3opxZ,9HpxZ,0
YsIXe.jpg,YsIXe,YSlXe,0
RTr25.jpg,RTr25,RTr25,1
clep3.jpg,clep3,cIUp3,0
VGKjm.jpg,VGKjm,VsKjm,0
33ZZi.jpg,33ZZi,3SXZi,0
89zLC.jpg,89zLC,89zLG,0
62QV2.jpg,62QV2,52OMl,0
Hep8v.jpg,Hep8v,HsP8y,0
SC11W.jpg,SC11W,SCj1Y,0
U06L7.jpg,U06L7,H06n7,0
IGT83.jpg,IGT83,lCT8J,0
Csr1Y.jpg,Csr1Y,C3r1V,0
aZsSR.jpg,aZsSR,qZsSR,0
W0LA1.jpg,W0LA1,W0LA1,1
TE7hG.jpg,TE7hG,TEzhG,0
gMwEM.jpg,gMwEM,gJwEM,0
V1Atq.jpg,V1Atq,VTAtq,0
8vtad.jpg,8vtad,8WIaJ,0
aA3Z4.jpg,aA3Z4,aA3L4,0
98iRV.jpg,98iRV,98iAV,0
D6eK7.jpg,D6eK7,D6oK7,0
Z9gPB.jpg,Z9gPB,Z9gnB,0
b10W6.jpg,b10W6,b10W6,1
eM40r.jpg,eM40r,eMj0r,0
9a5Vw.jpg,9a5Vw,9a5Vw,1
SNJ46.jpg,SNJ46,SNI46,0
w5Dl3.jpg,w5Dl3,w5Dl3,1
72Tpr.jpg,72Tpr,72Tor,0
Y7c7z.jpg,Y7c7z,YFQ7z,0
r7HXE.jpg,r7HXE,r7MyE,0
02Dfk.jpg,02Dfk,u2Dfk,0
kD0Td.jpg,kD0Td,KD0Td,0
9u1WA.jpg,9u1WA,9ajWA,0
n8kv4.jpg,n8kv4,m8KV4,0
l6mDA.jpg,l6mDA,YSmDA,0
W18l5.jpg,W18l5,W1Qf5,0
k8Jst.jpg,k8Jst,kBJst,0
r7366.jpg,r7366,r73U6,0
31Y29.jpg,31Y29,31629,0
hT0Y0.jpg,hT0Y0,hr2Yo,0
jsH90.jpg,jsH90,fsH90,0
38WkD.jpg,38WkD,38WCD,0
kXwxW.jpg,kXwxW,kX0xW,0
OuTch.jpg,OuTch,Ou7cH,0
81W54.jpg,81W54,R1W54,0
63y09.jpg,63y09,B3709,0
84hoY.jpg,84hoY,84hcT,0
53V12.jpg,53V12,q3U1Z,0
5hU56.jpg,5hU56,EAM56,0
7y31u.jpg,7y31u,7yQTu,0
UsI9r.jpg,UsI9r,UsI9r,1
Skrju.jpg,Skrju,5KCju,0
5Lkt8.jpg,5Lkt8,5LKtw,0
Z5Z3b.jpg,Z5Z3b,Z9K3b,0
krwFp.jpg,krwFp,KrwEp,0
EuoG5.jpg,EuoG5,LuoG5,0
XSeyI.jpg,XSeyI,XShyI,0
z721b.jpg,z721b,z721b,1
Ma1Xf.jpg,Ma1Xf,MayXt,0
3ypNS.jpg,3ypNS,3ypNV,0
DRj52.jpg,DRj52,Dcy52,0
Q2M9T.jpg,Q2M9T,C2M9I,0
97X9J.jpg,97X9J,S1KGJ,0
dt72T.jpg,dt72T,dt72T,1
wB14l.jpg,wB14l,wpf4l,0
aFf90.jpg,aFf90,aFx90,0
R71Y1.jpg,R71Y1,R71YJ,0
FOd21.jpg,FOd21,EOe21,0
55B0y.jpg,55B0y,S2B0Y,0
XzrzS.jpg,XzrzS,Xdr7s,0
N6GAc.jpg,N6GAc,H5GAe,0
2H0C9.jpg,2H0C9,2H1C9,0
HyRpP.jpg,HyRpP,MVRe2,0
uPyUJ.jpg,uPyUJ,uPyUA,0
GpHQA.jpg,GpHQA,GpfQA,0
904vO.jpg,904vO,561MO,0
4B28A.jpg,4B28A,4EY8A,0
1zjQN.jpg,1zjQN,1clO4,0
Oh90G.jpg,Oh90G,7h90G,0
vy3eS.jpg,vy3eS,vHaeS,0
fc2o8.jpg,fc2o8,fC2M8,0
OTW7Z.jpg,OTW7Z,0TH72,0
9o7O3.jpg,9o7O3,9c7B3,0
LyfW2.jpg,LyfW2,LyfW2,1
U5G7u.jpg,U5G7u,U5G7k,0
3DJGq.jpg,3DJGq,3DJ6e,0
RUvoo.jpg,RUvoo,KUv09,0
i4d8s.jpg,i4d8s,i4d9s,0
r7mf1.jpg,r7mf1,r7mf4,0
LZ6ak.jpg,LZ6ak,LZ6ak,1
bZPFf.jpg,bZPFf,aZpFf,0
0P6jb.jpg,0P6jb,0P6jL,0
IYwtN.jpg,IYwtN,jVw0K,0
B0Q70.jpg,B0Q70,BNQ10,0
Pm9c5.jpg,Pm9c5,Pm9C5,0
8MfLq.jpg,8MfLq,8MfLq,1
lEMU4.jpg,lEMU4,j5MU4,0
9C3B0.jpg,9C3B0,9CzBA,0
651Ok.jpg,651Ok,651OM,0
LQU2x.jpg,LQU2x,LOH2X,0
TeRLo.jpg,TeRLo,TcRLo,0
5s0aC.jpg,5s0aC,Ix0ak,0
bOrNQ.jpg,bOrNQ,borMQ,0
o0tJI.jpg,o0tJI,e9EJl,0
78AAB.jpg,78AAB,78AKE,0
HF7oz.jpg,HF7oz,HFY0z,0
1E65f.jpg,1E65f,1E65f,1
OYevb.jpg,OYevb,OYcvb,0
O3My1.jpg,O3My1,03Mx1,0
OOeML.jpg,OOeML,OPeHL,0
Fk1Ye.jpg,Fk1Ye,FAvYe,0
DxSew.jpg,DxSew,D16ew,0
VxWz8.jpg,VxWz8,vxWr8,0
qvY3I.jpg,qvY3I,evM81,0
QPtJm.jpg,QPtJm,0Pt3m,0
cBU98.jpg,cBU98,cBU98,1
zx94j.jpg,zx94j,eX94I,0
OucWW.jpg,OucWW,OueTW,0
Kk4ED.jpg,Kk4ED,KM47b,0
iWWaj.jpg,iWWaj,rW0aJ,0
0m037.jpg,0m037,0me37,0
X03DR.jpg,X03DR,XC3bR,0
URVhJ.jpg,URVhJ,URVh4,0
CC88K.jpg,CC88K,Q087K,0
cXvIO.jpg,cXvIO,cXwI0,0
vVBb4.jpg,vVBb4,yVB51,0
MFOk8.jpg,MFOk8,HF0k3,0
8jXE2.jpg,8jXE2,gjXFz,0
b8G86.jpg,b8G86,DdC26,0
3pPYa.jpg,3pPYa,3rRYa,0
46bU6.jpg,46bU6,4epUo,0
HuCg3.jpg,HuCg3,HuCg3,1
qkOzL.jpg,qkOzL,qkQzE,0
adu6E.jpg,adu6E,advGE,0
A7R7m.jpg,A7R7m,A3E7m,0
M793s.jpg,M793s,H79Js,0
n9O3H.jpg,n9O3H,n9C3H,0
1Fqvx.jpg,1Fqvx,1Mavx,0
w3e6w.jpg,w3e6w,y3c6U,0
Ym616.jpg,Ym616,Ym618,0
TQ8NI.jpg,TQ8NI,TO8NL,0
SL95l.jpg,SL95l,SL05j,0
7Gg0z.jpg,7Gg0z,7Gg0z,1
ixZ8b.jpg,ixZ8b,iVZ8b,0
1Yo2V.jpg,1Yo2V,1woZV,0
N9oG1.jpg,N9oG1,N9JG1,0
jYtv2.jpg,jYtv2,jYtv2,1
3IXSU.jpg,3IXSU,3yK5U,0
45uj4.jpg,45uj4,45ujM,0
rvfAB.jpg,rvfAB,mvfAB,0
i3hng.jpg,i3hng,1Ghpg,0
70e1R.jpg,70e1R,76atw,0
ncamM.jpg,ncamM,ncqUM,0
4X6zT.jpg,4X6zT,4X6zF,0
KE34s.jpg,KE34s,KES4w,0
kPz4W.jpg,kPz4W,RJz4m,0
AX7RS.jpg,AX7RS,AX7RS,1
ldIPU.jpg,ldIPU,XoIPU,0
cObSB.jpg,cObSB,cObxB,0
1fdob.jpg,1fdob,1ydob,0
zH1kN.jpg,zH1kN,zE7kM,0
2eyNz.jpg,2eyNz,2eIMz,0
5zI4B.jpg,5zI4B,5zI4B,1
a8mRB.jpg,a8mRB,a8mEY,0
qQ71T.jpg,qQ71T,gO7kT,0
565b3.jpg,565b3,GV9b3,0
pQiXc.jpg,pQiXc,pQ1Xc,0
ambag.jpg,ambag,7mbag,0
t8uN8.jpg,t8uN8,7BuN8,0
9Ae1V.jpg,9Ae1V,9Ac1V,0
ZwZbq.jpg,ZwZbq,2w7Dq,0
Jtopl.jpg,Jtopl,JtwpI,0
9VS02.jpg,9VS02,9VSF2,0
6V0FK.jpg,6V0FK,6VaFK,0
4qCC0.jpg,4qCC0,4qkC0,0
BIaF3.jpg,BIaF3,BimF3,0
2Krqv.jpg,2Krqv,2Kfqv,0
O0JnE.jpg,O0JnE,D0JmE,0
4382Q.jpg,4382Q,4J8PO,0
33J1X.jpg,33J1X,D3j1X,0
16vF5.jpg,16vF5,T6vr5,0
WE8Rq.jpg,WE8Rq,UE3Ra,0
5CFax.jpg,5CFax,5CFaX,0
inMZI.jpg,inMZI,tnMZj,0
3b7z9.jpg,3b7z9,3b7w9,0
k9W5g.jpg,k9W5g,k9W5n,0
Den1D.jpg,Den1D,Dfs1H,0
hSuRH.jpg,hSuRH,h5uRW,0
OXc2y.jpg,OXc2y,OXc2f,0
h2700.jpg,h2700,H21U9,0
F7LvO.jpg,F7LvO,E7LvO,0
12vY3.jpg,12vY3,12wY3,0
NqmqY.jpg,NqmqY,Na2qY,0
3oN26.jpg,3oN26,fcN26,0
5O9c1.jpg,5O9c1,5O9c1,1
333Fj.jpg,333Fj,308Ej,0
t7cYp.jpg,t7cYp,I7cVP,0
cutBu.jpg,cutBu,cXI8u,0
F8t5Q.jpg,F8t5Q,F8t50,0
1DYwg.jpg,1DYwg,1D7wg,0
TM6Jk.jpg,TM6Jk,IH6Jk,0
0D9C5.jpg,0D9C5,0F9C2,0
jhoU3.jpg,jhoU3,ibeU3,0
8ye07.jpg,8ye07,8yp0t,0
a1FLc.jpg,a1FLc,n1FDZ,0
ROng4.jpg,ROng4,ROhg4,0
U27qN.jpg,U27qN,U2FQN,0
ZpQPV.jpg,ZpQPV,ZnOPV,0
o62Tl.jpg,o62Tl,o62Th,0
lWXGh.jpg,lWXGh,iWxGh,0
9UA3l.jpg,9UA3l,wbA3l,0
Vj0xS.jpg,Vj0xS,V10XS,0
2dMA3.jpg,2dMA3,26MA3,0
VSz3O.jpg,VSz3O,VUZ31,0
WIBl2.jpg,WIBl2,VFBL2,0
C0f7n.jpg,C0f7n,C0f7m,0
qqI9H.jpg,qqI9H,v419H,0
vgIdS.jpg,vgIdS,v0Hds,0
lFARF.jpg,lFARF,LF4BZ,0
6sH7B.jpg,6sH7B,6eW7B,0
a63xS.jpg,a63xS,a63xS,1
CqV0K.jpg,CqV0K,CgV0K,0
y0v69.jpg,y0v69,10vb9,0
6CPmV.jpg,6CPmV,5CFhV,0
w2QNK.jpg,w2QNK,w20NK,0
l5shK.jpg,l5shK,15smK,0
00rxE.jpg,00rxE,0CrXE,0
tVZv6.jpg,tVZv6,TV2y5,0
AKxbj.jpg,AKxbj,4Kxbj,0
mESj7.jpg,mESj7,mESj7,1
n8r5F.jpg,n8r5F,m8zbF,0
3VTrt.jpg,3VTrt,3VTmt,0
7CbH7.jpg,7CbH7,TCwH7,0
J37jx.jpg,J37jx,637jx,0
r0vH3.jpg,r0vH3,r0vH8,0
Bra68.jpg,Bra68,Bra68,1
6833r.jpg,6833r,6B3Tr,0
mh637.jpg,mh637,ehw3F,0
VDen1.jpg,VDen1,YdCni,0
eG462.jpg,eG462,eO462,0
ME32I.jpg,ME32I,ME32I,1
zbZ06.jpg,zbZ06,xbZU6,0
dUODk.jpg,dUODk,4UCDK,0
C3M8q.jpg,C3M8q,C3M4q,0
kuiwu.jpg,kuiwu,kpiWJ,0
6vBTU.jpg,6vBTU,6vR1U,0
ysRy6.jpg,ysRy6,YsA76,0
tWr1y.jpg,tWr1y,tWp5y,0
p6fA2.jpg,p6fA2,p6VA2,0
jSfZy.jpg,jSfZy,jSMZy,0
gY4uf.jpg,gY4uf,gY4Uf,0
oB2Q4.jpg,oB2Q4,oB2C4,0
Tz7H8.jpg,Tz7H8,Vz7H6,0
xf2kz.jpg,xf2kz,xj2kz,0
ooNR2.jpg,ooNR2,yoMR2,0
ybivB.jpg,ybivB,4btvP,0
82927.jpg,82927,8zuP7,0
V7YX1.jpg,V7YX1,V7M2f,0
L6jXH.jpg,L6jXH,L0JXH,0
s2pqW.jpg,s2pqW,s2paV,0
Hc14q.jpg,Hc14q,Hc74d,0
NnT2c.jpg,NnT2c,NnT3c,0
6P47l.jpg,6P47l,uP47I,0
QhvdD.jpg,QhvdD,QhvjD,0
mL8wI.jpg,mL8wI,hL8ZM,0
96NM7.jpg,96NM7,96Nw7,0
31RNV.jpg,31RNV,31RcV,0
jXLNI.jpg,jXLNI,JX9NI,0
A7gT3.jpg,A7gT3,A7gE3,0
4slJ4.jpg,4slJ4,6slJ0,0
C9jv6.jpg,C9jv6,C9jv6,1
vFdht.jpg,vFdht,vFdHt,0
eZBq9.jpg,eZBq9,e7BV9,0
u9se5.jpg,u9se5,u9se5,1
N3cb0.jpg,N3cb0,A3cb0,0
Pgnk7.jpg,Pgnk7,Pgak7,0
zQ028.jpg,zQ028,rqD28,0
N74sU.jpg,N74sU,N24sU,0
97ov5.jpg,97ov5,97cV5,0
a9ROr.jpg,a9ROr,a9ROr,1
zK3aT.jpg,zK3aT,zK3a0,0
esiAE.jpg,esiAE,osjAE,0
c7A02.jpg,c7A02,s7A02,0
qpoQF.jpg,qpoQF,cpHQF,0
FeHVH.jpg,FeHVH,Fe1VA,0
n5iIK.jpg,n5iIK,n5lTK,0
qyCFn.jpg,qyCFn,qyCFA,0
IFlc8.jpg,IFlc8,JFiQ8,0
k3uFy.jpg,k3uFy,k3uCy,0
x46H1.jpg,x46H1,x45H1,0
P9iWk.jpg,P9iWk,P91Uk,0
R650x.jpg,R650x,R6501,0
SUA97.jpg,SUA97,RUA97,0
N4S19.jpg,N4S19,N4SI9,0
rrCm6.jpg,rrCm6,vrQm6,0
vcBj7.jpg,vcBj7,VcBj7,0
S3ssU.jpg,S3ssU,o3swL,0
vN75J.jpg,vN75J,vN75J,1
3d6cZ.jpg,3d6cZ,3dGpZ,0
vOm78.jpg,vOm78,vOH78,0
Dsk73.jpg,Dsk73,DsK73,0
47oT6.jpg,47oT6,x7oT6,0
RYEn5.jpg,RYEn5,RYEm5,0
L35Y6.jpg,L35Y6,L3570,0
9Rv0R.jpg,9Rv0R,9Pw0k,0
na0L4.jpg,na0L4,Ya0L4,0
9228l.jpg,9228l,9zP61,0
NTYLq.jpg,NTYLq,N7YLq,0
fWz92.jpg,fWz92,fWg92,0
Zg9V7.jpg,Zg9V7,Zg9V7,1
0f8E1.jpg,0f8E1,0f8M1,0
XdqX9.jpg,XdqX9,YsqX9,0
2no0d.jpg,2no0d,2mofd,0
z4iYk.jpg,z4iYk,z4fYk,0
JKMr9.jpg,JKMr9,JKMt9,0
Nb7Zs.jpg,Nb7Zs,H61Zs,0
r65Hc.jpg,r65Hc,xM8e7,0
XFlBb.jpg,XFlBb,xFlBb,0
4P77k.jpg,4P77k,4e7JK,0
v2htc.jpg,v2htc,v2htc,1
rGoPn.jpg,rGoPn,rCoPh,0
J8X6H.jpg,J8X6H,J8X6H,1
aEF1a.jpg,aEF1a,ocW1a,0
a4w73.jpg,a4w73,e4w73,0
i1782.jpg,i1782,L17K2,0
zSzR8.jpg,zSzR8,zS1RY,0
s6929.jpg,s6929,1692S,0
ZG58z.jpg,ZG58z,ZC58a,0
3RS38.jpg,3RS38,3RSj6,0
3GjLz.jpg,3GjLz,3CjLz,0
9j36s.jpg,9j36s,mj36s,0
VB19O.jpg,VB19O,Vm19O,0
Xpy6f.jpg,Xpy6f,Xpw6I,0
b89jN.jpg,b89jN,b891M,0
W3NpW.jpg,W3NpW,w3MF7,0
hG8X4.jpg,hG8X4,bC8X1,0
N20DT.jpg,N20DT,Nk0DT,0
163ZL.jpg,163ZL,T63ZM,0
dLeY5.jpg,dLeY5,dLeY5,1
Q35BL.jpg,Q35BL,Q328I,0
8w57Y.jpg,8w57Y,8w5lY,0
ogvk6.jpg,ogvk6,dg7k6,0
KjI5H.jpg,KjI5H,KOI5H,0
lcbBS.jpg,lcbBS,IeCB5,0
1yDwm.jpg,1yDwm,1YDwm,0
DOkj6.jpg,DOkj6,Dakj6,0
n4Z6b.jpg,n4Z6b,n476k,0
ITKnX.jpg,ITKnX,lTKn5,0
nrdJ7.jpg,nrdJ7,nfdH7,0
Is7Pu.jpg,Is7Pu,ls7Pu,0
D1789.jpg,D1789,D1qf9,0
Mge42.jpg,Mge42,Mge42,1
JZZ2r.jpg,JZZ2r,JXZ2r,0
abhJG.jpg,abhJG,aBhvM,0
EnT6m.jpg,EnT6m,LnT6w,0
dMTg0.jpg,dMTg0,dMTj0,0
E2093.jpg,E2093,EP09s,0
8K0zb.jpg,8K0zb,EK0zb,0
WUiuI.jpg,WUiuI,XUcul,0
2g1Ll.jpg,2g1Ll,2g1cS,0
CN3BM.jpg,CN3BM,CNZpM,0
99Jf9.jpg,99Jf9,92JEG,0
Hx85g.jpg,Hx85g,Hx85e,0
zb1w6.jpg,zb1w6,zb1w6,1
0aQ85.jpg,0aQ85,1aO85,0
i3MSh.jpg,i3MSh,i3MSE,0
Z4r54.jpg,Z4r54,Zyc56,0
8SuRH.jpg,8SuRH,8SuRl,0
ahD7k.jpg,ahD7k,ahD78,0
Aqe48.jpg,Aqe48,A7eR8,0
WDGbb.jpg,WDGbb,2VGbj,0
8789J.jpg,8789J,h789J,0
d4h85.jpg,d4h85,d7h8Q,0
n15Gq.jpg,n15Gq,nl56q,0
7f8Y7.jpg,7f8Y7,Tf8V7,0
B0QTv.jpg,B0QTv,B0Q1v,0
SmhrS.jpg,SmhrS,ZmhtS,0
xcqTr.jpg,xcqTr,Xcqtr,0
NC893.jpg,NC893,AC893,0
d25JX.jpg,d25JX,r25JX,0
5hN6z.jpg,5hN6z,5uN6Z,0
CgjB1.jpg,CgjB1,CglBY,0
ub2xt.jpg,ub2xt,xb27t,0
Wm90V.jpg,Wm90V,lm30V,0
6kS4y.jpg,6kS4y,6LS4Y,0
U3x3n.jpg,U3x3n,U3xCn,0
y3VQM.jpg,y3VQM,y3V0M,0
0rB84.jpg,0rB84,0rBg4,0
05Ssx.jpg,05Ssx,0FSsX,0
DYpGC.jpg,DYpGC,DVpGc,0
PIbsX.jpg,PIbsX,PI6xX,0
Bt57a.jpg,Bt57a,Ht57a,0
fz8jV.jpg,fz8jV,Cz8jV,0
0nROx.jpg,0nROx,VnRQX,0
ygV5l.jpg,ygV5l,xgV5I,0
qrp3R.jpg,qrp3R,Mrp3R,0
2eyYE.jpg,2eyYE,ZeyYE,0
tC4h3.jpg,tC4h3,tC4b3,0
n6Kwu.jpg,n6Kwu,n5KwL,0
6pam5.jpg,6pam5,6lum5,0
6w65x.jpg,6w65x,lV65x,0
00Yq6.jpg,00Yq6,02Yq5,0
w3p83.jpg,w3p83,W5F81,0
LUK1b.jpg,LUK1b,LUK1b,1
hL703.jpg,hL703,hi703,0
3p067.jpg,3p067,3F061,0
I19tu.jpg,I19tu,IT9cu,0
00Pyb.jpg,00Pyb,DQPub,0
Cv4Ja.jpg,Cv4Ja,Cv4Jn,0
C20R3.jpg,C20R3,C20K5,0
4vcY6.jpg,4vcY6,4LcY6,0
9O971.jpg,9O971,MO971,0
Ycd57.jpg,Ycd57,Yrd57,0
0tAyo.jpg,0tAyo,otAyu,0
5ZivV.jpg,5ZivV,5ZipV,0
6U0A5.jpg,6U0A5,6U0A5,1
Uf96z.jpg,Uf96z,Uf96z,1
sFI7k.jpg,sFI7k,sFj7k,0
si360.jpg,si360,sI36Q,0
210zg.jpg,210zg,21Ozg,0
32WUb.jpg,32WUb,9AWUr,0
O4jh6.jpg,O4jh6,O4jh6,1
Hhejh.jpg,Hhejh,Unefb,0
tf58n.jpg,tf58n,Uf52n,0
QboNd.jpg,QboNd,QbyNd,0
I6Keo.jpg,I6Keo,16Kao,0
3P9iW.jpg,3P9iW,3C01h,0
Xn3iV.jpg,Xn3iV,Xn3iV,1
HPpku.jpg,HPpku,MPpku,0
C2Lm3.jpg,C2Lm3,C2fm3,0
8b0M1.jpg,8b0M1,8b0A1,0
0tz8V.jpg,0tz8V,0i48V,0
OhPb2.jpg,OhPb2,04Fp2,0
C8yjX.jpg,C8yjX,G8zlX,0
pt84H.jpg,pt84H,yt24H,0
Q9iWY.jpg,Q9iWY,C9IWY,0
23SH7.jpg,23SH7,2YSN7,0
766yi.jpg,766yi,76Uyi,0
38N2o.jpg,38N2o,J8H20,0
00Npi.jpg,00Npi,0bHPi,0
tvZ86.jpg,tvZ86,IvZP6,0
4hNO6.jpg,4hNO6,4h7Q6,0
tfR15.jpg,tfR15,UfR15,0
7FOay.jpg,7FOay,7FOgy,0
NVxrr.jpg,NVxrr,AVXLo,0
0lv5j.jpg,0lv5j,0IV5Z,0
t481n.jpg,t481n,E481m,0
2wWqv.jpg,2wWqv,2wWdv,0
786z6.jpg,786z6,73wzd,0
gqW6B.jpg,gqW6B,ToW6B,0
CMJhE.jpg,CMJhE,9MJhE,0
H2iXF.jpg,H2iXF,H2iXF,1
5iv4X.jpg,5iv4X,5IV4X,0
Ih0Dm.jpg,Ih0Dm,Ih0Dm,1
z7k3m.jpg,z7k3m,z7k3m,1
O3ml1.jpg,O3ml1,O3mk4,0
OZ5Va.jpg,OZ5Va,CZ5Vn,0
ZXB8L.jpg,ZXB8L,b5w8V,0
QbMth.jpg,QbMth,OpHfh,0
YYgE6.jpg,YYgE6,YHGc6,0
ir8PE.jpg,ir8PE,iqsPE,0
0yhoT.jpg,0yhoT,Cy7o2,0
ZInA2.jpg,ZInA2,7ImA2,0
N5U5i.jpg,N5U5i,MS021,0
0PQ63.jpg,0PQ63,nFQ63,0
pez92.jpg,pez92,Pex92,0
8ZudI.jpg,8ZudI,XZOdI,0
Tzugg.jpg,Tzugg,TzugN,0
YMC0N.jpg,YMC0N,Ysc0N,0
zFC9H.jpg,zFC9H,zFC9H,1
121kC.jpg,121kC,12TbC,0
nslAP.jpg,nslAP,nsIAR,0
q81cR.jpg,q81cR,q81CA,0
i0846.jpg,i0846,70846,0
YUX1K.jpg,YUX1K,YzX1K,0
7j0Mz.jpg,7j0Mz,7F0Mz,0
95Bpk.jpg,95Bpk,95Unk,0
WZS58.jpg,WZS58,WZSj8,0
1bOY7.jpg,1bOY7,1bOX7,0
mWhM2.jpg,mWhM2,mWbC2,0
3Fr4k.jpg,3Fr4k,3F24k,0
i7V78.jpg,i7V78,inV78,0
H8PEO.jpg,H8PEO,H8PFQ,0
8wY6c.jpg,8wY6c,HwY6c,0
iU1Ui.jpg,iU1Ui,5Utw1,0
E6Wa9.jpg,E6Wa9,PGWa9,0
9xx7X.jpg,9xx7X,0wk1M,0
Q925H.jpg,Q925H,Q9z5H,0
0OHxn.jpg,0OHxn,9CHZn,0
Kc524.jpg,Kc524,Kc524,1
NTbm4.jpg,NTbm4,N7bu4,0
ko4B3.jpg,ko4B3,ko4B3,1
YbbQm.jpg,YbbQm,YblGr,0
Myhnz.jpg,Myhnz,Mjhu9,0
C7Ck0.jpg,C7Ck0,C7ck0,0
0KOCq.jpg,0KOCq,0KQfg,0
0D20b.jpg,0D20b,wD20b,0
yzl37.jpg,yzl37,yGl37,0
QV5E0.jpg,QV5E0,QH5E8,0
26B0J.jpg,26B0J,Z6EmJ,0
wqR19.jpg,wqR19,wdR19,0
5X3Dr.jpg,5X3Dr,5X3Dr,1
hZ288.jpg,hZ288,KL28o,0
VCi8E.jpg,VCi8E,UCi8E,0
4uZD3.jpg,4uZD3,4u7D3,0
yGA80.jpg,yGA80,VGA80,0
1kvWd.jpg,1kvWd,1EvWd,0
mZC61.jpg,mZC61,mZy61,0
SS9Bq.jpg,SS9Bq,352Rq,0
BA72Q.jpg,BA72Q,BA72O,0
36exH.jpg,36exH,35cxH,0
44so7.jpg,44so7,4bCoA,0
cB5zZ.jpg,cB5zZ,0B5zZ,0
kb17u.jpg,kb17u,Kb17u,0
x2evZ.jpg,x2evZ,52evZ,0
TzLgr.jpg,TzLgr,YzLgr,0
dvA60.jpg,dvA60,dVA69,0
O3xxm.jpg,O3xxm,03kLh,0
e1GgZ.jpg,e1GgZ,r16qZ,0
4liXk.jpg,4liXk,4ivXk,0
iQHkz.jpg,iQHkz,10Hkz,0
wF3j1.jpg,wF3j1,wF3jt,0
Nol07.jpg,Nol07,N3iO7,0
b9O2T.jpg,b9O2T,h9CzT,0
jy4b2.jpg,jy4b2,1yAb2,0
7Fx9o.jpg,7Fx9o,7Hx9o,0
f6Tw6.jpg,f6Tw6,fA7W6,0
4Lrl8.jpg,4Lrl8,4yrU8,0
46U9e.jpg,46U9e,46U9n,0
MK868.jpg,MK868,MKPG8,0
maZI7.jpg,maZI7,maXI7,0
T1IF8.jpg,T1IF8,T1lA8,0
MYXH0.jpg,MYXH0,rYXH0,0
25nN0.jpg,25nN0,25rM0,0
8jZD5.jpg,8jZD5,8jZQf,0
LiKn9.jpg,LiKn9,LiPn9,0
ptqhv.jpg,ptqhv,ptAhv,0
V5dX2.jpg,V5dX2,W5qK2,0
RwLSr.jpg,RwLSr,RwL5r,0
sO4yD.jpg,sO4yD,sQ4yD,0
89U2v.jpg,89U2v,89J2v,0
g62O7.jpg,g62O7,y62O7,0
PSyie.jpg,PSyie,P5uie,0
G93t0.jpg,G93t0,Zg3t0,0
mHU9e.jpg,mHU9e,mbC9e,0
x5Mu7.jpg,x5Mu7,x5Hq7,0
qj4h2.jpg,qj4h2,qjsh2,0
sLm2B.jpg,sLm2B,sjm2B,0
gVH96.jpg,gVH96,gVH3C,0
0js6c.jpg,0js6c,0js6A,0
m8037.jpg,m8037,m8C37,0
08P3X.jpg,08P3X,08E3K,0
tBhhx.jpg,tBhhx,tBamK,0
R9Lc9.jpg,R9Lc9,R9LC2,0
R3049.jpg,R3049,R3r4Q,0
ezmBV.jpg,ezmBV,czmBV,0
w3O5f.jpg,w3O5f,w3D5L,0
M25e5.jpg,M25e5,U23e5,0
9Qlq0.jpg,9Qlq0,9Q1qk,0
kZrd8.jpg,kZrd8,kZmd3,0
37K3u.jpg,37K3u,i7w2u,0
Gq6kq.jpg,Gq6kq,GuBHq,0
SxPIR.jpg,SxPIR,GxPIB,0
rDel0.jpg,rDel0,RVELo,0
e546P.jpg,e546P,e546P,1
5YF5e.jpg,5YF5e,5Vf6O,0
2Gl6J.jpg,2Gl6J,2Qr6J,0
TK68S.jpg,TK68S,1Ku85,0
fPIng.jpg,fPIng,fBIng,0
Zp2xm.jpg,Zp2xm,7p2xG,0
2OoCp.jpg,2OoCp,24oCp,0
w6Nge.jpg,w6Nge,W6Nge,0
0R18o.jpg,0R18o,0m18o,0
UhmR7.jpg,UhmR7,UhmK7,0
30nX4.jpg,30nX4,30nX4,1
s3L1D.jpg,s3L1D,s9hTD,0
UvEYX.jpg,UvEYX,UvKYX,0
6D44a.jpg,6D44a,5Dx4a,0
8U794.jpg,8U794,8U794,1
58VF9.jpg,58VF9,X8VF9,0
UoSX9.jpg,UoSX9,UcSk9,0
T97Ro.jpg,T97Ro,T97Ko,0
vcmY9.jpg,vcmY9,vemY9,0
yu94T.jpg,yu94T,yu94F,0
e9EOw.jpg,e9EOw,e9FQW,0
9HQ61.jpg,9HQ61,9mQ61,0
K80Ls.jpg,K80Ls,K80Is,0
p96mr.jpg,p96mr,096mz,0
7eyxl.jpg,7eyxl,7ewxl,0
xZXmp.jpg,xZXmp,xZXNf,0
7g1yw.jpg,7g1yw,7g4yw,0
5EZUl.jpg,5EZUl,5E201,0
CbqCo.jpg,CbqCo,f5MGo,0
3FcNs.jpg,3FcNs,3FcNs,1
qdFxa.jpg,qdFxa,qUFXa,0
3I03s.jpg,3I03s,5I03e,0
dHAiy.jpg,dHAiy,dHA2y,0
i14d4.jpg,i14d4,P1Zd4,0
xGbDr.jpg,xGbDr,xGbTc,0
jGc3N.jpg,jGc3N,IGe3N,0
yc5n8.jpg,yc5n8,yc5A8,0
ztK0N.jpg,ztK0N,zfK0N,0
9587v.jpg,9587v,9587V,0
kxce2.jpg,kxce2,KxrQ2,0
oa844.jpg,oa844,oz8f4,0
qQd3P.jpg,qQd3P,qOd3K,0
9O19r.jpg,9O19r,3CT9r,0
rx9v9.jpg,rx9v9,rxDv9,0
ale92.jpg,ale92,a1c92,0
87u1H.jpg,87u1H,S7uLh,0
bBCd1.jpg,bBCd1,bBCd1,1
G60VA.jpg,G60VA,C60VA,0
56ZsF.jpg,56ZsF,562sE,0
8BhJE.jpg,8BhJE,8BhJC,0
7v1cT.jpg,7v1cT,7vlcT,0
x2hjN.jpg,x2hjN,X2hjN,0
AV69M.jpg,AV69M,4V69H,0
Osf9r.jpg,Osf9r,Oxf9n,0
eJwyn.jpg,eJwyn,e7wyn,0
m1g3D.jpg,m1g3D,uXy3D,0
6DDGE.jpg,6DDGE,oDHGf,0
xlC9L.jpg,xlC9L,XFC9u,0
iur1m.jpg,iur1m,Lur3R,0
JRZ5r.jpg,JRZ5r,JRZ5r,1
Be34Q.jpg,Be34Q,Be34C,0
1k2B3.jpg,1k2B3,Yk2B3,0
60cFd.jpg,60cFd,v0MFd,0
iYJ9s.jpg,iYJ9s,iy39s,0
oj722.jpg,oj722,ejt4k,0
5f1Zv.jpg,5f1Zv,5P1Zv,0
7w5Il.jpg,7w5Il,7W5cJ,0
M12Se.jpg,M12Se,M125c,0
w7DC8.jpg,w7DC8,w7DC8,1
H0e55.jpg,H0e55,H0z79,0
f3CwV.jpg,f3CwV,fZCwV,0
4vi6N.jpg,4vi6N,4vI5M,0
zo2mD.jpg,zo2mD,fM2mD,0
0174R.jpg,0174R,01z4R,0
L43LN.jpg,L43LN,L43FM,0
Sy3J1.jpg,Sy3J1,Sy2J1,0
958m3.jpg,958m3,9k8m3,0
utXbq.jpg,utXbq,ufXbq,0
lrS43.jpg,lrS43,lvS43,0
CYv97.jpg,CYv97,CYw97,0
iN0vi.jpg,iN0vi,ZN0vl,0
008ws.jpg,008ws,Ucfws,0
hY805.jpg,hY805,H7305,0
2tA2P.jpg,2tA2P,StX2P,0
dnufx.jpg,dnufx,dnufx,1
tfzDv.jpg,tfzDv,TfZRv,0
Qhrh5.jpg,Qhrh5,QaZn5,0
jUcnN.jpg,jUcnN,j0fwN,0
3G5W1.jpg,3G5W1,3Z5W1,0
8DL5H.jpg,8DL5H,8DL5H,1
6l94H.jpg,6l94H,6L94H,0
EFzjb.jpg,EFzjb,EMzJb,0
6mhSa.jpg,6mhSa,6mLSa,0
Z67It.jpg,Z67It,Z67IM,0
xHviw.jpg,xHviw,xHy7w,0
ryfd4.jpg,ryfd4,ryfd4,1
z6lQ7.jpg,z6lQ7,zRlO7,0
7b0SX.jpg,7b0SX,7b08H,0
mWiKD.jpg,mWiKD,mWi4D,0
4kj0V.jpg,4kj0V,4KI0V,0
UmPJZ.jpg,UmPJZ,UmCJZ,0
kY9Hx.jpg,kY9Hx,CY9Hx,0
DbxTG.jpg,DbxTG,EbxTG,0
BoALQ.jpg,BoALQ,BeNLQ,0
52fr6.jpg,52fr6,92lr6,0
JK9T2.jpg,JK9T2,dK9T2,0
di5IZ.jpg,di5IZ,dM5IZ,0
wTBBt.jpg,wTBBt,wTBHr,0
Rk18x.jpg,Rk18x,Rk1ex,0
dY6s2.jpg,dY6s2,dT6c2,0
p5I5i.jpg,p5I5i,p914k,0
7tLVr.jpg,7tLVr,7tLVn,0
yNWHw.jpg,yNWHw,yaGKw,0
U0rTF.jpg,U0rTF,H0rTf,0
x7N1s.jpg,x7N1s,x7N1c,0
G9FO1.jpg,G9FO1,G9FD1,0
spaN8.jpg,spaN8,spaX8,0
o9UB9.jpg,o9UB9,oxUB9,0
5ozQ3.jpg,5ozQ3,5d7Q3,0
1ze54.jpg,1ze54,1seM4,0
wTy4D.jpg,wTy4D,CTA4D,0
oPxN9.jpg,oPxN9,ePxH9,0
p0c7F.jpg,p0c7F,p4c7E,0
OBf6p.jpg,OBf6p,Qdf6n,0
Q9OOy.jpg,Q9OOy,R9uoY,0
T6fz0.jpg,T6fz0,T6fzH,0
V6Bq6.jpg,V6Bq6,VCBq5,0
2OmbV.jpg,2OmbV,2QKbV,0
oU2Tu.jpg,oU2Tu,oH2Tw,0
T37Uj.jpg,T37Uj,c37Oj,0
D4yaw.jpg,D4yaw,D4yaw,1
7CJ2m.jpg,7CJ2m,7tJ2m,0
T2CZ0.jpg,T2CZ0,T2C7M,0
1PY9Q.jpg,1PY9Q,iPY9O,0
5M7m1.jpg,5M7m1,5M7mY,0
avQPj.jpg,avQPj,avQPj,1
Ro8mI.jpg,Ro8mI,Kc8mI,0
ednB5.jpg,ednB5,e4nB5,0
AB7f2.jpg,AB7f2,AQ7f2,0
W3Av9.jpg,W3Av9,WFAv9,0
gkLu6.jpg,gkLu6,gSLJ6,0
2gy6R.jpg,2gy6R,2my6R,0
QGC6I.jpg,QGC6I,MGCB1,0
80YiW.jpg,80YiW,80YiH,0
L4AKG.jpg,L4AKG,I4AK6,0
597k2.jpg,597k2,597K2,0
12pzy.jpg,12pzy,12pAy,0
7cCnW.jpg,7cCnW,7cCmV,0
X0e6B.jpg,X0e6B,X0w6B,0
r2FL4.jpg,r2FL4,rPGL4,0
90Lk4.jpg,90Lk4,90jk4,0
08rgU.jpg,08rgU,0BrgU,0
MrchO.jpg,MrchO,MycbO,0
gg1md.jpg,gg1md,g5Hmd,0
7h26j.jpg,7h26j,Th25I,0
GKuXe.jpg,GKuXe,CK4Xe,0
LVxYg.jpg,LVxYg,L0xYg,0
zIch0.jpg,zIch0,zWch0,0
BxllP.jpg,BxllP,BxMlP,0
lro1O.jpg,lro1O,kruY0,0
29Wvb.jpg,29Wvb,29Wvb,1
0TWDh.jpg,0TWDh,97WDh,0
ananQ.jpg,ananQ,SnaR0,0
6p2ce.jpg,6p2ce,6f2ce,0
a7jFZ.jpg,a7jFZ,a3UFZ,0
Un5s4.jpg,Un5s4,Un5f4,0
vvMFs.jpg,vvMFs,woMFs,0
xr2rn.jpg,xr2rn,xy2ch,0
60168.jpg,60168,60IKH,0
NB390.jpg,NB390,NB39C,0
0rsaa.jpg,0rsaa,UrSaA,0
4v5H6.jpg,4v5H6,4vbHG,0
ke5oT.jpg,ke5oT,kw5oI,0
4y18Y.jpg,4y18Y,4y18Y,1
Hfx0o.jpg,Hfx0o,HFx0d,0
T61T2.jpg,T61T2,t6HV2,0
T4nU3.jpg,T4nU3,T4nU3,1
qX68A.jpg,qX68A,TX68A,0
CMeYT.jpg,CMeYT,CHeYT,0
kdQ3X.jpg,kdQ3X,kdO3X,0
1l0mv.jpg,1l0mv,1k0mv,0
uwA2n.jpg,uwA2n,jvA2n,0
96SX0.jpg,96SX0,96FMd,0
07A63.jpg,07A63,07A63,1
Au153.jpg,Au153,AVf53,0
52OLx.jpg,52OLx,5201X,0
1pkRu.jpg,1pkRu,ipkRu,0
6akY6.jpg,6akY6,GaK7b,0
7jz7F.jpg,7jz7F,9Jz7F,0
64M52.jpg,64M52,64M5z,0
Tbmlt.jpg,Tbmlt,FbmlC,0
7ITrU.jpg,7ITrU,7IXrU,0
lkrT0.jpg,lkrT0,lKrT0,0
7E7a3.jpg,7E7a3,OEZa3,0
5286b.jpg,5286b,5236b,0
2h6x4.jpg,2h6x4,2b6x4,0
J93M9.jpg,J93M9,JP3Hs,0
p9OWM.jpg,p9OWM,p5OWA,0
4Pa3J.jpg,4Pa3J,4Fn3j,0
2ztEY.jpg,2ztEY,2ztHY,0
4hfT5.jpg,4hfT5,4hfT5,1
WKLlx.jpg,WKLlx,WKLlx,1
q1b82.jpg,q1b82,q1b82,1
87ndC.jpg,87ndC,67MdC,0
Te4b1.jpg,Te4b1,Te4Rl,0
bzSn8.jpg,bzSn8,EZ9N8,0
7nH96.jpg,7nH96,7nH96,1
65BZ0.jpg,65BZ0,65B70,0
2PTZM.jpg,2PTZM,2eT7M,0
5136s.jpg,5136s,5Y36s,0
Y4PRn.jpg,Y4PRn,Y4FRn,0
t45aD.jpg,t45aD,f45eD,0
Upf8u.jpg,Upf8u,UpfZu,0
iaHu8.jpg,iaHu8,iqHu8,0
2oVx9.jpg,2oVx9,ZoVx9,0
a03hI.jpg,a03hI,a03hL,0
IzXW7.jpg,IzXW7,fzXw7,0
42Za4.jpg,42Za4,42Laj,0
I4Ks1.jpg,I4Ks1,C4Ks1,0
pw9mM.jpg,pw9mM,Px3ml,0
6d1ji.jpg,6d1ji,6d1Pi,0
0e9r5.jpg,0e9r5,0e9rH,0
J555R.jpg,J555R,1s9BK,0
0DVh8.jpg,0DVh8,0FVh8,0
5NgwK.jpg,5NgwK,5VgwK,0
v190t.jpg,v190t,VH90t,0
I2S10.jpg,I2S10,F2S10,0
UE88k.jpg,UE88k,UE891,0
2QB67.jpg,2QB67,2OBcj,0
a52NE.jpg,a52NE,a52HE,0
TQwJK.jpg,TQwJK,TQwJK,1
BZzgH.jpg,BZzgH,BZ1gh,0
W2WcK.jpg,W2WcK,W2ycK,0
17445.jpg,17445,l7465,0
JJz6H.jpg,JJz6H,JVZ5H,0
AxT73.jpg,AxT73,AuT73,0
b2tJf.jpg,b2tJf,b2tJF,0
1Hps1.jpg,1Hps1,4WpsJ,0
d1aeQ.jpg,d1aeQ,d1WeQ,0
45sHM.jpg,45sHM,45sHV,0
c9008.jpg,c9008,c9OH8,0
Z73t3.jpg,Z73t3,ZHJt3,0
xm570.jpg,xm570,xr570,0
e0IN3.jpg,e0IN3,c01H3,0
ex0Nr.jpg,ex0Nr,exDNr,0
cH88c.jpg,cH88c,cMfSL,0
r35kC.jpg,r35kC,r35kC,1
1Z9q4.jpg,1Z9q4,1Z9g4,0
2p4T4.jpg,2p4T4,2pQT5,0
1A56z.jpg,1A56z,In56z,0
gIOdy.jpg,gIOdy,gIOBy,0
b2m06.jpg,b2m06,b2m0S,0
65nl0.jpg,65nl0,C5nX0,0
6F90a.jpg,6F90a,6FY0g,0
EV0mL.jpg,EV0mL,EV0mL,1
COdR7.jpg,COdR7,COdR7,1
oMgwS.jpg,oMgwS,oMgw3,0
3Lt2l.jpg,3Lt2l,3Lr2h,0
IoT19.jpg,IoT19,loTR9,0
pR14w.jpg,pR14w,cR14w,0
NQRR1.jpg,NQRR1,NuRK1,0
4OhzY.jpg,4OhzY,uOkZY,0
Vqs5U.jpg,Vqs5U,VqR5l,0
8s11N.jpg,8s11N,8wYJN,0
tD0F5.jpg,tD0F5,4D0F5,0
r2faE.jpg,r2faE,rXfaE,0
bUG99.jpg,bUG99,bUG98,0
1uo32.jpg,1uo32,1uo32,1
9wF9Z.jpg,9wF9Z,owh3Z,0
25D73.jpg,25D73,25D7V,0
5v2zq.jpg,5v2zq,5v7mq,0
SFT6I.jpg,SFT6I,SH361,0
fQ605.jpg,fQ605,1Xs95,0
7hNQQ.jpg,7hNQQ,7hNQU,0
sljTy.jpg,sljTy,sbjTz,0
Ke7zw.jpg,Ke7zw,Kc72W,0
m5PaB.jpg,m5PaB,m5PaB,1
36s0D.jpg,36s0D,36sqD,0
r2xk4.jpg,r2xk4,r28k4,0
ZqokQ.jpg,ZqokQ,ZqokQ,1
0Oer6.jpg,0Oer6,0C3r6,0
CFX7M.jpg,CFX7M,CFX2M,0
65YNT.jpg,65YNT,65YNZ,0
Y88SP.jpg,Y88SP,T0zSP,0
7Tb5L.jpg,7Tb5L,zTb5l,0
gC4Ap.jpg,gC4Ap,gC4AP,0
Ma96o.jpg,Ma96o,M196c,0
Ae5q0.jpg,Ae5q0,kQ5q0,0
a8KQI.jpg,a8KQI,a8KCI,0
zmcZG.jpg,zmcZG,zNcZG,0
74mV5.jpg,74mV5,74mV5,1
KB54Y.jpg,KB54Y,KB5ZY,0
AXs2K.jpg,AXs2K,OXs2k,0
M9q1V.jpg,M9q1V,MZclv,0
1mcJD.jpg,1mcJD,1meJD,0
ZeLL3.jpg,ZeLL3,7OTL3,0
YGGtz.jpg,YGGtz,VGdfz,0
sL3w6.jpg,sL3w6,sL3v6,0
rbC1E.jpg,rbC1E,rbQ1E,0
Gn8kr.jpg,Gn8kr,Cm3kr,0
Qqx47.jpg,Qqx47,0ux47,0
DGKV8.jpg,DGKV8,DCKJ3,0
g0tky.jpg,g0tky,e01ky,0
0fIfw.jpg,0fIfw,0Eh5W,0
u9k40.jpg,u9k40,uSk40,0
uOdlt.jpg,uOdlt,u02lt,0
X61a9.jpg,X61a9,X61a9,1
5jN4s.jpg,5jN4s,5jNUZ,0
J9Vpa.jpg,J9Vpa,j9VPa,0
9HfW6.jpg,9HfW6,9RfW6,0
85cuq.jpg,85cuq,85Cuq,0
Lp959.jpg,Lp959,LpO59,0
BZ1Xv.jpg,BZ1Xv,B21KV,0
2uNhw.jpg,2uNhw,2uNBS,0
98tPJ.jpg,98tPJ,Q8LPJ,0
k2idl.jpg,k2idl,k2juf,0
7BIi5.jpg,7BIi5,7BIQ5,0
TW4dC.jpg,TW4dC,IW4dC,0
ztLv0.jpg,ztLv0,zPLy0,0
u0K64.jpg,u0K64,u0K54,0
U3PHC.jpg,U3PHC,O37HC,0
9L111.jpg,9L111,0E7x1,0
tb44M.jpg,tb44M,tb4SM,0
NMnF3.jpg,NMnF3,NVqF3,0
70s7m.jpg,70s7m,705Vm,0
RT6h4.jpg,RT6h4,R76h4,0
1q4AO.jpg,1q4AO,Tq4AO,0
0rSMQ.jpg,0rSMQ,0r5MQ,0
CsH41.jpg,CsH41,CsM41,0
85Drd.jpg,85Drd,85Drd,1
6t977.jpg,6t977,6fM3Z,0
Ck8SP.jpg,Ck8SP,Ck85P,0
Kq1CA.jpg,Kq1CA,Kq1Cu,0
D4gg6.jpg,D4gg6,D4gr6,0
03Asc.jpg,03Asc,OJAxc,0
9Ny1X.jpg,9Ny1X,9Ay1X,0
L03IB.jpg,L03IB,L0SfB,0
7Lw44.jpg,7Lw44,7ewW4,0
2YJRJ.jpg,2YJRJ,2VJB6,0
1Hb81.jpg,1Hb81,tHb8A,0
agF3H.jpg,agF3H,mqFeV,0
1zpVO.jpg,1zpVO,1ZpVC,0
3wTBT.jpg,3wTBT,3wEBJ,0
MLU1n.jpg,MLU1n,MLO1n,0
SDr5U.jpg,SDr5U,8D15U,0
LlpBd.jpg,LlpBd,LfpB4,0
47K6b.jpg,47K6b,47K6p,0
2lhMt.jpg,2lhMt,2lhMF,0
5jGjA.jpg,5jGjA,5iwj2,0
tWJb5.jpg,tWJb5,tWJb5,1
Ig5q7.jpg,Ig5q7,I65Q7,0
4QLGd.jpg,4QLGd,4QI6d,0
HD0Kc.jpg,HD0Kc,aD0Kl,0
wMF3I.jpg,wMF3I,wMc3T,0
1KPo6.jpg,1KPo6,1KPc5,0
VbgDB.jpg,VbgDB,VtgmB,0
mR3Mh.jpg,mR3Mh,mD3Mh,0
C1VTY.jpg,C1VTY,C4UTy,0
3v0J6.jpg,3v0J6,3VOH6,0
nm9Kk.jpg,nm9Kk,cW9Kb,0
h30Ro.jpg,h30Ro,h3URe,0
8Ie98.jpg,8Ie98,8Ie9R,0
9fAPP.jpg,9fAPP,9fAPM,0
gFUIW.jpg,gFUIW,9FUiW,0
2ea2n.jpg,2ea2n,2eaYn,0
Q7TWi.jpg,Q7TWi,O75Hi,0
dQuGp.jpg,dQuGp,dQnSp,0
GFyqk.jpg,GFyqk,SFyak,0
fDjq4.jpg,fDjq4,tDRq4,0
p52lV.jpg,p52lV,pA2lV,0
PqOw9.jpg,PqOw9,Fa0W9,0
03D7E.jpg,03D7E,QuD1E,0
K60t5.jpg,K60t5,KByr5,0
IEAmV.jpg,IEAmV,THAzV,0
QVv5t.jpg,QVv5t,0Vy51,0
LixC3.jpg,LixC3,lfxQ3,0
8bjJ5.jpg,8bjJ5,8bjJ4,0
sd9pk.jpg,sd9pk,7d9pK,0
jpYJ8.jpg,jpYJ8,fmVJ8,0
A1n7o.jpg,A1n7o,A1u7o,0
2d5EN.jpg,2d5EN,2n5EN,0
Fdoo6.jpg,Fdoo6,FX2o6,0
EmiGV.jpg,EmiGV,EmlGV,0
4jKHA.jpg,4jKHA,4jKWA,0
WAgME.jpg,WAgME,WAg7E,0
8zv6W.jpg,8zv6W,8Zv5H,0
P5288.jpg,P5288,r528o,0
YdlWg.jpg,YdlWg,YdtWg,0
69oF7.jpg,69oF7,u9oF7,0
F980N.jpg,F980N,E930A,0
2rngF.jpg,2rngF,2rngH,0
L9dK9.jpg,L9dK9,L7dB4,0
EAAH1.jpg,EAAH1,E5AH1,0
6V63t.jpg,6V63t,OV63t,0
VFuk6.jpg,VFuk6,VFnk6,0
5nECH.jpg,5nECH,5nECH,1
8D945.jpg,8D945,xE945,0
530sA.jpg,530sA,z70eA,0
nEc19.jpg,nEc19,mFC19,0
UlHk1.jpg,UlHk1,OtHk1,0
6sbwf.jpg,6sbwf,6sbwf,1
TDwA7.jpg,TDwA7,TDuA7,0
8h19M.jpg,8h19M,8h19M,1
Ek3g2.jpg,Ek3g2,E13g2,0
9x0WL.jpg,9x0WL,9f0WL,0
90RaA.jpg,90RaA,S0feA,0
lmd8G.jpg,lmd8G,Imd8C,0
rtof9.jpg,rtof9,rtoJ9,0
nx0hG.jpg,nx0hG,nxoTG,0
SvGS1.jpg,SvGS1,Svm81,0
RWc85.jpg,RWc85,RMc35,0
atLf6.jpg,atLf6,atHf6,0
qhgeo.jpg,qhgeo,qh0eY,0
ytfDh.jpg,ytfDh,ZLfDh,0
FdVBR.jpg,FdVBR,F4V3R,0
e0UQr.jpg,e0UQr,Y8UQr,0
2KvI0.jpg,2KvI0,2HvI0,0
XcU6g.jpg,XcU6g,XEU6g,0
23eV8.jpg,23eV8,23rV8,0
6FbQo.jpg,6FbQo,6fzqo,0
3STq0.jpg,3STq0,3STE0,0
HKfR3.jpg,HKfR3,HKfR3,1
aIALt.jpg,aIALt,aSAIt,0
Km8AR.jpg,Km8AR,Kv8AR,0
U0B1O.jpg,U0B1O,M56tO,0
PJZjf.jpg,PJZjf,PJZjf,1
kg6P4.jpg,kg6P4,kqCP4,0
5L6ti.jpg,5L6ti,5y6ki,0
cTOih.jpg,cTOih,c4Olh,0
RH65p.jpg,RH65p,MJ65f,0
Ood2A.jpg,Ood2A,Cod2A,0
48Mq1.jpg,48Mq1,43Mq1,0
YNyPZ.jpg,YNyPZ,iNvPZ,0
Y3r0C.jpg,Y3r0C,VAr0C,0
0T7hk.jpg,0T7hk,0T7dl,0
hw8Ss.jpg,hw8Ss,hwPS1,0
4E4tu.jpg,4E4tu,4EKjm,0
Y99G8.jpg,Y99G8,YM9Gb,0
4RP36.jpg,4RP36,4RpJ6,0
17XTs.jpg,17XTs,17XT6,0
QUoqn.jpg,QUoqn,OUjqn,0
W2RSf.jpg,W2RSf,W2R5I,0
bfDfi.jpg,bfDfi,bN0fi,0
R16MW.jpg,R16MW,R10MW,0
8c2Df.jpg,8c2Df,8c2DF,0
6V1U9.jpg,6V1U9,6VlR9,0
nQrhz.jpg,nQrhz,e4rhz,0
w4fgm.jpg,w4fgm,w4lgm,0
2DLRv.jpg,2DLRv,20IRv,0
Np4Y8.jpg,Np4Y8,Nr4Y8,0
1s2yj.jpg,1s2yj,1s2yr,0
mN3Pg.jpg,mN3Pg,mK3Pg,0
MFe0w.jpg,MFe0w,HFe0w,0
njeL2.jpg,njeL2,njVL2,0
0RqL6.jpg,0RqL6,0RnL8,0
q6BWl.jpg,q6BWl,q6BWi,0
MArg1.jpg,MArg1,MAro4,0
2r0v9.jpg,2r0v9,2F0V9,0
hUw56.jpg,hUw56,hiwF6,0
1wrk9.jpg,1wrk9,1wrk9,1
6QS4N.jpg,6QS4N,6OBJN,0
lxxnO.jpg,lxxnO,fZsnO,0
Llgy5.jpg,Llgy5,Z1gu5,0
nuEwf.jpg,nuEwf,muSwf,0
6byMr.jpg,6byMr,6hyMr,0
Tboab.jpg,Tboab,Tkvgb,0
by46i.jpg,by46i,Uy46i,0
97eu6.jpg,97eu6,9Jeu6,0
0nxct.jpg,0nxct,0hXcI,0
I6tFT.jpg,I6tFT,I6rP3,0
diPy2.jpg,diPy2,djPy2,0
4BATW.jpg,4BATW,4BATW,1
qwBu8.jpg,qwBu8,owEu8,0
77mPn.jpg,77mPn,7iwPn,0
zvS5A.jpg,zvS5A,fv35h,0
xv05U.jpg,xv05U,Xv05H,0
1VaMY.jpg,1VaMY,1U2HY,0
v8bE2.jpg,v8bE2,V8bC2,0
54ePO.jpg,54ePO,54c7O,0
nt3bQ.jpg,nt3bQ,nt3bQ,1
bNnxW.jpg,bNnxW,CMnxW,0
M2yrg.jpg,M2yrg,M2yGg,0
s1m9n.jpg,s1m9n,z1m9h,0
lgXV7.jpg,lgXV7,igXV7,0
mwgfh.jpg,mwgfh,mvgfb,0
5B66N.jpg,5B66N,2BO6M,0
824B9.jpg,824B9,824H9,0
Yu028.jpg,Yu028,Yw928,0
9WFvL.jpg,9WFvL,9WFvL,1
xWdMz.jpg,xWdMz,xWdFz,0
9u7Ze.jpg,9u7Ze,9m7Ze,0
FY0aQ.jpg,FY0aQ,EYpaQ,0
AVOLS.jpg,AVOLS,4V0I3,0
SOv5O.jpg,SOv5O,SAx50,0
jElB5.jpg,jElB5,4ElB5,0
gQ15h.jpg,gQ15h,8O15h,0
85shG.jpg,85shG,85sAC,0
EdWXK.jpg,EdWXK,EdWZK,0
B0rRP.jpg,B0rRP,B01XP,0
jwel7.jpg,jwel7,jMeL7,0
Ljzpk.jpg,Ljzpk,LJzpK,0
8CRHA.jpg,8CRHA,6CRM4,0
2S19u.jpg,2S19u,2519m,0
27970.jpg,27970,279Y0,0
D2V4a.jpg,D2V4a,D2V4a,1
Sf876.jpg,Sf876,5f876,0
f9m17.jpg,f9m17,F9ml7,0
L2kyl.jpg,L2kyl,E2KVr,0
4FZpl.jpg,4FZpl,4FZpL,0
yB1J8.jpg,yB1J8,uP1J8,0
lLPwR.jpg,lLPwR,fLPvA,0
Vluma.jpg,Vluma,VIum8,0
S4k45.jpg,S4k45,SeK4T,0
29N68.jpg,29N68,2JH63,0
83Ij8.jpg,83Ij8,Z2IvB,0
DktLD.jpg,DktLD,QKTLp,0
dx9Hz.jpg,dx9Hz,dx9Hz,1
7i348.jpg,7i348,7i348,1
90LPl.jpg,90LPl,9nCPj,0
b51M9.jpg,b51M9,b51M9,1
V0o14.jpg,V0o14,V9ek4,0
qiqdn.jpg,qiqdn,5Iqdm,0
5Txw9.jpg,5Txw9,51xM9,0
1Cq4D.jpg,1Cq4D,1Cq4D,1
nz4I4.jpg,nz4I4,nzdY4,0
VN8RX.jpg,VN8RX,VM0RX,0
W9Z12.jpg,W9Z12,W9R12,0
dem61.jpg,dem61,dvM61,0
54p2u.jpg,54p2u,51p2u,0
ziXGZ.jpg,ziXGZ,zIXG2,0
3B14Z.jpg,3B14Z,3B14Z,1
wjzBR.jpg,wjzBR,WjzBR,0
glLlx.jpg,glLlx,gFMIX,0
fuf36.jpg,fuf36,Zuf36,0
55tbI.jpg,55tbI,52tbN,0
gBLN4.jpg,gBLN4,gBlM4,0
H026b.jpg,H026b,y026B,0
ggD79.jpg,ggD79,cmD73,0
e5dIS.jpg,e5dIS,c5d1S,0
hK8O9.jpg,hK8O9,hK8C9,0
S6326.jpg,S6326,SB32o,0
HMeKd.jpg,HMeKd,hMOKq,0
W7CjC.jpg,W7CjC,W7Glr,0
x3EDd.jpg,x3EDd,x3EDd,1
7WEm9.jpg,7WEm9,7WEm9,1
T84sR.jpg,T84sR,764sA,0
0w7mJ.jpg,0w7mJ,0w7nJ,0
9XwgC.jpg,9XwgC,9AjuC,0
vsPhV.jpg,vsPhV,ysPAV,0
4hmqw.jpg,4hmqw,4hrgw,0
G2N86.jpg,G2N86,G2N85,0
Fv4i2.jpg,Fv4i2,Ev4j2,0
xJwCu.jpg,xJwCu,x7WCu,0
Q93kW.jpg,Q93kW,Q9FkW,0
Lj168.jpg,Lj168,Lj1o8,0
jj3R5.jpg,jj3R5,je3R5,0
IX70r.jpg,IX70r,HX70r,0
Daq8n.jpg,Daq8n,Dag8m,0
9Wmha.jpg,9Wmha,9Vmba,0
091sZ.jpg,091sZ,p915Z,0
BdkUB.jpg,BdkUB,PdkUA,0
VIj4A.jpg,VIj4A,Vlp4A,0
e0k41.jpg,e0k41,a0K41,0
18b51.jpg,18b51,16R5y,0
NKZRy.jpg,NKZRy,MKZ5y,0
e16F4.jpg,e16F4,Q15E4,0
bwSGm.jpg,bwSGm,bwSGm,1
GL7ui.jpg,GL7ui,GL78h,0
Vv163.jpg,Vv163,VH163,0
k5BaB.jpg,k5BaB,K5BaP,0
x5QdJ.jpg,x5QdJ,x5KdJ,0
0E917.jpg,0E917,0E9kZ,0
098Xt.jpg,098Xt,09KA7,0
xiysM.jpg,xiysM,LfysM,0
yLCx5.jpg,yLCx5,vLCX5,0
D8met.jpg,D8met,D8mzf,0
mP02G.jpg,mP02G,mF42G,0
T2M8X.jpg,T2M8X,j2M8X,0
EK65O.jpg,EK65O,EH630,0
EWqoL.jpg,EWqoL,MWqOl,0
Gb9yw.jpg,Gb9yw,Lb9qw,0
Z488N.jpg,Z488N,7185M,0
R2tic.jpg,R2tic,R9tjc,0
EA1zM.jpg,EA1zM,EA1zM,1
2nEiC.jpg,2nEiC,2nCl5,0
P086U.jpg,P086U,PZ56U,0
Do1ag.jpg,Do1ag,Do1ag,1
FyKwO.jpg,FyKwO,EyKm0,0
4V09c.jpg,4V09c,1V09c,0
ZG6dX.jpg,ZG6dX,ZGrdX,0
FWkv8.jpg,FWkv8,FWkv8,1
99091.jpg,99091,Sw081,0
Y3bXi.jpg,Y3bXi,Y3bRi,0
a5NeS.jpg,a5NeS,a4NeS,0
lm8I0.jpg,lm8I0,4m3I0,0
a3jBR.jpg,a3jBR,a3VBR,0
YIG5Q.jpg,YIG5Q,YiG5Q,0
esC8b.jpg,esC8b,esC8b,1
D77gu.jpg,D77gu,DY7gu,0
irUn8.jpg,irUn8,GeUn3,0
nBq7X.jpg,nBq7X,m8q7X,0
VOi4B.jpg,VOi4B,VQiMB,0
m20yZ.jpg,m20yZ,R20YZ,0
Sy8w4.jpg,Sy8w4,Sy8m4,0
2Fqkw.jpg,2Fqkw,2Aqkw,0
OmPCh.jpg,OmPCh,OmPLh,0
K65PX.jpg,K65PX,N6SPX,0
QmdCa.jpg,QmdCa,0mYCa,0
8MEF4.jpg,8MEF4,8MZF4,0
8sD0E.jpg,8sD0E,8sD0E,1
3STI6.jpg,3STI6,2SPk6,0
u9g5O.jpg,u9g5O,u9e5D,0
E2m42.jpg,E2m42,k2m4z,0
t75kY.jpg,t75kY,Cl5kY,0
RTm1n.jpg,RTm1n,RCw1n,0
1MsYN.jpg,1MsYN,1MsV5,0
jpXYX.jpg,jpXYX,jpwYX,0
V13HW.jpg,V13HW,V13HW,1
U9H2s.jpg,U9H2s,D9X2s,0
TA2Gm.jpg,TA2Gm,TA2Gm,1
LcY9w.jpg,LcY9w,LcV9w,0
bB9wf.jpg,bB9wf,bBJef,0
hMXr6.jpg,hMXr6,hMXr6,1
6Zoq1.jpg,6Zoq1,6Zhqj,0
qYoF1.jpg,qYoF1,gV6E1,0
FuIbl.jpg,FuIbl,Eu2bL,0
677V9.jpg,677V9,8AMV9,0
iqA7s.jpg,iqA7s,iqA7s,1
mo1uv.jpg,mo1uv,mokuv,0
3939f.jpg,3939f,3DJ9e,0
1aX06.jpg,1aX06,1nX06,0
952Zc.jpg,952Zc,M52zC,0
2Y2nb.jpg,2Y2nb,ZTPmb,0
84QlE.jpg,84QlE,84wIe,0
9621C.jpg,9621C,9m21t,0
FWDSz.jpg,FWDSz,tWDSz,0
c520h.jpg,c520h,c520K,0
fV2EA.jpg,fV2EA,fu2PA,0
N0M2G.jpg,N0M2G,h0M2G,0
a21Hj.jpg,a21Hj,a21Hj,1
8rhb9.jpg,8rhb9,8Fh59,0
cvtKR.jpg,cvtKR,Z5fHR,0
DSeYX.jpg,DSeYX,DbeYX,0
7YS1C.jpg,7YS1C,7YAjC,0
WmPYm.jpg,WmPYm,WrPY5,0
0JgPU.jpg,0JgPU,01KFU,0
OGJ4J.jpg,OGJ4J,0SJ4F,0
763iS.jpg,763iS,7b3iS,0
60B75.jpg,60B75,62H75,0
xeLg1.jpg,xeLg1,xOLg9,0
wRW0Q.jpg,wRW0Q,wR10Q,0
2j8C0.jpg,2j8C0,2j8Cp,0
7Q5T5.jpg,7Q5T5,7OsI5,0
s2Pd3.jpg,s2Pd3,62Pd3,0
WgYMW.jpg,WgYMW,WgTEQ,0
Z687s.jpg,Z687s,Z63Ts,0
0l1fP.jpg,0l1fP,0iVfP,0
9P55y.jpg,9P55y,9P6aV,0
lOMq8.jpg,lOMq8,lOMq8,1
6AZ8A.jpg,6AZ8A,uR784,0
O2gks.jpg,O2gks,02jhs,0
WBZSh.jpg,WBZSh,VBZSn,0
5Y980.jpg,5Y980,5V980,0
cQ37j.jpg,cQ37j,c037j,0
TsgTG.jpg,TsgTG,Fsgi6,0
DAikp.jpg,DAikp,DAYkp,0
8xZ46.jpg,8xZ46,8xl46,0
hkNK8.jpg,hkNK8,LkDR8,0
U1La9.jpg,U1La9,U1Fa9,0
4sp8X.jpg,4sp8X,1zpBX,0
T250b.jpg,T250b,12H0b,0
Bu47m.jpg,Bu47m,Eu47m,0
ogcj9.jpg,ogcj9,dNej9,0
UidJB.jpg,UidJB,01qJk,0
RVHVA.jpg,RVHVA,PVHu4,0
eCOr5.jpg,eCOr5,eCO15,0
jKzGg.jpg,jKzGg,JKZC9,0
V6sdy.jpg,V6sdy,V62dy,0
BDvl0.jpg,BDvl0,8nvlQ,0
PyQU1.jpg,PyQU1,FyOd1,0
jXYce.jpg,jXYce,JXTCe,0
Zy86X.jpg,Zy86X,ZyG6X,0
4AnAt.jpg,4AnAt,SAnRt,0
q16Dx.jpg,q16Dx,q16Dx,1
44doh.jpg,44doh,4Qd7n,0
ah8F8.jpg,ah8F8,qh6j3,0
bMaM5.jpg,bMaM5,CMaU5,0
88rSe.jpg,88rSe,R4rSe,0
3Z58K.jpg,3Z58K,3Z5SK,0
i9tXh.jpg,i9tXh,v9tXh,0
TGaL0.jpg,TGaL0,TSal0,0
QMpP9.jpg,QMpP9,C1pP9,0
REwOX.jpg,REwOX,R1wOX,0
3l760.jpg,3l760,3l760,1
GavCH.jpg,GavCH,GayCh,0
u27KE.jpg,u27KE,u27KC,0
0Y4r9.jpg,0Y4r9,dY4r9,0
H7au6.jpg,H7au6,H7au6,1
s80xN.jpg,s80xN,sj0xN,0
W8129.jpg,W8129,K8129,0
nGxhB.jpg,nGxhB,mcxhB,0
Hd8QD.jpg,Hd8QD,Yd8QD,0
6fjGk.jpg,6fjGk,6vjGk,0
0i7KJ.jpg,0i7KJ,0f7KJ,0
mF4e2.jpg,mF4e2,mF4e2,1
9bYqR.jpg,9bYqR,9bYQR,0
SXFNh.jpg,SXFNh,sXFNU,0
1OqA9.jpg,1OqA9,iQhXv,0
mi07b.jpg,mi07b,miO7b,0
tuSXJ.jpg,tuSXJ,NuSXJ,0
OSIJ3.jpg,OSIJ3,G5iJ2,0
6gN76.jpg,6gN76,4gH7o,0
4OLTr.jpg,4OLTr,4OLTr,1
03BYU.jpg,03BYU,03BYm,0
5i846.jpg,5i846,5i8M6,0
9uJOQ.jpg,9uJOQ,9XJOA,0
DpL54.jpg,DpL54,DpL54,1
gLT3e.jpg,gLT3e,gLT3e,1
JbcDE.jpg,JbcDE,JbcUR,0
vg5C1.jpg,vg5C1,vgZC1,0
8I3Qq.jpg,8I3Qq,8f7Oq,0
e6gH9.jpg,e6gH9,e6g19,0
yB0LY.jpg,yB0LY,yH0fY,0
9X4vL.jpg,9X4vL,0X4uE,0
IfNch.jpg,IfNch,IfNuh,0
WI7ce.jpg,WI7ce,Wk7ca,0
Pxi86.jpg,Pxi86,PXI96,0
T03KV.jpg,T03KV,T03Kw,0
i89Wf.jpg,i89Wf,i89Wf,1
i1GP8.jpg,i1GP8,i1WP8,0
6g9Mz.jpg,6g9Mz,6g9Mz,1
Z536Q.jpg,Z536Q,7536C,0
5Q6Td.jpg,5Q6Td,5Q61d,0
0ZdGl.jpg,0ZdGl,0ZdGI,0
OV6Ji.jpg,OV6Ji,OV5Ji,0
1Jnol.jpg,1Jnol,Ydhel,0
N4F1D.jpg,N4F1D,N4E1D,0
PWmJ0.jpg,PWmJ0,PWmJ0,1
YK7js.jpg,YK7js,VK7js,0
VyAt3.jpg,VyAt3,VyAi3,0
52RAJ.jpg,52RAJ,C2RAJ,0
8g6o7.jpg,8g6o7,8q5o1,0
jcw2r.jpg,jcw2r,1cw2f,0
L2mXY.jpg,L2mXY,LzmxY,0
Q4IkL.jpg,Q4IkL,Q4jKL,0
R4dq9.jpg,R4dq9,R4ig9,0
wCL3P.jpg,wCL3P,wCLXP,0
6XLAz.jpg,6XLAz,6XIAz,0
6oAVr.jpg,6oAVr,GoAVF,0
jRLkW.jpg,jRLkW,TRLkW,0
w5zGC.jpg,w5zGC,wjzGc,0
9Dv2Z.jpg,9Dv2Z,9Dv2Z,1
gRiv3.jpg,gRiv3,gRiv3,1
zJeNI.jpg,zJeNI,zJONi,0
66FJQ.jpg,66FJQ,6urJQ,0
odV5e.jpg,odV5e,odV5Q,0
uFgFy.jpg,uFgFy,uXgFy,0
jlt3n.jpg,jlt3n,jItSn,0
XbNpr.jpg,XbNpr,X5APC,0
iZwj6.jpg,iZwj6,iZM16,0
OsWA0.jpg,OsWA0,Op5aY,0
T27s0.jpg,T27s0,Y27s0,0
lLSJz.jpg,lLSJz,lCSJA,0
f70sS.jpg,f70sS,f70sX,0
aXRvI.jpg,aXRvI,aXPV1,0
gX5WB.jpg,gX5WB,gXfWB,0
czYwF.jpg,czYwF,DzYwf,0
jJ92u.jpg,jJ92u,iJ92u,0
d0VN6.jpg,d0VN6,d2VM6,0
M7L2Y.jpg,M7L2Y,Q7L2Y,0
Re003.jpg,Re003,ReGD3,0
V8a7i.jpg,V8a7i,V8a7i,1
1NevV.jpg,1NevV,1AcuV,0
548re.jpg,548re,54Bro,0
xAgsz.jpg,xAgsz,xA98u,0
BnxDc.jpg,BnxDc,BhXDc,0
77iQ8.jpg,77iQ8,T4I03,0
cPRnn.jpg,cPRnn,4FRpa,0
504Z1.jpg,504Z1,504ZM,0
2UFE8.jpg,2UFE8,2HIE8,0
7efBu.jpg,7efBu,7efAu,0
5rsnP.jpg,5rsnP,5rsnP,1
r8IV0.jpg,r8IV0,rSIV0,0
t0Fi4.jpg,t0Fi4,t0FH4,0
lEon9.jpg,lEon9,lEon9,1
Q5zyH.jpg,Q5zyH,05zYH,0
W86TT.jpg,W86TT,Wd6kT,0
EOg2W.jpg,EOg2W,EOg2W,1
3x6jT.jpg,3x6jT,3R6yT,0
5u4GT.jpg,5u4GT,5uZCI,0
1ZjeN.jpg,1ZjeN,9ZjeN,0
u5508.jpg,u5508,WT508,0
3z96M.jpg,3z96M,3zO6M,0
4M4Gp.jpg,4M4Gp,zM4Gp,0
6KOpn.jpg,6KOpn,5HOPw,0
xs514.jpg,xs514,xs514,1
z2Q5E.jpg,z2Q5E,x2C5E,0
3s2q2.jpg,3s2q2,mSzQ2,0
rF9gU.jpg,rF9gU,Af9gU,0
T22ya.jpg,T22ya,TC2ya,0
SS2kF.jpg,SS2kF,Sq2KF,0
O9MdI.jpg,O9MdI,D9HdI,0
3uTcB.jpg,3uTcB,3uIc8,0
A2DeF.jpg,A2DeF,A2DsF,0
2Fbf8.jpg,2Fbf8,2EUI8,0
38UG6.jpg,38UG6,3ZMQ6,0
6Re74.jpg,6Re74,5HO74,0
7IY9Q.jpg,7IY9Q,7JY9Q,0
80SqI.jpg,80SqI,80VhF,0
KRuI9.jpg,KRuI9,KRuI9,1
L00U8.jpg,L00U8,TgoU5,0
H1Ln0.jpg,H1Ln0,H1Le0,0
9GSR8.jpg,9GSR8,9G5Rz,0
uVqqO.jpg,uVqqO,uVafO,0
156ym.jpg,156ym,156Ym,0
8IdIi.jpg,8IdIi,8YdLj,0
Kbvpj.jpg,Kbvpj,K0YPj,0
LQEBQ.jpg,LQEBQ,LQbBq,0
fj7Ew.jpg,fj7Ew,AJZew,0
85NE0.jpg,85NE0,85NE0,1
6m9e1.jpg,6m9e1,6r9e1,0
2R6mT.jpg,2R6mT,2R6m7,0
eAUZZ.jpg,eAUZZ,eAULZ,0
c98k5.jpg,c98k5,c98K5,0
liGb3.jpg,liGb3,LrGb3,0
4QAv6.jpg,4QAv6,4Q2v6,0
91LxO.jpg,91LxO,91LK0,0
DYnm6.jpg,DYnm6,EYnw6,0
pm228.jpg,pm228,pmYt8,0
Nkb8e.jpg,Nkb8e,Hk58e,0
PUi39.jpg,PUi39,PU139,0
aBx9T.jpg,aBx9T,d8X9T,0
nT019.jpg,nT019,nT049,0
87Tu8.jpg,87Tu8,67Tu8,0
pN2y8.jpg,pN2y8,CN2y8,0
OmVuT.jpg,OmVuT,OMVaT,0
5BKnW.jpg,5BKnW,cENhW,0
ovfYP.jpg,ovfYP,ovfYA,0
8a96g.jpg,8a96g,Rz9Cg,0
Q1HTu.jpg,Q1HTu,Q1WTd,0
j1CyR.jpg,j1CyR,jUCyR,0
jYXOY.jpg,jYXOY,jEX0I,0
525QR.jpg,525QR,S1sQR,0
q90Lf.jpg,q90Lf,qXULf,0
3HGNv.jpg,3HGNv,34GNv,0
r08jt.jpg,r08jt,r03jt,0
ke3LZ.jpg,ke3LZ,KcMIZ,0
tf9CP.jpg,tf9CP,tV3CP,0
3yUkI.jpg,3yUkI,3yUKI,0
7L17L.jpg,7L17L,7o1IL,0
8CsyH.jpg,8CsyH,8CsyH,1
LeTT7.jpg,LeTT7,ie42A,0
b1gBm.jpg,b1gBm,b1gEm,0
2eI0o.jpg,2eI0o,WaI0o,0
WyJEu.jpg,WyJEu,HY3Cm,0
Lfhzv.jpg,Lfhzv,LfMzv,0
SghBL.jpg,SghBL,SgABL,0
es9iE.jpg,es9iE,es91E,0
g2T0k.jpg,g2T0k,g2FCK,0
6lCJs.jpg,6lCJs,ZlCJs,0
XwG0X.jpg,XwG0X,2wi0X,0
EUQUG.jpg,EUQUG,EtQJS,0
9k7jh.jpg,9k7jh,9E7jh,0
r716g.jpg,r716g,r7H6g,0
zWDKH.jpg,zWDKH,2V0KH,0
V757x.jpg,V757x,V75OX,0
6FDPZ.jpg,6FDPZ,6fQPZ,0
A8FMN.jpg,A8FMN,A8FWN,0
4OYtJ.jpg,4OYtJ,40VPJ,0
kSvef.jpg,kSvef,kSueF,0
7d5E5.jpg,7d5E5,7U9E5,0
sivH8.jpg,sivH8,sIzH8,0
Wz3xT.jpg,Wz3xT,W75xP,0
P5Z85.jpg,P5Z85,M5T8b,0
QSJs5.jpg,QSJs5,OPJs5,0
2GF9J.jpg,2GF9J,2CF8J,0
D600o.jpg,D600o,D5w9o,0
2937H.jpg,2937H,2937H,1
2604k.jpg,2604k,2604k,1
Yqq14.jpg,Yqq14,YqMl4,0
qQI9Z.jpg,qQI9Z,gQT9z,0
Z6j0z.jpg,Z6j0z,Z6i0z,0
D5UH8.jpg,D5UH8,D5ULb,0
4C6pi.jpg,4C6pi,VCapi,0
QuIRS.jpg,QuIRS,QulRS,0
89Hjx.jpg,89Hjx,89HJx,0
2f0xe.jpg,2f0xe,2F0xe,0
i0M4O.jpg,i0M4O,iqM4O,0
oR8ae.jpg,oR8ae,oRSwe,0
0cY9x.jpg,0cY9x,0c79x,0
2410Q.jpg,2410Q,241oQ,0
M4WwR.jpg,M4WwR,74WwR,0
hNt9m.jpg,hNt9m,hNtSm,0
MP419.jpg,MP419,MP4T9,0
UgABH.jpg,UgABH,VqrBX,0
zptN0.jpg,zptN0,zjtN0,0
yTlrY.jpg,yTlrY,yTbc4,0
eZNfX.jpg,eZNfX,0ZNfX,0
c1NQ6.jpg,c1NQ6,c1AQ5,0
cgt26.jpg,cgt26,cvt2A,0
81u6I.jpg,81u6I,P4n6t,0
7N7bs.jpg,7N7bs,2NvBs,0
0aA2o.jpg,0aA2o,UsA2o,0
c8U3n.jpg,c8U3n,c8U3k,0
W2149.jpg,W2149,V21A9,0
qf82H.jpg,qf82H,qf62H,0
26N0u.jpg,26N0u,2cN0u,0
V66ck.jpg,V66ck,VSbcK,0
SVZfa.jpg,SVZfa,SWZfa,0
wGulH.jpg,wGulH,wGeIH,0
jiP2C.jpg,jiP2C,jXP2C,0
h9H0K.jpg,h9H0K,b2H0K,0
H8229.jpg,H8229,HC329,0
Ju9eH.jpg,Ju9eH,Ju9eH,1
1Oj9U.jpg,1Oj9U,40c9u,0
5iC4E.jpg,5iC4E,5IC4B,0
8D3ug.jpg,8D3ug,BDsug,0
qUe0J.jpg,qUe0J,qU50J,0
Odm85.jpg,Odm85,Odm85,1
qC7n9.jpg,qC7n9,qC7n9,1
rRdj1.jpg,rRdj1,rR9l1,0
zvRRn.jpg,zvRRn,ejRBW,0
79eki.jpg,79eki,79mkf,0
2R66b.jpg,2R66b,2RdSb,0
ip98s.jpg,ip98s,ip98s,1
3Xqm2.jpg,3Xqm2,3XqmC,0
wMPNE.jpg,wMPNE,su2NE,0
eC17d.jpg,eC17d,AC17d,0
be7mO.jpg,be7mO,ke7WO,0
Zk439.jpg,Zk439,7K430,0
YoIim.jpg,YoIim,YoZrm,0
ExamT.jpg,ExamT,Ex2mT,0
n8iwW.jpg,n8iwW,n8ivW,0
Z5ah0.jpg,Z5ah0,Z5ah0,1
Tqq22.jpg,Tqq22,FQq82,0
83Jn3.jpg,83Jn3,85JZk,0
598B7.jpg,598B7,5Q8B7,0
rifT9.jpg,rifT9,RuFT9,0
QnYr4.jpg,QnYr4,QnTz4,0
5qaCe.jpg,5qaCe,5HaCe,0
9SNSL.jpg,9SNSL,gxPSL,0
4NO8P.jpg,4NO8P,4N08F,0
65SWo.jpg,65SWo,6TSWr,0
fR0Tx.jpg,fR0Tx,fR0TX,0
6LdOO.jpg,6LdOO,6fdOe,0
508aA.jpg,508aA,508xA,0
CW5h2.jpg,CW5h2,CN5h2,0
AtT8X.jpg,AtT8X,AtT8X,1
mGuk4.jpg,mGuk4,mCuk4,0
Jm0vv.jpg,Jm0vv,Jw08h,0
rb5bf.jpg,rb5bf,rb5Nf,0
r7cqE.jpg,r7cqE,r7cqk,0
Hqx4y.jpg,Hqx4y,Hox4y,0
KeoQd.jpg,KeoQd,KcoTd,0
19ued.jpg,19ued,19wed,0
FlZh8.jpg,FlZh8,PlZn3,0
O85pC.jpg,O85pC,U85pC,0
qoA18.jpg,qoA18,4oA18,0
TzRY4.jpg,TzRY4,T5RY4,0
sQaq7.jpg,sQaq7,sGmq7,0
59JqM.jpg,59JqM,59JuM,0
q1SBY.jpg,q1SBY,qiSBY,0
4b0o2.jpg,4b0o2,4bmo2,0
398Kc.jpg,398Kc,398KC,0
6Wz4G.jpg,6Wz4G,BHz4C,0
ekLDI.jpg,ekLDI,erRDJ,0
3tN72.jpg,3tN72,3tC7a,0
JGnlY.jpg,JGnlY,J6ntY,0
Xmfzt.jpg,Xmfzt,XmFzt,0
Xe9gz.jpg,Xe9gz,We9gz,0
DgDPw.jpg,DgDPw,NgJPw,0
aF8QC.jpg,aF8QC,aFxQC,0
3276E.jpg,3276E,3276E,1
LcB8E.jpg,LcB8E,LzB0C,0
Uxt9n.jpg,Uxt9n,Uxi9h,0
qM76f.jpg,qM76f,qM7Gf,0
g1vLA.jpg,g1vLA,gjvLA,0
640TZ.jpg,640TZ,64O1Z,0
sIV05.jpg,sIV05,rIV05,0
R20Hq.jpg,R20Hq,R20Hg,0
05zzl.jpg,05zzl,05Xm1,0
51k2X.jpg,51k2X,50k2X,0
cQX3L.jpg,cQX3L,6QX3L,0
F077h.jpg,F077h,E027h,0
h80rp.jpg,h80rp,h80fp,0
JsJ7K.jpg,JsJ7K,Js47K,0
tgSH0.jpg,tgSH0,tg7H0,0
ZaO8M.jpg,ZaO8M,Za08K,0
O1KxS.jpg,O1KxS,01Kx5,0
uYwOT.jpg,uYwOT,uYwOT,1
8ogkT.jpg,8ogkT,Bogk1,0
j54fk.jpg,j54fk,j54EK,0
BtEIG.jpg,BtEIG,RfEmG,0
8Q8Mt.jpg,8Q8Mt,PQ6Mt,0
zb3n3.jpg,zb3n3,zbXn3,0
tAgIL.jpg,tAgIL,2Aw1j,0
Xeg8e.jpg,Xeg8e,X4gBe,0
F1J1B.jpg,F1J1B,F1JyB,0
D0MMz.jpg,D0MMz,DqxWz,0
35YL5.jpg,35YL5,SdVC5,0
UuQ9U.jpg,UuQ9U,YuO9K,0
AY1o2.jpg,AY1o2,AY1e2,0
hzNH8.jpg,hzNH8,hZNH3,0
9bGMn.jpg,9bGMn,9bCMn,0
hYrfy.jpg,hYrfy,hY2fy,0
0N27B.jpg,0N27B,0K278,0
riT02.jpg,riT02,ciT02,0
v8CZ1.jpg,v8CZ1,v8CK1,0
7vb66.jpg,7vb66,7vk6g,0
7dB12.jpg,7dB12,7dKT2,0
J611a.jpg,J611a,d6V1a,0
4g4xe.jpg,4g4xe,dg9mc,0
Zf848.jpg,Zf848,zfN43,0
GvBOi.jpg,GvBOi,Gv80l,0
m1DBw.jpg,m1DBw,m1bBW,0
r9f5f.jpg,r9f5f,r9i7C,0
01JbE.jpg,01JbE,01JbE,1
myDb0.jpg,myDb0,mYDL0,0
6Pt4a.jpg,6Pt4a,6Pf4o,0
05Sq4.jpg,05Sq4,0FSg1,0
4744K.jpg,4744K,a7AsK,0
UMSmn.jpg,UMSmn,UMSmr,0
BM44A.jpg,BM44A,BK4fA,0
bJVwh.jpg,bJVwh,b3Vwh,0
36R7r.jpg,36R7r,36RTe,0
b6y08.jpg,b6y08,hsY08,0
nuj1B.jpg,nuj1B,muj4B,0
fY44h.jpg,fY44h,fY87h,0
UJ8Pb.jpg,UJ8Pb,UJ4Pb,0
WfV6F.jpg,WfV6F,H1V6F,0
R98DR.jpg,R98DR,u98Fl,0
nGZ23.jpg,nGZ23,nGY23,0
QM0Gc.jpg,QM0Gc,QM06z,0
Bxft9.jpg,Bxft9,Bxhp9,0
Edq6m.jpg,Edq6m,Edy6m,0
v1JPv.jpg,v1JPv,6fMPv,0
5G6xB.jpg,5G6xB,5G6xa,0
6RGyw.jpg,6RGyw,6Rz7m,0
LhFY0.jpg,LhFY0,LhFY0,1
zj9FA.jpg,zj9FA,zj9CA,0
LNl3E.jpg,LNl3E,JNA5c,0
X67wR.jpg,X67wR,X6fwR,0
9H5tw.jpg,9H5tw,9H5Cw,0
Ui3kn.jpg,Ui3kn,Ui3Km,0
cWweR.jpg,cWweR,CWv3R,0
1Ru76.jpg,1Ru76,1AU75,0
630cm.jpg,630cm,630cm,1
j7IIt.jpg,j7IIt,j7P4r,0
S89qi.jpg,S89qi,G89qi,0
UCfBk.jpg,UCfBk,JCfBk,0
Qxu2V.jpg,Qxu2V,Cxn2V,0
68qhg.jpg,68qhg,6Rqh0,0
gVnn6.jpg,gVnn6,PVhm6,0
8cFxb.jpg,8cFxb,AeFVb,0
nSbcr.jpg,nSbcr,nSbCr,0
X4Xst.jpg,X4Xst,K0xst,0
9Hn8Z.jpg,9Hn8Z,9Ha6Z,0
6OqS5.jpg,6OqS5,6PqS5,0
zGpK5.jpg,zGpK5,Z8PK5,0
yAYUz.jpg,yAYUz,yAi0z,0
ZR9HK.jpg,ZR9HK,7R9HK,0
OnOsM.jpg,OnOsM,QpfsM,0
xPRGK.jpg,xPRGK,xPR6h,0
cZ9Xl.jpg,cZ9Xl,ez9mF,0
YVowD.jpg,YVowD,ZMOWp,0
kJb24.jpg,kJb24,KJb24,0
k68CU.jpg,k68CU,lJwCU,0
r91X4.jpg,r91X4,r9JX4,0
2GM2G.jpg,2GM2G,2cM1G,0
f0WYM.jpg,f0WYM,fZWYM,0
VZ6gv.jpg,VZ6gv,YZ6gv,0
O7Hm0.jpg,O7Hm0,O7H40,0
1Bs2X.jpg,1Bs2X,1Be2X,0
c55mo.jpg,c55mo,cY5mo,0
ipRJD.jpg,ipRJD,tpK3O,0
Ubitv.jpg,Ubitv,UhiTv,0
16S6d.jpg,16S6d,1CS6d,0
571pH.jpg,571pH,571pH,1
0B8C0.jpg,0B8C0,9B1C6,0
k54H3.jpg,k54H3,kC4H3,0
K5OSk.jpg,K5OSk,K5OSk,1
C6gC2.jpg,C6gC2,06gC2,0
th0rc.jpg,th0rc,tH9rc,0
GEC3r.jpg,GEC3r,XbC3r,0
XdQAH.jpg,XdQAH,XdCAH,0
2I4D5.jpg,2I4D5,2n4D5,0
x3j88.jpg,x3j88,XQjZ6,0
889Bu.jpg,889Bu,x89Du,0
Ns2k7.jpg,Ns2k7,Ns2x7,0
Mb6B1.jpg,Mb6B1,Hb6eY,0
oJ3r9.jpg,oJ3r9,oJ4r9,0
593hI.jpg,593hI,59zhI,0
8GCX4.jpg,8GCX4,8GQX4,0
6ri7N.jpg,6ri7N,6rI7M,0
m0rL8.jpg,m0rL8,m0FL8,0
q4kQa.jpg,q4kQa,q4KCY,0
D82F8.jpg,D82F8,U92fR,0
MG2xA.jpg,MG2xA,MG2XA,0
c9ori.jpg,c9ori,c9orl,0
T7s23.jpg,T7s23,T7u2S,0
24XZ5.jpg,24XZ5,21X75,0
goZV6.jpg,goZV6,g2ZV6,0
FXwX9.jpg,FXwX9,FLul9,0
6CK77.jpg,6CK77,5iHJ7,0
30J5y.jpg,30J5y,3AJ5y,0
0JBBU.jpg,0JBBU,0f3PH,0
FDLJO.jpg,FDLJO,FDL3C,0
8Jzia.jpg,8Jzia,BJzin,0
aZxao.jpg,aZxao,aZxNn,0
2347n.jpg,2347n,2td7n,0
29QnG.jpg,29QnG,29QK6,0
qTC76.jpg,qTC76,qTcy6,0
3QjB1.jpg,3QjB1,3QuBI,0
yNF10.jpg,yNF10,YNE10,0
uC6kk.jpg,uC6kk,uc6Ak,0
14bBE.jpg,14bBE,14bBC,0
GfFFg.jpg,GfFFg,GYAPe,0
1w6Q6.jpg,1w6Q6,1w7O6,0
TkGBJ.jpg,TkGBJ,TkCBJ,0
X1yVT.jpg,X1yVT,X1yVF,0
1z3pH.jpg,1z3pH,Iz0pH,0
6nrQV.jpg,6nrQV,6nrQV,1
IeRo7.jpg,IeRo7,IzBq7,0
g63Jh.jpg,g63Jh,gZ3Jh,0
zbO25.jpg,zbO25,ybOa5,0
zU7FF.jpg,zU7FF,zU7rF,0
enX6R.jpg,enX6R,inX6V,0
7dg9k.jpg,7dg9k,7dgSK,0
qXgx7.jpg,qXgx7,qXuW7,0
3W2yJ.jpg,3W2yJ,3W2CJ,0
238XF.jpg,238XF,234XF,0
12mxE.jpg,12mxE,12hxE,0
BCX4z.jpg,BCX4z,BCXAz,0
T6gib.jpg,T6gib,T6mib,0
A70Ot.jpg,A70Ot,A70SI,0
5J36x.jpg,5J36x,SJZ6x,0
kaOZ1.jpg,kaOZ1,h1Oqw,0
l8zIj.jpg,l8zIj,VOzIj,0
to2d3.jpg,to2d3,Eo2dS,0
28Iu1.jpg,28Iu1,28iuT,0
IP9ZF.jpg,IP9ZF,tR9ZF,0
9UQVR.jpg,9UQVR,9UQVB,0
wP8aJ.jpg,wP8aJ,wPYaJ,0
eiV59.jpg,eiV59,miV59,0
bOy1v.jpg,bOy1v,b0Y1u,0
p0078.jpg,p0078,p0qM8,0
16qUw.jpg,16qUw,15qUv,0
Z409b.jpg,Z409b,Z1O9b,0
ifwcK.jpg,ifwcK,jfweK,0
0Wh4T.jpg,0Wh4T,0Wh47,0
h65v8.jpg,h65v8,h65z8,0
1wAS7.jpg,1wAS7,1wR5Z,0
03Rr9.jpg,03Rr9,0sDr9,0
K24Gc.jpg,K24Gc,K74GE,0
7jnI6.jpg,7jnI6,ZimI6,0
wo4O2.jpg,wo4O2,wo1O2,0
37mHv.jpg,37mHv,C7mHv,0
T2GVd.jpg,T2GVd,T2CV4,0
2xQA4.jpg,2xQA4,fxOA4,0
42POP.jpg,42POP,4xEOp,0
J6DKn.jpg,J6DKn,16DKm,0
hYWcf.jpg,hYWcf,nYWcf,0
3gh9A.jpg,3gh9A,3gi9A,0
3OGZl.jpg,3OGZl,3UGZl,0
qF35P.jpg,qF35P,4I35P,0
7CgAN.jpg,7CgAN,7VcAN,0
bM88O.jpg,bM88O,bMs8O,0
n41d1.jpg,n41d1,n47d1,0
z02J9.jpg,z02J9,zO2J9,0
q6Aj3.jpg,q6Aj3,q6Aj3,1
eN1hd.jpg,eN1hd,eN1hd,1
hSe63.jpg,hSe63,bSe43,0
7Svfd.jpg,7Svfd,75vfe,0
Jm0Cw.jpg,Jm0Cw,Jm0CW,0
ONz02.jpg,ONz02,DMa62,0
RMM9M.jpg,RMM9M,RMI9Y,0
f23cQ.jpg,f23cQ,I23cw,0
VbcFO.jpg,VbcFO,VbcFO,1
SjON6.jpg,SjON6,S1OK6,0
9j8iu.jpg,9j8iu,DT8ru,0
mM2Kv.jpg,mM2Kv,mA2Kv,0
20H8y.jpg,20H8y,20H8Y,0
q23DG.jpg,q23DG,g2xDG,0
wztFQ.jpg,wztFQ,xzVfQ,0
3AuD0.jpg,3AuD0,3DuVG,0
Sy5j2.jpg,Sy5j2,Gvbj2,0
EXTaX.jpg,EXTaX,E8TeX,0
855F9.jpg,855F9,8bJky,0
65qzj.jpg,65qzj,65Nzl,0
P7y0y.jpg,P7y0y,F7Y0y,0
061cl.jpg,061cl,06Vcl,0
788Y0.jpg,788Y0,k8GY0,0
cO51Z.jpg,cO51Z,cD317,0
kgy7Q.jpg,kgy7Q,kgm7N,0
1p35O.jpg,1p35O,Vp35O,0
5cM05.jpg,5cM05,YcM25,0
vtv11.jpg,vtv11,Rtv41,0
M497R.jpg,M497R,M497R,1
rg007.jpg,rg007,rwoa7,0
4S6ox.jpg,4S6ox,4s6ox,0
wP0Ac.jpg,wP0Ac,wP0ac,0
ekA9D.jpg,ekA9D,cL49D,0
w367M.jpg,w367M,y367k,0
hdyzF.jpg,hdyzF,bdyzF,0
f8NI0.jpg,f8NI0,f3Hj0,0
HRBwe.jpg,HRBwe,HjBwe,0
TBjS4.jpg,TBjS4,TBjSA,0
xq5S2.jpg,xq5S2,xgCS2,0
BGbbY.jpg,BGbbY,BG6lY,0
RRnEc.jpg,RRnEc,NRmEO,0
D5mx6.jpg,D5mx6,E5mx6,0
5s48k.jpg,5s48k,5rBJl,0
9A4Q6.jpg,9A4Q6,SATQ6,0
Nx7ty.jpg,Nx7ty,HaZty,0
RdR8V.jpg,RdR8V,Rd28V,0
GQSzJ.jpg,GQSzJ,GQSMJ,0
4u5mD.jpg,4u5mD,4u5mD,1
9359C.jpg,9359C,B359C,0
pXmv2.jpg,pXmv2,PXQV2,0
NiGeR.jpg,NiGeR,H1CdP,0
TFd4p.jpg,TFd4p,TFd4p,1
1S7hf.jpg,1S7hf,487hf,0
Gns45.jpg,Gns45,GnsHw,0
o1ccg.jpg,o1ccg,o1Ccg,0
02b08.jpg,02b08,02bq8,0
DgKA0.jpg,DgKA0,DsKA9,0
Bx5wY.jpg,Bx5wY,8x5WY,0
8eFdZ.jpg,8eFdZ,8nFd7,0
n99z6.jpg,n99z6,mL9z6,0
85t6l.jpg,85t6l,85t6j,0
p34H9.jpg,p34H9,e34HV,0
TxnR0.jpg,TxnR0,IxaR0,0
NzCfE.jpg,NzCfE,NzCf4,0
e6xGR.jpg,e6xGR,e63fD,0
UWOqB.jpg,UWOqB,UWoqB,0
nHd0D.jpg,nHd0D,nHd05,0
RDpVU.jpg,RDpVU,fDpVU,0
RAOy3.jpg,RAOy3,BAOw3,0
WP7gR.jpg,WP7gR,WF7gR,0
G129j.jpg,G129j,G1n9j,0
nYoNY.jpg,nYoNY,nvoWY,0
160s2.jpg,160s2,16Ms2,0
Q4h80.jpg,Q4h80,Q4h80,1
Z4vo1.jpg,Z4vo1,Z4vei,0
eKttf.jpg,eKttf,oj2tf,0
9smW0.jpg,9smW0,MsmW6,0
2BqVX.jpg,2BqVX,2BqVX,1
jl9Xk.jpg,jl9Xk,NloXk,0
7ndLt.jpg,7ndLt,7qCtk,0
R2Z2m.jpg,R2Z2m,B2Y3m,0
4HVD6.jpg,4HVD6,4HvD6,0
2Di6f.jpg,2Di6f,2DJ6f,0
R30Ci.jpg,R30Ci,R30CY,0
6PrV3.jpg,6PrV3,6PrV3,1
ILSJ7.jpg,ILSJ7,1kSJ7,0
xHaD9.jpg,xHaD9,xHaD9,1
32AQb.jpg,32AQb,32A0b,0
w08sM.jpg,w08sM,u08lM,0
i8DnP.jpg,i8DnP,i8F7U,0
36xAI.jpg,36xAI,3exAI,0
03H4e.jpg,03H4e,i3A4e,0
muaE0.jpg,muaE0,WuzE0,0
W9hWq.jpg,W9hWq,W9hZq,0
8pxgL.jpg,8pxgL,84xgL,0
iCkQS.jpg,iCkQS,iCkOS,0
4pz0C.jpg,4pz0C,4rT0C,0
W368U.jpg,W368U,W3C8U,0
e6h80.jpg,e6h80,efb30,0
EU7N8.jpg,EU7N8,FU7K8,0
Y2xxw.jpg,Y2xxw,Y2J6w,0
53rQ8.jpg,53rQ8,53708,0
X9KY7.jpg,X9KY7,x9KY7,0
lx6Ne.jpg,lx6Ne,1X6He,0
f73cj.jpg,f73cj,F7aCI,0
j0x2V.jpg,j0x2V,FOx2V,0
7jFgb.jpg,7jFgb,7jFgb,1
8027Q.jpg,8027Q,8027w,0
0a9tb.jpg,0a9tb,0a9tb,1
iu9ZJ.jpg,iu9ZJ,Lu9ZJ,0
Gwk4H.jpg,Gwk4H,Gwx4H,0
8ldqb.jpg,8ldqb,Mfdqb,0
dxNjz.jpg,dxNjz,dxMjz,0
qS25y.jpg,qS25y,qQ25v,0
E1Q74.jpg,E1Q74,E1C74,0
06idY.jpg,06idY,06fdT,0
O8Z5Y.jpg,O8Z5Y,O8Z5Y,1
KiAJ7.jpg,KiAJ7,KiAJ7,1
aMmRz.jpg,aMmRz,aMmRZ,0
9BVWK.jpg,9BVWK,2BvWK,0
E818E.jpg,E818E,FD1dZ,0
EPXkr.jpg,EPXkr,qPXkr,0
0ih3p.jpg,0ih3p,0Yh3p,0
gV3Z1.jpg,gV3Z1,gV3Ki,0
v1Nrz.jpg,v1Nrz,v1Nrz,1
633qj.jpg,633qj,63AqL,0
lu38N.jpg,lu38N,Iu36A,0
FskFQ.jpg,FskFQ,5skr0,0
40i5d.jpg,40i5d,4075d,0
2unp1.jpg,2unp1,2wdpT,0
Z9d4f.jpg,Z9d4f,b9d4f,0
6kLT3.jpg,6kLT3,6kL73,0
75uXT.jpg,75uXT,75uXT,1
23LiD.jpg,23LiD,23LjD,0
3Kv1n.jpg,3Kv1n,3KO1n,0
0DsN9.jpg,0DsN9,CpsN9,0
FJz65.jpg,FJz65,2J465,0
l78CU.jpg,l78CU,I78CU,0
8u7CT.jpg,8u7CT,8u7CY,0
7gC0z.jpg,7gC0z,7gCpz,0
40Y39.jpg,40Y39,40V39,0
6XhVV.jpg,6XhVV,67hRV,0
XRnZU.jpg,XRnZU,XfnZU,0
ZzL91.jpg,ZzL91,KzL91,0
k41Fu.jpg,k41Fu,kO1Fu,0
l44h3.jpg,l44h3,IXeM3,0
0Z0y6.jpg,0Z0y6,0ZQM6,0
A03r4.jpg,A03r4,A03rZ,0
mUV12.jpg,mUV12,mUV12,1
tx506.jpg,tx506,txqO6,0
u51EW.jpg,u51EW,u5Aew,0
RxBA1.jpg,RxBA1,RxBA1,1
FXd9h.jpg,FXd9h,DXd9h,0
HEFf2.jpg,HEFf2,HE7f2,0
Ugr8s.jpg,Ugr8s,ULr8s,0
4i5dN.jpg,4i5dN,Tc5dN,0
P6ek6.jpg,P6ek6,PVek6,0
4qbSX.jpg,4qbSX,4gDS7,0
Jl2D8.jpg,Jl2D8,JC2D8,0
UyThE.jpg,UyThE,UyThe,0
1AN4s.jpg,1AN4s,IAN4s,0
JBkfr.jpg,JBkfr,JBkfr,1
bhSR3.jpg,bhSR3,bhVRz,0
srU23.jpg,srU23,srH23,0
vsuxI.jpg,vsuxI,v8qnI,0
Yko75.jpg,Yko75,Vk075,0
RqNV9.jpg,RqNV9,BgNV9,0
O7rFA.jpg,O7rFA,O7rFA,1
0xXNa.jpg,0xXNa,0x7Na,0
cj0lr.jpg,cj0lr,cjhZr,0
Lqdkh.jpg,Lqdkh,LqQkh,0
S756P.jpg,S756P,S75qP,0
4lzU6.jpg,4lzU6,4lPU6,0
7zwtm.jpg,7zwtm,7zwtm,1
n63K9.jpg,n63K9,n63KD,0
4Lq3v.jpg,4Lq3v,4Lq3v,1
0X68M.jpg,0X68M,0Xn8M,0
lXqri.jpg,lXqri,LXqPi,0
egE96.jpg,egE96,egf96,0
136iW.jpg,136iW,x36iW,0
7Ybrx.jpg,7Ybrx,7Ybcx,0
9JIRP.jpg,9JIRP,9JtWP,0
v73Cg.jpg,v73Cg,v13C9,0
9W1OF.jpg,9W1OF,ZWLOF,0
60H43.jpg,60H43,q0N43,0
71ndi.jpg,71ndi,71nur,0
RaO72.jpg,RaO72,RaO72,1
6d8oI.jpg,6d8oI,6dApI,0
IA4Es.jpg,IA4Es,lA4EV,0
YUE3W.jpg,YUE3W,YUE3W,1
e42g9.jpg,e42g9,e4Mg9,0
2f31T.jpg,2f31T,2f3UT,0
bkvER.jpg,bkvER,bkVER,0
KtLu5.jpg,KtLu5,KtLu5,1
TiyQj.jpg,TiyQj,TryOj,0
58XqL.jpg,58XqL,58MgI,0
99gzi.jpg,99gzi,Y9gZI,0
q71jb.jpg,q71jb,g74jb,0
SzDMB.jpg,SzDMB,SzDMT,0
7wrTV.jpg,7wrTV,7wrQV,0
toDxb.jpg,toDxb,foDx5,0
VFE93.jpg,VFE93,VIZ93,0
O8V41.jpg,O8V41,C8VK1,0
l2l1j.jpg,l2l1j,fZh4F,0
4P195.jpg,4P195,4Pl95,0
Zim2H.jpg,Zim2H,5im2H,0
FhiMX.jpg,FhiMX,Eh2MX,0
28X5q.jpg,28X5q,juX5q,0
0ZpB8.jpg,0ZpB8,0ZrB8,0
02gbe.jpg,02gbe,02ghe,0
g4ac9.jpg,g4ac9,q4zi9,0
N54Py.jpg,N54Py,N54Py,1
W447Q.jpg,W447Q,W3gfO,0
RYOXW.jpg,RYOXW,kJ0xW,0
f7Fbr.jpg,f7Fbr,f7Fbv,0
7PuP0.jpg,7PuP0,7PuA0,0
fK0pn.jpg,fK0pn,1KOpm,0
ThdyX.jpg,ThdyX,Tkdv4,0
41aE4.jpg,41aE4,4jaEd,0
12yP7.jpg,12yP7,12vB7,0
77DMl.jpg,77DMl,72DMl,0
Khrx3.jpg,Khrx3,Ehrx3,0
1ms7n.jpg,1ms7n,tmS7h,0
ufqyW.jpg,ufqyW,ufovW,0
tBM8I.jpg,tBM8I,tBM27,0
I1cr5.jpg,I1cr5,Rfcr5,0
vqsNp.jpg,vqsNp,vqsHP,0
ZVhBt.jpg,ZVhBt,ZVhBt,1
irYAZ.jpg,irYAZ,LrYAZ,0
395zP.jpg,395zP,395zP,1
77D9C.jpg,77D9C,7ZD9C,0
2m2b7.jpg,2m2b7,ZmzBy,0
jLwCj.jpg,jLwCj,jLwCY,0
48f5X.jpg,48f5X,Wdf5X,0
l60dP.jpg,l60dP,j60eP,0
02INI.jpg,02INI,02jMv,0
L6iDv.jpg,L6iDv,L6jDv,0
4231M.jpg,4231M,4231H,0
27Egb.jpg,27Egb,2iEgb,0
8i51k.jpg,8i51k,8i51h,0
PP0fX.jpg,PP0fX,PB01X,0
yjN4P.jpg,yjN4P,vjM4P,0
02us3.jpg,02us3,02ms3,0
1gZy1.jpg,1gZy1,pzZyl,0
bR7fS.jpg,bR7fS,bR7fS,1
Tg50h.jpg,Tg50h,YgS0h,0
l3Q6w.jpg,l3Q6w,I3QKw,0
KFrUp.jpg,KFrUp,KFrUp,1
UR9O7.jpg,UR9O7,Ur9O7,0
73FdE.jpg,73FdE,73IdD,0
ZO924.jpg,ZO924,LO924,0
6aLsw.jpg,6aLsw,6a7sw,0
UK6c2.jpg,UK6c2,UKGt2,0
m0a6c.jpg,m0a6c,m0a7c,0
3BTg1.jpg,3BTg1,3pTq1,0
X5JFc.jpg,X5JFc,X5JFQ,0
644l9.jpg,644l9,64WM9,0
3BTgP.jpg,3BTgP,3BToP,0
VPGc1.jpg,VPGc1,VPGe1,0
R35i8.jpg,R35i8,R45i8,0
Mx681.jpg,Mx681,MxG8J,0
J48mI.jpg,J48mI,M48mI,0
H8XsN.jpg,H8XsN,j8X5N,0
67MRU.jpg,67MRU,57MRU,0
42TN1.jpg,42TN1,42TH9,0
sy8Bu.jpg,sy8Bu,sy8Eu,0
8Qn2U.jpg,8Qn2U,8AnzU,0
8z677.jpg,8z677,R2e7Y,0
m2W2c.jpg,m2W2c,j2Wdc,0
5fCsQ.jpg,5fCsQ,5IcsQ,0
nB3Ax.jpg,nB3Ax,nBjAx,0
8f1bi.jpg,8f1bi,3f10i,0
TMUWt.jpg,TMUWt,TAUWC,0
411ae.jpg,411ae,41Lue,0
9O34e.jpg,9O34e,9051e,0
01236.jpg,01236,01236,1
676Kd.jpg,676Kd,S26Kd,0
T3Lb4.jpg,T3Lb4,T3Lb4,1
9Sj08.jpg,9Sj08,95j08,0
yCY68.jpg,yCY68,ZCY68,0
330Uz.jpg,330Uz,BSoU7,0
07Qit.jpg,07Qit,07alt,0
gV4FX.jpg,gV4FX,gU4EX,0
9J561.jpg,9J561,9JM61,0
l2R7N.jpg,l2R7N,i2R7m,0
muMkw.jpg,muMkw,muMkw,1
I119t.jpg,I119t,lT1Rt,0
YTZYR.jpg,YTZYR,yTZUQ,0
42T92.jpg,42T92,47I92,0
rhmW6.jpg,rhmW6,rhQV6,0
nAhE8.jpg,nAhE8,uAhE8,0
kx6eJ.jpg,kx6eJ,Kx5OI,0
bgrsl.jpg,bgrsl,barsI,0
ndy3Y.jpg,ndy3Y,m4y3T,0
pX3Da.jpg,pX3Da,pX3DJ,0
SCr74.jpg,SCr74,5Cr74,0
fLuN7.jpg,fLuN7,iLaM7,0
7ijvk.jpg,7ijvk,7iNvk,0
P1986.jpg,P1986,Pl936,0
XfcJ5.jpg,XfcJ5,XHcJ5,0
j736O.jpg,j736O,N7360,0
VVt16.jpg,VVt16,uVtl6,0
rT812.jpg,rT812,CT312,0
wHYkL.jpg,wHYkL,wHVkJ,0
2YAbM.jpg,2YAbM,2YfbM,0
nr9ph.jpg,nr9ph,Mr9ph,0
Ty3aM.jpg,Ty3aM,Ty2aH,0
y6422.jpg,y6422,Y547P,0
8Zx4F.jpg,8Zx4F,8ZX4F,0
WF2v8.jpg,WF2v8,WF2v8,1
TFHb9.jpg,TFHb9,TZHz9,0
0d63Z.jpg,0d63Z,0H637,0
08k16.jpg,08k16,eZkj6,0
v7T1H.jpg,v7T1H,nZF1H,0
69QB8.jpg,69QB8,i9QR8,0
Qt04c.jpg,Qt04c,Ql04c,0
h4r13.jpg,h4r13,h4rV3,0
bac9z.jpg,bac9z,bac9z,1
PpRPf.jpg,PpRPf,EoRTf,0
Ik873.jpg,Ik873,IK673,0
zO9D1.jpg,zO9D1,2OSn1,0
RdLQB.jpg,RdLQB,Pd1O8,0
ng57w.jpg,ng57w,fg57w,0
C2TRb.jpg,C2TRb,vaYzb,0
0gqpS.jpg,0gqpS,0qNpS,0
TAJYN.jpg,TAJYN,iAJYK,0
5s896.jpg,5s896,5sR96,0
6eB5C.jpg,6eB5C,6eH5C,0
GNTPR.jpg,GNTPR,GNTpR,0
2La1Z.jpg,2La1Z,7wyrZ,0
VPG6n.jpg,VPG6n,VFGih,0
4j57J.jpg,4j57J,G157u,0
vlp1u.jpg,vlp1u,9lpiu,0
02ias.jpg,02ias,02Iaw,0
fgHxa.jpg,fgHxa,fTHxa,0
t7I69.jpg,t7I69,t7j69,0
36z8a.jpg,36z8a,36ZEa,0
5Lvw4.jpg,5Lvw4,5lVw4,0
SrgAE.jpg,SrgAE,SrqAE,0
3ru0c.jpg,3ru0c,3ru0s,0
02I7c.jpg,02I7c,0tK7c,0
yUwwI.jpg,yUwwI,yUfwI,0
f78i6.jpg,f78i6,978k6,0
4Gy35.jpg,4Gy35,4Cy35,0
41Q9o.jpg,41Q9o,K1O9c,0
y2OC3.jpg,y2OC3,u2OE5,0
VJs1a.jpg,VJs1a,VJ5ra,0
aOUBR.jpg,aOUBR,aOU3R,0
5EoZK.jpg,5EoZK,9FoZK,0
198wj.jpg,198wj,198wj,1
n0pH0.jpg,n0pH0,m0FHS,0
1gqj9.jpg,1gqj9,1ZqF9,0
izVy4.jpg,izVy4,lzVy4,0
4pxF2.jpg,4pxF2,4p5E2,0
Vf7r1.jpg,Vf7r1,Uf7zJ,0
F4vVs.jpg,F4vVs,F4xVs,0
r7pf1.jpg,r7pf1,r7Bf1,0
iiWes.jpg,iiWes,nTWeS,0
92Z4r.jpg,92Z4r,92L4r,0
a229h.jpg,a229h,a2RSH,0
7i18l.jpg,7i18l,7rY8U,0
26qg1.jpg,26qg1,26Qg1,0
w65kR.jpg,w65kR,w15oR,0
GW7fg.jpg,GW7fg,6W7fg,0
lY9cg.jpg,lY9cg,IY9Cg,0
Q5nGb.jpg,Q5nGb,O51Gb,0
YJ9m2.jpg,YJ9m2,VJ9h2,0
O49KQ.jpg,O49KQ,u49KQ,0
I3KQv.jpg,I3KQv,I3KQv,1
fl20Z.jpg,fl20Z,fb5eS,0
ro3s5.jpg,ro3s5,ro3K5,0
0r3BN.jpg,0r3BN,Qr3BN,0
Fwgw2.jpg,Fwgw2,Cvgu2,0
PEN11.jpg,PEN11,FuNz1,0
t840w.jpg,t840w,L840W,0
1V3F1.jpg,1V3F1,TV3E1,0
m065D.jpg,m065D,m765D,0
Kop57.jpg,Kop57,Hcp57,0
mrDL0.jpg,mrDL0,mrYL0,0
3yfPI.jpg,3yfPI,ZmfPJ,0
aeuri.jpg,aeuri,adupT,0
8Jpf1.jpg,8Jpf1,0JpTF,0
FPYre.jpg,FPYre,FMYro,0
PSRA4.jpg,PSRA4,FSRA4,0
g7Ceu.jpg,g7Ceu,g7CeK,0
TjWC9.jpg,TjWC9,TjWR9,0
kqa0q.jpg,kqa0q,k3n6q,0
Trr1R.jpg,Trr1R,TurlR,0
d862P.jpg,d862P,d8X2P,0
Q31Vj.jpg,Q31Vj,O3TVj,0
ccg6F.jpg,ccg6F,cHg6P,0
kqMp7.jpg,kqMp7,kqMw7,0
d0E9I.jpg,d0E9I,dQE9Z,0
BmBFe.jpg,BmBFe,4mBFe,0
XxLjy.jpg,XxLjy,AxEjy,0
LRCPK.jpg,LRCPK,LRCPx,0
RS8jO.jpg,RS8jO,LS8jO,0
a3oG8.jpg,a3oG8,aJHG8,0
0hN9H.jpg,0hN9H,0EN9W,0
73h0P.jpg,73h0P,73KCP,0
9882B.jpg,9882B,9362K,0
Cg5NC.jpg,Cg5NC,lg5NC,0
0a9CI.jpg,0a9CI,0a9C1,0
Mo5Xv.jpg,Mo5Xv,Mo5Xv,1
N0p3q.jpg,N0p3q,N0p3q,1
2B3zh.jpg,2B3zh,2BJzh,0
Li88u.jpg,Li88u,ZiS8u,0
2B8Jy.jpg,2B8Jy,2W8Jv,0
mAgiw.jpg,mAgiw,mAgiy,0
Pw78n.jpg,Pw78n,PW78r,0
X8F65.jpg,X8F65,X3r6T,0
Grv5d.jpg,Grv5d,Cxv5J,0
9TcC1.jpg,9TcC1,27eC1,0
Q85OR.jpg,Q85OR,u85OR,0
15kOA.jpg,15kOA,15aGA,0
y6Xpz.jpg,y6Xpz,y6KPz,0
7I1as.jpg,7I1as,7lWas,0
iZZ6j.jpg,iZZ6j,rz761,0
IG708.jpg,IG708,lG70X,0
fOrX3.jpg,fOrX3,f0rX3,0
yoDYx.jpg,yoDYx,uoDYZ,0
aUQNq.jpg,aUQNq,aUONm,0
7csJD.jpg,7csJD,7csJD,1
j6ilE.jpg,j6ilE,J6vhE,0
0OnOF.jpg,0OnOF,6Dn0E,0
zGFUj.jpg,zGFUj,zGFUi,0
7MvU1.jpg,7MvU1,7Mve1,0
513Ok.jpg,513Ok,o13Qk,0
4PQ7N.jpg,4PQ7N,4PO7H,0
A199N.jpg,A199N,A1z9N,0
6j1E2.jpg,6j1E2,6j4E2,0
Qx4W7.jpg,Qx4W7,OP4W7,0
5c5UV.jpg,5c5UV,5cAUV,0
S8sQ2.jpg,S8sQ2,98sQZ,0
X6a2h.jpg,X6a2h,X6a2h,1
glW5S.jpg,glW5S,glW5O,0
T9LsH.jpg,T9LsH,F9asH,0
1RQ70.jpg,1RQ70,1Kq70,0
z2Gjc.jpg,z2Gjc,a9w7b,0
MwyYz.jpg,MwyYz,M0fYz,0
Y286P.jpg,Y286P,VMd6P,0
rZDTG.jpg,rZDTG,r2D1C,0
SBJZ1.jpg,SBJZ1,SBJZ1,1
PsIvk.jpg,PsIvk,PslYK,0
025P9.jpg,025P9,025k9,0
AIo51.jpg,AIo51,fX851,0
wHY20.jpg,wHY20,wEV20,0
P6Bzz.jpg,P6Bzz,D63a4,0
axoxG.jpg,axoxG,aXpRC,0
89nk8.jpg,89nk8,R9mk8,0
A8iF3.jpg,A8iF3,AWjFs,0
782Z5.jpg,782Z5,l82ZY,0
F0MFm.jpg,F0MFm,EOMrn,0
H0u2K.jpg,H0u2K,H0uZK,0
n8V8c.jpg,n8V8c,A6VSC,0
D991l.jpg,D991l,DSoXl,0
FIqmG.jpg,FIqmG,JigmG,0
aCAgq.jpg,aCAgq,2CApq,0
6kkqm.jpg,6kkqm,6lkdm,0
GeboT.jpg,GeboT,GrbaO,0
IJ78m.jpg,IJ78m,gI78u,0
0N8O1.jpg,0N8O1,0N8Z1,0
k4Qh9.jpg,k4Qh9,14eh9,0
2V0kb.jpg,2V0kb,2J0Kb,0
pAW8n.jpg,pAW8n,pAWtG,0
d6S44.jpg,d6S44,d6SZT,0
5Q0XU.jpg,5Q0XU,5QJXU,0
J06g5.jpg,J06g5,J0Cg5,0
OP325.jpg,OP325,CP325,0
hWOJl.jpg,hWOJl,pVOdI,0
ljQCU.jpg,ljQCU,IjQCW,0
BDi6e.jpg,BDi6e,BQktu,0
dzf1t.jpg,dzf1t,dRf1t,0
J5BuV.jpg,J5BuV,J5RmV,0
1Xv8n.jpg,1Xv8n,1Xv8h,0
S7YMl.jpg,S7YMl,S7YMi,0
4aXgZ.jpg,4aXgZ,faXgZ,0
6U3s5.jpg,6U3s5,6U3k5,0
U5cV8.jpg,U5cV8,U5cZH,0
2Oa4L.jpg,2Oa4L,2Oa4L,1
Ukj3T.jpg,Ukj3T,Uhr3T,0
50uhe.jpg,50uhe,50uhe,1
EV0wE.jpg,EV0wE,ZYoWE,0
3iG1u.jpg,3iG1u,3MG1J,0
Bgl42.jpg,Bgl42,wgl42,0
cAATP.jpg,cAATP,CAlJP,0
7YE4A.jpg,7YE4A,7YUsA,0
EFmkl.jpg,EFmkl,EPmKL,0
bw3Fn.jpg,bw3Fn,bV2Em,0
6xQy8.jpg,6xQy8,6M0y8,0
grj20.jpg,grj20,gWj20,0
4FQ97.jpg,4FQ97,4EQ97,0
XBc98.jpg,XBc98,XBc78,0
mk9FN.jpg,mk9FN,mj9FN,0
t1634.jpg,t1634,t1G34,0
9gpt9.jpg,9gpt9,Jap1G,0
RqU4O.jpg,RqU4O,RgU1O,0
5230N.jpg,5230N,5230A,0
73S15.jpg,73S15,73Gt5,0
P4M3b.jpg,P4M3b,Q4MJb,0
92110.jpg,92110,9217k,0
BzFn0.jpg,BzFn0,BzPh0,0
g9F8C.jpg,g9F8C,qHF8C,0
XefP0.jpg,XefP0,Xc1P0,0
Q3vj0.jpg,Q3vj0,Q3Rj0,0
TBhDK.jpg,TBhDK,TBhDZ,0
71R7Q.jpg,71R7Q,jiKYQ,0
9sDqM.jpg,9sDqM,9cDyH,0
k57xH.jpg,k57xH,k57xH,1
1J1A2.jpg,1J1A2,1JEA2,0
GMh02.jpg,GMh02,GMbd2,0
003EZ.jpg,003EZ,e0HEZ,0
9W426.jpg,9W426,9H426,0
rY85F.jpg,rY85F,pY85F,0
tvgWS.jpg,tvgWS,1vgMS,0
tST82.jpg,tST82,tSTB2,0
oYoY6.jpg,oYoY6,oUu1E,0
4tMyM.jpg,4tMyM,3tryM,0
ZgqcJ.jpg,ZgqcJ,ZpqMJ,0
kmaWM.jpg,kmaWM,kmeWM,0
P7O4I.jpg,P7O4I,P704I,0
Jb200.jpg,Jb200,Jb2uO,0
tZOy0.jpg,tZOy0,tZOyB,0
6PG4J.jpg,6PG4J,VPG4J,0
3PDQ5.jpg,3PDQ5,31DQ5,0
WCaV9.jpg,WCaV9,WCfV9,0
kU8cx.jpg,kU8cx,KD6cX,0
316cA.jpg,316cA,316cA,1
M3DV4.jpg,M3DV4,M3ZV4,0
2R510.jpg,2R510,3R5j0,0
SI9V6.jpg,SI9V6,s19V6,0
sTq8v.jpg,sTq8v,5kg9v,0
ZUoC8.jpg,ZUoC8,ZvjE8,0
a2Rue.jpg,a2Rue,azRUe,0
Bbc35.jpg,Bbc35,Zhc35,0
rsfW3.jpg,rsfW3,rufW3,0
BG59R.jpg,BG59R,BC59R,0
94U71.jpg,94U71,94U71,1
2RPt6.jpg,2RPt6,2HPI5,0
NtcF4.jpg,NtcF4,NxcE4,0
EXL2d.jpg,EXL2d,FXL2d,0
Cy6OE.jpg,Cy6OE,CV5OF,0
4gKO8.jpg,4gKO8,4yMO8,0
ltNeF.jpg,ltNeF,LbHQF,0
1XqFd.jpg,1XqFd,1XwFd,0
EpTq2.jpg,EpTq2,EpTqZ,0
Mp01H.jpg,Mp01H,wp01H,0
6735N.jpg,6735N,c7j5N,0
A7h0o.jpg,A7h0o,Q1h0v,0
ro32m.jpg,ro32m,Fo32h,0
0XXwv.jpg,0XXwv,0XAw7,0
8Dr0P.jpg,8Dr0P,8DrGR,0
dJ031.jpg,dJ031,4J0Si,0
LkUiz.jpg,LkUiz,LRUfe,0
MhPP5.jpg,MhPP5,MnF25,0
pmfC3.jpg,pmfC3,pm1C3,0
7uzcq.jpg,7uzcq,7uzfq,0
6ygo0.jpg,6ygo0,6rgP0,0
WRO7C.jpg,WRO7C,VR07S,0
W7Vqr.jpg,W7Vqr,WOVqr,0
9fDZ5.jpg,9fDZ5,SfDZ5,0
v5741.jpg,v5741,vp741,0
9jp17.jpg,9jp17,8jm17,0
6tnZ0.jpg,6tnZ0,6tnZ0,1
GIC3g.jpg,GIC3g,GIc3g,0
Ektt2.jpg,Ektt2,Ekftu,0
0V4LP.jpg,0V4LP,0V4LP,1
jt9CB.jpg,jt9CB,Jt9CB,0
6G3xs.jpg,6G3xs,bQJXs,0
sL343.jpg,sL343,5LP43,0
c0UA0.jpg,c0UA0,cvMAp,0
2Gk19.jpg,2Gk19,26K19,0
8M5Ne.jpg,8M5Ne,8x5Ne,0
ZL00L.jpg,ZL00L,ZTq0L,0
tO39G.jpg,tO39G,1O39G,0
7nZF0.jpg,7nZF0,7nzF9,0
xps78.jpg,xps78,XDs78,0
cBFaM.jpg,cBFaM,cBFay,0
K1WeB.jpg,K1WeB,M1WcB,0
qgmTC.jpg,qgmTC,y8m7C,0
uY4Ig.jpg,uY4Ig,wYZ1g,0
cwzuG.jpg,cwzuG,cxZo6,0
5Je2l.jpg,5Je2l,5Je2L,0
3r2yS.jpg,3r2yS,ur2Y5,0
9hmrs.jpg,9hmrs,9hmFs,0
7UJez.jpg,7UJez,7Ufez,0
R0ps9.jpg,R0ps9,RUps9,0
r0gpy.jpg,r0gpy,r0gpy,1
r02fh.jpg,r02fh,x02fb,0
BQgfS.jpg,BQgfS,BQg1Z,0
2tvJa.jpg,2tvJa,ztWJa,0
IKJ22.jpg,IKJ22,iK0z2,0
LjOFj.jpg,LjOFj,Lx0FJ,0
j9187.jpg,j9187,j9167,0
exBiK.jpg,exBiK,exBjK,0
b37RI.jpg,b37RI,b37RI,1
aSY3N.jpg,aSY3N,aSY3N,1
jzyND.jpg,jzyND,jzqND,0
36a9E.jpg,36a9E,76u9E,0
4Tmvu.jpg,4Tmvu,4lmyu,0
5Ko8l.jpg,5Ko8l,5K07I,0
4Sffm.jpg,4Sffm,4SVfm,0
rWCUZ.jpg,rWCUZ,FWCUZ,0
Jh117.jpg,Jh117,JKzT7,0
F754m.jpg,F754m,F754M,0
oH2zc.jpg,oH2zc,oH2zC,0
41eHT.jpg,41eHT,4feHT,0
7U29X.jpg,7U29X,7H29K,0
Mt1S8.jpg,Mt1S8,Mt15Z,0
wK1m8.jpg,wK1m8,zK1m8,0
Lecbu.jpg,Lecbu,Le2bu,0
4hBvH.jpg,4hBvH,4bBvH,0
E48Fb.jpg,E48Fb,E48Fm,0
E2iW3.jpg,E2iW3,ERiW1,0
5CTjp.jpg,5CTjp,5CTMp,0
7mWff.jpg,7mWff,zmWEf,0
4KwsF.jpg,4KwsF,4HwsE,0
2OGBZ.jpg,2OGBZ,2MGB1,0
s85Kh.jpg,s85Kh,sZ5Kb,0
4KuHY.jpg,4KuHY,4KuHY,1
0NEUk.jpg,0NEUk,oNEUk,0
rmd2A.jpg,rmd2A,rmd5A,0
i7Fgr.jpg,i7Fgr,i75gu,0
4q882.jpg,4q882,4q68Y,0
ekPAA.jpg,ekPAA,eKPm2,0
0TtM4.jpg,0TtM4,07tM4,0
fguUW.jpg,fguUW,IgKUM,0
Xoy53.jpg,Xoy53,XOy53,0
Z1Ffz.jpg,Z1Ffz,Z1Afz,0
nFlgI.jpg,nFlgI,mFigV,0
lOjU5.jpg,lOjU5,iCJM5,0
a4yW1.jpg,a4yW1,a4vU1,0
4J14u.jpg,4J14u,4JfSu,0
1l8tm.jpg,1l8tm,ju3Tm,0
17I5U.jpg,17I5U,17k5U,0
6jK8W.jpg,6jK8W,61K8V,0
d65ow.jpg,d65ow,1C5ew,0
rmS0d.jpg,rmS0d,rmS6J,0
1jY6j.jpg,1jY6j,1iY2f,0
ZxipA.jpg,ZxipA,ZxIpA,0
VqPe6.jpg,VqPe6,VqPk6,0
xaieL.jpg,xaieL,XaFeL,0
dI8X8.jpg,dI8X8,mfZX8,0
Zx9XR.jpg,Zx9XR,Zw0XB,0
Kfvua.jpg,Kfvua,KTvUa,0
6Yo9h.jpg,6Yo9h,6Vz9h,0
SAp7p.jpg,SAp7p,SApMv,0
0v9P2.jpg,0v9P2,0r9P2,0
7P8Yu.jpg,7P8Yu,7P8Yu,1
9n8VQ.jpg,9n8VQ,9n8VQ,1
Jg230.jpg,Jg230,IG230,0
jXGJz.jpg,jXGJz,jXGAV,0
LA8eQ.jpg,LA8eQ,LASe0,0
97Ssn.jpg,97Ssn,97Gsh,0
nNcsP.jpg,nNcsP,uHC5F,0
zrlQ6.jpg,zrlQ6,ZrJO6,0
7c9E2.jpg,7c9E2,7G9f2,0
vLxPR.jpg,vLxPR,VLxPR,0
Zx5Ov.jpg,Zx5Ov,Zx5Gv,0
6P8aa.jpg,6P8aa,6PSha,0
o91ad.jpg,o91ad,p91ad,0
9W22Q.jpg,9W22Q,9WTzC,0
1jLZl.jpg,1jLZl,1jY2l,0
69e0y.jpg,69e0y,69A0y,0
37JOv.jpg,37JOv,37l0v,0
kHJ0d.jpg,kHJ0d,kHJ0d,1
5udTN.jpg,5udTN,5udIW,0
Nh25C.jpg,Nh25C,Nh25C,1
LO3Ue.jpg,LO3Ue,LG3Ue,0
D4qz2.jpg,D4qz2,D4qzC,0
580E0.jpg,580E0,580E2,0
Pym0S.jpg,Pym0S,Fym03,0
Q6oD5.jpg,Q6oD5,Q6cwS,0
Juix9.jpg,Juix9,Cu1x9,0
y29sa.jpg,y29sa,V29sM,0
91579.jpg,91579,9i57R,0
GDPn0.jpg,GDPn0,GDPe0,0
z9YtH.jpg,z9YtH,z9YTH,0
7j5qw.jpg,7j5qw,7j5qw,1
SzWcB.jpg,SzWcB,fzWcB,0
7D9em.jpg,7D9em,7D9eu,0
eSeb5.jpg,eSeb5,QSib2,0
65S71.jpg,65S71,6sS7t,0
I22W9.jpg,I22W9,12PW9,0
B0h74.jpg,B0h74,B0h74,1
LFA38.jpg,LFA38,LFm38,0
O48ts.jpg,O48ts,Q4BLs,0
271o6.jpg,271o6,27Ko6,0
FqprS.jpg,FqprS,1a2r5,0
Hv1s0.jpg,Hv1s0,HV150,0
0ZfPs.jpg,0ZfPs,0VfPs,0
iWREW.jpg,iWREW,iNREY,0
3Y09E.jpg,3Y09E,3T09E,0
DP2H7.jpg,DP2H7,DP2H7,1
6y1Gd.jpg,6y1Gd,5y1Ed,0
2ZrpY.jpg,2ZrpY,HZrpY,0
X2eY3.jpg,X2eY3,X2eY3,1
4J1Nf.jpg,4J1Nf,GJTMf,0
YmfZ2.jpg,YmfZ2,YmfZ2,1
10LSR.jpg,10LSR,1ALSR,0
7aqJ5.jpg,7aqJ5,7wpl5,0
21BHh.jpg,21BHh,21BHC,0
74r97.jpg,74r97,g4t97,0
V5h69.jpg,V5h69,V5H69,0
064S1.jpg,064S1,06NSj,0
Zs1Xe.jpg,Zs1Xe,Zn4Xe,0
J6C50.jpg,J6C50,JhE50,0
BPEBQ.jpg,BPEBQ,HPzBQ,0
u9FGT.jpg,u9FGT,u9MGT,0
4w5Mt.jpg,4w5Mt,4w5MI,0
F6Q1I.jpg,F6Q1I,F601l,0
58pdq.jpg,58pdq,58xdq,0
0VEb5.jpg,0VEb5,0VkWJ,0
P97kb.jpg,P97kb,P9vkB,0
Y85Um.jpg,Y85Um,Y8ZUm,0
06Ade.jpg,06Ade,QfAde,0
ECCi1.jpg,ECCi1,EG0b1,0
ab3do.jpg,ab3do,ab34o,0
1BOtv.jpg,1BOtv,lBOHv,0
l1Z3W.jpg,l1Z3W,l1Z3W,1
27o3S.jpg,27o3S,27oWx,0
6EflO.jpg,6EflO,6MflO,0
C67kU.jpg,C67kU,C67kU,1
U5In5.jpg,U5In5,U5InS,0
i2BPD.jpg,i2BPD,I2BPD,0
mad8A.jpg,mad8A,mzJ8A,0
gXP35.jpg,gXP35,gXF35,0
oZw7n.jpg,oZw7n,oZkSn,0
NQHUs.jpg,NQHUs,Ne1Us,0
v1JDq.jpg,v1JDq,v1JDH,0
9Yucu.jpg,9Yucu,9YucA,0
qzdg0.jpg,qzdg0,qzdGb,0
iTbq5.jpg,iTbq5,xThq5,0
LQPMe.jpg,LQPMe,LnPMe,0
N6in3.jpg,N6in3,N6Yc3,0
0Uw4w.jpg,0Uw4w,OUx4W,0
T5Pyz.jpg,T5Pyz,O5Pyz,0
9W9X2.jpg,9W9X2,9V0x2,0
FK8Gl.jpg,FK8Gl,FKUwl,0
h0QQI.jpg,h0QQI,h0Q81,0
8Bpbk.jpg,8Bpbk,8Epuk,0
6KFLJ.jpg,6KFLJ,6KFLJ,1
8Vxvq.jpg,8Vxvq,81xjq,0
S7O1R.jpg,S7O1R,3701H,0
rAr89.jpg,rAr89,eAt89,0
SU45Y.jpg,SU45Y,rU45Y,0
OQV3X.jpg,OQV3X,DmV3K,0
KjecE.jpg,KjecE,KJecE,0
dW55N.jpg,dW55N,dWsbN,0
ilGWf.jpg,ilGWf,7LGWf,0
A6m1p.jpg,A6m1p,A5m1P,0
79EsM.jpg,79EsM,79ExM,0
TTrBo.jpg,TTrBo,FUr8o,0
BAP6K.jpg,BAP6K,BAPGK,0
6azb0.jpg,6azb0,6axh0,0
WyH3S.jpg,WyH3S,WvH3S,0
DpWt9.jpg,DpWt9,ApWt9,0
8nA55.jpg,8nA55,8nAV5,0
8Md6F.jpg,8Md6F,8Md0F,0
34fi7.jpg,34fi7,34fh7,0
Go84F.jpg,Go84F,6e84F,0
WJ9QV.jpg,WJ9QV,XJ9CF,0
WSMD4.jpg,WSMD4,ZSMD4,0
gg7tP.jpg,gg7tP,Yu5lR,0
os9cQ.jpg,os9cQ,ox9LQ,0
52bGU.jpg,52bGU,32lCU,0
y1P29.jpg,y1P29,y1P29,1
uB5JP.jpg,uB5JP,y85JP,0
2651W.jpg,2651W,26v1W,0
083Vh.jpg,083Vh,e8iVh,0
CSb7c.jpg,CSb7c,C5b1c,0
1kAX7.jpg,1kAX7,1k8X7,0
A3PD0.jpg,A3PD0,A3PDV,0
c8GTJ.jpg,c8GTJ,e8C7J,0
yK513.jpg,yK513,yK513,1
PWjZ8.jpg,PWjZ8,PVIZ6,0
qTTvA.jpg,qTTvA,qPTyA,0
zx2Qa.jpg,zx2Qa,pW2Oa,0
XH20x.jpg,XH20x,XE20y,0
13I24.jpg,13I24,1wj24,0
tgxy0.jpg,tgxy0,tgxW0,0
j99wZ.jpg,j99wZ,LQ9WZ,0
XOlcZ.jpg,XOlcZ,R01c2,0
45l0U.jpg,45l0U,45jCH,0
U1PHE.jpg,U1PHE,U1PHE,1
q2O46.jpg,q2O46,q2O4V,0
7U5RS.jpg,7U5RS,1U5K9,0
KYz70.jpg,KYz70,HV270,0
NaWK5.jpg,NaWK5,NeWK5,0
9699W.jpg,9699W,o613W,0
0vn0p.jpg,0vn0p,oVq9P,0
1fmf4.jpg,1fmf4,Lzme3,0
jYZxf.jpg,jYZxf,JV2xC,0
wBc09.jpg,wBc09,wBq09,0
A0yP1.jpg,A0yP1,A0yPI,0
RC4tv.jpg,RC4tv,RCatv,0
K8Skv.jpg,K8Skv,K851V,0
xGtw8.jpg,xGtw8,5Gtn8,0
N25Yj.jpg,N25Yj,NZ5Yj,0
X1996.jpg,X1996,X1m96,0
Umz0R.jpg,Umz0R,LmZ0R,0
15si5.jpg,15si5,1Sax5,0
v0E34.jpg,v0E34,Y0E34,0
sJdEn.jpg,sJdEn,s0dEn,0
Y6ULY.jpg,Y6ULY,v6HlJ,0
X6UVe.jpg,X6UVe,X6UVe,1
Vd5JQ.jpg,Vd5JQ,Vd5lC,0
MUBBu.jpg,MUBBu,MUB8u,0
41i38.jpg,41i38,41L38,0
t2kZh.jpg,t2kZh,U9kZb,0
33s21.jpg,33s21,TxsZl,0
4z2cf.jpg,4z2cf,Nz2cf,0
8qAL5.jpg,8qAL5,3gA15,0
Ct77A.jpg,Ct77A,CtyZA,0
cCO5c.jpg,cCO5c,YCO5n,0
sA0VZ.jpg,sA0VZ,sA0VZ,1
7t3mh.jpg,7t3mh,7t3wh,0
RQ3Vo.jpg,RQ3Vo,PC3Me,0
HiXuC.jpg,HiXuC,HfXuC,0
A9Uep.jpg,A9Uep,A9Uxp,0
wYt68.jpg,wYt68,wYL6d,0
99fS2.jpg,99fS2,9SrwN,0
wpTAV.jpg,wpTAV,wpOXV,0
ozGqO.jpg,ozGqO,MzGqO,0
oEncK.jpg,oEncK,oZncK,0
D381m.jpg,D381m,DX81m,0
h1Iro.jpg,h1Iro,hVlro,0
2258K.jpg,2258K,2458K,0
dgA7h.jpg,dgA7h,dgA7b,0
2G83j.jpg,2G83j,2Gd3L,0
2Zu5Y.jpg,2Zu5Y,2Zn5T,0
h1IP1.jpg,h1IP1,h3TD1,0
w5Hob.jpg,w5Hob,W2Hob,0
91Ya7.jpg,91Ya7,9lXa7,0
in3pL.jpg,in3pL,ia3pG,0
5Iz4R.jpg,5Iz4R,5Iz4R,1
V54hA.jpg,V54hA,V5ehA,0
9uTqP.jpg,9uTqP,6uTqP,0
L00UZ.jpg,L00UZ,L0Jnz,0
jhskc.jpg,jhskc,Jh5KC,0
X52L2.jpg,X52L2,X59I2,0
9I6N0.jpg,9I6N0,9IeN0,0
A92Bv.jpg,A92Bv,A92EV,0
Gc5hx.jpg,Gc5hx,Gc5hX,0
4Se52.jpg,4Se52,4fe52,0
FPXUa.jpg,FPXUa,fPXUa,0
5r4Hf.jpg,5r4Hf,7r4Hf,0
M1sMW.jpg,M1sMW,M1sAW,0
u34SJ.jpg,u34SJ,u3HSJ,0
k5a1D.jpg,k5a1D,k5e1D,0
ix46d.jpg,ix46d,7X46u,0
2xd9T.jpg,2xd9T,2nd9T,0
xQ3Jb.jpg,xQ3Jb,xO3Fh,0
V9K0M.jpg,V9K0M,V9x0M,0
K2q4J.jpg,K2q4J,K2g4J,0
7pObA.jpg,7pObA,YP0bA,0
oteG3.jpg,oteG3,vfeW3,0
SxVQu.jpg,SxVQu,5XVOa,0
JYv78.jpg,JYv78,JYu76,0
TUCg6.jpg,TUCg6,TUCg6,1
2vAqT.jpg,2vAqT,2vAqT,1
Y4D6D.jpg,Y4D6D,Yl7gW,0
bMS3r.jpg,bMS3r,bMS3r,1
873sX.jpg,873sX,813nX,0
cMxOO.jpg,cMxOO,cAxCQ,0
JSSCD.jpg,JSSCD,1SfCD,0
7sm0A.jpg,7sm0A,7suHA,0
FJlRy.jpg,FJlRy,FdjRv,0
6c7eY.jpg,6c7eY,6C7eV,0
lq259.jpg,lq259,lQK59,0
zTF9k.jpg,zTF9k,z5C9k,0
Q53R7.jpg,Q53R7,O53R7,0
7xyx0.jpg,7xyx0,1nyS0,0
JkAgD.jpg,JkAgD,YkAgD,0
6Y8vS.jpg,6Y8vS,678vS,0
lQK7v.jpg,lQK7v,iOK7v,0
T59F4.jpg,T59F4,Tu9F4,0
WHo4k.jpg,WHo4k,VHo3k,0
iDTjv.jpg,iDTjv,rDFjv,0
e822f.jpg,e822f,e8A2I,0
l4W8F.jpg,l4W8F,14W8F,0
9qzlf.jpg,9qzlf,9qzHf,0
9B9ep.jpg,9B9ep,yB9e7,0
aLx78.jpg,aLx78,aLx78,1
JThwh.jpg,JThwh,JIhwb,0
5o0hX.jpg,5o0hX,5eQhK,0
Izlgd.jpg,Izlgd,S7lyd,0
34J0S.jpg,34J0S,34lQs,0
x8PeR.jpg,x8PeR,x9PeR,0
RIZ3e.jpg,RIZ3e,0YZ3e,0
q1S6c.jpg,q1S6c,q1S6c,1
MF61J.jpg,MF61J,MF6xJ,0
HctS9.jpg,HctS9,Hct89,0
g7kiH.jpg,g7kiH,g7hiH,0
6T6E4.jpg,6T6E4,G7bE4,0
zpSH5.jpg,zpSH5,zpCW5,0
b9397.jpg,b9397,b93On,0
5LnRl.jpg,5LnRl,5ZnRl,0
9N4wO.jpg,9N4wO,9N4wO,1
183t3.jpg,183t3,18At5,0
8w9x7.jpg,8w9x7,Nw9x7,0
O9T29.jpg,O9T29,OM129,0
DjMdQ.jpg,DjMdQ,DjMuQ,0
2L99w.jpg,2L99w,2k0Sw,0
Su1gR.jpg,Su1gR,3u1gR,0
m8Jcr.jpg,m8Jcr,A8Jcr,0
HxSpI.jpg,HxSpI,HxSpI,1
8qqgO.jpg,8qqgO,8yaiO,0
scDIv.jpg,scDIv,ys0fv,0
U2yPp.jpg,U2yPp,U2yPp,1
TCDy2.jpg,TCDy2,TC3m2,0
m0ICc.jpg,m0ICc,n01Ce,0
0ofaS.jpg,0ofaS,0efqW,0
2554a.jpg,2554a,2D5fn,0
2lUTd.jpg,2lUTd,ZsUTd,0
62630.jpg,62630,62h30,0
WB1Y1.jpg,WB1Y1,W8lY4,0
A2z5q.jpg,A2z5q,M2z5q,0
5hW7L.jpg,5hW7L,5hM7t,0
iXAw7.jpg,iXAw7,iYAw7,0
9DD68.jpg,9DD68,1Qb68,0
1x29K.jpg,1x29K,1x29K,1
H9aoi.jpg,H9aoi,H9uoi,0
N8B14.jpg,N8B14,N6zT4,0
FHA6R.jpg,FHA6R,FHAGR,0
4Y78y.jpg,4Y78y,4YC8w,0
8oNOA.jpg,8oNOA,8oTOA,0
dpw95.jpg,dpw95,dpw95,1
R5BV1.jpg,R5BV1,R56w1,0
Qi0VM.jpg,Qi0VM,Q10VH,0
NxMqE.jpg,NxMqE,NxMqE,1
Cjo9z.jpg,Cjo9z,CIoWz,0
SF26z.jpg,SF26z,SF26z,1
f8ow5.jpg,f8ow5,f8ow5,1
oW0Ma.jpg,oW0Ma,oWCMu,0
wkzFP.jpg,wkzFP,wkzfJ,0
9njqn.jpg,9njqn,9n14M,0
MQ04M.jpg,MQ04M,fG94M,0
rfg9l.jpg,rfg9l,rfq5h,0
CKyVZ.jpg,CKyVZ,CK9VZ,0
cBu48.jpg,cBu48,cku48,0
93zQj.jpg,93zQj,93zQi,0
40ZLF.jpg,40ZLF,40ZLY,0
5ANm1.jpg,5ANm1,ZAHm1,0
5QFGH.jpg,5QFGH,5QrGH,0
BIJVd.jpg,BIJVd,BZJVd,0
2zWtT.jpg,2zWtT,2nVtT,0
4g844.jpg,4g844,lApz9,0
7aOzK.jpg,7aOzK,7aOyK,0
dUVj2.jpg,dUVj2,dEYj2,0
hrj6a.jpg,hrj6a,hrV6a,0
at46c.jpg,at46c,at46c,1
yAw4X.jpg,yAw4X,JAw9X,0
EDfm5.jpg,EDfm5,ED1w5,0
Fec0o.jpg,Fec0o,FeC2m,0
IQ6y8.jpg,IQ6y8,lQ6xe,0
cUowD.jpg,cUowD,cUqxD,0
k5815.jpg,k5815,kD815,0
4GQ1T.jpg,4GQ1T,4GQrT,0
E7fiA.jpg,E7fiA,EmfiA,0
FgIQo.jpg,FgIQo,EgYQ8,0
32774.jpg,32774,p27V4,0
QS6Om.jpg,QS6Om,C36Dm,0
89684.jpg,89684,3YG84,0
9z2Ox.jpg,9z2Ox,9H20x,0
4CMKe.jpg,4CMKe,4CMxe,0
HG320.jpg,HG320,HG320,1
FQy8e.jpg,FQy8e,TQy8c,0
4F5O1.jpg,4F5O1,4F501,0
OgSY1.jpg,OgSY1,OwSPL,0
4yNn9.jpg,4yNn9,4vfo9,0
wM72w.jpg,wM72w,wNf2y,0
0ILhw.jpg,0ILhw,0rLhw,0
7tsmm.jpg,7tsmm,7lSnm,0
TkUD6.jpg,TkUD6,rkuD6,0
4aWyR.jpg,4aWyR,4aHyR,0
p0rbw.jpg,p0rbw,k0v5u,0
pAHtu.jpg,pAHtu,pAHtu,1
3uj09.jpg,3uj09,3V109,0
FSjWL.jpg,FSjWL,FSjWL,1
b8Gc1.jpg,b8Gc1,b8me1,0
0e48V.jpg,0e48V,0e487,0
7LO3q.jpg,7LO3q,7EC3a,0
35y4L.jpg,35y4L,35y4L,1
203BM.jpg,203BM,203BK,0
mCUU5.jpg,mCUU5,mCtU5,0
DKibk.jpg,DKibk,DK4bk,0
Ss2gg.jpg,Ss2gg,Si29e,0
PFtE2.jpg,PFtE2,PytK2,0
nk2jP.jpg,nk2jP,nk2CP,0
1wf64.jpg,1wf64,1w264,0
OU1Hh.jpg,OU1Hh,OV1Rh,0
jot57.jpg,jot57,jqt57,0
cbYUm.jpg,cbYUm,ZbYHn,0
QRYuW.jpg,QRYuW,QPYmW,0
rw7S1.jpg,rw7S1,rW7S1,0
qcW89.jpg,qcW89,acWx9,0
CBK04.jpg,CBK04,CBmo4,0
v4gBF.jpg,v4gBF,v4eBF,0
M2QE3.jpg,M2QE3,H2CE3,0
RT2sY.jpg,RT2sY,RT2sY,1
0w34S.jpg,0w34S,0k34S,0
5q104.jpg,5q104,5g1H4,0
kl8Qb.jpg,kl8Qb,kIBQV,0
C0XFy.jpg,C0XFy,C0AFy,0
gQ23h.jpg,gQ23h,gQ2Sh,0
5341e.jpg,5341e,5341c,0
1hj49.jpg,1hj49,1hL49,0
9c8RG.jpg,9c8RG,9c8RG,1
Ie7H0.jpg,Ie7H0,Ie7H0,1
dV1RM.jpg,dV1RM,GVzRM,0
bhix3.jpg,bhix3,b5Q1o,0
1h4DH.jpg,1h4DH,1h4NW,0
k58Ix.jpg,k58Ix,K581x,0
1Gp9R.jpg,1Gp9R,1Cp9R,0
6ub1x.jpg,6ub1x,6uhIx,0
mPmI1.jpg,mPmI1,mFsd1,0
24x90.jpg,24x90,24XF0,0
g84ZR.jpg,g84ZR,y84ZP,0
GrGn8.jpg,GrGn8,Grdn8,0
sq6qk.jpg,sq6qk,Sy6ak,0
52y1s.jpg,52y1s,F25bm,0
i4zQb.jpg,i4zQb,i4zCb,0
SFysS.jpg,SFysS,9byeS,0
Y1RJ6.jpg,Y1RJ6,V1PJ6,0
z24P7.jpg,z24P7,n24P7,0
h1e13.jpg,h1e13,bPcl3,0
R9A0o.jpg,R9A0o,E9A0u,0
jk3Y8.jpg,jk3Y8,jk3Y8,1
1Un54.jpg,1Un54,1CR54,0
LW6I9.jpg,LW6I9,kA619,0
9zRM5.jpg,9zRM5,9zRM5,1
6g7w8.jpg,6g7w8,6g7W8,0
U177y.jpg,U177y,U12Fy,0
HDA34.jpg,HDA34,HDA34,1
xTguF.jpg,xTguF,xTgcJ,0
57dq2.jpg,57dq2,57Hq2,0
24Qd9.jpg,24Qd9,2kQd9,0
2BG25.jpg,2BG25,JBGj5,0
mDw54.jpg,mDw54,mDW54,0
hVf3d.jpg,hVf3d,hvr3d,0
co04f.jpg,co04f,cmO4f,0
DX1Pw.jpg,DX1Pw,DX1PQ,0
iSe5O.jpg,iSe5O,jSe5O,0
cW26z.jpg,cW26z,ch26z,0
M7g6x.jpg,M7g6x,M7g6x,1
09yDK.jpg,09yDK,097DK,0
4q3f4.jpg,4q3f4,4q3Ph,0
YtwK8.jpg,YtwK8,YfmK8,0
v8a55.jpg,v8a55,v8a5N,0
dq6U0.jpg,dq6U0,Jq6U0,0
WsVGO.jpg,WsVGO,W5vG0,0
77L8m.jpg,77L8m,7XL8m,0
Ab844.jpg,Ab844,Ab8q4,0
XOps1.jpg,XOps1,KOps1,0
y74XQ.jpg,y74XQ,yt4XQ,0
au96Q.jpg,au96Q,am9bQ,0
NF04a.jpg,NF04a,HE04a,0
MKS2O.jpg,MKS2O,MK52D,0
NmX4e.jpg,NmX4e,NmX4e,1
k5fM1.jpg,k5fM1,k5fMY,0
6gwXr.jpg,6gwXr,6qwXr,0
2aUE2.jpg,2aUE2,7qUFZ,0
Va1p7.jpg,Va1p7,VaiP7,0
OPevI.jpg,OPevI,OPcV1,0
3VF5c.jpg,3VF5c,3Vh5c,0
n126R.jpg,n126R,n12GR,0
5Nm6H.jpg,5Nm6H,5xm8H,0
e2917.jpg,e2917,ed917,0
It72x.jpg,It72x,lt7Ax,0
0F38J.jpg,0F38J,oFY8J,0
fx59S.jpg,fx59S,fA59S,0
kEf72.jpg,kEf72,kBf72,0
5ae36.jpg,5ae36,5yE36,0
654F1.jpg,654F1,654R1,0
C57v2.jpg,C57v2,C47vT,0
0U5Tz.jpg,0U5Tz,0UKTz,0
097Qa.jpg,097Qa,09zOq,0
kRP5M.jpg,kRP5M,kAP5M,0
7ecHG.jpg,7ecHG,7o5HG,0
sh9iK.jpg,sh9iK,sbJiM,0
4NXwL.jpg,4NXwL,4NXWL,0
ErjyO.jpg,ErjyO,ErHvO,0
08ohM.jpg,08ohM,08ohV,0
YD3ot.jpg,YD3ot,VD3ot,0
5RMRO.jpg,5RMRO,5B7K0,0
x3sA1.jpg,x3sA1,X3sA1,0
55U16.jpg,55U16,FpU16,0
LQ70q.jpg,LQ70q,LQ7vg,0
0yxju.jpg,0yxju,0YXIa,0
rvJ51.jpg,rvJ51,cuJ51,0
fjLiR.jpg,fjLiR,fjDnB,0
JYT7M.jpg,JYT7M,JzT7M,0
3X8qS.jpg,3X8qS,3X8qS,1
1Vi8Y.jpg,1Vi8Y,1Vr8X,0
lTo4d.jpg,lTo4d,kToad,0
7W3e9.jpg,7W3e9,7W3c9,0
AWHZE.jpg,AWHZE,AWrZF,0
u0a5p.jpg,u0a5p,u0Y5P,0
iL27f.jpg,iL27f,YC27f,0
q0E4O.jpg,q0E4O,q0F4Q,0
qTc4x.jpg,qTc4x,qTc2x,0
mW176.jpg,mW176,cW176,0
308pQ.jpg,308pQ,108nQ,0
9swe6.jpg,9swe6,9swh6,0
Rg62L.jpg,Rg62L,Ry62L,0
x15LG.jpg,x15LG,x15LG,1
f1mT7.jpg,f1mT7,l4mX7,0
mzqP4.jpg,mzqP4,mzqP4,1
x0mv1.jpg,x0mv1,x0mvl,0
404vC.jpg,404vC,J95vC,0
5IX97.jpg,5IX97,5IX97,1
1av0M.jpg,1av0M,1ev0M,0
7L3C5.jpg,7L3C5,ML3Cs,0
kBqCO.jpg,kBqCO,kBqcO,0
Q8f7e.jpg,Q8f7e,C8f7a,0
9iZmB.jpg,9iZmB,9iZmB,1
q180Z.jpg,q180Z,g180Z,0
5r19W.jpg,5r19W,5r49W,0
S201H.jpg,S201H,S201H,1
a4uoZ.jpg,a4uoZ,s4uo7,0
KHhsA.jpg,KHhsA,KIqsA,0
B6It2.jpg,B6It2,H6yt2,0
t48E1.jpg,t48E1,t48wT,0
LI27G.jpg,LI27G,kf27G,0
H7QP3.jpg,H7QP3,H7OP3,0
ZcR8M.jpg,ZcR8M,ZcR8M,1
jk4JI.jpg,jk4JI,jK4JC,0
rr8MB.jpg,rr8MB,rOgMB,0
67Ul3.jpg,67Ul3,67Ul3,1
T194H.jpg,T194H,T194H,1
Uhp3O.jpg,Uhp3O,UhZ3O,0
IqXcK.jpg,IqXcK,igxCK,0
Kzopk.jpg,Kzopk,Kz0PL,0
94OR6.jpg,94OR6,94rR6,0
1U0Sh.jpg,1U0Sh,7u05h,0
pQ93F.jpg,pQ93F,pQw3f,0
UpLl6.jpg,UpLl6,UpElX,0
ShIb5.jpg,ShIb5,SkIA5,0
Wy1fh.jpg,Wy1fh,Wy19h,0
4M6KS.jpg,4M6KS,4u6KS,0
Ii8VX.jpg,Ii8VX,Ie8VX,0
M533m.jpg,M533m,M6J3m,0
mN04R.jpg,mN04R,SN04R,0
848DA.jpg,848DA,fvZDA,0
4uMJ3.jpg,4uMJ3,4uHJ7,0
dF0E7.jpg,dF0E7,JF0EM,0
0RUX5.jpg,0RUX5,0RUY5,0
lkoy7.jpg,lkoy7,lkoy7,1
AdYal.jpg,AdYal,AdVaI,0
WV5a3.jpg,WV5a3,Wv5a3,0
0e69p.jpg,0e69p,Uz69p,0
FVu78.jpg,FVu78,EYu78,0
FEFC6.jpg,FEFC6,lR5C6,0
g0N9C.jpg,g0N9C,g0NjC,0
UI1pE.jpg,UI1pE,UlqpE,0
ttrB8.jpg,ttrB8,LhrJ8,0
0REPc.jpg,0REPc,0REYc,0
9XO66.jpg,9XO66,9XE5B,0
O331A.jpg,O331A,O3n1P,0
9DqoI.jpg,9DqoI,9DqM1,0
6KOJB.jpg,6KOJB,cKOJB,0
31KWP.jpg,31KWP,3IKwP,0
E2283.jpg,E2283,E2A83,0
VZjVI.jpg,VZjVI,oZjVT,0
L66r9.jpg,L66r9,L8GF9,0
P3wUW.jpg,P3wUW,P3nUG,0
7W8z0.jpg,7W8z0,7k8z0,0
61vAA.jpg,61vAA,Civn4,0
6fM81.jpg,6fM81,6rMR1,0
Dv1JK.jpg,Dv1JK,Dv1JK,1
2P2OH.jpg,2P2OH,2Fx0H,0
5DSN7.jpg,5DSN7,5D8X7,0
R4q0l.jpg,R4q0l,R4q0l,1
91Nz1.jpg,91Nz1,9fHx1,0
Y7z42.jpg,Y7z42,Ymz42,0
iE2n4.jpg,iE2n4,iK2uv,0
CM33r.jpg,CM33r,GM3ar,0
C1KZV.jpg,C1KZV,C1B2V,0
7Dind.jpg,7Dind,7PInd,0
3SE0A.jpg,3SE0A,3SEuA,0
z07Uj.jpg,z07Uj,z07Uj,1
82KAa.jpg,82KAa,82KAq,0
knig3.jpg,knig3,kniq3,0
mN7h1.jpg,mN7h1,OK7h1,0
undi3.jpg,undi3,uRdi3,0
4COfw.jpg,4COfw,4C0FH,0
eJTeD.jpg,eJTeD,aJ1ED,0
3Jxww.jpg,3Jxww,3JpwZ,0
W0KJ7.jpg,W0KJ7,WpKJ7,0
zn5wB.jpg,zn5wB,zn5wB,1
uGqSh.jpg,uGqSh,uGqPh,0
r69Fc.jpg,r69Fc,rGYFc,0
Ebg5y.jpg,Ebg5y,EHg57,0
YJ432.jpg,YJ432,YC432,0
sc8ca.jpg,sc8ca,sCIca,0
5Ybum.jpg,5Ybum,5Ybgm,0
R67JX.jpg,R67JX,R6m3X,0
PF8HJ.jpg,PF8HJ,Pf8HJ,0
9JsU6.jpg,9JsU6,9JzUr,0
7zJvw.jpg,7zJvw,7zJOw,0
pXgNJ.jpg,pXgNJ,PXgNJ,0
FLDt1.jpg,FLDt1,FlDtd,0
byPum.jpg,byPum,byPu7,0
538Is.jpg,538Is,5961s,0
15mzg.jpg,15mzg,l5nzj,0
wHTBZ.jpg,wHTBZ,vhIBZ,0
6bZST.jpg,6bZST,6bZST,1
0FdNd.jpg,0FdNd,0EdH6,0
hZe7N.jpg,hZe7N,hZ07H,0
PJlzS.jpg,PJlzS,PJHzS,0
QZ47o.jpg,QZ47o,QZ47a,0
Q5TLd.jpg,Q5TLd,Q5T4c,0
8vAtm.jpg,8vAtm,8vAtm,1
tZUjQ.jpg,tZUjQ,tZujQ,0
4c161.jpg,4c161,Kej6T,0
zU93A.jpg,zU93A,zH93A,0
8p76P.jpg,8p76P,Atm5P,0
h6W73.jpg,h6W73,h6w73,0
nzYX6.jpg,nzYX6,nzyX6,0
5LGoN.jpg,5LGoN,5IGeH,0
c5Umh.jpg,c5Umh,c5Umh,1
7KMii.jpg,7KMii,7KMlo,0
EH7T8.jpg,EH7T8,EH7e8,0
aX5R7.jpg,aX5R7,aXMR7,0
R74jr.jpg,R74jr,R74jc,0
b9QLz.jpg,b9QLz,b3Qiz,0
35dlF.jpg,35dlF,35dvF,0
9g5I2.jpg,9g5I2,9H5I2,0
a19W8.jpg,a19W8,a19K8,0
La759.jpg,La759,Ka7C9,0
0M39P.jpg,0M39P,2M49u,0
em9Tm.jpg,em9Tm,ew91h,0
Jid49.jpg,Jid49,JidA9,0
ZebV0.jpg,ZebV0,ZebV9,0
J4HrG.jpg,J4HrG,J4HrG,1
AM154.jpg,AM154,AM154,1
n32VJ.jpg,n32VJ,h32UJ,0
mm42L.jpg,mm42L,m942I,0
ZY07W.jpg,ZY07W,ZY0fH,0
wJDI2.jpg,wJDI2,wJDf2,0
d49wo.jpg,d49wo,d49wb,0
u6d54.jpg,u6d54,MGd54,0
m3X09.jpg,m3X09,H3x09,0
t818N.jpg,t818N,t8j7N,0
K9J8v.jpg,K9J8v,K9J8m,0
TO3O7.jpg,TO3O7,TB3G7,0
faR72.jpg,faR72,fuB72,0
1Hw67.jpg,1Hw67,1Hv67,0
g8BE8.jpg,g8BE8,g8HtO,0
Uw4Jo.jpg,Uw4Jo,Uw4Jo,1
M25da.jpg,M25da,MSrd3,0
8Zs1B.jpg,8Zs1B,8Zs1D,0
qNFF6.jpg,qNFF6,qNLF6,0
532s7.jpg,532s7,532G7,0
esqPh.jpg,esqPh,esYPh,0
5eq3K.jpg,5eq3K,5cq3K,0
Cp1j4.jpg,Cp1j4,Cp1y4,0
xh4pb.jpg,xh4pb,alPpb,0
qxhRy.jpg,qxhRy,qxhR6,0
Ze98t.jpg,Ze98t,Zc98r,0
00jJ3.jpg,00jJ3,UqKJ3,0
vpKBm.jpg,vpKBm,vpKBm,1
0kkv3.jpg,0kkv3,0kRV3,0
vd8nu.jpg,vd8nu,vJ8nG,0
5Od5r.jpg,5Od5r,5Oubk,0
vCo6Y.jpg,vCo6Y,kCoBY,0
zsRkt.jpg,zsRkt,zsRkf,0
SIRj6.jpg,SIRj6,SWRj6,0
4KZ9c.jpg,4KZ9c,4HZ9C,0
P06mx.jpg,P06mx,FL6mx,0
BYM8Q.jpg,BYM8Q,bYM8q,0
8XYqQ.jpg,8XYqQ,8XkgO,0
eM2g1.jpg,eM2g1,pH291,0
9h3TE.jpg,9h3TE,9h3TE,1
IyFWN.jpg,IyFWN,IyFWN,1
yU78i.jpg,yU78i,yU78f,0
uv2Tp.jpg,uv2Tp,uV21b,0
Fk9Az.jpg,Fk9Az,Fk3mz,0
5m7up.jpg,5m7up,5m7up,1
CWv7I.jpg,CWv7I,QWv7l,0
Syoyu.jpg,Syoyu,5TQyu,0
rX226.jpg,rX226,rXTg6,0
w9tH7.jpg,w9tH7,w9tH7,1
YWvfS.jpg,YWvfS,YHvf5,0
Axx78.jpg,Axx78,Awx78,0
yg923.jpg,yg923,yq923,0
k5RfO.jpg,k5RfO,k5RIO,0
73J02.jpg,73J02,7MJ02,0
zhk6z.jpg,zhk6z,iHkGT,0
MR62Q.jpg,MR62Q,MR52O,0
7f70z.jpg,7f70z,ZfT0z,0
YTD0P.jpg,YTD0P,KTD0P,0
Ro3eX.jpg,Ro3eX,RqjeX,0
IcpF8.jpg,IcpF8,lcpF8,0
XY40r.jpg,XY40r,XT40F,0
27YMS.jpg,27YMS,27TNS,0
Bw4Ce.jpg,Bw4Ce,Bw1Ce,0
Ff5Dd.jpg,Ff5Dd,FfSDd,0
8927i.jpg,8927i,PM2Ui,0
mppF8.jpg,mppF8,m2b13,0
ss4S2.jpg,ss4S2,ks492,0
92Qk1.jpg,92Qk1,92Qky,0
hkhJY.jpg,hkhJY,pChJY,0
d32J1.jpg,d32J1,eB2JT,0
0dj70.jpg,0dj70,Ddh7o,0
9SZYc.jpg,9SZYc,9HZYc,0
9P1Y7.jpg,9P1Y7,0P1Y7,0
6wRy6.jpg,6wRy6,ewAgG,0
T1qLI.jpg,T1qLI,THqUe,0
zEbZ3.jpg,zEbZ3,cEbZ3,0
f873G.jpg,f873G,f8y3G,0
HfMi8.jpg,HfMi8,HfVj8,0
SFjq3.jpg,SFjq3,SF7q3,0
03jzR.jpg,03jzR,03j4R,0
wlNLb.jpg,wlNLb,wjNLb,0
xNK5R.jpg,xNK5R,xNK5B,0
ErW5W.jpg,ErW5W,E2Mju,0
y3bW2.jpg,y3bW2,y3bW2,1
tCEkw.jpg,tCEkw,t0Eko,0
8zJ0S.jpg,8zJ0S,8MJ0S,0
o84b3.jpg,o84b3,e84b3,0
72GEJ.jpg,72GEJ,72GEJ,1
42FJ3.jpg,42FJ3,4QFJ3,0
T0k4z.jpg,T0k4z,tOk4z,0
ZkpdX.jpg,ZkpdX,ZkpdX,1
oK43L.jpg,oK43L,oK43L,1
zh292.jpg,zh292,zb29d,0
4E4ci.jpg,4E4ci,4EYci,0
cML33.jpg,cML33,c4LmS,0
yk880.jpg,yk880,yk9BQ,0
PC16c.jpg,PC16c,FL16c,0
AfIJR.jpg,AfIJR,AfIoR,0
k037d.jpg,k037d,K937c,0
j7duT.jpg,j7duT,i7duT,0
3qNVR.jpg,3qNVR,zgNVB,0
IZ3S6.jpg,IZ3S6,IZ3Se,0
w9t3a.jpg,w9t3a,w9L3a,0
kpNd9.jpg,kpNd9,kpMd9,0
0B2Xs.jpg,0B2Xs,0B2Xs,1
21mLY.jpg,21mLY,21mbY,0
O9Y7X.jpg,O9Y7X,O9E7X,0
ijiIX.jpg,ijiIX,hjzTX,0
Rpv7h.jpg,Rpv7h,Rpv7h,1
GRXZx.jpg,GRXZx,CPYZx,0
B560K.jpg,B560K,B5z0K,0
ZdVZU.jpg,ZdVZU,zdVPU,0
V3mO5.jpg,V3mO5,V3mO5,1
JgASw.jpg,JgASw,IqASw,0
CTask.jpg,CTask,CTask,1
BJn2o.jpg,BJn2o,4Jn2a,0
3U2wP.jpg,3U2wP,1U2wP,0
1C3yz.jpg,1C3yz,1C3yz,1
UAh5a.jpg,UAh5a,UAh5a,1
6B2PU.jpg,6B2PU,6B2PU,1
oRPv5.jpg,oRPv5,0R2v5,0
ft20m.jpg,ft20m,VL20m,0
7FW2V.jpg,7FW2V,7Fm2V,0
nPcvJ.jpg,nPcvJ,mPCvJ,0
D4u5S.jpg,D4u5S,D4u58,0
6Bw52.jpg,6Bw52,6Ev52,0
VK5nB.jpg,VK5nB,VK5mB,0
8IYG0.jpg,8IYG0,8lYw0,0
0WGix.jpg,0WGix,8HGix,0
qSG7N.jpg,qSG7N,qSi7N,0
t6Mhn.jpg,t6Mhn,tGMh3,0
0nMl7.jpg,0nMl7,0nMI7,0
mcjx6.jpg,mcjx6,mcIx6,0
1Ghjl.jpg,1Ghjl,TCnJI,0
nThNt.jpg,nThNt,uTbNC,0
4Lztp.jpg,4Lztp,4LzFp,0
3d9I1.jpg,3d9I1,3d9Z1,0
fIqXP.jpg,fIqXP,l9qXP,0
z08hX.jpg,z08hX,z0FhK,0
8qINC.jpg,8qINC,8g1AC,0
p57qz.jpg,p57qz,p57qf,0
207Zx.jpg,207Zx,2H7ZX,0
SxKds.jpg,SxKds,JzKdk,0
D8CsC.jpg,D8CsC,D8WrC,0
s86bD.jpg,s86bD,186bD,0
znJcg.jpg,znJcg,zmJcg,0
x51RA.jpg,x51RA,x51RA,1
4qEc1.jpg,4qEc1,4uEc1,0
K82L6.jpg,K82L6,K82I5,0
7uv9Y.jpg,7uv9Y,Juv9n,0
znHZG.jpg,znHZG,znHZ6,0
1GOnu.jpg,1GOnu,1SOny,0
029D0.jpg,029D0,GzyD0,0
fJfgE.jpg,fJfgE,vJfgE,0
e9ngF.jpg,e9ngF,e9WgF,0
J52i7.jpg,J52i7,J52iU,0
h0Y3T.jpg,h0Y3T,b0Y3f,0
r4k4d.jpg,r4k4d,pZK40,0
1G3pQ.jpg,1G3pQ,1GspQ,0
l8GjC.jpg,l8GjC,l8GjL,0
0q1iG.jpg,0q1iG,0q7iG,0
f5lVM.jpg,f5lVM,f5jVM,0
9Axqj.jpg,9Axqj,9Axqj,1
YkS2J.jpg,YkS2J,Yk62a,0
y70Ok.jpg,y70Ok,y19DK,0
EJ021.jpg,EJ021,PJ02t,0
09x8x.jpg,09x8x,0qi8v,0
H88rm.jpg,H88rm,H28rm,0
Tmg29.jpg,Tmg29,1mg29,0
Q71IM.jpg,Q71IM,O7EsM,0
uToU2.jpg,uToU2,uq8f2,0
uk8a6.jpg,uk8a6,wkBa6,0
755CY.jpg,755CY,7mECV,0
KQv1N.jpg,KQv1N,K2v1Y,0
HDWN9.jpg,HDWN9,HDuN9,0
t3Iq2.jpg,t3Iq2,t8jq2,0
A8ep2.jpg,A8ep2,A8epm,0
LBYf4.jpg,LBYf4,LB3fa,0
y00nF.jpg,y00nF,yW0nF,0
eE45j.jpg,eE45j,eE45j,1
KoNHS.jpg,KoNHS,xoMWS,0
la573.jpg,la573,Ix573,0
7MfPa.jpg,7MfPa,7KfPa,0
KV6Kg.jpg,KV6Kg,KV6i9,0
9Nw1b.jpg,9Nw1b,9Nw1b,1
92S03.jpg,92S03,92S03,1
WPRoZ.jpg,WPRoZ,WfRoZ,0
VUo4u.jpg,VUo4u,fUo4u,0
y28BI.jpg,y28BI,y2OpI,0
x2Ax2.jpg,x2Ax2,s84V2,0
Me50w.jpg,Me50w,Mc5Qw,0
PMORd.jpg,PMORd,PMOxc,0
b37hf.jpg,b37hf,k3Zhf,0
8qpbb.jpg,8qpbb,8qYEb,0
j96QT.jpg,j96QT,j46QT,0
Df42f.jpg,Df42f,Df42M,0
zYlf7.jpg,zYlf7,zYLfH,0
kjJqy.jpg,kjJqy,kjJmy,0
rCkX5.jpg,rCkX5,rCkXT,0
5O82t.jpg,5O82t,5O82t,1
0q84N.jpg,0q84N,0g84N,0
zk7XC.jpg,zk7XC,zk7X0,0
4S3J2.jpg,4S3J2,4C3j2,0
T28B4.jpg,T28B4,T28H4,0
UEV43.jpg,UEV43,QcV43,0
4NPlx.jpg,4NPlx,4NPIx,0
XU0F0.jpg,XU0F0,XU0fy,0
7ekpH.jpg,7ekpH,7ekpH,1
v468Z.jpg,v468Z,v458z,0
os8P0.jpg,os8P0,ms8P0,0
dMRdJ.jpg,dMRdJ,dMRcJ,0
lUhn8.jpg,lUhn8,fUhm8,0
Dp815.jpg,Dp815,yp815,0
9KAmP.jpg,9KAmP,9K4mF,0
ADt3Y.jpg,ADt3Y,ADC3Y,0
eh82K.jpg,eh82K,cI82K,0
1F5bZ.jpg,1F5bZ,1Q5bZ,0
u6DvD.jpg,u6DvD,u5QYD,0
qiZCt.jpg,qiZCt,qiXOt,0
I2Sf5.jpg,I2Sf5,J2Sf5,0
zoINJ.jpg,zoINJ,zoFNU,0
K6PuV.jpg,K6PuV,K6FaV,0
aNVBy.jpg,aNVBy,aKWBt,0
iHJmW.jpg,iHJmW,iH7mW,0
m8R23.jpg,m8R23,j8R23,0
VEwBU.jpg,VEwBU,VcTbU,0
67A0n.jpg,67A0n,67ASn,0
F6K7h.jpg,F6K7h,F0K7h,0
vX6Rq.jpg,vX6Rq,vX6Lg,0
m0O9W.jpg,m0O9W,m0l9W,0
pGvom.jpg,pGvom,BCVom,0
9R991.jpg,9R991,3KOg1,0
XDpqF.jpg,XDpqF,XWpqr,0
38s01.jpg,38s01,36z01,0
izDd6.jpg,izDd6,I2Dd6,0
T4yZ7.jpg,T4yZ7,T4vk7,0
c1SJY.jpg,c1SJY,C15JY,0
jJdJy.jpg,jJdJy,j1d5y,0
JZ200.jpg,JZ200,JZsg6,0
Hso9U.jpg,Hso9U,HzoQU,0
71W0P.jpg,71W0P,elX0P,0
96fO0.jpg,96fO0,961Do,0
1DaqU.jpg,1DaqU,1BsyV,0
55v8M.jpg,55v8M,F6v2H,0
2qL9G.jpg,2qL9G,2ql9R,0
gLy7U.jpg,gLy7U,nLy7U,0
KN42L.jpg,KN42L,KAv2L,0
0mDuG.jpg,0mDuG,omD1G,0
sTscB.jpg,sTscB,3TWCB,0
3E4Ib.jpg,3E4Ib,3E4jb,0
D4pGx.jpg,D4pGx,D4kgx,0
kDzxO.jpg,kDzxO,kDZxC,0
C58K7.jpg,C58K7,C58H7,0
1n67W.jpg,1n67W,1n6ZW,0
Qb256.jpg,Qb256,Ok236,0
150Xz.jpg,150Xz,150Xz,1
gqD94.jpg,gqD94,pqD91,0
d5c6z.jpg,d5c6z,d5c6Z,0
Iu2pV.jpg,Iu2pV,Iu2pV,1
4NbqL.jpg,4NbqL,4H5eL,0
p932o.jpg,p932o,rV32c,0
l3Q6C.jpg,l3Q6C,l3H6C,0
uzqrv.jpg,uzqrv,hAqrv,0
2D0vi.jpg,2D0vi,2Dovi,0
6wr6r.jpg,6wr6r,9Wr6L,0
38Mnx.jpg,38Mnx,48Mnx,0
t4215.jpg,t4215,vq2l5,0
FDCTE.jpg,FDCTE,FDC1E,0
6L5oC.jpg,6L5oC,613eC,0
rVlw5.jpg,rVlw5,AVlw5,0
4BOc2.jpg,4BOc2,480c2,0
jg16I.jpg,jg16I,7wT6L,0
B9wVe.jpg,B9wVe,59wVa,0
pu62I.jpg,pu62I,Pu52I,0
CYdII.jpg,CYdII,CYdzl,0
6Lub6.jpg,6Lub6,6fubG,0
